0,1,Label,Entry Name,Annotation,Species
0.99901366,0.0009863277,-1,XBS28394.1,Unavailable,Clostridium autoethanogenum
0.999292,0.00070790126,-1,XBS28396.1,Unavailable,Clostridium autoethanogenum
0.99936205,0.0006379781,-1,XBS30420.1,Unavailable,Clostridium autoethanogenum
0.99855286,0.0014471799,-1,XBS28410.1,Unavailable,Clostridium autoethanogenum
0.9992167,0.0007832991,-1,XBS28393.1,Unavailable,Clostridium autoethanogenum
0.99912137,0.00087862025,-1,XBS28395.1,Unavailable,Clostridium autoethanogenum
0.9973579,0.002642018,-1,XBS28398.1,Unavailable,Clostridium autoethanogenum
0.99941933,0.00058074726,-1,XBS28392.1,Unavailable,Clostridium autoethanogenum
0.9989748,0.0010252249,-1,XBS28401.1,Unavailable,Clostridium autoethanogenum
0.98163396,0.018366074,-1,XBS28408.1,Unavailable,Clostridium autoethanogenum
0.99951077,0.0004891937,-1,XBS28407.1,Unavailable,Clostridium autoethanogenum
0.99905866,0.0009413716,-1,XBS28406.1,Unavailable,Clostridium autoethanogenum
0.9996464,0.00035356983,-1,XBS28409.1,Unavailable,Clostridium autoethanogenum
0.999413,0.0005869406,-1,XBS28397.1,Unavailable,Clostridium autoethanogenum
0.9991441,0.0008559471,-1,XBS28400.1,Unavailable,Clostridium autoethanogenum
0.99917525,0.00082468044,-1,XBS28399.1,Unavailable,Clostridium autoethanogenum
0.9989317,0.0010682751,-1,XBS28404.1,Unavailable,Clostridium autoethanogenum
0.9991309,0.0008690936,-1,XBS28411.1,Unavailable,Clostridium autoethanogenum
0.99946636,0.0005336775,-1,XBS28391.1,Unavailable,Clostridium autoethanogenum
0.9985083,0.0014916549,-1,XBS28405.1,Unavailable,Clostridium autoethanogenum
0.99957556,0.00042445303,-1,XBS28403.1,Unavailable,Clostridium autoethanogenum
0.99928564,0.0007144006,-1,XBS28390.1,Unavailable,Clostridium autoethanogenum
0.9978017,0.0021983196,-1,XBS28389.1,Unavailable,Clostridium autoethanogenum
0.9984201,0.0015798337,-1,XBS28402.1,Unavailable,Clostridium autoethanogenum
0.9993606,0.00063940306,-1,XBS30421.1,Unavailable,Clostridium autoethanogenum
0.9990963,0.0009036899,-1,XBS28422.1,Unavailable,Clostridium autoethanogenum
0.99888843,0.0011115865,-1,XBS28425.1,Unavailable,Clostridium autoethanogenum
0.9994435,0.0005565603,-1,XBS28436.1,Unavailable,Clostridium autoethanogenum
0.9993537,0.00064632524,-1,XBS28421.1,Unavailable,Clostridium autoethanogenum
0.999223,0.00077699084,-1,XBS28428.1,Unavailable,Clostridium autoethanogenum
0.9985916,0.001408372,-1,XBS28431.1,Unavailable,Clostridium autoethanogenum
0.9992593,0.0007406611,-1,XBS28416.1,Unavailable,Clostridium autoethanogenum
0.99761224,0.0023877667,-1,XBS28435.1,Unavailable,Clostridium autoethanogenum
0.99942386,0.0005761744,-1,XBS28429.1,Unavailable,Clostridium autoethanogenum
0.9993488,0.0006511428,-1,XBS28430.1,Unavailable,Clostridium autoethanogenum
0.99898595,0.0010140825,-1,XBS28423.1,Unavailable,Clostridium autoethanogenum
0.9972851,0.0027149208,-1,XBS28413.1,Unavailable,Clostridium autoethanogenum
0.99892265,0.0010772977,-1,XBS28434.1,Unavailable,Clostridium autoethanogenum
0.99964094,0.00035906796,-1,XBS28433.1,Unavailable,Clostridium autoethanogenum
0.9981487,0.0018513252,-1,XBS28427.1,Unavailable,Clostridium autoethanogenum
0.9996056,0.00039442818,-1,XBS28426.1,Unavailable,Clostridium autoethanogenum
0.9986394,0.0013605442,-1,XBS28432.1,Unavailable,Clostridium autoethanogenum
0.9991774,0.00082259084,-1,XBS28419.1,Unavailable,Clostridium autoethanogenum
0.99853206,0.0014679042,-1,XBS28415.1,Unavailable,Clostridium autoethanogenum
0.9989767,0.0010233739,-1,XBS28424.1,Unavailable,Clostridium autoethanogenum
0.9974468,0.0025532867,-1,XBS28418.1,Unavailable,Clostridium autoethanogenum
0.99837494,0.0016250173,-1,XBS28414.1,Unavailable,Clostridium autoethanogenum
0.99886286,0.0011371098,-1,XBS28417.1,Unavailable,Clostridium autoethanogenum
0.99810106,0.0018989795,-1,XBS28412.1,Unavailable,Clostridium autoethanogenum
0.998858,0.001142074,-1,XBS28420.1,Unavailable,Clostridium autoethanogenum
0.99931574,0.0006842949,-1,XBS28459.1,Unavailable,Clostridium autoethanogenum
0.99908257,0.0009173842,-1,XBS28438.1,Unavailable,Clostridium autoethanogenum
0.9995326,0.0004674913,-1,XBS28443.1,Unavailable,Clostridium autoethanogenum
0.9970517,0.0029482092,-1,XBS28437.1,Unavailable,Clostridium autoethanogenum
0.99894315,0.0010568827,-1,XBS28447.1,Unavailable,Clostridium autoethanogenum
0.9991528,0.0008471809,-1,XBS28448.1,Unavailable,Clostridium autoethanogenum
0.9991347,0.0008652633,-1,XBS28439.1,Unavailable,Clostridium autoethanogenum
0.9992656,0.000734437,-1,XBS28455.1,Unavailable,Clostridium autoethanogenum
0.99907804,0.00092193583,-1,XBS28457.1,Unavailable,Clostridium autoethanogenum
0.99854183,0.0014582165,-1,XBS28460.1,Unavailable,Clostridium autoethanogenum
0.9994012,0.0005987857,-1,XBS28440.1,Unavailable,Clostridium autoethanogenum
0.9988757,0.0011243256,-1,XBS28461.1,Unavailable,Clostridium autoethanogenum
0.99796474,0.002035303,-1,XBS28456.1,Unavailable,Clostridium autoethanogenum
0.9987827,0.0012173342,-1,XBS28445.1,Unavailable,Clostridium autoethanogenum
0.9987889,0.0012111356,-1,XBS28441.1,Unavailable,Clostridium autoethanogenum
0.99915373,0.00084621884,-1,XBS28451.1,Unavailable,Clostridium autoethanogenum
0.99778,0.0022200213,-1,XBS28458.1,Unavailable,Clostridium autoethanogenum
0.9995534,0.00044665072,-1,XBS28442.1,Unavailable,Clostridium autoethanogenum
0.99968946,0.00031053644,-1,XBS28450.1,Unavailable,Clostridium autoethanogenum
0.95815086,0.041849166,-1,XBS28444.1,Unavailable,Clostridium autoethanogenum
0.9992749,0.00072512863,-1,XBS28449.1,Unavailable,Clostridium autoethanogenum
0.9983334,0.0016665885,-1,XBS28446.1,Unavailable,Clostridium autoethanogenum
0.99940777,0.00059218897,-1,XBS28452.1,Unavailable,Clostridium autoethanogenum
0.9993144,0.0006855945,-1,XBS28454.1,Unavailable,Clostridium autoethanogenum
0.99967897,0.0003210785,-1,XBS28453.1,Unavailable,Clostridium autoethanogenum
0.9992061,0.0007938595,-1,XBS28465.1,Unavailable,Clostridium autoethanogenum
0.9987577,0.0012422308,-1,XBS28479.1,Unavailable,Clostridium autoethanogenum
0.99883693,0.00116304,-1,XBS28474.1,Unavailable,Clostridium autoethanogenum
0.9985247,0.0014752655,-1,XBS28484.1,Unavailable,Clostridium autoethanogenum
0.99963033,0.00036959435,-1,XBS28472.1,Unavailable,Clostridium autoethanogenum
0.9995296,0.00047041566,-1,XBS28481.1,Unavailable,Clostridium autoethanogenum
0.9982333,0.0017666327,-1,XBS28473.1,Unavailable,Clostridium autoethanogenum
0.99759716,0.002402863,-1,XBS28478.1,Unavailable,Clostridium autoethanogenum
0.9990701,0.0009299043,-1,XBS28470.1,Unavailable,Clostridium autoethanogenum
0.99951816,0.00048189357,-1,XBS28469.1,Unavailable,Clostridium autoethanogenum
0.99896,0.0010400183,-1,XBS28475.1,Unavailable,Clostridium autoethanogenum
0.9991347,0.000865333,-1,XBS28468.1,Unavailable,Clostridium autoethanogenum
0.9988518,0.0011482127,-1,XBS28477.1,Unavailable,Clostridium autoethanogenum
0.99825233,0.0017476025,-1,XBS28483.1,Unavailable,Clostridium autoethanogenum
0.99845207,0.0015479546,-1,XBS28467.1,Unavailable,Clostridium autoethanogenum
0.99925286,0.0007471609,-1,XBS28476.1,Unavailable,Clostridium autoethanogenum
0.99929667,0.0007033421,-1,XBS28464.1,Unavailable,Clostridium autoethanogenum
0.9970878,0.0029122126,-1,XBS30422.1,Unavailable,Clostridium autoethanogenum
0.9989956,0.0010043841,-1,XBS28462.1,Unavailable,Clostridium autoethanogenum
0.9911175,0.0088825645,-1,XBS28485.1,Unavailable,Clostridium autoethanogenum
0.99822265,0.0017773242,-1,XBS28480.1,Unavailable,Clostridium autoethanogenum
0.9992975,0.0007024444,-1,XBS28471.1,Unavailable,Clostridium autoethanogenum
0.9967495,0.003250524,-1,XBS28466.1,Unavailable,Clostridium autoethanogenum
0.9970503,0.0029496565,-1,XBS28482.1,Unavailable,Clostridium autoethanogenum
0.99933654,0.000663431,-1,XBS28463.1,Unavailable,Clostridium autoethanogenum
0.99942756,0.0005724469,-1,XBS28492.1,Unavailable,Clostridium autoethanogenum
0.99812156,0.0018784729,-1,XBS28488.1,Unavailable,Clostridium autoethanogenum
0.9988752,0.0011248201,-1,XBS28503.1,Unavailable,Clostridium autoethanogenum
0.99856335,0.0014366889,-1,XBS28497.1,Unavailable,Clostridium autoethanogenum
0.9988782,0.0011218126,-1,XBS28500.1,Unavailable,Clostridium autoethanogenum
0.9992798,0.0007201726,-1,XBS28501.1,Unavailable,Clostridium autoethanogenum
0.99923265,0.0007673428,-1,XBS28495.1,Unavailable,Clostridium autoethanogenum
0.99914443,0.00085556705,-1,XBS28505.1,Unavailable,Clostridium autoethanogenum
0.9959046,0.004095405,-1,XBS28489.1,Unavailable,Clostridium autoethanogenum
0.99858886,0.001411162,-1,XBS28490.1,Unavailable,Clostridium autoethanogenum
0.9990351,0.0009649248,-1,XBS28491.1,Unavailable,Clostridium autoethanogenum
0.99936527,0.00063477753,-1,XBS28504.1,Unavailable,Clostridium autoethanogenum
0.9991359,0.00086411973,-1,XBS28499.1,Unavailable,Clostridium autoethanogenum
0.99878293,0.0012170768,-1,XBS28494.1,Unavailable,Clostridium autoethanogenum
0.99893755,0.0010624342,-1,XBS28506.1,Unavailable,Clostridium autoethanogenum
0.9996433,0.00035661887,-1,XBS28507.1,Unavailable,Clostridium autoethanogenum
0.99904805,0.00095196674,-1,XBS28498.1,Unavailable,Clostridium autoethanogenum
0.9989209,0.0010790916,-1,XBS28496.1,Unavailable,Clostridium autoethanogenum
0.9988399,0.0011600913,-1,XBS28487.1,Unavailable,Clostridium autoethanogenum
0.9994804,0.0005196247,-1,XBS28486.1,Unavailable,Clostridium autoethanogenum
0.99541605,0.004583966,-1,XBS28493.1,Unavailable,Clostridium autoethanogenum
0.99889,0.0011100188,-1,XBS28509.1,Unavailable,Clostridium autoethanogenum
0.9946127,0.0053873667,-1,XBS30288.1,Unavailable,Clostridium autoethanogenum
0.9846779,0.015322138,-1,XBS28502.1,Unavailable,Clostridium autoethanogenum
0.99913687,0.0008631713,-1,XBS28508.1,Unavailable,Clostridium autoethanogenum
0.99932647,0.0006735241,-1,XBS28518.1,Unavailable,Clostridium autoethanogenum
0.9987626,0.0012373556,-1,XBS28531.1,Unavailable,Clostridium autoethanogenum
0.99818486,0.001815165,-1,XBS28532.1,Unavailable,Clostridium autoethanogenum
0.99949694,0.0005030137,-1,XBS28511.1,Unavailable,Clostridium autoethanogenum
0.99954957,0.00045039412,-1,XBS28514.1,Unavailable,Clostridium autoethanogenum
0.99932516,0.0006748825,-1,XBS28517.1,Unavailable,Clostridium autoethanogenum
0.9993753,0.00062477175,-1,XBS28527.1,Unavailable,Clostridium autoethanogenum
0.9993344,0.00066559255,-1,XBS28530.1,Unavailable,Clostridium autoethanogenum
0.9994153,0.0005846827,-1,XBS28516.1,Unavailable,Clostridium autoethanogenum
0.99888176,0.0011182458,-1,XBS28519.1,Unavailable,Clostridium autoethanogenum
0.998777,0.0012230589,-1,XBS28534.1,Unavailable,Clostridium autoethanogenum
0.997995,0.0020050262,-1,XBS28521.1,Unavailable,Clostridium autoethanogenum
0.997995,0.0020050262,-1,XBS28528.1,Unavailable,Clostridium autoethanogenum
0.9987722,0.0012278202,-1,XBS28520.1,Unavailable,Clostridium autoethanogenum
0.9990374,0.0009626517,-1,XBS28522.1,Unavailable,Clostridium autoethanogenum
0.9993401,0.00065985095,-1,XBS28533.1,Unavailable,Clostridium autoethanogenum
0.9994566,0.0005433724,-1,XBS28526.1,Unavailable,Clostridium autoethanogenum
0.9994261,0.00057384785,-1,XBS28529.1,Unavailable,Clostridium autoethanogenum
0.99946684,0.00053319096,-1,XBS28515.1,Unavailable,Clostridium autoethanogenum
0.99745756,0.0025425062,-1,XBS28523.1,Unavailable,Clostridium autoethanogenum
0.9983089,0.0016910572,-1,XBS28525.1,Unavailable,Clostridium autoethanogenum
0.9983931,0.0016068269,-1,XBS28512.1,Unavailable,Clostridium autoethanogenum
0.99899644,0.0010035984,-1,XBS28510.1,Unavailable,Clostridium autoethanogenum
0.9933114,0.0066886516,-1,XBS28524.1,Unavailable,Clostridium autoethanogenum
0.99652326,0.0034767464,-1,XBS28513.1,Unavailable,Clostridium autoethanogenum
0.9984059,0.0015941405,-1,XBS28547.1,Unavailable,Clostridium autoethanogenum
0.9993881,0.0006118844,-1,XBS28539.1,Unavailable,Clostridium autoethanogenum
0.9618183,0.03818167,-1,XBS28544.1,Unavailable,Clostridium autoethanogenum
0.9989629,0.0010371092,-1,XBS28538.1,Unavailable,Clostridium autoethanogenum
0.9978078,0.0021921704,-1,XBS28537.1,Unavailable,Clostridium autoethanogenum
0.9990226,0.0009774258,-1,XBS28557.1,Unavailable,Clostridium autoethanogenum
0.99933004,0.00066995894,-1,XBS28551.1,Unavailable,Clostridium autoethanogenum
0.9985537,0.0014463436,-1,XBS28559.1,Unavailable,Clostridium autoethanogenum
0.99943227,0.0005676826,-1,XBS28540.1,Unavailable,Clostridium autoethanogenum
0.99898857,0.0010113991,-1,XBS28556.1,Unavailable,Clostridium autoethanogenum
0.99644166,0.0035582741,-1,XBS28536.1,Unavailable,Clostridium autoethanogenum
0.99879766,0.0012023194,-1,XBS28543.1,Unavailable,Clostridium autoethanogenum
0.9983878,0.0016122166,-1,XBS28558.1,Unavailable,Clostridium autoethanogenum
0.99727374,0.002726311,-1,XBS28545.1,Unavailable,Clostridium autoethanogenum
0.99852103,0.0014789395,-1,XBS28549.1,Unavailable,Clostridium autoethanogenum
0.9996238,0.0003762426,-1,XBS28554.1,Unavailable,Clostridium autoethanogenum
0.999493,0.00050698104,-1,XBS28546.1,Unavailable,Clostridium autoethanogenum
0.9688561,0.031143855,-1,XBS28535.1,Unavailable,Clostridium autoethanogenum
0.9991295,0.00087053364,-1,XBS28550.1,Unavailable,Clostridium autoethanogenum
0.99965096,0.0003490309,-1,XBS28542.1,Unavailable,Clostridium autoethanogenum
0.9987741,0.0012258755,-1,XBS28541.1,Unavailable,Clostridium autoethanogenum
0.9987581,0.0012418932,-1,XBS28552.1,Unavailable,Clostridium autoethanogenum
0.99822813,0.0017718736,-1,XBS28555.1,Unavailable,Clostridium autoethanogenum
0.9991013,0.0008987027,-1,XBS28548.1,Unavailable,Clostridium autoethanogenum
0.9986326,0.001367317,-1,XBS28553.1,Unavailable,Clostridium autoethanogenum
0.9993025,0.00069753965,-1,XBS28582.1,Unavailable,Clostridium autoethanogenum
0.99916685,0.00083312695,-1,XBS28577.1,Unavailable,Clostridium autoethanogenum
0.9981223,0.001877755,-1,XBS28581.1,Unavailable,Clostridium autoethanogenum
0.9989323,0.001067686,-1,XBS28583.1,Unavailable,Clostridium autoethanogenum
0.9986369,0.001363037,-1,XBS28572.1,Unavailable,Clostridium autoethanogenum
0.99923766,0.0007623963,-1,XBS28570.1,Unavailable,Clostridium autoethanogenum
0.9990294,0.0009705643,-1,XBS28578.1,Unavailable,Clostridium autoethanogenum
0.9989807,0.001019238,-1,XBS28562.1,Unavailable,Clostridium autoethanogenum
0.99859065,0.001409346,-1,XBS28568.1,Unavailable,Clostridium autoethanogenum
0.9993912,0.0006087842,-1,XBS28565.1,Unavailable,Clostridium autoethanogenum
0.9994522,0.0005478308,-1,XBS28569.1,Unavailable,Clostridium autoethanogenum
0.9992555,0.0007445346,-1,XBS28564.1,Unavailable,Clostridium autoethanogenum
0.9985196,0.0014804135,-1,XBS28580.1,Unavailable,Clostridium autoethanogenum
0.9994966,0.00050344784,-1,XBS28574.1,Unavailable,Clostridium autoethanogenum
0.9995517,0.0004483111,-1,XBS28566.1,Unavailable,Clostridium autoethanogenum
0.99943525,0.00056474574,-1,XBS28561.1,Unavailable,Clostridium autoethanogenum
0.99579597,0.004204009,-1,XBS28571.1,Unavailable,Clostridium autoethanogenum
0.31943265,0.6805674,-1,XBS28573.1,Unavailable,Clostridium autoethanogenum
0.9988506,0.0011493799,-1,XBS28576.1,Unavailable,Clostridium autoethanogenum
0.9993297,0.0006703034,-1,XBS28563.1,Unavailable,Clostridium autoethanogenum
0.99531966,0.004680356,-1,XBS28560.1,Unavailable,Clostridium autoethanogenum
0.99889946,0.001100518,-1,XBS30289.1,Unavailable,Clostridium autoethanogenum
0.040726896,0.9592731,-1,XBS28579.1,Unavailable,Clostridium autoethanogenum
0.99931884,0.000681186,-1,XBS28575.1,Unavailable,Clostridium autoethanogenum
0.99555945,0.00444048,-1,XBS28567.1,Unavailable,Clostridium autoethanogenum
0.9992059,0.0007941743,-1,XBS28607.1,Unavailable,Clostridium autoethanogenum
0.99899524,0.0010048087,-1,XBS28606.1,Unavailable,Clostridium autoethanogenum
0.99908113,0.00091884774,-1,XBS28601.1,Unavailable,Clostridium autoethanogenum
0.7638164,0.23618354,-1,XBS28590.1,Unavailable,Clostridium autoethanogenum
0.9987268,0.0012732337,-1,XBS28604.1,Unavailable,Clostridium autoethanogenum
0.9988581,0.0011419567,-1,XBS28603.1,Unavailable,Clostridium autoethanogenum
0.9994717,0.0005282975,-1,XBS28595.1,Unavailable,Clostridium autoethanogenum
0.99917513,0.00082484196,-1,XBS28605.1,Unavailable,Clostridium autoethanogenum
0.9984915,0.0015084125,-1,XBS28592.1,Unavailable,Clostridium autoethanogenum
0.99875486,0.0012450903,-1,XBS28587.1,Unavailable,Clostridium autoethanogenum
0.9990965,0.0009034984,-1,XBS28585.1,Unavailable,Clostridium autoethanogenum
0.9987363,0.0012636489,-1,XBS28600.1,Unavailable,Clostridium autoethanogenum
0.9978739,0.0021261321,-1,XBS28608.1,Unavailable,Clostridium autoethanogenum
0.9989116,0.0010884103,-1,XBS28588.1,Unavailable,Clostridium autoethanogenum
0.9994968,0.0005032046,-1,XBS28593.1,Unavailable,Clostridium autoethanogenum
0.9995629,0.00043702638,-1,XBS28597.1,Unavailable,Clostridium autoethanogenum
0.99811697,0.001883001,-1,XBS28598.1,Unavailable,Clostridium autoethanogenum
0.06750592,0.9324941,-1,XBS28594.1,Unavailable,Clostridium autoethanogenum
0.99896264,0.0010373425,-1,XBS28591.1,Unavailable,Clostridium autoethanogenum
0.9993304,0.0006696027,-1,XBS28602.1,Unavailable,Clostridium autoethanogenum
0.9983065,0.0016934692,-1,XBS28599.1,Unavailable,Clostridium autoethanogenum
0.9981628,0.0018371509,-1,XBS28596.1,Unavailable,Clostridium autoethanogenum
0.9979469,0.00205312,-1,XBS28584.1,Unavailable,Clostridium autoethanogenum
0.99897385,0.001026121,-1,XBS28589.1,Unavailable,Clostridium autoethanogenum
0.9682515,0.03174843,-1,XBS28586.1,Unavailable,Clostridium autoethanogenum
0.9994491,0.0005508703,-1,XBS28613.1,Unavailable,Clostridium autoethanogenum
0.9994178,0.00058219314,-1,XBS28623.1,Unavailable,Clostridium autoethanogenum
0.9982633,0.001736725,-1,XBS28627.1,Unavailable,Clostridium autoethanogenum
0.99889225,0.0011077556,-1,XBS28619.1,Unavailable,Clostridium autoethanogenum
0.99903107,0.00096890685,-1,XBS28615.1,Unavailable,Clostridium autoethanogenum
0.9988739,0.0011260614,-1,XBS28629.1,Unavailable,Clostridium autoethanogenum
0.99655366,0.0034463427,-1,XBS28618.1,Unavailable,Clostridium autoethanogenum
0.99859196,0.0014080051,-1,XBS28611.1,Unavailable,Clostridium autoethanogenum
0.9985649,0.0014351404,-1,XBS28616.1,Unavailable,Clostridium autoethanogenum
0.9982095,0.0017905196,-1,XBS28609.1,Unavailable,Clostridium autoethanogenum
0.99872166,0.0012783182,-1,XBS28630.1,Unavailable,Clostridium autoethanogenum
0.99846846,0.0015314724,-1,XBS28612.1,Unavailable,Clostridium autoethanogenum
0.9995859,0.00041405563,-1,XBS28628.1,Unavailable,Clostridium autoethanogenum
0.9985331,0.001466845,-1,XBS28610.1,Unavailable,Clostridium autoethanogenum
0.99916565,0.00083433534,-1,XBS30291.1,Unavailable,Clostridium autoethanogenum
0.9923809,0.007619013,-1,XBS28626.1,Unavailable,Clostridium autoethanogenum
0.99593025,0.0040697646,-1,XBS28617.1,Unavailable,Clostridium autoethanogenum
0.99923885,0.0007612043,-1,XBS28631.1,Unavailable,Clostridium autoethanogenum
0.9979729,0.00202706,-1,XBS28621.1,Unavailable,Clostridium autoethanogenum
0.99938774,0.0006122032,-1,XBS28620.1,Unavailable,Clostridium autoethanogenum
0.9983941,0.0016059659,-1,XBS30290.1,Unavailable,Clostridium autoethanogenum
0.99865013,0.0013498332,-1,XBS28614.1,Unavailable,Clostridium autoethanogenum
0.9990675,0.00093252567,-1,XBS28625.1,Unavailable,Clostridium autoethanogenum
0.9985092,0.0014907176,-1,XBS28622.1,Unavailable,Clostridium autoethanogenum
0.9994142,0.0005858207,-1,XBS28624.1,Unavailable,Clostridium autoethanogenum
0.99949944,0.00050052925,-1,XBS28638.1,Unavailable,Clostridium autoethanogenum
0.9991774,0.0008225842,-1,XBS28650.1,Unavailable,Clostridium autoethanogenum
0.9992274,0.00077264867,-1,XBS28649.1,Unavailable,Clostridium autoethanogenum
0.99929273,0.00070722593,-1,XBS28637.1,Unavailable,Clostridium autoethanogenum
0.9991043,0.0008956471,-1,XBS28633.1,Unavailable,Clostridium autoethanogenum
0.9980944,0.0019056357,-1,XBS28644.1,Unavailable,Clostridium autoethanogenum
0.9991177,0.0008822968,-1,XBS28632.1,Unavailable,Clostridium autoethanogenum
0.99908006,0.00091997953,-1,XBS28648.1,Unavailable,Clostridium autoethanogenum
0.99920243,0.0007976061,-1,XBS28645.1,Unavailable,Clostridium autoethanogenum
0.999275,0.00072493096,-1,XBS28651.1,Unavailable,Clostridium autoethanogenum
0.9988771,0.001122931,-1,XBS28647.1,Unavailable,Clostridium autoethanogenum
0.9990258,0.00097422244,-1,XBS28653.1,Unavailable,Clostridium autoethanogenum
0.9989594,0.0010405156,-1,XBS28636.1,Unavailable,Clostridium autoethanogenum
0.9991303,0.0008696602,-1,XBS28656.1,Unavailable,Clostridium autoethanogenum
0.9992824,0.000717635,-1,XBS28643.1,Unavailable,Clostridium autoethanogenum
0.99920875,0.00079128036,-1,XBS28646.1,Unavailable,Clostridium autoethanogenum
0.99799335,0.0020066304,-1,XBS28652.1,Unavailable,Clostridium autoethanogenum
0.9995623,0.00043772018,-1,XBS28634.1,Unavailable,Clostridium autoethanogenum
0.9990569,0.00094314094,-1,XBS28639.1,Unavailable,Clostridium autoethanogenum
0.99647814,0.0035218145,-1,XBS28640.1,Unavailable,Clostridium autoethanogenum
0.99601424,0.0039857742,-1,XBS28641.1,Unavailable,Clostridium autoethanogenum
0.998697,0.0013030102,-1,XBS28635.1,Unavailable,Clostridium autoethanogenum
0.9988175,0.0011824239,-1,XBS28642.1,Unavailable,Clostridium autoethanogenum
0.9992028,0.00079724594,-1,XBS28654.1,Unavailable,Clostridium autoethanogenum
0.9998373,0.00016268132,-1,XBS28655.1,Unavailable,Clostridium autoethanogenum
0.9968976,0.003102431,-1,XBS28658.1,Unavailable,Clostridium autoethanogenum
0.99928963,0.00071033917,-1,XBS28674.1,Unavailable,Clostridium autoethanogenum
0.9977228,0.0022771473,-1,XBS28663.1,Unavailable,Clostridium autoethanogenum
0.99909246,0.0009075522,-1,XBS28672.1,Unavailable,Clostridium autoethanogenum
0.9993073,0.00069277006,-1,XBS28667.1,Unavailable,Clostridium autoethanogenum
0.99916553,0.0008344598,-1,XBS28665.1,Unavailable,Clostridium autoethanogenum
0.99846244,0.0015375348,-1,XBS28669.1,Unavailable,Clostridium autoethanogenum
0.9984444,0.001555696,-1,XBS28657.1,Unavailable,Clostridium autoethanogenum
0.99885464,0.0011453327,-1,XBS28671.1,Unavailable,Clostridium autoethanogenum
0.996431,0.0035689722,-1,XBS28677.1,Unavailable,Clostridium autoethanogenum
0.99863106,0.0013689112,-1,XBS28664.1,Unavailable,Clostridium autoethanogenum
0.99933416,0.0006657631,-1,XBS28678.1,Unavailable,Clostridium autoethanogenum
0.99744594,0.0025540625,-1,XBS28670.1,Unavailable,Clostridium autoethanogenum
0.99927026,0.00072970625,-1,XBS28666.1,Unavailable,Clostridium autoethanogenum
0.99922836,0.00077168905,-1,XBS30294.1,Unavailable,Clostridium autoethanogenum
0.99880934,0.0011906736,-1,XBS28673.1,Unavailable,Clostridium autoethanogenum
0.9993979,0.0006021411,-1,XBS28659.1,Unavailable,Clostridium autoethanogenum
0.99822146,0.0017785878,-1,XBS28668.1,Unavailable,Clostridium autoethanogenum
0.9992243,0.0007756695,-1,XBS30293.1,Unavailable,Clostridium autoethanogenum
0.9992254,0.00077461556,-1,XBS28675.1,Unavailable,Clostridium autoethanogenum
0.99938476,0.00061523396,-1,XBS28662.1,Unavailable,Clostridium autoethanogenum
0.967455,0.032544956,-1,XBS28676.1,Unavailable,Clostridium autoethanogenum
0.99946326,0.000536809,-1,XBS28661.1,Unavailable,Clostridium autoethanogenum
0.99912506,0.00087494263,-1,XBS28660.1,Unavailable,Clostridium autoethanogenum
0.9946997,0.005300313,-1,XBS30292.1,Unavailable,Clostridium autoethanogenum
0.99853384,0.0014661764,-1,XBS28695.1,Unavailable,Clostridium autoethanogenum
0.9986197,0.0013802901,-1,XBS28697.1,Unavailable,Clostridium autoethanogenum
0.99821305,0.0017869802,-1,XBS28694.1,Unavailable,Clostridium autoethanogenum
0.9988422,0.0011578198,-1,XBS28696.1,Unavailable,Clostridium autoethanogenum
0.9979603,0.00203967,-1,XBS28689.1,Unavailable,Clostridium autoethanogenum
0.9989643,0.0010356834,-1,XBS28702.1,Unavailable,Clostridium autoethanogenum
0.9984327,0.0015673155,-1,XBS28680.1,Unavailable,Clostridium autoethanogenum
0.9988255,0.001174514,-1,XBS28692.1,Unavailable,Clostridium autoethanogenum
0.998444,0.0015559794,-1,XBS28698.1,Unavailable,Clostridium autoethanogenum
0.9979214,0.0020786636,-1,XBS28683.1,Unavailable,Clostridium autoethanogenum
0.99842995,0.0015699859,-1,XBS28699.1,Unavailable,Clostridium autoethanogenum
0.9993709,0.00062909175,-1,XBS28686.1,Unavailable,Clostridium autoethanogenum
0.9994074,0.00059256045,-1,XBS28693.1,Unavailable,Clostridium autoethanogenum
0.99925405,0.0007459251,-1,XBS28682.1,Unavailable,Clostridium autoethanogenum
0.9985405,0.0014594799,-1,XBS28679.1,Unavailable,Clostridium autoethanogenum
0.9961981,0.003801878,-1,XBS28690.1,Unavailable,Clostridium autoethanogenum
0.99870265,0.0012972867,-1,XBS30295.1,Unavailable,Clostridium autoethanogenum
0.9911016,0.008898379,-1,XBS28688.1,Unavailable,Clostridium autoethanogenum
0.9995535,0.00044646,-1,XBS28687.1,Unavailable,Clostridium autoethanogenum
0.9966054,0.0033946193,-1,XBS28701.1,Unavailable,Clostridium autoethanogenum
0.99950945,0.0004905065,-1,XBS28691.1,Unavailable,Clostridium autoethanogenum
0.9993467,0.0006533695,-1,XBS28685.1,Unavailable,Clostridium autoethanogenum
0.99883157,0.0011684563,-1,XBS28681.1,Unavailable,Clostridium autoethanogenum
0.9988305,0.0011694544,-1,XBS28700.1,Unavailable,Clostridium autoethanogenum
0.9990101,0.0009899286,-1,XBS28684.1,Unavailable,Clostridium autoethanogenum
0.99799395,0.0020060337,-1,XBS28720.1,Unavailable,Clostridium autoethanogenum
0.99911994,0.0008801184,-1,XBS28710.1,Unavailable,Clostridium autoethanogenum
0.99909914,0.00090087997,-1,XBS28713.1,Unavailable,Clostridium autoethanogenum
0.99920005,0.00079996116,-1,XBS28718.1,Unavailable,Clostridium autoethanogenum
0.99847525,0.0015247535,-1,XBS28725.1,Unavailable,Clostridium autoethanogenum
0.99915767,0.00084229704,-1,XBS28723.1,Unavailable,Clostridium autoethanogenum
0.9990676,0.00093237375,-1,XBS30296.1,Unavailable,Clostridium autoethanogenum
0.99754035,0.0024596173,-1,XBS28724.1,Unavailable,Clostridium autoethanogenum
0.9980514,0.0019485949,-1,XBS28708.1,Unavailable,Clostridium autoethanogenum
0.32305774,0.6769422,-1,XBS28721.1,Unavailable,Clostridium autoethanogenum
0.9990049,0.0009950962,-1,XBS28707.1,Unavailable,Clostridium autoethanogenum
0.998803,0.0011970099,-1,XBS28722.1,Unavailable,Clostridium autoethanogenum
0.99926347,0.00073657697,-1,XBS28716.1,Unavailable,Clostridium autoethanogenum
0.9989605,0.0010394525,-1,XBS28726.1,Unavailable,Clostridium autoethanogenum
0.99902725,0.0009727051,-1,XBS28715.1,Unavailable,Clostridium autoethanogenum
0.9986727,0.0013272533,-1,XBS28714.1,Unavailable,Clostridium autoethanogenum
0.9995522,0.00044783144,-1,XBS28717.1,Unavailable,Clostridium autoethanogenum
0.9992337,0.00076625624,-1,XBS28706.1,Unavailable,Clostridium autoethanogenum
0.9983057,0.0016942739,-1,XBS28711.1,Unavailable,Clostridium autoethanogenum
0.99952555,0.00047443027,-1,XBS28712.1,Unavailable,Clostridium autoethanogenum
0.9984137,0.0015862783,-1,XBS28703.1,Unavailable,Clostridium autoethanogenum
0.9724001,0.027599907,-1,XBS28719.1,Unavailable,Clostridium autoethanogenum
0.99898165,0.0010182728,-1,XBS28705.1,Unavailable,Clostridium autoethanogenum
0.9986199,0.0013800713,-1,XBS28709.1,Unavailable,Clostridium autoethanogenum
0.9952005,0.004799476,-1,XBS28704.1,Unavailable,Clostridium autoethanogenum
0.9994399,0.00056008523,-1,XBS28749.1,Unavailable,Clostridium autoethanogenum
0.9990752,0.0009248207,-1,XBS28751.1,Unavailable,Clostridium autoethanogenum
0.99502593,0.0049740165,-1,XBS28730.1,Unavailable,Clostridium autoethanogenum
0.998353,0.0016470002,-1,XBS28744.1,Unavailable,Clostridium autoethanogenum
0.9994209,0.00057913974,-1,XBS28747.1,Unavailable,Clostridium autoethanogenum
0.998569,0.0014310149,-1,XBS28742.1,Unavailable,Clostridium autoethanogenum
0.99954045,0.000459552,-1,XBS28739.1,Unavailable,Clostridium autoethanogenum
0.99919754,0.0008024432,-1,XBS28740.1,Unavailable,Clostridium autoethanogenum
0.9993974,0.00060260156,-1,XBS28745.1,Unavailable,Clostridium autoethanogenum
0.99833006,0.0016699134,-1,XBS28732.1,Unavailable,Clostridium autoethanogenum
0.99834585,0.0016541837,-1,XBS28748.1,Unavailable,Clostridium autoethanogenum
0.99893445,0.0010655157,-1,XBS28743.1,Unavailable,Clostridium autoethanogenum
0.99792165,0.002078367,-1,XBS28731.1,Unavailable,Clostridium autoethanogenum
0.99642354,0.0035764754,-1,XBS28728.1,Unavailable,Clostridium autoethanogenum
0.99939954,0.0006004207,-1,XBS28727.1,Unavailable,Clostridium autoethanogenum
0.99863786,0.0013621923,-1,XBS28741.1,Unavailable,Clostridium autoethanogenum
0.9996557,0.00034426711,-1,XBS28734.1,Unavailable,Clostridium autoethanogenum
0.99932444,0.0006755987,-1,XBS28733.1,Unavailable,Clostridium autoethanogenum
0.99751365,0.0024862976,-1,XBS28746.1,Unavailable,Clostridium autoethanogenum
0.9988136,0.0011863415,-1,XBS28736.1,Unavailable,Clostridium autoethanogenum
0.99875844,0.0012415666,-1,XBS28738.1,Unavailable,Clostridium autoethanogenum
0.99930847,0.00069152535,-1,XBS28735.1,Unavailable,Clostridium autoethanogenum
0.9994618,0.0005382267,-1,XBS28750.1,Unavailable,Clostridium autoethanogenum
0.99928755,0.0007125111,-1,XBS28737.1,Unavailable,Clostridium autoethanogenum
0.9991001,0.0008998762,-1,XBS28729.1,Unavailable,Clostridium autoethanogenum
0.99881196,0.001188082,-1,XBS28752.1,Unavailable,Clostridium autoethanogenum
0.9989213,0.0010787544,-1,XBS28766.1,Unavailable,Clostridium autoethanogenum
0.99941015,0.00058985635,-1,XBS28761.1,Unavailable,Clostridium autoethanogenum
0.99886656,0.0011334165,-1,XBS28770.1,Unavailable,Clostridium autoethanogenum
0.99910176,0.00089831033,-1,XBS28762.1,Unavailable,Clostridium autoethanogenum
0.99918824,0.00081170147,-1,XBS28763.1,Unavailable,Clostridium autoethanogenum
0.99855524,0.0014447984,-1,XBS28769.1,Unavailable,Clostridium autoethanogenum
0.99722385,0.0027761275,-1,XBS28772.1,Unavailable,Clostridium autoethanogenum
0.9987649,0.001235176,-1,XBS28765.1,Unavailable,Clostridium autoethanogenum
0.9988248,0.0011752605,-1,XBS28758.1,Unavailable,Clostridium autoethanogenum
0.03247687,0.9675231,-1,XBS30297.1,Unavailable,Clostridium autoethanogenum
0.9991947,0.00080532156,-1,XBS28773.1,Unavailable,Clostridium autoethanogenum
0.99920577,0.0007941973,-1,XBS28774.1,Unavailable,Clostridium autoethanogenum
0.9990728,0.0009271631,-1,XBS28771.1,Unavailable,Clostridium autoethanogenum
0.9968901,0.0031099292,-1,XBS28753.1,Unavailable,Clostridium autoethanogenum
0.9992151,0.0007848753,-1,XBS28760.1,Unavailable,Clostridium autoethanogenum
0.99666744,0.0033325993,-1,XBS28764.1,Unavailable,Clostridium autoethanogenum
0.99598557,0.004014355,-1,XBS28768.1,Unavailable,Clostridium autoethanogenum
0.9986797,0.0013202543,-1,XBS28767.1,Unavailable,Clostridium autoethanogenum
0.99869627,0.0013037215,-1,XBS28754.1,Unavailable,Clostridium autoethanogenum
0.9990784,0.000921545,-1,XBS28756.1,Unavailable,Clostridium autoethanogenum
0.99911815,0.00088183495,-1,XBS28759.1,Unavailable,Clostridium autoethanogenum
0.9990827,0.00091728143,-1,XBS28755.1,Unavailable,Clostridium autoethanogenum
0.9991172,0.0008827858,-1,XBS28757.1,Unavailable,Clostridium autoethanogenum
0.9993765,0.00062350294,-1,XBS30298.1,Unavailable,Clostridium autoethanogenum
0.99816656,0.0018333991,-1,XBS28776.1,Unavailable,Clostridium autoethanogenum
0.99904877,0.0009512328,-1,XBS28790.1,Unavailable,Clostridium autoethanogenum
0.9993887,0.0006112435,-1,XBS28786.1,Unavailable,Clostridium autoethanogenum
0.9992243,0.0007756311,-1,XBS28784.1,Unavailable,Clostridium autoethanogenum
0.999228,0.0007720444,-1,XBS28783.1,Unavailable,Clostridium autoethanogenum
0.99888426,0.0011157058,-1,XBS28796.1,Unavailable,Clostridium autoethanogenum
0.9989466,0.0010533578,-1,XBS28799.1,Unavailable,Clostridium autoethanogenum
0.9992495,0.00075047265,-1,XBS28775.1,Unavailable,Clostridium autoethanogenum
0.99947244,0.00052759756,-1,XBS28791.1,Unavailable,Clostridium autoethanogenum
0.99845624,0.0015437057,-1,XBS28788.1,Unavailable,Clostridium autoethanogenum
0.99909055,0.00090949866,-1,XBS28798.1,Unavailable,Clostridium autoethanogenum
0.99919945,0.0008005766,-1,XBS28780.1,Unavailable,Clostridium autoethanogenum
0.9982272,0.0017728377,-1,XBS28794.1,Unavailable,Clostridium autoethanogenum
0.99698466,0.0030153303,-1,XBS28785.1,Unavailable,Clostridium autoethanogenum
0.9991755,0.0008245096,-1,XBS28797.1,Unavailable,Clostridium autoethanogenum
0.9986803,0.0013196509,-1,XBS28792.1,Unavailable,Clostridium autoethanogenum
0.996588,0.0034119529,-1,XBS28778.1,Unavailable,Clostridium autoethanogenum
0.99950194,0.000498105,-1,XBS28782.1,Unavailable,Clostridium autoethanogenum
0.9985624,0.0014376024,-1,XBS28793.1,Unavailable,Clostridium autoethanogenum
0.9991366,0.0008633428,-1,XBS28795.1,Unavailable,Clostridium autoethanogenum
0.99932027,0.0006797084,-1,XBS28781.1,Unavailable,Clostridium autoethanogenum
0.99870276,0.0012972497,-1,XBS28777.1,Unavailable,Clostridium autoethanogenum
0.99880326,0.0011967551,-1,XBS28789.1,Unavailable,Clostridium autoethanogenum
0.99874854,0.0012513839,-1,XBS28787.1,Unavailable,Clostridium autoethanogenum
0.99855226,0.0014477092,-1,XBS28779.1,Unavailable,Clostridium autoethanogenum
0.99881124,0.0011887407,-1,XBS28800.1,Unavailable,Clostridium autoethanogenum
0.9963864,0.0036135446,-1,XBS28821.1,Unavailable,Clostridium autoethanogenum
0.98652494,0.013475061,-1,XBS28809.1,Unavailable,Clostridium autoethanogenum
0.9970739,0.0029260565,-1,XBS28820.1,Unavailable,Clostridium autoethanogenum
0.99430496,0.0056950687,-1,XBS28808.1,Unavailable,Clostridium autoethanogenum
0.99882764,0.0011723577,-1,XBS30299.1,Unavailable,Clostridium autoethanogenum
0.9988945,0.0011054885,-1,XBS28822.1,Unavailable,Clostridium autoethanogenum
0.9984282,0.0015717741,-1,XBS28812.1,Unavailable,Clostridium autoethanogenum
0.9987049,0.0012951129,-1,XBS28804.1,Unavailable,Clostridium autoethanogenum
0.9986364,0.0013635335,-1,XBS28813.1,Unavailable,Clostridium autoethanogenum
0.9988018,0.0011982089,-1,XBS28802.1,Unavailable,Clostridium autoethanogenum
0.9987093,0.0012906943,-1,XBS28818.1,Unavailable,Clostridium autoethanogenum
0.9989341,0.0010659096,-1,XBS28814.1,Unavailable,Clostridium autoethanogenum
0.99933416,0.0006658457,-1,XBS28801.1,Unavailable,Clostridium autoethanogenum
0.9982705,0.0017294923,-1,XBS28803.1,Unavailable,Clostridium autoethanogenum
0.9972398,0.0027601514,-1,XBS28816.1,Unavailable,Clostridium autoethanogenum
0.9985556,0.0014443828,-1,XBS28817.1,Unavailable,Clostridium autoethanogenum
0.99887806,0.0011219793,-1,XBS28810.1,Unavailable,Clostridium autoethanogenum
0.989763,0.010236945,-1,XBS28806.1,Unavailable,Clostridium autoethanogenum
0.9992588,0.0007411254,-1,XBS28811.1,Unavailable,Clostridium autoethanogenum
0.99929905,0.00070091174,-1,XBS28815.1,Unavailable,Clostridium autoethanogenum
0.9982716,0.0017283978,-1,XBS28807.1,Unavailable,Clostridium autoethanogenum
0.9992205,0.0007795558,-1,XBS30300.1,Unavailable,Clostridium autoethanogenum
0.9996327,0.00036721455,-1,XBS28819.1,Unavailable,Clostridium autoethanogenum
0.11263545,0.88736457,-1,XBS28805.1,Unavailable,Clostridium autoethanogenum
0.99913555,0.0008644681,-1,XBS28828.1,Unavailable,Clostridium autoethanogenum
0.99933356,0.0006664317,-1,XBS28842.1,Unavailable,Clostridium autoethanogenum
0.99919564,0.0008043625,-1,XBS28844.1,Unavailable,Clostridium autoethanogenum
0.99875987,0.0012401567,-1,XBS28823.1,Unavailable,Clostridium autoethanogenum
0.9989767,0.0010233655,-1,XBS28833.1,Unavailable,Clostridium autoethanogenum
0.9991474,0.0008525462,-1,XBS28840.1,Unavailable,Clostridium autoethanogenum
0.9979685,0.0020314255,-1,XBS28824.1,Unavailable,Clostridium autoethanogenum
0.9983563,0.0016436526,-1,XBS28831.1,Unavailable,Clostridium autoethanogenum
0.99838006,0.0016198739,-1,XBS28827.1,Unavailable,Clostridium autoethanogenum
0.99848455,0.0015154838,-1,XBS28835.1,Unavailable,Clostridium autoethanogenum
0.998582,0.0014180574,-1,XBS28846.1,Unavailable,Clostridium autoethanogenum
0.9990305,0.00096957176,-1,XBS28826.1,Unavailable,Clostridium autoethanogenum
0.99959344,0.0004066233,-1,XBS28839.1,Unavailable,Clostridium autoethanogenum
0.999089,0.00091099646,-1,XBS28832.1,Unavailable,Clostridium autoethanogenum
0.999243,0.0007570606,-1,XBS28830.1,Unavailable,Clostridium autoethanogenum
0.9992181,0.00078181847,-1,XBS28838.1,Unavailable,Clostridium autoethanogenum
0.9992403,0.00075975596,-1,XBS28841.1,Unavailable,Clostridium autoethanogenum
0.9991353,0.00086465833,-1,XBS28845.1,Unavailable,Clostridium autoethanogenum
0.9977457,0.0022543394,-1,XBS28829.1,Unavailable,Clostridium autoethanogenum
0.999401,0.00059903524,-1,XBS28843.1,Unavailable,Clostridium autoethanogenum
0.99937063,0.0006293355,-1,XBS28834.1,Unavailable,Clostridium autoethanogenum
0.9992855,0.00071456475,-1,XBS28847.1,Unavailable,Clostridium autoethanogenum
0.9986487,0.0013512989,-1,XBS28837.1,Unavailable,Clostridium autoethanogenum
0.9986971,0.0013029197,-1,XBS28825.1,Unavailable,Clostridium autoethanogenum
0.9984931,0.0015069699,-1,XBS28836.1,Unavailable,Clostridium autoethanogenum
0.9993789,0.00062106474,-1,XBS28858.1,Unavailable,Clostridium autoethanogenum
0.99898595,0.0010140515,-1,XBS28854.1,Unavailable,Clostridium autoethanogenum
0.99773395,0.0022660138,-1,XBS28850.1,Unavailable,Clostridium autoethanogenum
0.99816656,0.0018334419,-1,XBS28859.1,Unavailable,Clostridium autoethanogenum
0.99949694,0.0005030417,-1,XBS28852.1,Unavailable,Clostridium autoethanogenum
0.98886234,0.011137719,-1,XBS28860.1,Unavailable,Clostridium autoethanogenum
0.9985434,0.0014566114,-1,XBS28851.1,Unavailable,Clostridium autoethanogenum
0.9979091,0.0020908236,-1,XBS28849.1,Unavailable,Clostridium autoethanogenum
0.9994504,0.00054964883,-1,XBS28853.1,Unavailable,Clostridium autoethanogenum
0.9994165,0.0005835011,-1,XBS28863.1,Unavailable,Clostridium autoethanogenum
0.9995394,0.00046064757,-1,XBS28871.1,Unavailable,Clostridium autoethanogenum
0.99409866,0.005901302,-1,XBS28861.1,Unavailable,Clostridium autoethanogenum
0.9993155,0.00068446895,-1,XBS28865.1,Unavailable,Clostridium autoethanogenum
0.9990019,0.0009980765,-1,XBS28868.1,Unavailable,Clostridium autoethanogenum
0.9992685,0.00073150115,-1,XBS28855.1,Unavailable,Clostridium autoethanogenum
0.99762005,0.0023799206,-1,XBS28869.1,Unavailable,Clostridium autoethanogenum
0.9994832,0.0005167123,-1,XBS28866.1,Unavailable,Clostridium autoethanogenum
0.9984281,0.0015719366,-1,XBS28857.1,Unavailable,Clostridium autoethanogenum
0.9989943,0.001005659,-1,XBS28872.1,Unavailable,Clostridium autoethanogenum
0.9989779,0.0010221145,-1,XBS28856.1,Unavailable,Clostridium autoethanogenum
0.9985738,0.0014262517,-1,XBS28870.1,Unavailable,Clostridium autoethanogenum
0.9990791,0.00092085206,-1,XBS28848.1,Unavailable,Clostridium autoethanogenum
0.9971873,0.0028126605,-1,XBS28867.1,Unavailable,Clostridium autoethanogenum
0.99909484,0.0009051294,-1,XBS28864.1,Unavailable,Clostridium autoethanogenum
0.9872873,0.012712709,-1,XBS28862.1,Unavailable,Clostridium autoethanogenum
0.99827766,0.0017223414,-1,XBS28882.1,Unavailable,Clostridium autoethanogenum
0.9986284,0.0013716656,-1,XBS28884.1,Unavailable,Clostridium autoethanogenum
0.9991099,0.0008900901,-1,XBS28888.1,Unavailable,Clostridium autoethanogenum
0.9975611,0.0024389068,-1,XBS28876.1,Unavailable,Clostridium autoethanogenum
0.9991254,0.0008746005,-1,XBS28886.1,Unavailable,Clostridium autoethanogenum
0.9989912,0.0010087956,-1,XBS28890.1,Unavailable,Clostridium autoethanogenum
0.99866176,0.0013381926,-1,XBS30301.1,Unavailable,Clostridium autoethanogenum
0.99613404,0.0038659994,-1,XBS28879.1,Unavailable,Clostridium autoethanogenum
0.9992725,0.00072753854,-1,XBS28880.1,Unavailable,Clostridium autoethanogenum
0.99923694,0.000763057,-1,XBS28895.1,Unavailable,Clostridium autoethanogenum
0.999288,0.0007120513,-1,XBS28881.1,Unavailable,Clostridium autoethanogenum
0.9990395,0.0009604786,-1,XBS28878.1,Unavailable,Clostridium autoethanogenum
0.99918336,0.0008166299,-1,XBS28877.1,Unavailable,Clostridium autoethanogenum
0.9990476,0.00095235853,-1,XBS28873.1,Unavailable,Clostridium autoethanogenum
0.99932146,0.00067857315,-1,XBS28889.1,Unavailable,Clostridium autoethanogenum
0.999273,0.0007270461,-1,XBS28892.1,Unavailable,Clostridium autoethanogenum
0.99935704,0.00064299913,-1,XBS28896.1,Unavailable,Clostridium autoethanogenum
0.99828845,0.0017115157,-1,XBS28874.1,Unavailable,Clostridium autoethanogenum
0.9988777,0.0011222743,-1,XBS28894.1,Unavailable,Clostridium autoethanogenum
0.99679655,0.0032034726,-1,XBS28883.1,Unavailable,Clostridium autoethanogenum
0.99906605,0.00093395374,-1,XBS28885.1,Unavailable,Clostridium autoethanogenum
0.01664073,0.9833592,-1,XBS28893.1,Unavailable,Clostridium autoethanogenum
0.9901467,0.009853283,-1,XBS28875.1,Unavailable,Clostridium autoethanogenum
0.998019,0.001981035,-1,XBS28887.1,Unavailable,Clostridium autoethanogenum
0.99797684,0.0020232121,-1,XBS28891.1,Unavailable,Clostridium autoethanogenum
0.9994997,0.00050035416,-1,XBS28902.1,Unavailable,Clostridium autoethanogenum
0.9975642,0.0024358018,-1,XBS28920.1,Unavailable,Clostridium autoethanogenum
0.9980282,0.0019718027,-1,XBS28897.1,Unavailable,Clostridium autoethanogenum
0.9983285,0.0016714955,-1,XBS28899.1,Unavailable,Clostridium autoethanogenum
0.99837875,0.0016212194,-1,XBS28912.1,Unavailable,Clostridium autoethanogenum
0.9989366,0.0010634151,-1,XBS28921.1,Unavailable,Clostridium autoethanogenum
0.9990067,0.0009932955,-1,XBS28910.1,Unavailable,Clostridium autoethanogenum
0.9986866,0.0013133672,-1,XBS28900.1,Unavailable,Clostridium autoethanogenum
0.9994254,0.0005746624,-1,XBS28909.1,Unavailable,Clostridium autoethanogenum
0.9993692,0.0006307779,-1,XBS28911.1,Unavailable,Clostridium autoethanogenum
0.9992207,0.00077925506,-1,XBS28898.1,Unavailable,Clostridium autoethanogenum
0.99890006,0.0010998682,-1,XBS28915.1,Unavailable,Clostridium autoethanogenum
0.99916625,0.00083374564,-1,XBS28905.1,Unavailable,Clostridium autoethanogenum
0.9988293,0.0011707341,-1,XBS28908.1,Unavailable,Clostridium autoethanogenum
0.99824846,0.0017516018,-1,XBS28904.1,Unavailable,Clostridium autoethanogenum
0.998879,0.0011209467,-1,XBS28913.1,Unavailable,Clostridium autoethanogenum
0.99905986,0.000940157,-1,XBS28906.1,Unavailable,Clostridium autoethanogenum
0.99904734,0.00095266534,-1,XBS28907.1,Unavailable,Clostridium autoethanogenum
0.9992644,0.0007355633,-1,XBS28918.1,Unavailable,Clostridium autoethanogenum
0.99767035,0.002329577,-1,XBS28917.1,Unavailable,Clostridium autoethanogenum
0.9988159,0.0011840803,-1,XBS28916.1,Unavailable,Clostridium autoethanogenum
0.9688609,0.031139057,-1,XBS28914.1,Unavailable,Clostridium autoethanogenum
0.9972887,0.0027113701,-1,XBS28919.1,Unavailable,Clostridium autoethanogenum
0.9990671,0.00093286164,-1,XBS28903.1,Unavailable,Clostridium autoethanogenum
0.9987361,0.0012639535,-1,XBS28901.1,Unavailable,Clostridium autoethanogenum
0.998847,0.0011529612,-1,XBS28933.1,Unavailable,Clostridium autoethanogenum
0.99804604,0.001953954,-1,XBS28938.1,Unavailable,Clostridium autoethanogenum
0.9990103,0.0009896691,-1,XBS28944.1,Unavailable,Clostridium autoethanogenum
0.99913496,0.0008650312,-1,XBS28929.1,Unavailable,Clostridium autoethanogenum
0.99833375,0.0016662942,-1,XBS28943.1,Unavailable,Clostridium autoethanogenum
0.99884146,0.0011585099,-1,XBS28932.1,Unavailable,Clostridium autoethanogenum
0.9993548,0.000645229,-1,XBS28930.1,Unavailable,Clostridium autoethanogenum
0.9976242,0.0023757806,-1,XBS28934.1,Unavailable,Clostridium autoethanogenum
0.99922776,0.0007722644,-1,XBS28935.1,Unavailable,Clostridium autoethanogenum
0.9979336,0.002066335,-1,XBS28931.1,Unavailable,Clostridium autoethanogenum
0.9982224,0.0017775908,-1,XBS28936.1,Unavailable,Clostridium autoethanogenum
0.99766266,0.0023373084,-1,XBS28945.1,Unavailable,Clostridium autoethanogenum
0.99895835,0.0010416812,-1,XBS28923.1,Unavailable,Clostridium autoethanogenum
0.99935144,0.00064851437,-1,XBS28942.1,Unavailable,Clostridium autoethanogenum
0.998106,0.001894026,-1,XBS28924.1,Unavailable,Clostridium autoethanogenum
0.99942744,0.0005725691,-1,XBS28922.1,Unavailable,Clostridium autoethanogenum
0.99922705,0.00077291037,-1,XBS28927.1,Unavailable,Clostridium autoethanogenum
0.9990206,0.0009793589,-1,XBS28937.1,Unavailable,Clostridium autoethanogenum
0.996236,0.0037640438,-1,XBS28941.1,Unavailable,Clostridium autoethanogenum
0.9984907,0.0015092444,-1,XBS28939.1,Unavailable,Clostridium autoethanogenum
0.9986268,0.0013731654,-1,XBS28926.1,Unavailable,Clostridium autoethanogenum
0.9989893,0.0010106507,-1,XBS28928.1,Unavailable,Clostridium autoethanogenum
0.99857736,0.0014226806,-1,XBS28925.1,Unavailable,Clostridium autoethanogenum
0.99889755,0.0011024172,-1,XBS28940.1,Unavailable,Clostridium autoethanogenum
0.9987029,0.0012971045,-1,XBS28946.1,Unavailable,Clostridium autoethanogenum
0.99947125,0.0005287277,-1,XBS28956.1,Unavailable,Clostridium autoethanogenum
0.9990038,0.0009961438,-1,XBS28961.1,Unavailable,Clostridium autoethanogenum
0.9994174,0.00058260275,-1,XBS28971.1,Unavailable,Clostridium autoethanogenum
0.9987023,0.0012976668,-1,XBS28948.1,Unavailable,Clostridium autoethanogenum
0.99868864,0.0013113777,-1,XBS28959.1,Unavailable,Clostridium autoethanogenum
0.41125032,0.5887497,-1,XBS28947.1,Unavailable,Clostridium autoethanogenum
0.9993119,0.0006881124,-1,XBS28950.1,Unavailable,Clostridium autoethanogenum
0.9995215,0.00047849238,-1,XBS28955.1,Unavailable,Clostridium autoethanogenum
0.99920803,0.00079200073,-1,XBS28949.1,Unavailable,Clostridium autoethanogenum
0.998589,0.0014110496,-1,XBS28962.1,Unavailable,Clostridium autoethanogenum
0.99860364,0.0013964269,-1,XBS28960.1,Unavailable,Clostridium autoethanogenum
0.99876475,0.0012353042,-1,XBS28952.1,Unavailable,Clostridium autoethanogenum
0.99938154,0.00061847427,-1,XBS28951.1,Unavailable,Clostridium autoethanogenum
0.9994216,0.00057848496,-1,XBS28964.1,Unavailable,Clostridium autoethanogenum
0.99905294,0.0009470156,-1,XBS28968.1,Unavailable,Clostridium autoethanogenum
0.9990263,0.0009737585,-1,XBS28958.1,Unavailable,Clostridium autoethanogenum
0.9991115,0.0008884521,-1,XBS28953.1,Unavailable,Clostridium autoethanogenum
0.999019,0.000980968,-1,XBS28957.1,Unavailable,Clostridium autoethanogenum
0.9996648,0.0003352558,-1,XBS28954.1,Unavailable,Clostridium autoethanogenum
0.999046,0.0009539651,-1,XBS28963.1,Unavailable,Clostridium autoethanogenum
0.9994772,0.0005227953,-1,XBS28970.1,Unavailable,Clostridium autoethanogenum
0.9992847,0.00071529846,-1,XBS28965.1,Unavailable,Clostridium autoethanogenum
0.99872464,0.0012753801,-1,XBS28966.1,Unavailable,Clostridium autoethanogenum
0.99718934,0.0028106447,-1,XBS28967.1,Unavailable,Clostridium autoethanogenum
0.9924656,0.007534375,-1,XBS28969.1,Unavailable,Clostridium autoethanogenum
0.9991449,0.00085504545,-1,XBS28990.1,Unavailable,Clostridium autoethanogenum
0.9991246,0.00087538414,-1,XBS28979.1,Unavailable,Clostridium autoethanogenum
0.99923325,0.00076674344,-1,XBS28991.1,Unavailable,Clostridium autoethanogenum
0.99854845,0.0014515198,-1,XBS28980.1,Unavailable,Clostridium autoethanogenum
0.9992636,0.00073635933,-1,XBS28973.1,Unavailable,Clostridium autoethanogenum
0.99824345,0.001756595,-1,XBS28988.1,Unavailable,Clostridium autoethanogenum
0.998877,0.0011229704,-1,XBS28994.1,Unavailable,Clostridium autoethanogenum
0.9987282,0.0012717411,-1,XBS30303.1,Unavailable,Clostridium autoethanogenum
0.9994246,0.00057546614,-1,XBS28992.1,Unavailable,Clostridium autoethanogenum
0.99868006,0.0013199023,-1,XBS30302.1,Unavailable,Clostridium autoethanogenum
0.9995975,0.00040257617,-1,XBS28978.1,Unavailable,Clostridium autoethanogenum
0.99872226,0.0012777231,-1,XBS28993.1,Unavailable,Clostridium autoethanogenum
0.99941385,0.0005861393,-1,XBS28982.1,Unavailable,Clostridium autoethanogenum
0.9993845,0.0006154912,-1,XBS28981.1,Unavailable,Clostridium autoethanogenum
0.9989986,0.0010014804,-1,XBS28989.1,Unavailable,Clostridium autoethanogenum
0.9980404,0.0019596908,-1,XBS28983.1,Unavailable,Clostridium autoethanogenum
0.9992442,0.00075584266,-1,XBS28987.1,Unavailable,Clostridium autoethanogenum
0.9996178,0.00038211062,-1,XBS28984.1,Unavailable,Clostridium autoethanogenum
0.9990269,0.0009730568,-1,XBS28974.1,Unavailable,Clostridium autoethanogenum
0.9982229,0.0017770856,-1,XBS28985.1,Unavailable,Clostridium autoethanogenum
0.99942565,0.00057441596,-1,XBS28986.1,Unavailable,Clostridium autoethanogenum
0.9993773,0.0006227638,-1,XBS28975.1,Unavailable,Clostridium autoethanogenum
0.99952865,0.00047139067,-1,XBS28976.1,Unavailable,Clostridium autoethanogenum
0.9974841,0.0025158895,-1,XBS28977.1,Unavailable,Clostridium autoethanogenum
0.9988206,0.0011793672,-1,XBS28972.1,Unavailable,Clostridium autoethanogenum
0.9990458,0.0009541778,-1,XBS29013.1,Unavailable,Clostridium autoethanogenum
0.99947923,0.000520781,-1,XBS29008.1,Unavailable,Clostridium autoethanogenum
0.9986267,0.001373348,-1,XBS29019.1,Unavailable,Clostridium autoethanogenum
0.9967348,0.003265119,-1,XBS28997.1,Unavailable,Clostridium autoethanogenum
0.9994475,0.00055243203,-1,XBS28996.1,Unavailable,Clostridium autoethanogenum
0.9982185,0.0017815134,-1,XBS29000.1,Unavailable,Clostridium autoethanogenum
0.99886924,0.0011307304,-1,XBS29016.1,Unavailable,Clostridium autoethanogenum
0.9987857,0.0012143273,-1,XBS29014.1,Unavailable,Clostridium autoethanogenum
0.99772304,0.0022770022,-1,XBS29007.1,Unavailable,Clostridium autoethanogenum
0.9979557,0.0020442738,-1,XBS28999.1,Unavailable,Clostridium autoethanogenum
0.99904174,0.0009582899,-1,XBS29012.1,Unavailable,Clostridium autoethanogenum
0.9994943,0.0005056799,-1,XBS28998.1,Unavailable,Clostridium autoethanogenum
0.9978315,0.002168424,-1,XBS29003.1,Unavailable,Clostridium autoethanogenum
0.99952376,0.00047629833,-1,XBS28995.1,Unavailable,Clostridium autoethanogenum
0.9990852,0.0009148333,-1,XBS29018.1,Unavailable,Clostridium autoethanogenum
0.99856734,0.0014326456,-1,XBS29011.1,Unavailable,Clostridium autoethanogenum
0.99858093,0.0014190677,-1,XBS29004.1,Unavailable,Clostridium autoethanogenum
0.99827194,0.0017280655,-1,XBS29006.1,Unavailable,Clostridium autoethanogenum
0.99874425,0.0012557612,-1,XBS29005.1,Unavailable,Clostridium autoethanogenum
0.9989427,0.0010573851,-1,XBS29001.1,Unavailable,Clostridium autoethanogenum
0.99914753,0.0008524943,-1,XBS29017.1,Unavailable,Clostridium autoethanogenum
0.99894434,0.0010556408,-1,XBS29009.1,Unavailable,Clostridium autoethanogenum
0.9985393,0.001460737,-1,XBS29015.1,Unavailable,Clostridium autoethanogenum
0.9991547,0.000845311,-1,XBS29010.1,Unavailable,Clostridium autoethanogenum
0.9989128,0.0010871739,-1,XBS29002.1,Unavailable,Clostridium autoethanogenum
0.99922764,0.000772335,-1,XBS29030.1,Unavailable,Clostridium autoethanogenum
0.9993826,0.00061740185,-1,XBS29036.1,Unavailable,Clostridium autoethanogenum
0.9983752,0.001624748,-1,XBS29022.1,Unavailable,Clostridium autoethanogenum
0.99914527,0.00085472624,-1,XBS30304.1,Unavailable,Clostridium autoethanogenum
0.99893755,0.0010624982,-1,XBS29031.1,Unavailable,Clostridium autoethanogenum
0.99920756,0.00079242955,-1,XBS29021.1,Unavailable,Clostridium autoethanogenum
0.99482036,0.0051795994,-1,XBS29029.1,Unavailable,Clostridium autoethanogenum
0.9991265,0.000873499,-1,XBS29024.1,Unavailable,Clostridium autoethanogenum
0.9987704,0.0012295287,-1,XBS29023.1,Unavailable,Clostridium autoethanogenum
0.9989963,0.001003737,-1,XBS29027.1,Unavailable,Clostridium autoethanogenum
0.9960978,0.0039021182,-1,XBS29037.1,Unavailable,Clostridium autoethanogenum
0.99880457,0.0011954254,-1,XBS29042.1,Unavailable,Clostridium autoethanogenum
0.9990513,0.000948717,-1,XBS29028.1,Unavailable,Clostridium autoethanogenum
0.9989716,0.0010284518,-1,XBS29035.1,Unavailable,Clostridium autoethanogenum
0.9992446,0.0007554027,-1,XBS29026.1,Unavailable,Clostridium autoethanogenum
0.9991732,0.0008267095,-1,XBS29025.1,Unavailable,Clostridium autoethanogenum
0.9991297,0.000870323,-1,XBS29041.1,Unavailable,Clostridium autoethanogenum
0.9989225,0.0010774686,-1,XBS29033.1,Unavailable,Clostridium autoethanogenum
0.99900156,0.0009984437,-1,XBS29032.1,Unavailable,Clostridium autoethanogenum
0.99939334,0.0006066024,-1,XBS29020.1,Unavailable,Clostridium autoethanogenum
0.99935013,0.00064991217,-1,XBS29034.1,Unavailable,Clostridium autoethanogenum
0.9983012,0.0016988557,-1,XBS30425.1,Unavailable,Clostridium autoethanogenum
0.998216,0.0017840201,-1,XBS29039.1,Unavailable,Clostridium autoethanogenum
0.9965474,0.0034526503,-1,XBS29040.1,Unavailable,Clostridium autoethanogenum
0.9966068,0.0033932126,-1,XBS29038.1,Unavailable,Clostridium autoethanogenum
0.99905473,0.00094525504,-1,XBS29052.1,Unavailable,Clostridium autoethanogenum
0.99893373,0.0010662558,-1,XBS29058.1,Unavailable,Clostridium autoethanogenum
0.9978682,0.002131749,-1,XBS29062.1,Unavailable,Clostridium autoethanogenum
0.9991849,0.0008150455,-1,XBS29045.1,Unavailable,Clostridium autoethanogenum
0.9982193,0.0017807191,-1,XBS29048.1,Unavailable,Clostridium autoethanogenum
0.9986436,0.0013563834,-1,XBS29063.1,Unavailable,Clostridium autoethanogenum
0.9993974,0.0006026085,-1,XBS29044.1,Unavailable,Clostridium autoethanogenum
0.99894446,0.0010555895,-1,XBS29065.1,Unavailable,Clostridium autoethanogenum
0.9993011,0.000698901,-1,XBS29043.1,Unavailable,Clostridium autoethanogenum
0.99919134,0.0008086301,-1,XBS29046.1,Unavailable,Clostridium autoethanogenum
0.9993832,0.0006167425,-1,XBS29067.1,Unavailable,Clostridium autoethanogenum
0.9988205,0.0011794468,-1,XBS29047.1,Unavailable,Clostridium autoethanogenum
0.99930334,0.00069666636,-1,XBS29050.1,Unavailable,Clostridium autoethanogenum
0.9987941,0.0012058843,-1,XBS29055.1,Unavailable,Clostridium autoethanogenum
0.99950457,0.0004953673,-1,XBS29057.1,Unavailable,Clostridium autoethanogenum
0.99881446,0.0011856005,-1,XBS29066.1,Unavailable,Clostridium autoethanogenum
0.9992378,0.0007621954,-1,XBS29064.1,Unavailable,Clostridium autoethanogenum
0.9987979,0.0012021168,-1,XBS29056.1,Unavailable,Clostridium autoethanogenum
0.9935874,0.0064125923,-1,XBS29061.1,Unavailable,Clostridium autoethanogenum
0.99863714,0.0013628749,-1,XBS29049.1,Unavailable,Clostridium autoethanogenum
0.99937445,0.00062559434,-1,XBS29053.1,Unavailable,Clostridium autoethanogenum
0.99915445,0.0008455555,-1,XBS29054.1,Unavailable,Clostridium autoethanogenum
0.997514,0.0024859793,-1,XBS29059.1,Unavailable,Clostridium autoethanogenum
0.9987196,0.0012804313,-1,XBS29060.1,Unavailable,Clostridium autoethanogenum
0.99907494,0.0009250097,-1,XBS29051.1,Unavailable,Clostridium autoethanogenum
0.9987581,0.0012419594,-1,XBS29087.1,Unavailable,Clostridium autoethanogenum
0.9882989,0.011701067,-1,XBS29089.1,Unavailable,Clostridium autoethanogenum
0.99926966,0.00073036476,-1,XBS29077.1,Unavailable,Clostridium autoethanogenum
0.998705,0.0012949388,-1,XBS29085.1,Unavailable,Clostridium autoethanogenum
0.9983607,0.0016393423,-1,XBS29091.1,Unavailable,Clostridium autoethanogenum
0.99919015,0.0008097886,-1,XBS29092.1,Unavailable,Clostridium autoethanogenum
0.9970771,0.0029229366,-1,XBS29078.1,Unavailable,Clostridium autoethanogenum
0.9985324,0.0014675996,-1,XBS29082.1,Unavailable,Clostridium autoethanogenum
0.9992643,0.0007356474,-1,XBS29070.1,Unavailable,Clostridium autoethanogenum
0.99904317,0.0009568161,-1,XBS29072.1,Unavailable,Clostridium autoethanogenum
0.9990571,0.0009429272,-1,XBS29071.1,Unavailable,Clostridium autoethanogenum
0.99867696,0.0013229977,-1,XBS29069.1,Unavailable,Clostridium autoethanogenum
0.99667287,0.0033270952,-1,XBS29074.1,Unavailable,Clostridium autoethanogenum
0.99882716,0.0011728564,-1,XBS29068.1,Unavailable,Clostridium autoethanogenum
0.9981219,0.0018781233,-1,XBS29081.1,Unavailable,Clostridium autoethanogenum
0.99883825,0.0011618043,-1,XBS29079.1,Unavailable,Clostridium autoethanogenum
0.99897313,0.0010269333,-1,XBS29088.1,Unavailable,Clostridium autoethanogenum
0.99761677,0.0023832081,-1,XBS29075.1,Unavailable,Clostridium autoethanogenum
0.9994616,0.0005384262,-1,XBS29084.1,Unavailable,Clostridium autoethanogenum
0.9950551,0.004944951,-1,XBS29086.1,Unavailable,Clostridium autoethanogenum
0.99808383,0.0019161907,-1,XBS29083.1,Unavailable,Clostridium autoethanogenum
0.9994624,0.00053758157,-1,XBS29073.1,Unavailable,Clostridium autoethanogenum
0.999175,0.00082490715,-1,XBS29090.1,Unavailable,Clostridium autoethanogenum
0.998793,0.0012069908,-1,XBS29076.1,Unavailable,Clostridium autoethanogenum
0.9982693,0.0017306049,-1,XBS29080.1,Unavailable,Clostridium autoethanogenum
0.9991148,0.0008852201,-1,XBS29116.1,Unavailable,Clostridium autoethanogenum
0.9988154,0.0011845647,-1,XBS29115.1,Unavailable,Clostridium autoethanogenum
0.99900454,0.0009954679,-1,XBS29109.1,Unavailable,Clostridium autoethanogenum
0.9989837,0.0010163088,-1,XBS29093.1,Unavailable,Clostridium autoethanogenum
0.9995915,0.00040845602,-1,XBS29095.1,Unavailable,Clostridium autoethanogenum
0.9981958,0.0018041449,-1,XBS29108.1,Unavailable,Clostridium autoethanogenum
0.99788505,0.0021149341,-1,XBS29111.1,Unavailable,Clostridium autoethanogenum
0.99862456,0.0013754867,-1,XBS29096.1,Unavailable,Clostridium autoethanogenum
0.9988028,0.0011971603,-1,XBS29103.1,Unavailable,Clostridium autoethanogenum
0.99567896,0.0043210466,-1,XBS29100.1,Unavailable,Clostridium autoethanogenum
0.99918944,0.0008105672,-1,XBS29104.1,Unavailable,Clostridium autoethanogenum
0.99786216,0.0021378766,-1,XBS29094.1,Unavailable,Clostridium autoethanogenum
0.99932253,0.00067752664,-1,XBS29099.1,Unavailable,Clostridium autoethanogenum
0.99895144,0.0010484915,-1,XBS29102.1,Unavailable,Clostridium autoethanogenum
0.9983094,0.001690609,-1,XBS29097.1,Unavailable,Clostridium autoethanogenum
0.99654156,0.0034584336,-1,XBS29114.1,Unavailable,Clostridium autoethanogenum
0.9991868,0.00081320223,-1,XBS29105.1,Unavailable,Clostridium autoethanogenum
0.99926907,0.00073097297,-1,XBS29098.1,Unavailable,Clostridium autoethanogenum
0.9990312,0.0009688136,-1,XBS30305.1,Unavailable,Clostridium autoethanogenum
0.99908984,0.0009101223,-1,XBS29106.1,Unavailable,Clostridium autoethanogenum
0.99899787,0.0010021814,-1,XBS29107.1,Unavailable,Clostridium autoethanogenum
0.9978922,0.0021078151,-1,XBS29101.1,Unavailable,Clostridium autoethanogenum
0.99862754,0.0013724744,-1,XBS29110.1,Unavailable,Clostridium autoethanogenum
0.99869883,0.0013011253,-1,XBS29112.1,Unavailable,Clostridium autoethanogenum
0.9918479,0.008152102,-1,XBS29113.1,Unavailable,Clostridium autoethanogenum
0.9986792,0.001320712,-1,XBS29132.1,Unavailable,Clostridium autoethanogenum
0.99870443,0.0012955081,-1,XBS29126.1,Unavailable,Clostridium autoethanogenum
0.99961793,0.00038208478,-1,XBS29121.1,Unavailable,Clostridium autoethanogenum
0.9987973,0.0012026964,-1,XBS29138.1,Unavailable,Clostridium autoethanogenum
0.99914074,0.0008591918,-1,XBS29122.1,Unavailable,Clostridium autoethanogenum
0.99857783,0.0014222113,-1,XBS29135.1,Unavailable,Clostridium autoethanogenum
0.9992137,0.0007863322,-1,XBS29118.1,Unavailable,Clostridium autoethanogenum
0.9986833,0.0013166673,-1,XBS29130.1,Unavailable,Clostridium autoethanogenum
0.99714726,0.002852793,-1,XBS30306.1,Unavailable,Clostridium autoethanogenum
0.99750745,0.0024925082,-1,XBS29125.1,Unavailable,Clostridium autoethanogenum
0.9992773,0.00072271784,-1,XBS29119.1,Unavailable,Clostridium autoethanogenum
0.99927396,0.0007260847,-1,XBS29127.1,Unavailable,Clostridium autoethanogenum
0.9996018,0.00039820164,-1,XBS29117.1,Unavailable,Clostridium autoethanogenum
0.9993931,0.0006069216,-1,XBS29129.1,Unavailable,Clostridium autoethanogenum
0.998765,0.0012350406,-1,XBS29131.1,Unavailable,Clostridium autoethanogenum
0.99646217,0.0035378472,-1,XBS29137.1,Unavailable,Clostridium autoethanogenum
0.99921465,0.0007853362,-1,XBS30307.1,Unavailable,Clostridium autoethanogenum
0.9980538,0.0019461862,-1,XBS29133.1,Unavailable,Clostridium autoethanogenum
0.9993843,0.0006157124,-1,XBS29123.1,Unavailable,Clostridium autoethanogenum
0.99793553,0.0020645454,-1,XBS29136.1,Unavailable,Clostridium autoethanogenum
0.99806815,0.0019318562,-1,XBS29124.1,Unavailable,Clostridium autoethanogenum
0.9983608,0.0016392315,-1,XBS29134.1,Unavailable,Clostridium autoethanogenum
0.99873716,0.0012629041,-1,XBS29128.1,Unavailable,Clostridium autoethanogenum
0.9986534,0.0013465865,-1,XBS30308.1,Unavailable,Clostridium autoethanogenum
0.9977658,0.0022341835,-1,XBS29120.1,Unavailable,Clostridium autoethanogenum
0.99598855,0.0040114108,-1,XBS29162.1,Unavailable,Clostridium autoethanogenum
0.9972537,0.0027463457,-1,XBS29163.1,Unavailable,Clostridium autoethanogenum
0.9992932,0.00070673745,-1,XBS29152.1,Unavailable,Clostridium autoethanogenum
0.9963626,0.0036374293,-1,XBS29144.1,Unavailable,Clostridium autoethanogenum
0.9982153,0.0017846868,-1,XBS29140.1,Unavailable,Clostridium autoethanogenum
0.99920434,0.0007956392,-1,XBS29142.1,Unavailable,Clostridium autoethanogenum
0.99859303,0.0014069617,-1,XBS29141.1,Unavailable,Clostridium autoethanogenum
0.99886024,0.0011397972,-1,XBS29155.1,Unavailable,Clostridium autoethanogenum
0.99862134,0.0013786933,-1,XBS29147.1,Unavailable,Clostridium autoethanogenum
0.016768757,0.9832312,-1,XBS29157.1,Unavailable,Clostridium autoethanogenum
0.9983365,0.001663532,-1,XBS29158.1,Unavailable,Clostridium autoethanogenum
0.99887973,0.0011202289,-1,XBS29139.1,Unavailable,Clostridium autoethanogenum
0.9989619,0.001038017,-1,XBS29150.1,Unavailable,Clostridium autoethanogenum
0.99844486,0.0015552131,-1,XBS29146.1,Unavailable,Clostridium autoethanogenum
0.9992384,0.0007616015,-1,XBS29148.1,Unavailable,Clostridium autoethanogenum
0.9990101,0.0009899163,-1,XBS29145.1,Unavailable,Clostridium autoethanogenum
0.99902546,0.0009745971,-1,XBS29151.1,Unavailable,Clostridium autoethanogenum
0.9991393,0.00086063973,-1,XBS29161.1,Unavailable,Clostridium autoethanogenum
0.99877745,0.0012225488,-1,XBS29159.1,Unavailable,Clostridium autoethanogenum
0.99751127,0.0024886862,-1,XBS29160.1,Unavailable,Clostridium autoethanogenum
0.9981913,0.0018087346,-1,XBS29154.1,Unavailable,Clostridium autoethanogenum
0.9988531,0.0011469179,-1,XBS29143.1,Unavailable,Clostridium autoethanogenum
0.9988945,0.0011055154,-1,XBS29153.1,Unavailable,Clostridium autoethanogenum
0.99938035,0.000619613,-1,XBS29156.1,Unavailable,Clostridium autoethanogenum
0.9995111,0.00048882526,-1,XBS29149.1,Unavailable,Clostridium autoethanogenum
0.9993962,0.000603776,-1,XBS29171.1,Unavailable,Clostridium autoethanogenum
0.9971884,0.002811599,-1,XBS29174.1,Unavailable,Clostridium autoethanogenum
0.9989675,0.0010325329,-1,XBS29178.1,Unavailable,Clostridium autoethanogenum
0.99941707,0.0005829627,-1,XBS29183.1,Unavailable,Clostridium autoethanogenum
0.99886596,0.0011340063,-1,XBS29165.1,Unavailable,Clostridium autoethanogenum
0.99919003,0.0008099573,-1,XBS29187.1,Unavailable,Clostridium autoethanogenum
0.9989196,0.0010804551,-1,XBS29168.1,Unavailable,Clostridium autoethanogenum
0.9977586,0.0022412997,-1,XBS29164.1,Unavailable,Clostridium autoethanogenum
0.09197187,0.9080281,-1,XBS29172.1,Unavailable,Clostridium autoethanogenum
0.99910164,0.00089836074,-1,XBS29186.1,Unavailable,Clostridium autoethanogenum
0.9992613,0.00073869416,-1,XBS29173.1,Unavailable,Clostridium autoethanogenum
0.9993931,0.0006068699,-1,XBS29185.1,Unavailable,Clostridium autoethanogenum
0.99936813,0.000631895,-1,XBS29184.1,Unavailable,Clostridium autoethanogenum
0.9989531,0.0010468302,-1,XBS29176.1,Unavailable,Clostridium autoethanogenum
0.99906737,0.0009326208,-1,XBS29177.1,Unavailable,Clostridium autoethanogenum
0.99871147,0.0012885953,-1,XBS29170.1,Unavailable,Clostridium autoethanogenum
0.9990722,0.00092776446,-1,XBS30309.1,Unavailable,Clostridium autoethanogenum
0.9993168,0.0006832373,-1,XBS29167.1,Unavailable,Clostridium autoethanogenum
0.9990952,0.00090476556,-1,XBS29182.1,Unavailable,Clostridium autoethanogenum
0.9990277,0.00097224594,-1,XBS29181.1,Unavailable,Clostridium autoethanogenum
0.99770457,0.0022954673,-1,XBS29179.1,Unavailable,Clostridium autoethanogenum
0.9922874,0.0077126008,-1,XBS29180.1,Unavailable,Clostridium autoethanogenum
0.9987703,0.0012296458,-1,XBS29175.1,Unavailable,Clostridium autoethanogenum
0.99974066,0.000259308,-1,XBS29166.1,Unavailable,Clostridium autoethanogenum
0.9991053,0.00089475245,-1,XBS29169.1,Unavailable,Clostridium autoethanogenum
0.99912375,0.00087625836,-1,XBS29191.1,Unavailable,Clostridium autoethanogenum
0.99920076,0.00079924194,-1,XBS29189.1,Unavailable,Clostridium autoethanogenum
0.99884856,0.001151373,-1,XBS29198.1,Unavailable,Clostridium autoethanogenum
0.9991689,0.0008311756,-1,XBS29188.1,Unavailable,Clostridium autoethanogenum
0.99859864,0.00140136,-1,XBS29205.1,Unavailable,Clostridium autoethanogenum
0.99868864,0.0013114049,-1,XBS29199.1,Unavailable,Clostridium autoethanogenum
0.9993357,0.0006642177,-1,XBS29200.1,Unavailable,Clostridium autoethanogenum
0.99944204,0.00055789377,-1,XBS29197.1,Unavailable,Clostridium autoethanogenum
0.9996216,0.0003783254,-1,XBS29196.1,Unavailable,Clostridium autoethanogenum
0.99945205,0.00054796657,-1,XBS29194.1,Unavailable,Clostridium autoethanogenum
0.99889994,0.001100046,-1,XBS29201.1,Unavailable,Clostridium autoethanogenum
0.99810517,0.0018948257,-1,XBS29192.1,Unavailable,Clostridium autoethanogenum
0.9992306,0.00076934526,-1,XBS29190.1,Unavailable,Clostridium autoethanogenum
0.9991893,0.00081064715,-1,XBS29212.1,Unavailable,Clostridium autoethanogenum
0.99842536,0.0015746241,-1,XBS29193.1,Unavailable,Clostridium autoethanogenum
0.999014,0.0009859377,-1,XBS29210.1,Unavailable,Clostridium autoethanogenum
0.9992749,0.00072510133,-1,XBS29204.1,Unavailable,Clostridium autoethanogenum
0.9993235,0.00067647494,-1,XBS29211.1,Unavailable,Clostridium autoethanogenum
0.9994948,0.0005052439,-1,XBS29206.1,Unavailable,Clostridium autoethanogenum
0.98755825,0.012441734,-1,XBS29209.1,Unavailable,Clostridium autoethanogenum
0.9990331,0.00096695276,-1,XBS29207.1,Unavailable,Clostridium autoethanogenum
0.99896383,0.0010362046,-1,XBS29208.1,Unavailable,Clostridium autoethanogenum
0.9989157,0.0010843502,-1,XBS29202.1,Unavailable,Clostridium autoethanogenum
0.99935263,0.00064736244,-1,XBS29195.1,Unavailable,Clostridium autoethanogenum
0.9983259,0.001674085,-1,XBS29203.1,Unavailable,Clostridium autoethanogenum
0.99849606,0.0015039565,-1,XBS30310.1,Unavailable,Clostridium autoethanogenum
0.9992112,0.00078883284,-1,XBS29236.1,Unavailable,Clostridium autoethanogenum
0.99894434,0.0010557018,-1,XBS29219.1,Unavailable,Clostridium autoethanogenum
0.99930966,0.0006903506,-1,XBS29220.1,Unavailable,Clostridium autoethanogenum
0.9993129,0.0006871386,-1,XBS29218.1,Unavailable,Clostridium autoethanogenum
0.9992624,0.0007375986,-1,XBS29228.1,Unavailable,Clostridium autoethanogenum
0.9993173,0.0006827094,-1,XBS29233.1,Unavailable,Clostridium autoethanogenum
0.99931014,0.0006898889,-1,XBS29226.1,Unavailable,Clostridium autoethanogenum
0.9990295,0.00097045104,-1,XBS29229.1,Unavailable,Clostridium autoethanogenum
0.99777114,0.0022288412,-1,XBS29227.1,Unavailable,Clostridium autoethanogenum
0.9987815,0.0012185129,-1,XBS29231.1,Unavailable,Clostridium autoethanogenum
0.9991473,0.00085264695,-1,XBS29230.1,Unavailable,Clostridium autoethanogenum
0.99919885,0.0008011176,-1,XBS29234.1,Unavailable,Clostridium autoethanogenum
0.99792296,0.0020770815,-1,XBS29225.1,Unavailable,Clostridium autoethanogenum
0.9981414,0.0018585743,-1,XBS29221.1,Unavailable,Clostridium autoethanogenum
0.9993691,0.00063090597,-1,XBS29235.1,Unavailable,Clostridium autoethanogenum
0.99835736,0.001642634,-1,XBS29222.1,Unavailable,Clostridium autoethanogenum
0.9994437,0.00055631145,-1,XBS29214.1,Unavailable,Clostridium autoethanogenum
0.9990018,0.0009982211,-1,XBS29224.1,Unavailable,Clostridium autoethanogenum
0.99940956,0.0005903974,-1,XBS29223.1,Unavailable,Clostridium autoethanogenum
0.99859947,0.0014005221,-1,XBS29215.1,Unavailable,Clostridium autoethanogenum
0.9970522,0.002947782,-1,XBS29217.1,Unavailable,Clostridium autoethanogenum
0.99948007,0.00051996013,-1,XBS29216.1,Unavailable,Clostridium autoethanogenum
0.99871993,0.00128014,-1,XBS29213.1,Unavailable,Clostridium autoethanogenum
0.9985916,0.0014083934,-1,XBS29232.1,Unavailable,Clostridium autoethanogenum
0.99907994,0.0009200839,-1,XBS29247.1,Unavailable,Clostridium autoethanogenum
0.9993167,0.00068328605,-1,XBS29249.1,Unavailable,Clostridium autoethanogenum
0.9993032,0.0006967526,-1,XBS29256.1,Unavailable,Clostridium autoethanogenum
0.99934393,0.0006560732,-1,XBS29258.1,Unavailable,Clostridium autoethanogenum
0.9992372,0.0007628789,-1,XBS29238.1,Unavailable,Clostridium autoethanogenum
0.9994754,0.00052465085,-1,XBS29244.1,Unavailable,Clostridium autoethanogenum
0.99555826,0.004441716,-1,XBS29260.1,Unavailable,Clostridium autoethanogenum
0.99921644,0.00078348984,-1,XBS29252.1,Unavailable,Clostridium autoethanogenum
0.9975393,0.0024606741,-1,XBS29239.1,Unavailable,Clostridium autoethanogenum
0.9994617,0.0005383393,-1,XBS29240.1,Unavailable,Clostridium autoethanogenum
0.9984987,0.0015013794,-1,XBS29253.1,Unavailable,Clostridium autoethanogenum
0.9986823,0.0013176898,-1,XBS29242.1,Unavailable,Clostridium autoethanogenum
0.9994112,0.0005887431,-1,XBS29246.1,Unavailable,Clostridium autoethanogenum
0.99921775,0.0007821798,-1,XBS29251.1,Unavailable,Clostridium autoethanogenum
0.99923134,0.00076870044,-1,XBS29250.1,Unavailable,Clostridium autoethanogenum
0.99948657,0.0005134438,-1,XBS29257.1,Unavailable,Clostridium autoethanogenum
0.9991124,0.00088754605,-1,XBS29259.1,Unavailable,Clostridium autoethanogenum
0.99872005,0.0012799405,-1,XBS29255.1,Unavailable,Clostridium autoethanogenum
0.9970727,0.0029272854,-1,XBS29254.1,Unavailable,Clostridium autoethanogenum
0.99794775,0.0020523132,-1,XBS29241.1,Unavailable,Clostridium autoethanogenum
0.99617517,0.003824825,-1,XBS29245.1,Unavailable,Clostridium autoethanogenum
0.9989593,0.0010406971,-1,XBS29243.1,Unavailable,Clostridium autoethanogenum
0.9993536,0.0006464053,-1,XBS29261.1,Unavailable,Clostridium autoethanogenum
0.9984849,0.0015151514,-1,XBS29237.1,Unavailable,Clostridium autoethanogenum
0.99854314,0.0014569319,-1,XBS29248.1,Unavailable,Clostridium autoethanogenum
0.9983461,0.0016538703,-1,XBS29262.1,Unavailable,Clostridium autoethanogenum
0.99922335,0.0007766663,-1,XBS29274.1,Unavailable,Clostridium autoethanogenum
0.9770782,0.022921823,-1,XBS29284.1,Unavailable,Clostridium autoethanogenum
0.99883646,0.0011636057,-1,XBS29271.1,Unavailable,Clostridium autoethanogenum
0.99817085,0.0018291823,-1,XBS29276.1,Unavailable,Clostridium autoethanogenum
0.9985429,0.0014571734,-1,XBS29281.1,Unavailable,Clostridium autoethanogenum
0.9987645,0.00123545,-1,XBS29278.1,Unavailable,Clostridium autoethanogenum
0.9993691,0.00063099083,-1,XBS29282.1,Unavailable,Clostridium autoethanogenum
0.9976503,0.0023496633,-1,XBS29283.1,Unavailable,Clostridium autoethanogenum
0.9992067,0.00079335517,-1,XBS29266.1,Unavailable,Clostridium autoethanogenum
0.9996413,0.00035868684,-1,XBS29273.1,Unavailable,Clostridium autoethanogenum
0.9987992,0.001200775,-1,XBS29280.1,Unavailable,Clostridium autoethanogenum
0.9991763,0.0008236752,-1,XBS30311.1,Unavailable,Clostridium autoethanogenum
0.99893934,0.0010606432,-1,XBS29279.1,Unavailable,Clostridium autoethanogenum
0.99874854,0.0012514001,-1,XBS29263.1,Unavailable,Clostridium autoethanogenum
0.9990821,0.0009179228,-1,XBS29269.1,Unavailable,Clostridium autoethanogenum
0.99914396,0.0008560441,-1,XBS29270.1,Unavailable,Clostridium autoethanogenum
0.99329585,0.006704164,-1,XBS29272.1,Unavailable,Clostridium autoethanogenum
0.9993476,0.00065235124,-1,XBS29275.1,Unavailable,Clostridium autoethanogenum
0.99884546,0.0011545257,-1,XBS29264.1,Unavailable,Clostridium autoethanogenum
0.99907076,0.00092919095,-1,XBS29268.1,Unavailable,Clostridium autoethanogenum
0.9985347,0.001465329,-1,XBS29265.1,Unavailable,Clostridium autoethanogenum
0.99915266,0.0008473497,-1,XBS29267.1,Unavailable,Clostridium autoethanogenum
0.9993912,0.0006087758,-1,XBS29277.1,Unavailable,Clostridium autoethanogenum
0.99865484,0.0013451619,-1,XBS29285.1,Unavailable,Clostridium autoethanogenum
0.99818987,0.0018101644,-1,XBS29286.1,Unavailable,Clostridium autoethanogenum
0.9926784,0.0073215403,-1,XBS29307.1,Unavailable,Clostridium autoethanogenum
0.9989009,0.0010990732,-1,XBS29297.1,Unavailable,Clostridium autoethanogenum
0.9986457,0.0013543094,-1,XBS29303.1,Unavailable,Clostridium autoethanogenum
0.99913764,0.000862362,-1,XBS29309.1,Unavailable,Clostridium autoethanogenum
0.99913234,0.0008676914,-1,XBS29289.1,Unavailable,Clostridium autoethanogenum
0.99945956,0.0005404268,-1,XBS29308.1,Unavailable,Clostridium autoethanogenum
0.9985436,0.0014564332,-1,XBS29299.1,Unavailable,Clostridium autoethanogenum
0.9981292,0.0018707621,-1,XBS29302.1,Unavailable,Clostridium autoethanogenum
0.99929404,0.00070596975,-1,XBS29310.1,Unavailable,Clostridium autoethanogenum
0.99893945,0.0010605878,-1,XBS29296.1,Unavailable,Clostridium autoethanogenum
0.99753535,0.0024645855,-1,XBS29300.1,Unavailable,Clostridium autoethanogenum
0.9915869,0.008413108,-1,XBS29305.1,Unavailable,Clostridium autoethanogenum
0.9992706,0.0007294199,-1,XBS29288.1,Unavailable,Clostridium autoethanogenum
0.99822956,0.0017704774,-1,XBS29292.1,Unavailable,Clostridium autoethanogenum
0.99922013,0.00077981915,-1,XBS29298.1,Unavailable,Clostridium autoethanogenum
0.9985879,0.0014120147,-1,XBS29291.1,Unavailable,Clostridium autoethanogenum
0.99889237,0.001107657,-1,XBS29301.1,Unavailable,Clostridium autoethanogenum
0.99880815,0.0011918093,-1,XBS29304.1,Unavailable,Clostridium autoethanogenum
0.9986327,0.0013672429,-1,XBS29306.1,Unavailable,Clostridium autoethanogenum
0.9982047,0.0017953097,-1,XBS29290.1,Unavailable,Clostridium autoethanogenum
0.99641836,0.0035816599,-1,XBS29293.1,Unavailable,Clostridium autoethanogenum
0.99619895,0.0038010655,-1,XBS29287.1,Unavailable,Clostridium autoethanogenum
0.99949706,0.0005029322,-1,XBS29295.1,Unavailable,Clostridium autoethanogenum
0.9981839,0.0018160482,-1,XBS29294.1,Unavailable,Clostridium autoethanogenum
0.99819475,0.0018052686,-1,XBS29333.1,Unavailable,Clostridium autoethanogenum
0.9993412,0.0006587661,-1,XBS29318.1,Unavailable,Clostridium autoethanogenum
0.99890256,0.0010974695,-1,XBS29327.1,Unavailable,Clostridium autoethanogenum
0.9657006,0.034299344,-1,XBS29331.1,Unavailable,Clostridium autoethanogenum
0.99869776,0.0013021566,-1,XBS29312.1,Unavailable,Clostridium autoethanogenum
0.9985879,0.0014120921,-1,XBS29325.1,Unavailable,Clostridium autoethanogenum
0.9990915,0.0009084758,-1,XBS29316.1,Unavailable,Clostridium autoethanogenum
0.99943095,0.0005689686,-1,XBS29313.1,Unavailable,Clostridium autoethanogenum
0.99924254,0.00075753505,-1,XBS29311.1,Unavailable,Clostridium autoethanogenum
0.99802125,0.0019787312,-1,XBS29319.1,Unavailable,Clostridium autoethanogenum
0.9993517,0.0006482777,-1,XBS29324.1,Unavailable,Clostridium autoethanogenum
0.99884963,0.0011503799,-1,XBS29315.1,Unavailable,Clostridium autoethanogenum
0.99331737,0.0066826567,-1,XBS29330.1,Unavailable,Clostridium autoethanogenum
0.9988538,0.0011461576,-1,XBS29328.1,Unavailable,Clostridium autoethanogenum
0.97381556,0.026184436,-1,XBS29329.1,Unavailable,Clostridium autoethanogenum
0.99956125,0.00043868422,-1,XBS29326.1,Unavailable,Clostridium autoethanogenum
0.99894315,0.0010568327,-1,XBS29321.1,Unavailable,Clostridium autoethanogenum
0.9986603,0.0013396764,-1,XBS29320.1,Unavailable,Clostridium autoethanogenum
0.9954372,0.00456284,-1,XBS29332.1,Unavailable,Clostridium autoethanogenum
0.9991628,0.00083718635,-1,XBS29323.1,Unavailable,Clostridium autoethanogenum
0.9987878,0.00121225,-1,XBS29335.1,Unavailable,Clostridium autoethanogenum
0.9983955,0.0016044364,-1,XBS29314.1,Unavailable,Clostridium autoethanogenum
0.99296665,0.0070334016,-1,XBS29322.1,Unavailable,Clostridium autoethanogenum
0.9992889,0.0007110595,-1,XBS29317.1,Unavailable,Clostridium autoethanogenum
0.9981305,0.001869566,-1,XBS29334.1,Unavailable,Clostridium autoethanogenum
0.99831283,0.0016872027,-1,XBS29349.1,Unavailable,Clostridium autoethanogenum
0.99603456,0.0039654723,-1,XBS29343.1,Unavailable,Clostridium autoethanogenum
0.9990513,0.0009486727,-1,XBS29359.1,Unavailable,Clostridium autoethanogenum
0.9994023,0.0005977201,-1,XBS30312.1,Unavailable,Clostridium autoethanogenum
0.99850607,0.001494009,-1,XBS29336.1,Unavailable,Clostridium autoethanogenum
0.89740616,0.10259389,-1,XBS29344.1,Unavailable,Clostridium autoethanogenum
0.9987801,0.0012199292,-1,XBS29339.1,Unavailable,Clostridium autoethanogenum
0.9994018,0.0005982173,-1,XBS29347.1,Unavailable,Clostridium autoethanogenum
0.9988086,0.0011913729,-1,XBS29353.1,Unavailable,Clostridium autoethanogenum
0.9993782,0.0006218087,-1,XBS29356.1,Unavailable,Clostridium autoethanogenum
0.999534,0.0004660077,-1,XBS29340.1,Unavailable,Clostridium autoethanogenum
0.9978442,0.0021557545,-1,XBS29342.1,Unavailable,Clostridium autoethanogenum
0.9806167,0.019383345,-1,XBS29345.1,Unavailable,Clostridium autoethanogenum
0.9834388,0.016561212,-1,XBS29354.1,Unavailable,Clostridium autoethanogenum
0.9988544,0.0011455629,-1,XBS29337.1,Unavailable,Clostridium autoethanogenum
0.99847454,0.0015254681,-1,XBS29338.1,Unavailable,Clostridium autoethanogenum
0.9992719,0.0007280892,-1,XBS29357.1,Unavailable,Clostridium autoethanogenum
0.999318,0.00068206165,-1,XBS29351.1,Unavailable,Clostridium autoethanogenum
0.99939525,0.0006046984,-1,XBS29341.1,Unavailable,Clostridium autoethanogenum
0.9984534,0.0015465607,-1,XBS29352.1,Unavailable,Clostridium autoethanogenum
0.99086505,0.009135007,-1,XBS29350.1,Unavailable,Clostridium autoethanogenum
0.9984848,0.0015152768,-1,XBS29348.1,Unavailable,Clostridium autoethanogenum
0.99539775,0.004602312,-1,XBS29346.1,Unavailable,Clostridium autoethanogenum
0.9987264,0.0012736133,-1,XBS29358.1,Unavailable,Clostridium autoethanogenum
0.98653316,0.013466804,-1,XBS29355.1,Unavailable,Clostridium autoethanogenum
0.99404705,0.0059528933,-1,XBS29381.1,Unavailable,Clostridium autoethanogenum
0.99840397,0.0015960785,-1,XBS29362.1,Unavailable,Clostridium autoethanogenum
0.99903166,0.00096838636,-1,XBS29371.1,Unavailable,Clostridium autoethanogenum
0.9990257,0.00097427715,-1,XBS29363.1,Unavailable,Clostridium autoethanogenum
0.9983876,0.0016124661,-1,XBS29360.1,Unavailable,Clostridium autoethanogenum
0.9984732,0.0015267709,-1,XBS29368.1,Unavailable,Clostridium autoethanogenum
0.99881446,0.001185528,-1,XBS29378.1,Unavailable,Clostridium autoethanogenum
0.9989472,0.0010528401,-1,XBS29375.1,Unavailable,Clostridium autoethanogenum
0.99871266,0.0012872961,-1,XBS29366.1,Unavailable,Clostridium autoethanogenum
0.9983209,0.0016791086,-1,XBS29361.1,Unavailable,Clostridium autoethanogenum
0.998946,0.0010540365,-1,XBS29369.1,Unavailable,Clostridium autoethanogenum
0.9990073,0.0009927176,-1,XBS29380.1,Unavailable,Clostridium autoethanogenum
0.99766266,0.0023373105,-1,XBS29364.1,Unavailable,Clostridium autoethanogenum
0.9993993,0.0006007442,-1,XBS29374.1,Unavailable,Clostridium autoethanogenum
0.9995695,0.0004305047,-1,XBS30313.1,Unavailable,Clostridium autoethanogenum
0.99956816,0.0004318022,-1,XBS30314.1,Unavailable,Clostridium autoethanogenum
0.99734586,0.0026542118,-1,XBS29373.1,Unavailable,Clostridium autoethanogenum
0.99934894,0.0006511044,-1,XBS29367.1,Unavailable,Clostridium autoethanogenum
0.99953306,0.00046697463,-1,XBS29377.1,Unavailable,Clostridium autoethanogenum
0.9993538,0.00064612844,-1,XBS29382.1,Unavailable,Clostridium autoethanogenum
0.99847275,0.0015272456,-1,XBS29376.1,Unavailable,Clostridium autoethanogenum
0.9989586,0.0010413952,-1,XBS29370.1,Unavailable,Clostridium autoethanogenum
0.9986412,0.0013588532,-1,XBS29365.1,Unavailable,Clostridium autoethanogenum
0.99838626,0.0016137601,-1,XBS29379.1,Unavailable,Clostridium autoethanogenum
0.99909365,0.0009063921,-1,XBS29372.1,Unavailable,Clostridium autoethanogenum
0.99903595,0.0009640854,-1,XBS29387.1,Unavailable,Clostridium autoethanogenum
0.99823284,0.0017671365,-1,XBS29396.1,Unavailable,Clostridium autoethanogenum
0.9982734,0.001726597,-1,XBS29389.1,Unavailable,Clostridium autoethanogenum
0.9982153,0.0017846868,-1,XBS29405.1,Unavailable,Clostridium autoethanogenum
0.9991314,0.00086859224,-1,XBS29386.1,Unavailable,Clostridium autoethanogenum
0.9991691,0.0008309198,-1,XBS29388.1,Unavailable,Clostridium autoethanogenum
0.99749595,0.0025040442,-1,XBS29403.1,Unavailable,Clostridium autoethanogenum
0.99946517,0.000534899,-1,XBS29393.1,Unavailable,Clostridium autoethanogenum
0.99948007,0.000519937,-1,XBS29390.1,Unavailable,Clostridium autoethanogenum
0.99876654,0.0012334477,-1,XBS29395.1,Unavailable,Clostridium autoethanogenum
0.99837554,0.0016244781,-1,XBS29402.1,Unavailable,Clostridium autoethanogenum
0.9984817,0.0015182918,-1,XBS29391.1,Unavailable,Clostridium autoethanogenum
0.9909113,0.009088759,-1,XBS29384.1,Unavailable,Clostridium autoethanogenum
0.9990722,0.00092782197,-1,XBS29399.1,Unavailable,Clostridium autoethanogenum
0.9990048,0.000995228,-1,XBS29404.1,Unavailable,Clostridium autoethanogenum
0.9991117,0.0008883126,-1,XBS29398.1,Unavailable,Clostridium autoethanogenum
0.99860674,0.001393341,-1,XBS30315.1,Unavailable,Clostridium autoethanogenum
0.998686,0.0013140322,-1,XBS29397.1,Unavailable,Clostridium autoethanogenum
0.9984653,0.0015347828,-1,XBS29400.1,Unavailable,Clostridium autoethanogenum
0.9978922,0.0021077732,-1,XBS29392.1,Unavailable,Clostridium autoethanogenum
0.99949634,0.0005036739,-1,XBS29383.1,Unavailable,Clostridium autoethanogenum
0.96753657,0.03246338,-1,XBS29394.1,Unavailable,Clostridium autoethanogenum
0.8562349,0.14376508,-1,XBS29385.1,Unavailable,Clostridium autoethanogenum
0.99856985,0.0014301756,-1,XBS29401.1,Unavailable,Clostridium autoethanogenum
0.49274287,0.50725716,-1,XBS30426.1,Unavailable,Clostridium autoethanogenum
0.99835265,0.0016474333,-1,XBS29428.1,Unavailable,Clostridium autoethanogenum
0.9982672,0.0017328067,-1,XBS29426.1,Unavailable,Clostridium autoethanogenum
0.99832696,0.0016730495,-1,XBS29423.1,Unavailable,Clostridium autoethanogenum
0.99906987,0.0009301786,-1,XBS29425.1,Unavailable,Clostridium autoethanogenum
0.99755424,0.0024457728,-1,XBS29419.1,Unavailable,Clostridium autoethanogenum
0.9991084,0.0008916107,-1,XBS29427.1,Unavailable,Clostridium autoethanogenum
0.9986971,0.0013029339,-1,XBS29429.1,Unavailable,Clostridium autoethanogenum
0.9991196,0.00088038464,-1,XBS29415.1,Unavailable,Clostridium autoethanogenum
0.9982027,0.0017972692,-1,XBS29417.1,Unavailable,Clostridium autoethanogenum
0.9994578,0.0005422053,-1,XBS29413.1,Unavailable,Clostridium autoethanogenum
0.99847203,0.0015280006,-1,XBS29416.1,Unavailable,Clostridium autoethanogenum
0.9973762,0.0026238668,-1,XBS29420.1,Unavailable,Clostridium autoethanogenum
0.9988431,0.001156843,-1,XBS29406.1,Unavailable,Clostridium autoethanogenum
0.9981002,0.0018998454,-1,XBS29418.1,Unavailable,Clostridium autoethanogenum
0.99932694,0.0006731125,-1,XBS29408.1,Unavailable,Clostridium autoethanogenum
0.99878734,0.0012126951,-1,XBS29412.1,Unavailable,Clostridium autoethanogenum
0.9967623,0.0032377124,-1,XBS30316.1,Unavailable,Clostridium autoethanogenum
0.998844,0.0011559095,-1,XBS29424.1,Unavailable,Clostridium autoethanogenum
0.9972819,0.0027180675,-1,XBS29422.1,Unavailable,Clostridium autoethanogenum
0.99870324,0.0012967705,-1,XBS29421.1,Unavailable,Clostridium autoethanogenum
0.9977043,0.0022956443,-1,XBS29414.1,Unavailable,Clostridium autoethanogenum
0.96484864,0.035151385,-1,XBS29410.1,Unavailable,Clostridium autoethanogenum
0.99732447,0.0026755075,-1,XBS29411.1,Unavailable,Clostridium autoethanogenum
0.99772745,0.002272551,-1,XBS29409.1,Unavailable,Clostridium autoethanogenum
0.99894196,0.0010580926,-1,XBS29407.1,Unavailable,Clostridium autoethanogenum
0.81837547,0.18162456,-1,XBS29445.1,Unavailable,Clostridium autoethanogenum
0.999338,0.00066206174,-1,XBS29437.1,Unavailable,Clostridium autoethanogenum
0.99916136,0.00083864434,-1,XBS29438.1,Unavailable,Clostridium autoethanogenum
0.99762744,0.0023726365,-1,XBS29432.1,Unavailable,Clostridium autoethanogenum
0.99937016,0.00062988943,-1,XBS29436.1,Unavailable,Clostridium autoethanogenum
0.99786264,0.002137385,-1,XBS29431.1,Unavailable,Clostridium autoethanogenum
0.99929357,0.00070642773,-1,XBS29453.1,Unavailable,Clostridium autoethanogenum
0.99886453,0.0011354423,-1,XBS29442.1,Unavailable,Clostridium autoethanogenum
0.9991503,0.000849728,-1,XBS29443.1,Unavailable,Clostridium autoethanogenum
0.99800307,0.0019968986,-1,XBS29439.1,Unavailable,Clostridium autoethanogenum
0.9994566,0.0005434399,-1,XBS29449.1,Unavailable,Clostridium autoethanogenum
0.9992478,0.0007522379,-1,XBS30317.1,Unavailable,Clostridium autoethanogenum
0.9989483,0.0010517444,-1,XBS29441.1,Unavailable,Clostridium autoethanogenum
0.9989875,0.0010124857,-1,XBS29440.1,Unavailable,Clostridium autoethanogenum
0.9994468,0.00055315753,-1,XBS29434.1,Unavailable,Clostridium autoethanogenum
0.9987484,0.0012516069,-1,XBS29451.1,Unavailable,Clostridium autoethanogenum
0.9989555,0.0010444603,-1,XBS29433.1,Unavailable,Clostridium autoethanogenum
0.9988325,0.0011674671,-1,XBS29447.1,Unavailable,Clostridium autoethanogenum
0.9975262,0.0024737476,-1,XBS29430.1,Unavailable,Clostridium autoethanogenum
0.99882096,0.0011789751,-1,XBS29452.1,Unavailable,Clostridium autoethanogenum
0.99889696,0.0011030098,-1,XBS29448.1,Unavailable,Clostridium autoethanogenum
0.99954385,0.00045614585,-1,XBS29435.1,Unavailable,Clostridium autoethanogenum
0.99848014,0.0015198301,-1,XBS29446.1,Unavailable,Clostridium autoethanogenum
0.99855155,0.0014484228,-1,XBS29444.1,Unavailable,Clostridium autoethanogenum
0.99694866,0.003051323,-1,XBS29450.1,Unavailable,Clostridium autoethanogenum
0.99943024,0.00056970934,-1,XBS29475.1,Unavailable,Clostridium autoethanogenum
0.9980469,0.0019531688,-1,XBS29471.1,Unavailable,Clostridium autoethanogenum
0.9995158,0.00048425066,-1,XBS29474.1,Unavailable,Clostridium autoethanogenum
0.9995615,0.00043853,-1,XBS29470.1,Unavailable,Clostridium autoethanogenum
0.99926585,0.0007341242,-1,XBS29465.1,Unavailable,Clostridium autoethanogenum
0.9992843,0.00071575574,-1,XBS29472.1,Unavailable,Clostridium autoethanogenum
0.9984309,0.0015690206,-1,XBS29454.1,Unavailable,Clostridium autoethanogenum
0.9994307,0.0005692602,-1,XBS29457.1,Unavailable,Clostridium autoethanogenum
0.9988167,0.0011832638,-1,XBS29463.1,Unavailable,Clostridium autoethanogenum
0.9987404,0.0012596215,-1,XBS29464.1,Unavailable,Clostridium autoethanogenum
0.9992724,0.00072765123,-1,XBS29456.1,Unavailable,Clostridium autoethanogenum
0.9992392,0.0007608014,-1,XBS29476.1,Unavailable,Clostridium autoethanogenum
0.9986854,0.00131461,-1,XBS29473.1,Unavailable,Clostridium autoethanogenum
0.99940634,0.0005936951,-1,XBS29455.1,Unavailable,Clostridium autoethanogenum
0.9985373,0.0014626438,-1,XBS29462.1,Unavailable,Clostridium autoethanogenum
0.99888986,0.0011101575,-1,XBS30318.1,Unavailable,Clostridium autoethanogenum
0.9990146,0.0009853949,-1,XBS29458.1,Unavailable,Clostridium autoethanogenum
0.9992774,0.0007226407,-1,XBS29461.1,Unavailable,Clostridium autoethanogenum
0.9943346,0.005665431,-1,XBS30427.1,Unavailable,Clostridium autoethanogenum
0.9992501,0.0007498099,-1,XBS29468.1,Unavailable,Clostridium autoethanogenum
0.98760813,0.012391945,-1,XBS29466.1,Unavailable,Clostridium autoethanogenum
0.99446625,0.0055338074,-1,XBS29459.1,Unavailable,Clostridium autoethanogenum
0.99815804,0.0018419479,-1,XBS29469.1,Unavailable,Clostridium autoethanogenum
0.99946266,0.00053737446,-1,XBS29467.1,Unavailable,Clostridium autoethanogenum
0.99687564,0.0031242836,-1,XBS29460.1,Unavailable,Clostridium autoethanogenum
0.99803334,0.0019666555,-1,XBS29484.1,Unavailable,Clostridium autoethanogenum
0.99915385,0.00084615266,-1,XBS29480.1,Unavailable,Clostridium autoethanogenum
0.9988102,0.001189818,-1,XBS29492.1,Unavailable,Clostridium autoethanogenum
0.999295,0.000704964,-1,XBS29483.1,Unavailable,Clostridium autoethanogenum
0.99649745,0.0035025843,-1,XBS29485.1,Unavailable,Clostridium autoethanogenum
0.99940383,0.0005961398,-1,XBS29494.1,Unavailable,Clostridium autoethanogenum
0.99928755,0.00071246794,-1,XBS29479.1,Unavailable,Clostridium autoethanogenum
0.99924064,0.00075934484,-1,XBS29496.1,Unavailable,Clostridium autoethanogenum
0.9984825,0.0015174686,-1,XBS29498.1,Unavailable,Clostridium autoethanogenum
0.9987482,0.0012517457,-1,XBS29487.1,Unavailable,Clostridium autoethanogenum
0.9991191,0.0008808797,-1,XBS29501.1,Unavailable,Clostridium autoethanogenum
0.99930847,0.0006915576,-1,XBS29500.1,Unavailable,Clostridium autoethanogenum
0.9989336,0.0010664153,-1,XBS29497.1,Unavailable,Clostridium autoethanogenum
0.99698824,0.0030117475,-1,XBS29495.1,Unavailable,Clostridium autoethanogenum
0.99946195,0.0005380554,-1,XBS29493.1,Unavailable,Clostridium autoethanogenum
0.9969649,0.0030351414,-1,XBS29488.1,Unavailable,Clostridium autoethanogenum
0.9989949,0.0010050614,-1,XBS29486.1,Unavailable,Clostridium autoethanogenum
0.9988135,0.001186537,-1,XBS29490.1,Unavailable,Clostridium autoethanogenum
0.99935335,0.00064668903,-1,XBS29481.1,Unavailable,Clostridium autoethanogenum
0.99771607,0.002283937,-1,XBS29478.1,Unavailable,Clostridium autoethanogenum
0.99917597,0.0008240493,-1,XBS29499.1,Unavailable,Clostridium autoethanogenum
0.9985152,0.0014848559,-1,XBS29491.1,Unavailable,Clostridium autoethanogenum
0.99878556,0.0012144857,-1,XBS29489.1,Unavailable,Clostridium autoethanogenum
0.99907076,0.0009292149,-1,XBS29482.1,Unavailable,Clostridium autoethanogenum
0.9976579,0.0023420912,-1,XBS29477.1,Unavailable,Clostridium autoethanogenum
0.9990994,0.00090065214,-1,XBS30319.1,Unavailable,Clostridium autoethanogenum
0.999047,0.00095305213,-1,XBS29513.1,Unavailable,Clostridium autoethanogenum
0.99914193,0.00085804163,-1,XBS29524.1,Unavailable,Clostridium autoethanogenum
0.9975501,0.0024499365,-1,XBS29515.1,Unavailable,Clostridium autoethanogenum
0.9991872,0.0008128777,-1,XBS29506.1,Unavailable,Clostridium autoethanogenum
0.9986755,0.0013244426,-1,XBS29525.1,Unavailable,Clostridium autoethanogenum
0.9987413,0.0012587479,-1,XBS29503.1,Unavailable,Clostridium autoethanogenum
0.99882156,0.0011784794,-1,XBS29516.1,Unavailable,Clostridium autoethanogenum
0.9991054,0.00089456013,-1,XBS29514.1,Unavailable,Clostridium autoethanogenum
0.99925274,0.00074726343,-1,XBS29517.1,Unavailable,Clostridium autoethanogenum
0.99740463,0.0025954007,-1,XBS29519.1,Unavailable,Clostridium autoethanogenum
0.99950814,0.0004919049,-1,XBS29508.1,Unavailable,Clostridium autoethanogenum
0.9990252,0.00097482506,-1,XBS29522.1,Unavailable,Clostridium autoethanogenum
0.9991341,0.0008659558,-1,XBS29518.1,Unavailable,Clostridium autoethanogenum
0.9988776,0.0011223657,-1,XBS29510.1,Unavailable,Clostridium autoethanogenum
0.9986534,0.0013465103,-1,XBS29504.1,Unavailable,Clostridium autoethanogenum
0.9971945,0.0028054425,-1,XBS29523.1,Unavailable,Clostridium autoethanogenum
0.9995017,0.0004983054,-1,XBS29511.1,Unavailable,Clostridium autoethanogenum
0.9987675,0.0012325916,-1,XBS29502.1,Unavailable,Clostridium autoethanogenum
0.9966724,0.0033275823,-1,XBS29520.1,Unavailable,Clostridium autoethanogenum
0.9988668,0.0011332147,-1,XBS29507.1,Unavailable,Clostridium autoethanogenum
0.9992361,0.0007639282,-1,XBS29505.1,Unavailable,Clostridium autoethanogenum
0.9975502,0.0024497593,-1,XBS29521.1,Unavailable,Clostridium autoethanogenum
0.99884677,0.0011532074,-1,XBS29509.1,Unavailable,Clostridium autoethanogenum
0.99892044,0.001079545,-1,XBS29512.1,Unavailable,Clostridium autoethanogenum
0.99922967,0.0007703765,-1,XBS29529.1,Unavailable,Clostridium autoethanogenum
0.9990976,0.00090240483,-1,XBS29543.1,Unavailable,Clostridium autoethanogenum
0.9990773,0.00092272065,-1,XBS29544.1,Unavailable,Clostridium autoethanogenum
0.99923897,0.00076107157,-1,XBS29542.1,Unavailable,Clostridium autoethanogenum
0.9987005,0.0012995035,-1,XBS29545.1,Unavailable,Clostridium autoethanogenum
0.9981686,0.0018313591,-1,XBS29548.1,Unavailable,Clostridium autoethanogenum
0.9991301,0.0008699847,-1,XBS29547.1,Unavailable,Clostridium autoethanogenum
0.99946874,0.00053122675,-1,XBS29539.1,Unavailable,Clostridium autoethanogenum
0.99816054,0.0018394283,-1,XBS29534.1,Unavailable,Clostridium autoethanogenum
0.9993736,0.00062645116,-1,XBS29527.1,Unavailable,Clostridium autoethanogenum
0.9986927,0.0013073368,-1,XBS30320.1,Unavailable,Clostridium autoethanogenum
0.99908197,0.0009180291,-1,XBS29533.1,Unavailable,Clostridium autoethanogenum
0.99919826,0.0008017825,-1,XBS29541.1,Unavailable,Clostridium autoethanogenum
0.9980075,0.0019925819,-1,XBS29546.1,Unavailable,Clostridium autoethanogenum
0.9985738,0.0014261919,-1,XBS29531.1,Unavailable,Clostridium autoethanogenum
0.9990754,0.00092452066,-1,XBS29538.1,Unavailable,Clostridium autoethanogenum
0.9990095,0.000990522,-1,XBS29535.1,Unavailable,Clostridium autoethanogenum
0.99906343,0.0009365548,-1,XBS29540.1,Unavailable,Clostridium autoethanogenum
0.99890864,0.0010913755,-1,XBS29526.1,Unavailable,Clostridium autoethanogenum
0.9993037,0.00069632084,-1,XBS29528.1,Unavailable,Clostridium autoethanogenum
0.9976221,0.0023779222,-1,XBS29530.1,Unavailable,Clostridium autoethanogenum
0.9990049,0.0009951731,-1,XBS29532.1,Unavailable,Clostridium autoethanogenum
0.9975061,0.0024939706,-1,XBS29549.1,Unavailable,Clostridium autoethanogenum
0.9986841,0.0013158305,-1,XBS29537.1,Unavailable,Clostridium autoethanogenum
0.99894994,0.0010500499,-1,XBS29536.1,Unavailable,Clostridium autoethanogenum
0.9989887,0.0010112463,-1,XBS29555.1,Unavailable,Clostridium autoethanogenum
0.99250245,0.007497583,-1,XBS29564.1,Unavailable,Clostridium autoethanogenum
0.9978709,0.002129011,-1,XBS29560.1,Unavailable,Clostridium autoethanogenum
0.9991092,0.0008907475,-1,XBS29551.1,Unavailable,Clostridium autoethanogenum
0.99716187,0.002838116,-1,XBS30321.1,Unavailable,Clostridium autoethanogenum
0.9991235,0.0008764922,-1,XBS29569.1,Unavailable,Clostridium autoethanogenum
0.9991953,0.00080471137,-1,XBS29568.1,Unavailable,Clostridium autoethanogenum
0.9990441,0.00095580734,-1,XBS29561.1,Unavailable,Clostridium autoethanogenum
0.9973031,0.0026968531,-1,XBS29573.1,Unavailable,Clostridium autoethanogenum
0.9995185,0.00048150923,-1,XBS29552.1,Unavailable,Clostridium autoethanogenum
0.9985543,0.001445737,-1,XBS29567.1,Unavailable,Clostridium autoethanogenum
0.99846053,0.0015394494,-1,XBS29566.1,Unavailable,Clostridium autoethanogenum
0.9994199,0.00058003963,-1,XBS29559.1,Unavailable,Clostridium autoethanogenum
0.9976483,0.0023516524,-1,XBS29556.1,Unavailable,Clostridium autoethanogenum
0.9993468,0.00065317145,-1,XBS29558.1,Unavailable,Clostridium autoethanogenum
0.99902785,0.00097218115,-1,XBS29554.1,Unavailable,Clostridium autoethanogenum
0.99877864,0.0012213499,-1,XBS29562.1,Unavailable,Clostridium autoethanogenum
0.99886465,0.0011353467,-1,XBS29553.1,Unavailable,Clostridium autoethanogenum
0.999353,0.0006470605,-1,XBS29557.1,Unavailable,Clostridium autoethanogenum
0.9991435,0.0008564651,-1,XBS29565.1,Unavailable,Clostridium autoethanogenum
0.008661282,0.99133873,-1,XBS29563.1,Unavailable,Clostridium autoethanogenum
0.99867177,0.001328229,-1,XBS29571.1,Unavailable,Clostridium autoethanogenum
0.9982622,0.0017377702,-1,XBS29572.1,Unavailable,Clostridium autoethanogenum
0.9986809,0.0013190766,-1,XBS29550.1,Unavailable,Clostridium autoethanogenum
0.99851865,0.0014814041,-1,XBS29570.1,Unavailable,Clostridium autoethanogenum
0.99874216,0.0012579166,-1,XBS29587.1,Unavailable,Clostridium autoethanogenum
0.99044776,0.00955225,-1,XBS29584.1,Unavailable,Clostridium autoethanogenum
0.99795234,0.002047591,-1,XBS29591.1,Unavailable,Clostridium autoethanogenum
0.999485,0.0005149504,-1,XBS29597.1,Unavailable,Clostridium autoethanogenum
0.99909854,0.00090152404,-1,XBS29582.1,Unavailable,Clostridium autoethanogenum
0.99914205,0.0008578985,-1,XBS29598.1,Unavailable,Clostridium autoethanogenum
0.99886084,0.0011392273,-1,XBS29575.1,Unavailable,Clostridium autoethanogenum
0.99891543,0.0010845888,-1,XBS29574.1,Unavailable,Clostridium autoethanogenum
0.99905604,0.0009439586,-1,XBS29596.1,Unavailable,Clostridium autoethanogenum
0.9981013,0.0018986857,-1,XBS29583.1,Unavailable,Clostridium autoethanogenum
0.99887294,0.0011270553,-1,XBS29592.1,Unavailable,Clostridium autoethanogenum
0.9991322,0.00086782797,-1,XBS29578.1,Unavailable,Clostridium autoethanogenum
0.9988715,0.0011284479,-1,XBS29579.1,Unavailable,Clostridium autoethanogenum
0.9987569,0.001243093,-1,XBS29588.1,Unavailable,Clostridium autoethanogenum
0.9927326,0.0072674854,-1,XBS29580.1,Unavailable,Clostridium autoethanogenum
0.9994093,0.00059071823,-1,XBS29594.1,Unavailable,Clostridium autoethanogenum
0.99911374,0.0008862725,-1,XBS29586.1,Unavailable,Clostridium autoethanogenum
0.9997726,0.00022741729,-1,XBS29595.1,Unavailable,Clostridium autoethanogenum
0.9987759,0.0012240448,-1,XBS29581.1,Unavailable,Clostridium autoethanogenum
0.9992512,0.0007487781,-1,XBS29577.1,Unavailable,Clostridium autoethanogenum
0.99877304,0.001226928,-1,XBS29576.1,Unavailable,Clostridium autoethanogenum
0.99846834,0.0015316796,-1,XBS29585.1,Unavailable,Clostridium autoethanogenum
0.9989693,0.0010306891,-1,XBS29589.1,Unavailable,Clostridium autoethanogenum
0.9994154,0.00058461813,-1,XBS29593.1,Unavailable,Clostridium autoethanogenum
0.9989447,0.0010553458,-1,XBS29590.1,Unavailable,Clostridium autoethanogenum
0.998206,0.0017939258,-1,XBS29611.1,Unavailable,Clostridium autoethanogenum
0.99860185,0.0013981727,-1,XBS29614.1,Unavailable,Clostridium autoethanogenum
0.9994229,0.00057709054,-1,XBS29605.1,Unavailable,Clostridium autoethanogenum
0.9988305,0.0011695124,-1,XBS29615.1,Unavailable,Clostridium autoethanogenum
0.9991794,0.00082055654,-1,XBS29603.1,Unavailable,Clostridium autoethanogenum
0.9986998,0.0013002185,-1,XBS29617.1,Unavailable,Clostridium autoethanogenum
0.9992735,0.00072657684,-1,XBS29607.1,Unavailable,Clostridium autoethanogenum
0.99958307,0.00041693184,-1,XBS29599.1,Unavailable,Clostridium autoethanogenum
0.018221028,0.981779,-1,XBS29623.1,Unavailable,Clostridium autoethanogenum
0.99888927,0.0011107879,-1,XBS29604.1,Unavailable,Clostridium autoethanogenum
0.9990575,0.00094251125,-1,XBS29610.1,Unavailable,Clostridium autoethanogenum
0.99936134,0.0006387289,-1,XBS29609.1,Unavailable,Clostridium autoethanogenum
0.9989561,0.0010439347,-1,XBS29602.1,Unavailable,Clostridium autoethanogenum
0.9995436,0.0004563267,-1,XBS29613.1,Unavailable,Clostridium autoethanogenum
0.9992588,0.00074116775,-1,XBS29600.1,Unavailable,Clostridium autoethanogenum
0.9994797,0.00052026846,-1,XBS29608.1,Unavailable,Clostridium autoethanogenum
0.9985079,0.00149203,-1,XBS29618.1,Unavailable,Clostridium autoethanogenum
0.9989618,0.0010381333,-1,XBS29606.1,Unavailable,Clostridium autoethanogenum
0.9990194,0.0009806069,-1,XBS29612.1,Unavailable,Clostridium autoethanogenum
0.99940205,0.00059798954,-1,XBS29601.1,Unavailable,Clostridium autoethanogenum
0.9990682,0.0009318383,-1,XBS29616.1,Unavailable,Clostridium autoethanogenum
0.99954057,0.00045940786,-1,XBS29620.1,Unavailable,Clostridium autoethanogenum
0.9991903,0.0008097003,-1,XBS29619.1,Unavailable,Clostridium autoethanogenum
0.9991683,0.00083175476,-1,XBS29621.1,Unavailable,Clostridium autoethanogenum
0.99775285,0.0022471445,-1,XBS29622.1,Unavailable,Clostridium autoethanogenum
0.006268782,0.9937312,-1,XBS29634.1,Unavailable,Clostridium autoethanogenum
0.9896534,0.010346562,-1,XBS29632.1,Unavailable,Clostridium autoethanogenum
0.9994253,0.00057472696,-1,XBS29631.1,Unavailable,Clostridium autoethanogenum
0.016753025,0.983247,-1,XBS29640.1,Unavailable,Clostridium autoethanogenum
0.99926525,0.0007346879,-1,XBS29627.1,Unavailable,Clostridium autoethanogenum
0.99918145,0.00081851985,-1,XBS29642.1,Unavailable,Clostridium autoethanogenum
0.99863654,0.001363409,-1,XBS29629.1,Unavailable,Clostridium autoethanogenum
0.022656191,0.97734374,-1,XBS29635.1,Unavailable,Clostridium autoethanogenum
0.99900323,0.0009968465,-1,XBS29645.1,Unavailable,Clostridium autoethanogenum
0.99843854,0.0015615225,-1,XBS29625.1,Unavailable,Clostridium autoethanogenum
0.99818087,0.0018191158,-1,XBS30322.1,Unavailable,Clostridium autoethanogenum
0.9989391,0.0010609115,-1,XBS29644.1,Unavailable,Clostridium autoethanogenum
0.14489284,0.8551071,-1,XBS29636.1,Unavailable,Clostridium autoethanogenum
0.9983581,0.001641864,-1,XBS29643.1,Unavailable,Clostridium autoethanogenum
0.99904543,0.00095452607,-1,XBS29647.1,Unavailable,Clostridium autoethanogenum
0.9936733,0.006326712,-1,XBS29641.1,Unavailable,Clostridium autoethanogenum
0.9989135,0.0010865424,-1,XBS29633.1,Unavailable,Clostridium autoethanogenum
0.9994435,0.00055651646,-1,XBS29624.1,Unavailable,Clostridium autoethanogenum
0.9944536,0.005546365,-1,XBS29639.1,Unavailable,Clostridium autoethanogenum
0.9991309,0.00086915534,-1,XBS29628.1,Unavailable,Clostridium autoethanogenum
0.9985067,0.0014932067,-1,XBS29630.1,Unavailable,Clostridium autoethanogenum
0.0075782696,0.9924217,-1,XBS29637.1,Unavailable,Clostridium autoethanogenum
0.999215,0.0007849157,-1,XBS29626.1,Unavailable,Clostridium autoethanogenum
0.99920195,0.00079803035,-1,XBS29646.1,Unavailable,Clostridium autoethanogenum
0.9984465,0.0015535288,-1,XBS29638.1,Unavailable,Clostridium autoethanogenum
0.99244636,0.0075537013,-1,XBS29654.1,Unavailable,Clostridium autoethanogenum
0.998606,0.0013939766,-1,XBS29657.1,Unavailable,Clostridium autoethanogenum
0.9987017,0.0012983246,-1,XBS29653.1,Unavailable,Clostridium autoethanogenum
0.999281,0.0007189773,-1,XBS29664.1,Unavailable,Clostridium autoethanogenum
0.9988607,0.0011392488,-1,XBS29665.1,Unavailable,Clostridium autoethanogenum
0.99946564,0.0005343665,-1,XBS29658.1,Unavailable,Clostridium autoethanogenum
0.9992176,0.0007823484,-1,XBS29662.1,Unavailable,Clostridium autoethanogenum
0.9993649,0.00063511403,-1,XBS29669.1,Unavailable,Clostridium autoethanogenum
0.99951136,0.0004885868,-1,XBS29661.1,Unavailable,Clostridium autoethanogenum
0.9989957,0.0010042354,-1,XBS29648.1,Unavailable,Clostridium autoethanogenum
0.99663854,0.0033614307,-1,XBS30325.1,Unavailable,Clostridium autoethanogenum
0.9987263,0.0012736284,-1,XBS29656.1,Unavailable,Clostridium autoethanogenum
0.998939,0.0010610542,-1,XBS29659.1,Unavailable,Clostridium autoethanogenum
0.9981881,0.001811865,-1,XBS29668.1,Unavailable,Clostridium autoethanogenum
0.9804946,0.019505404,-1,XBS30323.1,Unavailable,Clostridium autoethanogenum
0.9990853,0.00091471034,-1,XBS30324.1,Unavailable,Clostridium autoethanogenum
0.9986444,0.0013556527,-1,XBS29649.1,Unavailable,Clostridium autoethanogenum
0.9988965,0.0011034448,-1,XBS29663.1,Unavailable,Clostridium autoethanogenum
0.9988589,0.0011410834,-1,XBS29651.1,Unavailable,Clostridium autoethanogenum
0.9983529,0.0016471775,-1,XBS29650.1,Unavailable,Clostridium autoethanogenum
0.9990833,0.0009167162,-1,XBS29655.1,Unavailable,Clostridium autoethanogenum
0.99901605,0.0009839409,-1,XBS29667.1,Unavailable,Clostridium autoethanogenum
0.9981719,0.0018281153,-1,XBS29666.1,Unavailable,Clostridium autoethanogenum
0.9990287,0.00097128865,-1,XBS29652.1,Unavailable,Clostridium autoethanogenum
0.9458982,0.054101825,-1,XBS29660.1,Unavailable,Clostridium autoethanogenum
0.9910454,0.008954509,-1,XBS29683.1,Unavailable,Clostridium autoethanogenum
0.34646943,0.6535306,-1,XBS29686.1,Unavailable,Clostridium autoethanogenum
0.99889225,0.0011078296,-1,XBS29670.1,Unavailable,Clostridium autoethanogenum
0.99904937,0.0009506525,-1,XBS30326.1,Unavailable,Clostridium autoethanogenum
0.9988959,0.0011040657,-1,XBS29681.1,Unavailable,Clostridium autoethanogenum
0.9994708,0.0005292667,-1,XBS29671.1,Unavailable,Clostridium autoethanogenum
0.9936976,0.0063024648,-1,XBS29685.1,Unavailable,Clostridium autoethanogenum
0.9986451,0.0013548369,-1,XBS29679.1,Unavailable,Clostridium autoethanogenum
0.99942774,0.00057222624,-1,XBS29688.1,Unavailable,Clostridium autoethanogenum
0.9993193,0.000680671,-1,XBS29678.1,Unavailable,Clostridium autoethanogenum
0.16895111,0.83104897,-1,XBS29684.1,Unavailable,Clostridium autoethanogenum
0.9990176,0.0009824458,-1,XBS29675.1,Unavailable,Clostridium autoethanogenum
0.65299916,0.34700084,-1,XBS29687.1,Unavailable,Clostridium autoethanogenum
0.9983814,0.0016186383,-1,XBS29676.1,Unavailable,Clostridium autoethanogenum
0.99942505,0.00057497737,-1,XBS29672.1,Unavailable,Clostridium autoethanogenum
0.9993149,0.0006851197,-1,XBS29674.1,Unavailable,Clostridium autoethanogenum
0.99935144,0.0006485738,-1,XBS29673.1,Unavailable,Clostridium autoethanogenum
0.9991922,0.000807851,-1,XBS29691.1,Unavailable,Clostridium autoethanogenum
0.99837756,0.001622471,-1,XBS29689.1,Unavailable,Clostridium autoethanogenum
0.9982475,0.0017524757,-1,XBS30328.1,Unavailable,Clostridium autoethanogenum
0.9979752,0.0020248292,-1,XBS29682.1,Unavailable,Clostridium autoethanogenum
0.9987754,0.0012245703,-1,XBS29690.1,Unavailable,Clostridium autoethanogenum
0.99884605,0.0011539299,-1,XBS29677.1,Unavailable,Clostridium autoethanogenum
0.9988682,0.0011318026,-1,XBS29680.1,Unavailable,Clostridium autoethanogenum
0.98512864,0.01487133,-1,XBS30327.1,Unavailable,Clostridium autoethanogenum
0.9992937,0.00070628605,-1,XBS29707.1,Unavailable,Clostridium autoethanogenum
0.9986041,0.0013959056,-1,XBS29714.1,Unavailable,Clostridium autoethanogenum
0.9992391,0.0007608942,-1,XBS29694.1,Unavailable,Clostridium autoethanogenum
0.99915564,0.0008443566,-1,XBS29697.1,Unavailable,Clostridium autoethanogenum
0.99677414,0.0032259016,-1,XBS29709.1,Unavailable,Clostridium autoethanogenum
0.9991333,0.0008667098,-1,XBS29693.1,Unavailable,Clostridium autoethanogenum
0.99944025,0.0005597806,-1,XBS29712.1,Unavailable,Clostridium autoethanogenum
0.99902034,0.0009796727,-1,XBS30329.1,Unavailable,Clostridium autoethanogenum
0.99873537,0.0012646959,-1,XBS29699.1,Unavailable,Clostridium autoethanogenum
0.99900776,0.0009922084,-1,XBS29704.1,Unavailable,Clostridium autoethanogenum
0.9982337,0.0017662923,-1,XBS29708.1,Unavailable,Clostridium autoethanogenum
0.9980323,0.001967721,-1,XBS29710.1,Unavailable,Clostridium autoethanogenum
0.9992674,0.0007326517,-1,XBS29711.1,Unavailable,Clostridium autoethanogenum
0.99939704,0.0006030055,-1,XBS29706.1,Unavailable,Clostridium autoethanogenum
0.999153,0.0008470179,-1,XBS29696.1,Unavailable,Clostridium autoethanogenum
0.9983034,0.0016965985,-1,XBS29715.1,Unavailable,Clostridium autoethanogenum
0.99933064,0.0006693699,-1,XBS29702.1,Unavailable,Clostridium autoethanogenum
0.9990048,0.0009951944,-1,XBS29695.1,Unavailable,Clostridium autoethanogenum
0.9993655,0.00063455134,-1,XBS29692.1,Unavailable,Clostridium autoethanogenum
0.9990964,0.000903593,-1,XBS29698.1,Unavailable,Clostridium autoethanogenum
0.9988405,0.0011595311,-1,XBS29701.1,Unavailable,Clostridium autoethanogenum
0.9987872,0.0012128177,-1,XBS29713.1,Unavailable,Clostridium autoethanogenum
0.99896574,0.0010343188,-1,XBS29703.1,Unavailable,Clostridium autoethanogenum
0.9979923,0.0020077291,-1,XBS29700.1,Unavailable,Clostridium autoethanogenum
0.9986547,0.0013452143,-1,XBS29705.1,Unavailable,Clostridium autoethanogenum
0.9988612,0.0011388237,-1,XBS29724.1,Unavailable,Clostridium autoethanogenum
0.99920195,0.00079802534,-1,XBS29722.1,Unavailable,Clostridium autoethanogenum
0.13098678,0.8690132,-1,XBS29732.1,Unavailable,Clostridium autoethanogenum
0.9979202,0.002079828,-1,XBS29731.1,Unavailable,Clostridium autoethanogenum
0.99872214,0.0012778473,-1,XBS29729.1,Unavailable,Clostridium autoethanogenum
0.9990994,0.0009006332,-1,XBS29738.1,Unavailable,Clostridium autoethanogenum
0.9957339,0.0042660823,-1,XBS29719.1,Unavailable,Clostridium autoethanogenum
0.9989889,0.0010110368,-1,XBS29730.1,Unavailable,Clostridium autoethanogenum
0.9991934,0.00080663606,-1,XBS29736.1,Unavailable,Clostridium autoethanogenum
0.99927086,0.0007291175,-1,XBS29726.1,Unavailable,Clostridium autoethanogenum
0.99864775,0.0013523115,-1,XBS29725.1,Unavailable,Clostridium autoethanogenum
0.9989687,0.0010313162,-1,XBS29718.1,Unavailable,Clostridium autoethanogenum
0.9991685,0.0008315028,-1,XBS29717.1,Unavailable,Clostridium autoethanogenum
0.9982988,0.0017012341,-1,XBS29737.1,Unavailable,Clostridium autoethanogenum
0.9989189,0.0010810938,-1,XBS29733.1,Unavailable,Clostridium autoethanogenum
0.99915254,0.0008474186,-1,XBS29727.1,Unavailable,Clostridium autoethanogenum
0.9993622,0.0006377957,-1,XBS29735.1,Unavailable,Clostridium autoethanogenum
0.9984976,0.0015023705,-1,XBS29720.1,Unavailable,Clostridium autoethanogenum
0.999551,0.00044896346,-1,XBS29728.1,Unavailable,Clostridium autoethanogenum
0.9991442,0.0008558076,-1,XBS29723.1,Unavailable,Clostridium autoethanogenum
0.99884194,0.00115807,-1,XBS29716.1,Unavailable,Clostridium autoethanogenum
0.9987375,0.0012625373,-1,XBS29739.1,Unavailable,Clostridium autoethanogenum
0.99894875,0.0010512215,-1,XBS29740.1,Unavailable,Clostridium autoethanogenum
0.96750253,0.03249748,-1,XBS29721.1,Unavailable,Clostridium autoethanogenum
0.99838626,0.0016137954,-1,XBS29734.1,Unavailable,Clostridium autoethanogenum
0.9985697,0.0014302041,-1,XBS29752.1,Unavailable,Clostridium autoethanogenum
0.9987023,0.0012976463,-1,XBS29755.1,Unavailable,Clostridium autoethanogenum
0.9987668,0.0012332974,-1,XBS29753.1,Unavailable,Clostridium autoethanogenum
0.9993419,0.0006581107,-1,XBS29746.1,Unavailable,Clostridium autoethanogenum
0.9987425,0.0012575004,-1,XBS29741.1,Unavailable,Clostridium autoethanogenum
0.9996437,0.00035632442,-1,XBS29748.1,Unavailable,Clostridium autoethanogenum
0.99920624,0.0007937294,-1,XBS29747.1,Unavailable,Clostridium autoethanogenum
0.9991042,0.00089579093,-1,XBS29763.1,Unavailable,Clostridium autoethanogenum
0.9988772,0.0011227769,-1,XBS29759.1,Unavailable,Clostridium autoethanogenum
0.99908924,0.00091072125,-1,XBS29761.1,Unavailable,Clostridium autoethanogenum
0.99929047,0.00070952694,-1,XBS29756.1,Unavailable,Clostridium autoethanogenum
0.9989435,0.0010564749,-1,XBS29757.1,Unavailable,Clostridium autoethanogenum
0.9991968,0.0008031719,-1,XBS29743.1,Unavailable,Clostridium autoethanogenum
0.9989685,0.0010315472,-1,XBS29764.1,Unavailable,Clostridium autoethanogenum
0.99826294,0.0017370896,-1,XBS29760.1,Unavailable,Clostridium autoethanogenum
0.99837875,0.0016212944,-1,XBS29750.1,Unavailable,Clostridium autoethanogenum
0.9988985,0.0011014147,-1,XBS29744.1,Unavailable,Clostridium autoethanogenum
0.9976152,0.0023847471,-1,XBS29751.1,Unavailable,Clostridium autoethanogenum
0.9985393,0.0014607252,-1,XBS29754.1,Unavailable,Clostridium autoethanogenum
0.999071,0.0009289165,-1,XBS29758.1,Unavailable,Clostridium autoethanogenum
0.9989876,0.0010124249,-1,XBS29742.1,Unavailable,Clostridium autoethanogenum
0.9976004,0.0023996537,-1,XBS29762.1,Unavailable,Clostridium autoethanogenum
0.99877435,0.0012256496,-1,XBS29745.1,Unavailable,Clostridium autoethanogenum
0.9986565,0.0013434385,-1,XBS29749.1,Unavailable,Clostridium autoethanogenum
0.99335045,0.006649611,-1,XBS29765.1,Unavailable,Clostridium autoethanogenum
0.99884367,0.0011563357,-1,XBS29782.1,Unavailable,Clostridium autoethanogenum
0.9992749,0.00072508614,-1,XBS29778.1,Unavailable,Clostridium autoethanogenum
0.99872017,0.0012798266,-1,XBS29777.1,Unavailable,Clostridium autoethanogenum
0.9992318,0.0007681556,-1,XBS29779.1,Unavailable,Clostridium autoethanogenum
0.9984149,0.001585065,-1,XBS29788.1,Unavailable,Clostridium autoethanogenum
0.999374,0.0006261121,-1,XBS29767.1,Unavailable,Clostridium autoethanogenum
0.99924517,0.00075485866,-1,XBS29773.1,Unavailable,Clostridium autoethanogenum
0.9986436,0.0013563985,-1,XBS29766.1,Unavailable,Clostridium autoethanogenum
0.9985459,0.0014541459,-1,XBS29775.1,Unavailable,Clostridium autoethanogenum
0.99920386,0.0007962165,-1,XBS30331.1,Unavailable,Clostridium autoethanogenum
0.9989519,0.0010480637,-1,XBS29781.1,Unavailable,Clostridium autoethanogenum
0.9993819,0.00061804353,-1,XBS29783.1,Unavailable,Clostridium autoethanogenum
0.9991903,0.00080975046,-1,XBS29780.1,Unavailable,Clostridium autoethanogenum
0.99918026,0.00081978366,-1,XBS29785.1,Unavailable,Clostridium autoethanogenum
0.99923074,0.00076924526,-1,XBS29769.1,Unavailable,Clostridium autoethanogenum
0.9989723,0.0010277029,-1,XBS29768.1,Unavailable,Clostridium autoethanogenum
0.99672025,0.0032797637,-1,XBS29787.1,Unavailable,Clostridium autoethanogenum
0.9987974,0.0012025359,-1,XBS29774.1,Unavailable,Clostridium autoethanogenum
0.9992906,0.0007094141,-1,XBS30330.1,Unavailable,Clostridium autoethanogenum
0.9987243,0.0012756669,-1,XBS29771.1,Unavailable,Clostridium autoethanogenum
0.99805176,0.0019482641,-1,XBS29776.1,Unavailable,Clostridium autoethanogenum
0.9984871,0.001512802,-1,XBS29772.1,Unavailable,Clostridium autoethanogenum
0.99928385,0.0007161723,-1,XBS29784.1,Unavailable,Clostridium autoethanogenum
0.99613863,0.0038613174,-1,XBS29770.1,Unavailable,Clostridium autoethanogenum
0.99933475,0.00066521676,-1,XBS29786.1,Unavailable,Clostridium autoethanogenum
0.99894065,0.0010593042,-1,XBS29809.1,Unavailable,Clostridium autoethanogenum
0.998428,0.0015720864,-1,XBS29807.1,Unavailable,Clostridium autoethanogenum
0.954196,0.04580399,-1,XBS29811.1,Unavailable,Clostridium autoethanogenum
0.9991949,0.00080511253,-1,XBS29793.1,Unavailable,Clostridium autoethanogenum
0.9990538,0.0009461867,-1,XBS29798.1,Unavailable,Clostridium autoethanogenum
0.9992667,0.0007333474,-1,XBS29813.1,Unavailable,Clostridium autoethanogenum
0.99915576,0.00084422465,-1,XBS29800.1,Unavailable,Clostridium autoethanogenum
0.99603075,0.003969235,-1,XBS29794.1,Unavailable,Clostridium autoethanogenum
0.9996598,0.00034020044,-1,XBS29804.1,Unavailable,Clostridium autoethanogenum
0.8970076,0.10299243,-1,XBS29808.1,Unavailable,Clostridium autoethanogenum
0.99814236,0.0018575874,-1,XBS29812.1,Unavailable,Clostridium autoethanogenum
0.99925965,0.0007403415,-1,XBS29796.1,Unavailable,Clostridium autoethanogenum
0.9993055,0.0006945361,-1,XBS29789.1,Unavailable,Clostridium autoethanogenum
0.99913174,0.0008682232,-1,XBS29810.1,Unavailable,Clostridium autoethanogenum
0.99947315,0.00052686734,-1,XBS29806.1,Unavailable,Clostridium autoethanogenum
0.99912053,0.00087948964,-1,XBS29805.1,Unavailable,Clostridium autoethanogenum
0.9978956,0.0021044181,-1,XBS29791.1,Unavailable,Clostridium autoethanogenum
0.99824345,0.001756609,-1,XBS29803.1,Unavailable,Clostridium autoethanogenum
0.9990753,0.0009246833,-1,XBS29797.1,Unavailable,Clostridium autoethanogenum
0.99925774,0.00074226904,-1,XBS29792.1,Unavailable,Clostridium autoethanogenum
0.9927443,0.007255716,-1,XBS29802.1,Unavailable,Clostridium autoethanogenum
0.99883336,0.0011667039,-1,XBS29801.1,Unavailable,Clostridium autoethanogenum
0.9688274,0.0311725,-1,XBS29790.1,Unavailable,Clostridium autoethanogenum
0.99945563,0.0005443258,-1,XBS29795.1,Unavailable,Clostridium autoethanogenum
0.97530794,0.024692072,-1,XBS29799.1,Unavailable,Clostridium autoethanogenum
0.99561334,0.0043867016,-1,XBS30333.1,Unavailable,Clostridium autoethanogenum
0.9984668,0.001533124,-1,XBS29830.1,Unavailable,Clostridium autoethanogenum
0.9969093,0.0030906552,-1,XBS29816.1,Unavailable,Clostridium autoethanogenum
0.9986292,0.0013708312,-1,XBS29823.1,Unavailable,Clostridium autoethanogenum
0.9988709,0.0011291051,-1,XBS29833.1,Unavailable,Clostridium autoethanogenum
0.99902916,0.00097083027,-1,XBS29832.1,Unavailable,Clostridium autoethanogenum
0.9994678,0.00053218607,-1,XBS30332.1,Unavailable,Clostridium autoethanogenum
0.998546,0.0014539893,-1,XBS29815.1,Unavailable,Clostridium autoethanogenum
0.9992336,0.0007664352,-1,XBS29819.1,Unavailable,Clostridium autoethanogenum
0.9991572,0.0008428555,-1,XBS29829.1,Unavailable,Clostridium autoethanogenum
0.9977337,0.0022662163,-1,XBS29818.1,Unavailable,Clostridium autoethanogenum
0.99892443,0.0010755816,-1,XBS29822.1,Unavailable,Clostridium autoethanogenum
0.0043154634,0.9956845,-1,XBS29828.1,Unavailable,Clostridium autoethanogenum
0.99936765,0.0006323435,-1,XBS29835.1,Unavailable,Clostridium autoethanogenum
0.99934214,0.0006578056,-1,XBS29814.1,Unavailable,Clostridium autoethanogenum
0.99927217,0.00072784605,-1,XBS29827.1,Unavailable,Clostridium autoethanogenum
0.99686134,0.003138732,-1,XBS29821.1,Unavailable,Clostridium autoethanogenum
0.99904937,0.00095058815,-1,XBS29826.1,Unavailable,Clostridium autoethanogenum
0.99892646,0.001073486,-1,XBS29834.1,Unavailable,Clostridium autoethanogenum
0.997863,0.0021369844,-1,XBS29836.1,Unavailable,Clostridium autoethanogenum
0.99938786,0.00061211275,-1,XBS29831.1,Unavailable,Clostridium autoethanogenum
0.9981298,0.0018702692,-1,XBS29817.1,Unavailable,Clostridium autoethanogenum
0.96521384,0.034786105,-1,XBS29825.1,Unavailable,Clostridium autoethanogenum
0.9937017,0.006298366,-1,XBS29820.1,Unavailable,Clostridium autoethanogenum
0.9992556,0.00074437575,-1,XBS29824.1,Unavailable,Clostridium autoethanogenum
0.99921215,0.0007878803,-1,XBS29838.1,Unavailable,Clostridium autoethanogenum
0.9963827,0.0036172138,-1,XBS30334.1,Unavailable,Clostridium autoethanogenum
0.9995578,0.00044223174,-1,XBS29842.1,Unavailable,Clostridium autoethanogenum
0.99884665,0.0011533403,-1,XBS29837.1,Unavailable,Clostridium autoethanogenum
0.99842876,0.0015711569,-1,XBS29860.1,Unavailable,Clostridium autoethanogenum
0.99849415,0.0015058919,-1,XBS29856.1,Unavailable,Clostridium autoethanogenum
0.9946976,0.0053024073,-1,XBS29855.1,Unavailable,Clostridium autoethanogenum
0.9988373,0.0011627348,-1,XBS29851.1,Unavailable,Clostridium autoethanogenum
0.9991321,0.00086795946,-1,XBS29849.1,Unavailable,Clostridium autoethanogenum
0.9988293,0.001170647,-1,XBS29850.1,Unavailable,Clostridium autoethanogenum
0.9989042,0.0010957661,-1,XBS29847.1,Unavailable,Clostridium autoethanogenum
0.9992686,0.00073136523,-1,XBS29848.1,Unavailable,Clostridium autoethanogenum
0.9960609,0.0039391005,-1,XBS29858.1,Unavailable,Clostridium autoethanogenum
0.0774969,0.92250305,-1,XBS29840.1,Unavailable,Clostridium autoethanogenum
0.99880445,0.0011955062,-1,XBS29853.1,Unavailable,Clostridium autoethanogenum
0.99819094,0.0018090515,-1,XBS29841.1,Unavailable,Clostridium autoethanogenum
0.9982133,0.0017867583,-1,XBS29859.1,Unavailable,Clostridium autoethanogenum
0.99900144,0.0009985593,-1,XBS29857.1,Unavailable,Clostridium autoethanogenum
0.9978098,0.0021902432,-1,XBS29843.1,Unavailable,Clostridium autoethanogenum
0.9986305,0.0013694583,-1,XBS29845.1,Unavailable,Clostridium autoethanogenum
0.9990688,0.0009311757,-1,XBS29846.1,Unavailable,Clostridium autoethanogenum
0.9966552,0.0033448073,-1,XBS29839.1,Unavailable,Clostridium autoethanogenum
0.9987,0.0012999509,-1,XBS29852.1,Unavailable,Clostridium autoethanogenum
0.99935645,0.00064352725,-1,XBS29844.1,Unavailable,Clostridium autoethanogenum
0.9986777,0.0013223522,-1,XBS29854.1,Unavailable,Clostridium autoethanogenum
0.9989365,0.0010635604,-1,XBS29871.1,Unavailable,Clostridium autoethanogenum
0.9975412,0.0024588772,-1,XBS29869.1,Unavailable,Clostridium autoethanogenum
0.99906987,0.0009301308,-1,XBS29884.1,Unavailable,Clostridium autoethanogenum
0.9987204,0.0012796046,-1,XBS29882.1,Unavailable,Clostridium autoethanogenum
0.9990841,0.000915851,-1,XBS29867.1,Unavailable,Clostridium autoethanogenum
0.9989992,0.0010008151,-1,XBS29868.1,Unavailable,Clostridium autoethanogenum
0.998998,0.0010020669,-1,XBS29866.1,Unavailable,Clostridium autoethanogenum
0.99881446,0.0011855711,-1,XBS29877.1,Unavailable,Clostridium autoethanogenum
0.99897397,0.0010260525,-1,XBS29863.1,Unavailable,Clostridium autoethanogenum
0.998448,0.0015519497,-1,XBS29876.1,Unavailable,Clostridium autoethanogenum
0.9984097,0.0015903253,-1,XBS29872.1,Unavailable,Clostridium autoethanogenum
0.9991892,0.00081084727,-1,XBS30335.1,Unavailable,Clostridium autoethanogenum
0.9985006,0.0014994498,-1,XBS29862.1,Unavailable,Clostridium autoethanogenum
0.9988086,0.0011913815,-1,XBS29878.1,Unavailable,Clostridium autoethanogenum
0.99871314,0.0012868892,-1,XBS29870.1,Unavailable,Clostridium autoethanogenum
0.99940455,0.0005955069,-1,XBS29861.1,Unavailable,Clostridium autoethanogenum
0.99870944,0.0012905987,-1,XBS29865.1,Unavailable,Clostridium autoethanogenum
0.9990338,0.0009662501,-1,XBS29879.1,Unavailable,Clostridium autoethanogenum
0.98787993,0.012120031,-1,XBS29873.1,Unavailable,Clostridium autoethanogenum
0.9971975,0.0028025282,-1,XBS29874.1,Unavailable,Clostridium autoethanogenum
0.9985305,0.0014694525,-1,XBS29875.1,Unavailable,Clostridium autoethanogenum
0.99888605,0.0011139154,-1,XBS29883.1,Unavailable,Clostridium autoethanogenum
0.9993617,0.00063832354,-1,XBS29880.1,Unavailable,Clostridium autoethanogenum
0.9987079,0.0012920842,-1,XBS29864.1,Unavailable,Clostridium autoethanogenum
0.99773127,0.0022687505,-1,XBS29881.1,Unavailable,Clostridium autoethanogenum
0.99842584,0.0015742134,-1,XBS29895.1,Unavailable,Clostridium autoethanogenum
0.9986412,0.0013588293,-1,XBS29894.1,Unavailable,Clostridium autoethanogenum
0.9987727,0.0012273078,-1,XBS29889.1,Unavailable,Clostridium autoethanogenum
0.9989299,0.0010700208,-1,XBS29886.1,Unavailable,Clostridium autoethanogenum
0.9989484,0.0010516404,-1,XBS29902.1,Unavailable,Clostridium autoethanogenum
0.9990876,0.00091248367,-1,XBS29887.1,Unavailable,Clostridium autoethanogenum
0.99885154,0.0011484715,-1,XBS29904.1,Unavailable,Clostridium autoethanogenum
0.9951119,0.0048881555,-1,XBS29890.1,Unavailable,Clostridium autoethanogenum
0.99885345,0.0011465137,-1,XBS29901.1,Unavailable,Clostridium autoethanogenum
0.99800485,0.0019951263,-1,XBS29908.1,Unavailable,Clostridium autoethanogenum
0.9976464,0.0023535618,-1,XBS29903.1,Unavailable,Clostridium autoethanogenum
0.99834406,0.0016558792,-1,XBS29892.1,Unavailable,Clostridium autoethanogenum
0.9945306,0.005469458,-1,XBS29899.1,Unavailable,Clostridium autoethanogenum
0.9985512,0.0014488442,-1,XBS29907.1,Unavailable,Clostridium autoethanogenum
0.99878794,0.0012120936,-1,XBS29885.1,Unavailable,Clostridium autoethanogenum
0.99859923,0.0014008237,-1,XBS30336.1,Unavailable,Clostridium autoethanogenum
0.99815,0.0018499907,-1,XBS29888.1,Unavailable,Clostridium autoethanogenum
0.99914134,0.000858601,-1,XBS29905.1,Unavailable,Clostridium autoethanogenum
0.99847776,0.0015222154,-1,XBS29891.1,Unavailable,Clostridium autoethanogenum
0.9992792,0.00072085933,-1,XBS29893.1,Unavailable,Clostridium autoethanogenum
0.9966344,0.0033656028,-1,XBS29898.1,Unavailable,Clostridium autoethanogenum
0.99881554,0.0011845349,-1,XBS29906.1,Unavailable,Clostridium autoethanogenum
0.9993568,0.0006432047,-1,XBS29896.1,Unavailable,Clostridium autoethanogenum
0.9983784,0.0016215722,-1,XBS29897.1,Unavailable,Clostridium autoethanogenum
0.99978787,0.00021213843,-1,XBS29900.1,Unavailable,Clostridium autoethanogenum
0.9958216,0.004178385,-1,XBS29925.1,Unavailable,Clostridium autoethanogenum
0.99859494,0.0014050415,-1,XBS29923.1,Unavailable,Clostridium autoethanogenum
0.99901175,0.0009882079,-1,XBS29922.1,Unavailable,Clostridium autoethanogenum
0.9993586,0.0006414215,-1,XBS29909.1,Unavailable,Clostridium autoethanogenum
0.99719465,0.002805316,-1,XBS29921.1,Unavailable,Clostridium autoethanogenum
0.9983353,0.0016647782,-1,XBS29913.1,Unavailable,Clostridium autoethanogenum
0.98929065,0.0107093975,-1,XBS29916.1,Unavailable,Clostridium autoethanogenum
0.99797374,0.002026275,-1,XBS29932.1,Unavailable,Clostridium autoethanogenum
0.99863845,0.0013615392,-1,XBS29927.1,Unavailable,Clostridium autoethanogenum
0.9233041,0.0766959,-1,XBS29912.1,Unavailable,Clostridium autoethanogenum
0.99849606,0.0015039851,-1,XBS29924.1,Unavailable,Clostridium autoethanogenum
0.99925524,0.0007447347,-1,XBS29915.1,Unavailable,Clostridium autoethanogenum
0.9987369,0.0012631381,-1,XBS29918.1,Unavailable,Clostridium autoethanogenum
0.9990977,0.00090230815,-1,XBS29931.1,Unavailable,Clostridium autoethanogenum
0.9470133,0.052986722,-1,XBS29920.1,Unavailable,Clostridium autoethanogenum
0.99912435,0.00087570254,-1,XBS29914.1,Unavailable,Clostridium autoethanogenum
0.9601501,0.039849825,-1,XBS29933.1,Unavailable,Clostridium autoethanogenum
0.99921405,0.0007858706,-1,XBS29928.1,Unavailable,Clostridium autoethanogenum
0.99837095,0.0016290512,-1,XBS29919.1,Unavailable,Clostridium autoethanogenum
0.9679474,0.032052606,-1,XBS29926.1,Unavailable,Clostridium autoethanogenum
0.9992131,0.00078693556,-1,XBS29929.1,Unavailable,Clostridium autoethanogenum
0.9796699,0.02033004,-1,XBS29910.1,Unavailable,Clostridium autoethanogenum
0.99945015,0.0005499052,-1,XBS29930.1,Unavailable,Clostridium autoethanogenum
0.09294927,0.90705067,-1,XBS29917.1,Unavailable,Clostridium autoethanogenum
0.9956736,0.0043264334,-1,XBS29911.1,Unavailable,Clostridium autoethanogenum
0.9974348,0.0025652738,-1,XBS29957.1,Unavailable,Clostridium autoethanogenum
0.9939109,0.006089051,-1,XBS29945.1,Unavailable,Clostridium autoethanogenum
0.20358965,0.7964104,-1,XBS29934.1,Unavailable,Clostridium autoethanogenum
0.0066249305,0.993375,-1,XBS29949.1,Unavailable,Clostridium autoethanogenum
0.99751306,0.002486965,-1,XBS29943.1,Unavailable,Clostridium autoethanogenum
0.99813265,0.0018674344,-1,XBS29951.1,Unavailable,Clostridium autoethanogenum
0.99921215,0.0007878799,-1,XBS29955.1,Unavailable,Clostridium autoethanogenum
0.9991953,0.0008047037,-1,XBS29944.1,Unavailable,Clostridium autoethanogenum
0.95931643,0.040683586,-1,XBS30337.1,Unavailable,Clostridium autoethanogenum
0.9979627,0.0020373068,-1,XBS29937.1,Unavailable,Clostridium autoethanogenum
0.99876034,0.0012396659,-1,XBS29956.1,Unavailable,Clostridium autoethanogenum
0.9961583,0.0038417093,-1,XBS29942.1,Unavailable,Clostridium autoethanogenum
0.99891746,0.0010825697,-1,XBS29947.1,Unavailable,Clostridium autoethanogenum
0.9990452,0.0009547994,-1,XBS29953.1,Unavailable,Clostridium autoethanogenum
0.996903,0.0030969987,-1,XBS29935.1,Unavailable,Clostridium autoethanogenum
0.9986418,0.0013582075,-1,XBS29946.1,Unavailable,Clostridium autoethanogenum
0.9980154,0.001984528,-1,XBS29948.1,Unavailable,Clostridium autoethanogenum
0.99810636,0.0018936266,-1,XBS29950.1,Unavailable,Clostridium autoethanogenum
0.9971807,0.0028193558,-1,XBS29936.1,Unavailable,Clostridium autoethanogenum
0.99943835,0.0005616291,-1,XBS29940.1,Unavailable,Clostridium autoethanogenum
0.99945337,0.00054662384,-1,XBS29938.1,Unavailable,Clostridium autoethanogenum
0.9967527,0.0032473027,-1,XBS29939.1,Unavailable,Clostridium autoethanogenum
0.99915373,0.0008462325,-1,XBS29941.1,Unavailable,Clostridium autoethanogenum
0.9969105,0.0030894948,-1,XBS29952.1,Unavailable,Clostridium autoethanogenum
0.99848574,0.0015142714,-1,XBS29954.1,Unavailable,Clostridium autoethanogenum
0.9986719,0.0013281456,-1,XBS29959.1,Unavailable,Clostridium autoethanogenum
0.99481684,0.00518321,-1,XBS29963.1,Unavailable,Clostridium autoethanogenum
0.9987111,0.0012888967,-1,XBS29964.1,Unavailable,Clostridium autoethanogenum
0.99848723,0.001512717,-1,XBS29980.1,Unavailable,Clostridium autoethanogenum
0.99719137,0.0028086822,-1,XBS29974.1,Unavailable,Clostridium autoethanogenum
0.9986506,0.0013493783,-1,XBS29966.1,Unavailable,Clostridium autoethanogenum
0.99866354,0.0013364975,-1,XBS29965.1,Unavailable,Clostridium autoethanogenum
0.99916804,0.00083199533,-1,XBS29971.1,Unavailable,Clostridium autoethanogenum
0.9990953,0.0009047354,-1,XBS29960.1,Unavailable,Clostridium autoethanogenum
0.99910516,0.00089486025,-1,XBS29981.1,Unavailable,Clostridium autoethanogenum
0.9989728,0.0010272592,-1,XBS29972.1,Unavailable,Clostridium autoethanogenum
0.99852693,0.0014729829,-1,XBS29961.1,Unavailable,Clostridium autoethanogenum
0.9977102,0.0022898011,-1,XBS29962.1,Unavailable,Clostridium autoethanogenum
0.9964965,0.0035034998,-1,XBS29958.1,Unavailable,Clostridium autoethanogenum
0.9980965,0.0019035237,-1,XBS29968.1,Unavailable,Clostridium autoethanogenum
0.99852896,0.0014710753,-1,XBS29973.1,Unavailable,Clostridium autoethanogenum
0.999,0.0010000002,-1,XBS30338.1,Unavailable,Clostridium autoethanogenum
0.9990351,0.0009649023,-1,XBS29979.1,Unavailable,Clostridium autoethanogenum
0.9986217,0.0013782547,-1,XBS29975.1,Unavailable,Clostridium autoethanogenum
0.9994242,0.00057584606,-1,XBS29978.1,Unavailable,Clostridium autoethanogenum
0.9987966,0.0012033896,-1,XBS29976.1,Unavailable,Clostridium autoethanogenum
0.99898356,0.0010163998,-1,XBS29967.1,Unavailable,Clostridium autoethanogenum
0.99916935,0.0008307315,-1,XBS29977.1,Unavailable,Clostridium autoethanogenum
0.9974809,0.002519072,-1,XBS29969.1,Unavailable,Clostridium autoethanogenum
0.97398436,0.026015613,-1,XBS29970.1,Unavailable,Clostridium autoethanogenum
0.9987596,0.0012403635,-1,XBS29988.1,Unavailable,Clostridium autoethanogenum
0.9990709,0.000929114,-1,XBS29985.1,Unavailable,Clostridium autoethanogenum
0.9979563,0.0020437546,-1,XBS29997.1,Unavailable,Clostridium autoethanogenum
0.99904495,0.0009549968,-1,XBS30001.1,Unavailable,Clostridium autoethanogenum
0.99911934,0.0008807002,-1,XBS30006.1,Unavailable,Clostridium autoethanogenum
0.99919647,0.00080349605,-1,XBS29999.1,Unavailable,Clostridium autoethanogenum
0.9994796,0.00052043464,-1,XBS30003.1,Unavailable,Clostridium autoethanogenum
0.9994142,0.0005858525,-1,XBS30002.1,Unavailable,Clostridium autoethanogenum
0.9987973,0.0012027406,-1,XBS29983.1,Unavailable,Clostridium autoethanogenum
0.99957925,0.00042069406,-1,XBS30005.1,Unavailable,Clostridium autoethanogenum
0.986973,0.013026973,-1,XBS29995.1,Unavailable,Clostridium autoethanogenum
0.99876934,0.001230666,-1,XBS29991.1,Unavailable,Clostridium autoethanogenum
0.9991109,0.00088905933,-1,XBS29987.1,Unavailable,Clostridium autoethanogenum
0.9988041,0.0011959575,-1,XBS29982.1,Unavailable,Clostridium autoethanogenum
0.9994485,0.00055155763,-1,XBS29998.1,Unavailable,Clostridium autoethanogenum
0.999374,0.00062603806,-1,XBS29984.1,Unavailable,Clostridium autoethanogenum
0.9987747,0.0012252568,-1,XBS29986.1,Unavailable,Clostridium autoethanogenum
0.99914503,0.0008549069,-1,XBS29996.1,Unavailable,Clostridium autoethanogenum
0.9989754,0.0010246723,-1,XBS29992.1,Unavailable,Clostridium autoethanogenum
0.9991584,0.0008416592,-1,XBS29994.1,Unavailable,Clostridium autoethanogenum
0.9988514,0.0011485645,-1,XBS29993.1,Unavailable,Clostridium autoethanogenum
0.99901235,0.0009876371,-1,XBS30004.1,Unavailable,Clostridium autoethanogenum
0.9989255,0.0010744325,-1,XBS29989.1,Unavailable,Clostridium autoethanogenum
0.9984818,0.001518226,-1,XBS29990.1,Unavailable,Clostridium autoethanogenum
0.15850942,0.8414906,-1,XBS30000.1,Unavailable,Clostridium autoethanogenum
0.8675419,0.13245809,-1,XBS30022.1,Unavailable,Clostridium autoethanogenum
0.99897146,0.0010285429,-1,XBS30013.1,Unavailable,Clostridium autoethanogenum
0.9991167,0.0008832801,-1,XBS30008.1,Unavailable,Clostridium autoethanogenum
0.99892646,0.00107357,-1,XBS30025.1,Unavailable,Clostridium autoethanogenum
0.9993506,0.0006493741,-1,XBS30007.1,Unavailable,Clostridium autoethanogenum
0.99960715,0.00039288524,-1,XBS30339.1,Unavailable,Clostridium autoethanogenum
0.99936455,0.00063547853,-1,XBS30012.1,Unavailable,Clostridium autoethanogenum
0.9987519,0.0012480812,-1,XBS30024.1,Unavailable,Clostridium autoethanogenum
0.99908805,0.00091199175,-1,XBS30027.1,Unavailable,Clostridium autoethanogenum
0.9992393,0.0007607297,-1,XBS30014.1,Unavailable,Clostridium autoethanogenum
0.99841,0.0015900028,-1,XBS30009.1,Unavailable,Clostridium autoethanogenum
0.9991161,0.0008838775,-1,XBS30015.1,Unavailable,Clostridium autoethanogenum
0.9983028,0.0016971154,-1,XBS30029.1,Unavailable,Clostridium autoethanogenum
0.99820495,0.0017950815,-1,XBS30028.1,Unavailable,Clostridium autoethanogenum
0.99952614,0.00047392954,-1,XBS30010.1,Unavailable,Clostridium autoethanogenum
0.9977196,0.002280365,-1,XBS30018.1,Unavailable,Clostridium autoethanogenum
0.9985561,0.0014439778,-1,XBS30030.1,Unavailable,Clostridium autoethanogenum
0.9997408,0.00025923827,-1,XBS30011.1,Unavailable,Clostridium autoethanogenum
0.9988226,0.0011772951,-1,XBS30026.1,Unavailable,Clostridium autoethanogenum
0.99931,0.0006899638,-1,XBS30017.1,Unavailable,Clostridium autoethanogenum
0.009244605,0.9907554,-1,XBS30021.1,Unavailable,Clostridium autoethanogenum
0.9990362,0.0009638829,-1,XBS30016.1,Unavailable,Clostridium autoethanogenum
0.9996191,0.00038081544,-1,XBS30019.1,Unavailable,Clostridium autoethanogenum
0.99932146,0.00067854114,-1,XBS30023.1,Unavailable,Clostridium autoethanogenum
0.8247012,0.17529878,-1,XBS30020.1,Unavailable,Clostridium autoethanogenum
0.9988433,0.001156605,-1,XBS30049.1,Unavailable,Clostridium autoethanogenum
0.99942076,0.00057925016,-1,XBS30046.1,Unavailable,Clostridium autoethanogenum
0.9984522,0.0015478189,-1,XBS30043.1,Unavailable,Clostridium autoethanogenum
0.99803823,0.0019618107,-1,XBS30036.1,Unavailable,Clostridium autoethanogenum
0.99920326,0.0007967991,-1,XBS30053.1,Unavailable,Clostridium autoethanogenum
0.9990747,0.00092527195,-1,XBS30054.1,Unavailable,Clostridium autoethanogenum
0.9982571,0.0017428705,-1,XBS30035.1,Unavailable,Clostridium autoethanogenum
0.99889994,0.0010999851,-1,XBS30052.1,Unavailable,Clostridium autoethanogenum
0.9986816,0.0013183273,-1,XBS30050.1,Unavailable,Clostridium autoethanogenum
0.9963833,0.0036166694,-1,XBS30039.1,Unavailable,Clostridium autoethanogenum
0.9990018,0.0009982245,-1,XBS30041.1,Unavailable,Clostridium autoethanogenum
0.9994684,0.00053167203,-1,XBS30047.1,Unavailable,Clostridium autoethanogenum
0.9996358,0.0003642145,-1,XBS30033.1,Unavailable,Clostridium autoethanogenum
0.99898106,0.0010188895,-1,XBS30042.1,Unavailable,Clostridium autoethanogenum
0.9971717,0.0028283063,-1,XBS30051.1,Unavailable,Clostridium autoethanogenum
0.9993285,0.00067154266,-1,XBS30032.1,Unavailable,Clostridium autoethanogenum
0.99860424,0.0013957274,-1,XBS30038.1,Unavailable,Clostridium autoethanogenum
0.9837704,0.016229663,-1,XBS30037.1,Unavailable,Clostridium autoethanogenum
0.9983866,0.0016133683,-1,XBS30040.1,Unavailable,Clostridium autoethanogenum
0.9983425,0.0016575245,-1,XBS30340.1,Unavailable,Clostridium autoethanogenum
0.99891484,0.0010852339,-1,XBS30044.1,Unavailable,Clostridium autoethanogenum
0.9975242,0.0024758172,-1,XBS30048.1,Unavailable,Clostridium autoethanogenum
0.17043974,0.8295603,-1,XBS30031.1,Unavailable,Clostridium autoethanogenum
0.7354207,0.26457927,-1,XBS30034.1,Unavailable,Clostridium autoethanogenum
0.9977182,0.0022818344,-1,XBS30045.1,Unavailable,Clostridium autoethanogenum
0.99891305,0.0010869254,-1,XBS30341.1,Unavailable,Clostridium autoethanogenum
0.99924904,0.00075095845,-1,XBS30064.1,Unavailable,Clostridium autoethanogenum
0.9993111,0.0006889152,-1,XBS30067.1,Unavailable,Clostridium autoethanogenum
0.9990351,0.00096490595,-1,XBS30065.1,Unavailable,Clostridium autoethanogenum
0.9985671,0.0014329002,-1,XBS30072.1,Unavailable,Clostridium autoethanogenum
0.9996644,0.00033557156,-1,XBS30077.1,Unavailable,Clostridium autoethanogenum
0.998874,0.0011259713,-1,XBS30076.1,Unavailable,Clostridium autoethanogenum
0.9994791,0.0005208562,-1,XBS30073.1,Unavailable,Clostridium autoethanogenum
0.9988576,0.0011424358,-1,XBS30060.1,Unavailable,Clostridium autoethanogenum
0.99932444,0.0006755227,-1,XBS30071.1,Unavailable,Clostridium autoethanogenum
0.9991609,0.00083907234,-1,XBS30055.1,Unavailable,Clostridium autoethanogenum
0.9991536,0.00084641157,-1,XBS30070.1,Unavailable,Clostridium autoethanogenum
0.9980574,0.0019425988,-1,XBS30342.1,Unavailable,Clostridium autoethanogenum
0.9990688,0.00093121966,-1,XBS30068.1,Unavailable,Clostridium autoethanogenum
0.9988856,0.0011144567,-1,XBS30061.1,Unavailable,Clostridium autoethanogenum
0.9987299,0.0012701378,-1,XBS30074.1,Unavailable,Clostridium autoethanogenum
0.99933964,0.00066030986,-1,XBS30063.1,Unavailable,Clostridium autoethanogenum
0.9988085,0.0011915193,-1,XBS30069.1,Unavailable,Clostridium autoethanogenum
0.999134,0.0008659639,-1,XBS30056.1,Unavailable,Clostridium autoethanogenum
0.9976821,0.0023179066,-1,XBS30058.1,Unavailable,Clostridium autoethanogenum
0.9975587,0.002441221,-1,XBS30057.1,Unavailable,Clostridium autoethanogenum
0.9984086,0.0015914425,-1,XBS30075.1,Unavailable,Clostridium autoethanogenum
0.9994293,0.0005706528,-1,XBS30062.1,Unavailable,Clostridium autoethanogenum
0.9974106,0.00258939,-1,XBS30059.1,Unavailable,Clostridium autoethanogenum
0.9992968,0.0007031976,-1,XBS30066.1,Unavailable,Clostridium autoethanogenum
0.99945694,0.0005430733,-1,XBS30092.1,Unavailable,Clostridium autoethanogenum
0.9988279,0.0011721019,-1,XBS30082.1,Unavailable,Clostridium autoethanogenum
0.99919516,0.00080485473,-1,XBS30093.1,Unavailable,Clostridium autoethanogenum
0.9990783,0.0009217101,-1,XBS30100.1,Unavailable,Clostridium autoethanogenum
0.99788046,0.002119521,-1,XBS30086.1,Unavailable,Clostridium autoethanogenum
0.99953747,0.00046260466,-1,XBS30343.1,Unavailable,Clostridium autoethanogenum
0.99944335,0.0005566889,-1,XBS30097.1,Unavailable,Clostridium autoethanogenum
0.9992047,0.0007953042,-1,XBS30099.1,Unavailable,Clostridium autoethanogenum
0.99815816,0.0018418253,-1,XBS30091.1,Unavailable,Clostridium autoethanogenum
0.9976094,0.002390656,-1,XBS30089.1,Unavailable,Clostridium autoethanogenum
0.9992623,0.0007377554,-1,XBS30078.1,Unavailable,Clostridium autoethanogenum
0.9924791,0.0075209206,-1,XBS30090.1,Unavailable,Clostridium autoethanogenum
0.9958104,0.00418968,-1,XBS30083.1,Unavailable,Clostridium autoethanogenum
0.9987949,0.0012050177,-1,XBS30084.1,Unavailable,Clostridium autoethanogenum
0.9992023,0.00079774106,-1,XBS30081.1,Unavailable,Clostridium autoethanogenum
0.9988439,0.0011561244,-1,XBS30101.1,Unavailable,Clostridium autoethanogenum
0.9969849,0.003015117,-1,XBS30085.1,Unavailable,Clostridium autoethanogenum
0.99833894,0.0016610308,-1,XBS30088.1,Unavailable,Clostridium autoethanogenum
0.9943849,0.0056150733,-1,XBS30094.1,Unavailable,Clostridium autoethanogenum
0.9920596,0.007940344,-1,XBS30079.1,Unavailable,Clostridium autoethanogenum
0.9944623,0.0055376133,-1,XBS30095.1,Unavailable,Clostridium autoethanogenum
0.99288285,0.0071171136,-1,XBS30080.1,Unavailable,Clostridium autoethanogenum
0.9983612,0.0016387968,-1,XBS30087.1,Unavailable,Clostridium autoethanogenum
0.995743,0.0042569586,-1,XBS30096.1,Unavailable,Clostridium autoethanogenum
0.99713457,0.0028653783,-1,XBS30098.1,Unavailable,Clostridium autoethanogenum
0.9990062,0.0009938475,-1,XBS30107.1,Unavailable,Clostridium autoethanogenum
0.9981047,0.0018952277,-1,XBS30115.1,Unavailable,Clostridium autoethanogenum
0.9991165,0.00088352215,-1,XBS30109.1,Unavailable,Clostridium autoethanogenum
0.9989698,0.0010302577,-1,XBS30121.1,Unavailable,Clostridium autoethanogenum
0.9989028,0.0010971955,-1,XBS30119.1,Unavailable,Clostridium autoethanogenum
0.9988753,0.0011246308,-1,XBS30103.1,Unavailable,Clostridium autoethanogenum
0.9993845,0.0006154985,-1,XBS30110.1,Unavailable,Clostridium autoethanogenum
0.9985409,0.0014591548,-1,XBS30117.1,Unavailable,Clostridium autoethanogenum
0.9986129,0.0013871493,-1,XBS30122.1,Unavailable,Clostridium autoethanogenum
0.99794894,0.0020510382,-1,XBS30105.1,Unavailable,Clostridium autoethanogenum
0.99944896,0.00055106205,-1,XBS30126.1,Unavailable,Clostridium autoethanogenum
0.99951994,0.0004801084,-1,XBS30120.1,Unavailable,Clostridium autoethanogenum
0.999185,0.0008149624,-1,XBS30125.1,Unavailable,Clostridium autoethanogenum
0.9990883,0.000911718,-1,XBS30108.1,Unavailable,Clostridium autoethanogenum
0.9971607,0.0028394053,-1,XBS30112.1,Unavailable,Clostridium autoethanogenum
0.9988543,0.0011456861,-1,XBS30118.1,Unavailable,Clostridium autoethanogenum
0.9992907,0.0007092288,-1,XBS30106.1,Unavailable,Clostridium autoethanogenum
0.99877244,0.0012275757,-1,XBS30102.1,Unavailable,Clostridium autoethanogenum
0.99872583,0.0012741745,-1,XBS30123.1,Unavailable,Clostridium autoethanogenum
0.9984617,0.0015382773,-1,XBS30104.1,Unavailable,Clostridium autoethanogenum
0.95304966,0.046950296,-1,XBS30114.1,Unavailable,Clostridium autoethanogenum
0.9920527,0.007947282,-1,XBS30116.1,Unavailable,Clostridium autoethanogenum
0.6049215,0.39507848,-1,XBS30124.1,Unavailable,Clostridium autoethanogenum
0.9992501,0.000749885,-1,XBS30111.1,Unavailable,Clostridium autoethanogenum
0.9987452,0.0012548221,-1,XBS30113.1,Unavailable,Clostridium autoethanogenum
0.9987413,0.0012587406,-1,XBS30145.1,Unavailable,Clostridium autoethanogenum
0.998531,0.0014690546,-1,XBS30144.1,Unavailable,Clostridium autoethanogenum
0.9972268,0.0027731443,-1,XBS30148.1,Unavailable,Clostridium autoethanogenum
0.99882895,0.0011710145,-1,XBS30141.1,Unavailable,Clostridium autoethanogenum
0.9990313,0.0009687435,-1,XBS30139.1,Unavailable,Clostridium autoethanogenum
0.99922204,0.0007779013,-1,XBS30344.1,Unavailable,Clostridium autoethanogenum
0.9987357,0.0012642514,-1,XBS30147.1,Unavailable,Clostridium autoethanogenum
0.99888676,0.0011132497,-1,XBS30129.1,Unavailable,Clostridium autoethanogenum
0.99865204,0.001347991,-1,XBS30130.1,Unavailable,Clostridium autoethanogenum
0.99890757,0.0010924188,-1,XBS30142.1,Unavailable,Clostridium autoethanogenum
0.998787,0.0012130499,-1,XBS30149.1,Unavailable,Clostridium autoethanogenum
0.9990409,0.0009590654,-1,XBS30134.1,Unavailable,Clostridium autoethanogenum
0.9986877,0.0013123576,-1,XBS30150.1,Unavailable,Clostridium autoethanogenum
0.99887997,0.0011199983,-1,XBS30137.1,Unavailable,Clostridium autoethanogenum
0.9970113,0.0029886824,-1,XBS30131.1,Unavailable,Clostridium autoethanogenum
0.99940014,0.0005998402,-1,XBS30136.1,Unavailable,Clostridium autoethanogenum
0.9994894,0.00051050325,-1,XBS30133.1,Unavailable,Clostridium autoethanogenum
0.9988644,0.0011356111,-1,XBS30140.1,Unavailable,Clostridium autoethanogenum
0.9992225,0.0007775142,-1,XBS30135.1,Unavailable,Clostridium autoethanogenum
0.9985728,0.0014271347,-1,XBS30138.1,Unavailable,Clostridium autoethanogenum
0.9994319,0.0005680892,-1,XBS30132.1,Unavailable,Clostridium autoethanogenum
0.9992705,0.00072953315,-1,XBS30127.1,Unavailable,Clostridium autoethanogenum
0.99847955,0.0015204663,-1,XBS30143.1,Unavailable,Clostridium autoethanogenum
0.9987464,0.0012535313,-1,XBS30128.1,Unavailable,Clostridium autoethanogenum
0.9989737,0.0010263484,-1,XBS30146.1,Unavailable,Clostridium autoethanogenum
0.998047,0.0019529881,-1,XBS30170.1,Unavailable,Clostridium autoethanogenum
0.9992988,0.000701171,-1,XBS30156.1,Unavailable,Clostridium autoethanogenum
0.99912244,0.00087761995,-1,XBS30159.1,Unavailable,Clostridium autoethanogenum
0.9988894,0.001110638,-1,XBS30165.1,Unavailable,Clostridium autoethanogenum
0.99907374,0.00092628464,-1,XBS30166.1,Unavailable,Clostridium autoethanogenum
0.99921083,0.0007891467,-1,XBS30169.1,Unavailable,Clostridium autoethanogenum
0.99942005,0.00057999167,-1,XBS30164.1,Unavailable,Clostridium autoethanogenum
0.99897194,0.0010280374,-1,XBS30154.1,Unavailable,Clostridium autoethanogenum
0.5825083,0.41749164,-1,XBS30158.1,Unavailable,Clostridium autoethanogenum
0.9987821,0.0012178648,-1,XBS30168.1,Unavailable,Clostridium autoethanogenum
0.99789363,0.0021064086,-1,XBS30160.1,Unavailable,Clostridium autoethanogenum
0.9985012,0.0014988425,-1,XBS30152.1,Unavailable,Clostridium autoethanogenum
0.9991716,0.0008284097,-1,XBS30163.1,Unavailable,Clostridium autoethanogenum
0.9992317,0.0007682731,-1,XBS30171.1,Unavailable,Clostridium autoethanogenum
0.99918324,0.00081671856,-1,XBS30155.1,Unavailable,Clostridium autoethanogenum
0.02607682,0.9739232,-1,XBS30174.1,Unavailable,Clostridium autoethanogenum
0.99943084,0.00056909875,-1,XBS30157.1,Unavailable,Clostridium autoethanogenum
0.999382,0.0006179036,-1,XBS30345.1,Unavailable,Clostridium autoethanogenum
0.998909,0.0010909514,-1,XBS30162.1,Unavailable,Clostridium autoethanogenum
0.99783033,0.0021696503,-1,XBS30151.1,Unavailable,Clostridium autoethanogenum
0.9975096,0.0024903845,-1,XBS30173.1,Unavailable,Clostridium autoethanogenum
0.9994106,0.000589384,-1,XBS30167.1,Unavailable,Clostridium autoethanogenum
0.9968988,0.0031012855,-1,XBS30172.1,Unavailable,Clostridium autoethanogenum
0.9993094,0.0006905493,-1,XBS30153.1,Unavailable,Clostridium autoethanogenum
0.9984274,0.0015726223,-1,XBS30161.1,Unavailable,Clostridium autoethanogenum
0.9990482,0.000951833,-1,XBS30186.1,Unavailable,Clostridium autoethanogenum
0.998292,0.001707912,-1,XBS30179.1,Unavailable,Clostridium autoethanogenum
0.99880373,0.0011962318,-1,XBS30176.1,Unavailable,Clostridium autoethanogenum
0.9987565,0.0012434579,-1,XBS30177.1,Unavailable,Clostridium autoethanogenum
0.99912375,0.00087628386,-1,XBS30175.1,Unavailable,Clostridium autoethanogenum
0.99835783,0.0016421744,-1,XBS30185.1,Unavailable,Clostridium autoethanogenum
0.006726358,0.9932736,-1,XBS30180.1,Unavailable,Clostridium autoethanogenum
0.009311964,0.99068797,-1,XBS30194.1,Unavailable,Clostridium autoethanogenum
0.009393148,0.9906068,-1,XBS30191.1,Unavailable,Clostridium autoethanogenum
0.0049647647,0.9950353,-1,XBS30189.1,Unavailable,Clostridium autoethanogenum
0.0098593235,0.9901406,-1,XBS30199.1,Unavailable,Clostridium autoethanogenum
0.0080871405,0.99191284,-1,XBS30187.1,Unavailable,Clostridium autoethanogenum
0.004750823,0.99524915,-1,XBS30181.1,Unavailable,Clostridium autoethanogenum
0.00559152,0.9944084,-1,XBS30192.1,Unavailable,Clostridium autoethanogenum
0.003830294,0.99616975,-1,XBS30182.1,Unavailable,Clostridium autoethanogenum
0.00816536,0.99183464,-1,XBS30196.1,Unavailable,Clostridium autoethanogenum
0.0046636905,0.99533635,-1,XBS30190.1,Unavailable,Clostridium autoethanogenum
0.997437,0.0025629443,-1,XBS30178.1,Unavailable,Clostridium autoethanogenum
0.0056988234,0.9943012,-1,XBS30195.1,Unavailable,Clostridium autoethanogenum
0.010513744,0.9894862,-1,XBS30197.1,Unavailable,Clostridium autoethanogenum
0.009569603,0.9904304,-1,XBS30184.1,Unavailable,Clostridium autoethanogenum
0.9995259,0.0004740849,-1,XBS30198.1,Unavailable,Clostridium autoethanogenum
0.007641815,0.99235815,-1,XBS30193.1,Unavailable,Clostridium autoethanogenum
0.9982443,0.0017557447,-1,XBS30188.1,Unavailable,Clostridium autoethanogenum
0.99958676,0.0004133009,-1,XBS30183.1,Unavailable,Clostridium autoethanogenum
0.99885654,0.0011434157,-1,XBS30214.1,Unavailable,Clostridium autoethanogenum
0.9987337,0.0012662978,-1,XBS30213.1,Unavailable,Clostridium autoethanogenum
0.9988065,0.0011935561,-1,XBS30209.1,Unavailable,Clostridium autoethanogenum
0.99884015,0.0011598615,-1,XBS30208.1,Unavailable,Clostridium autoethanogenum
0.99884015,0.0011598615,-1,XBS30221.1,Unavailable,Clostridium autoethanogenum
0.007044877,0.99295515,-1,XBS30203.1,Unavailable,Clostridium autoethanogenum
0.0061277705,0.9938723,-1,XBS30217.1,Unavailable,Clostridium autoethanogenum
0.008413872,0.9915861,-1,XBS30200.1,Unavailable,Clostridium autoethanogenum
0.998642,0.0013580265,-1,XBS30222.1,Unavailable,Clostridium autoethanogenum
0.006608949,0.99339104,-1,XBS30206.1,Unavailable,Clostridium autoethanogenum
0.007517394,0.9924826,-1,XBS30205.1,Unavailable,Clostridium autoethanogenum
0.9960944,0.0039056484,-1,XBS30219.1,Unavailable,Clostridium autoethanogenum
0.99036753,0.009632468,-1,XBS30223.1,Unavailable,Clostridium autoethanogenum
0.0093598105,0.99064016,-1,XBS30216.1,Unavailable,Clostridium autoethanogenum
0.007632947,0.9923671,-1,XBS30210.1,Unavailable,Clostridium autoethanogenum
0.005033629,0.9949663,-1,XBS30218.1,Unavailable,Clostridium autoethanogenum
0.007980436,0.9920196,-1,XBS30211.1,Unavailable,Clostridium autoethanogenum
0.99821645,0.001783531,-1,XBS30215.1,Unavailable,Clostridium autoethanogenum
0.00364043,0.9963595,-1,XBS30201.1,Unavailable,Clostridium autoethanogenum
0.009903779,0.9900962,-1,XBS30207.1,Unavailable,Clostridium autoethanogenum
0.0041599614,0.9958401,-1,XBS30204.1,Unavailable,Clostridium autoethanogenum
0.00882092,0.99117905,-1,XBS30202.1,Unavailable,Clostridium autoethanogenum
0.31031847,0.6896816,-1,XBS30212.1,Unavailable,Clostridium autoethanogenum
0.99923575,0.0007642563,-1,XBS30346.1,Unavailable,Clostridium autoethanogenum
0.99758446,0.0024155383,-1,XBS30220.1,Unavailable,Clostridium autoethanogenum
0.9988562,0.0011438051,-1,XBS30232.1,Unavailable,Clostridium autoethanogenum
0.9987728,0.0012272408,-1,XBS30248.1,Unavailable,Clostridium autoethanogenum
0.991569,0.00843108,-1,XBS30237.1,Unavailable,Clostridium autoethanogenum
0.9978878,0.0021121828,-1,XBS30245.1,Unavailable,Clostridium autoethanogenum
0.99918824,0.00081177265,-1,XBS30240.1,Unavailable,Clostridium autoethanogenum
0.996443,0.003557064,-1,XBS30247.1,Unavailable,Clostridium autoethanogenum
0.9981578,0.0018422313,-1,XBS30226.1,Unavailable,Clostridium autoethanogenum
0.9989729,0.0010271573,-1,XBS30239.1,Unavailable,Clostridium autoethanogenum
0.99897707,0.0010229151,-1,XBS30238.1,Unavailable,Clostridium autoethanogenum
0.99814534,0.0018546191,-1,XBS30231.1,Unavailable,Clostridium autoethanogenum
0.9570959,0.04290406,-1,XBS30228.1,Unavailable,Clostridium autoethanogenum
0.9980757,0.0019242713,-1,XBS30230.1,Unavailable,Clostridium autoethanogenum
0.99871635,0.0012837052,-1,XBS30233.1,Unavailable,Clostridium autoethanogenum
0.9985946,0.0014054545,-1,XBS30243.1,Unavailable,Clostridium autoethanogenum
0.99741995,0.0025800962,-1,XBS30242.1,Unavailable,Clostridium autoethanogenum
0.85216826,0.14783171,-1,XBS30224.1,Unavailable,Clostridium autoethanogenum
0.99844956,0.0015504202,-1,XBS30244.1,Unavailable,Clostridium autoethanogenum
0.9984068,0.0015932079,-1,XBS30227.1,Unavailable,Clostridium autoethanogenum
0.9990459,0.00095407874,-1,XBS30234.1,Unavailable,Clostridium autoethanogenum
0.99515045,0.0048495107,-1,XBS30246.1,Unavailable,Clostridium autoethanogenum
0.9961718,0.003828233,-1,XBS30235.1,Unavailable,Clostridium autoethanogenum
0.9988938,0.0011062835,-1,XBS30241.1,Unavailable,Clostridium autoethanogenum
0.041870184,0.9581299,-1,XBS30225.1,Unavailable,Clostridium autoethanogenum
0.99893445,0.0010655267,-1,XBS30229.1,Unavailable,Clostridium autoethanogenum
0.9990759,0.0009240958,-1,XBS30236.1,Unavailable,Clostridium autoethanogenum
0.9987772,0.0012227724,-1,XBS30259.1,Unavailable,Clostridium autoethanogenum
0.99902534,0.00097462756,-1,XBS30256.1,Unavailable,Clostridium autoethanogenum
0.997405,0.0025949737,-1,XBS30255.1,Unavailable,Clostridium autoethanogenum
0.9991629,0.000837121,-1,XBS30262.1,Unavailable,Clostridium autoethanogenum
0.9986517,0.0013483228,-1,XBS30268.1,Unavailable,Clostridium autoethanogenum
0.9984781,0.0015218823,-1,XBS30265.1,Unavailable,Clostridium autoethanogenum
0.999134,0.00086597016,-1,XBS30261.1,Unavailable,Clostridium autoethanogenum
0.9975841,0.0024158736,-1,XBS30271.1,Unavailable,Clostridium autoethanogenum
0.9990318,0.0009682286,-1,XBS30258.1,Unavailable,Clostridium autoethanogenum
0.9991767,0.0008233173,-1,XBS30264.1,Unavailable,Clostridium autoethanogenum
0.99648166,0.003518307,-1,XBS30267.1,Unavailable,Clostridium autoethanogenum
0.99918383,0.00081612257,-1,XBS30270.1,Unavailable,Clostridium autoethanogenum
0.9994074,0.0005925814,-1,XBS30263.1,Unavailable,Clostridium autoethanogenum
0.9983398,0.0016601896,-1,XBS30272.1,Unavailable,Clostridium autoethanogenum
0.9988667,0.0011333923,-1,XBS30260.1,Unavailable,Clostridium autoethanogenum
0.9973182,0.002681735,-1,XBS30257.1,Unavailable,Clostridium autoethanogenum
0.9742288,0.025771154,-1,XBS30249.1,Unavailable,Clostridium autoethanogenum
0.99909747,0.0009025881,-1,XBS30251.1,Unavailable,Clostridium autoethanogenum
0.99945384,0.00054611656,-1,XBS30273.1,Unavailable,Clostridium autoethanogenum
0.99920803,0.0007920242,-1,XBS30269.1,Unavailable,Clostridium autoethanogenum
0.99523276,0.0047671744,-1,XBS30252.1,Unavailable,Clostridium autoethanogenum
0.99514645,0.004853565,-1,XBS30266.1,Unavailable,Clostridium autoethanogenum
0.83741665,0.16258332,-1,XBS30254.1,Unavailable,Clostridium autoethanogenum
0.9996556,0.00034444444,-1,XBS30250.1,Unavailable,Clostridium autoethanogenum
0.009857494,0.99014246,-1,XBS30253.1,Unavailable,Clostridium autoethanogenum
0.9986046,0.0013953699,-1,XBS30281.1,Unavailable,Clostridium autoethanogenum
0.99918514,0.00081483583,-1,XBS26531.1,Unavailable,Clostridium autoethanogenum
0.99837434,0.001625637,-1,XBS26532.1,Unavailable,Clostridium autoethanogenum
0.9990356,0.0009644754,-1,XBS26541.1,Unavailable,Clostridium autoethanogenum
0.9989347,0.001065273,-1,XBS30284.1,Unavailable,Clostridium autoethanogenum
0.99929094,0.00070897816,-1,XBS26537.1,Unavailable,Clostridium autoethanogenum
0.99840397,0.0015960237,-1,XBS30276.1,Unavailable,Clostridium autoethanogenum
0.9993513,0.0006487203,-1,XBS30277.1,Unavailable,Clostridium autoethanogenum
0.9993981,0.00060185906,-1,XBS26538.1,Unavailable,Clostridium autoethanogenum
0.9970796,0.002920403,-1,XBS30275.1,Unavailable,Clostridium autoethanogenum
0.9978654,0.0021346724,-1,XBS30278.1,Unavailable,Clostridium autoethanogenum
0.99910766,0.0008922681,-1,XBS26536.1,Unavailable,Clostridium autoethanogenum
0.99902165,0.0009783779,-1,XBS26540.1,Unavailable,Clostridium autoethanogenum
0.99912137,0.0008786194,-1,XBS26539.1,Unavailable,Clostridium autoethanogenum
0.99887115,0.0011288701,-1,XBS30280.1,Unavailable,Clostridium autoethanogenum
0.9981792,0.0018208041,-1,XBS30285.1,Unavailable,Clostridium autoethanogenum
0.9991105,0.000889408,-1,XBS30274.1,Unavailable,Clostridium autoethanogenum
0.99951947,0.00048056486,-1,XBS30279.1,Unavailable,Clostridium autoethanogenum
0.99575424,0.0042457515,-1,XBS30282.1,Unavailable,Clostridium autoethanogenum
0.9971934,0.0028065725,-1,XBS30287.1,Unavailable,Clostridium autoethanogenum
0.9977677,0.0022323306,-1,XBS26534.1,Unavailable,Clostridium autoethanogenum
0.9992779,0.0007221574,-1,XBS26535.1,Unavailable,Clostridium autoethanogenum
0.99675757,0.0032424757,-1,XBS26533.1,Unavailable,Clostridium autoethanogenum
0.9992391,0.0007609729,-1,XBS30283.1,Unavailable,Clostridium autoethanogenum
0.9989518,0.0010481436,-1,XBS30286.1,Unavailable,Clostridium autoethanogenum
0.99941194,0.0005881285,-1,XBS26558.1,Unavailable,Clostridium autoethanogenum
0.9989832,0.0010167543,-1,XBS26560.1,Unavailable,Clostridium autoethanogenum
0.99898344,0.0010165345,-1,XBS26564.1,Unavailable,Clostridium autoethanogenum
0.9985973,0.0014026732,-1,XBS26557.1,Unavailable,Clostridium autoethanogenum
0.9981945,0.001805442,-1,XBS26544.1,Unavailable,Clostridium autoethanogenum
0.9498253,0.050174665,-1,XBS26561.1,Unavailable,Clostridium autoethanogenum
0.9989003,0.0010996608,-1,XBS26555.1,Unavailable,Clostridium autoethanogenum
0.9992279,0.0007721356,-1,XBS26562.1,Unavailable,Clostridium autoethanogenum
0.99851936,0.0014806059,-1,XBS26563.1,Unavailable,Clostridium autoethanogenum
0.9988997,0.0011002355,-1,XBS26550.1,Unavailable,Clostridium autoethanogenum
0.96162975,0.038370263,-1,XBS26551.1,Unavailable,Clostridium autoethanogenum
0.99915195,0.0008480892,-1,XBS26552.1,Unavailable,Clostridium autoethanogenum
0.998757,0.001242945,-1,XBS26548.1,Unavailable,Clostridium autoethanogenum
0.9988368,0.0011632434,-1,XBS26546.1,Unavailable,Clostridium autoethanogenum
0.9981212,0.0018787256,-1,XBS26547.1,Unavailable,Clostridium autoethanogenum
0.99889636,0.0011036546,-1,XBS26553.1,Unavailable,Clostridium autoethanogenum
0.9811219,0.018878046,-1,XBS26556.1,Unavailable,Clostridium autoethanogenum
0.9994838,0.0005161347,-1,XBS26545.1,Unavailable,Clostridium autoethanogenum
0.9989668,0.0010331635,-1,XBS26543.1,Unavailable,Clostridium autoethanogenum
0.99904424,0.00095570995,-1,XBS26549.1,Unavailable,Clostridium autoethanogenum
0.99868387,0.001316115,-1,XBS26542.1,Unavailable,Clostridium autoethanogenum
0.99923015,0.0007698903,-1,XBS26565.1,Unavailable,Clostridium autoethanogenum
0.9990212,0.0009787787,-1,XBS26554.1,Unavailable,Clostridium autoethanogenum
0.99851733,0.0014826213,-1,XBS26566.1,Unavailable,Clostridium autoethanogenum
0.9986374,0.0013625855,-1,XBS26559.1,Unavailable,Clostridium autoethanogenum
0.99910825,0.0008916719,-1,XBS26571.1,Unavailable,Clostridium autoethanogenum
0.9993494,0.0006506137,-1,XBS26583.1,Unavailable,Clostridium autoethanogenum
0.99880505,0.0011949684,-1,XBS26577.1,Unavailable,Clostridium autoethanogenum
0.9994772,0.0005227883,-1,XBS26573.1,Unavailable,Clostridium autoethanogenum
0.99780625,0.002193724,-1,XBS26574.1,Unavailable,Clostridium autoethanogenum
0.9975222,0.002477801,-1,XBS26575.1,Unavailable,Clostridium autoethanogenum
0.99927837,0.0007216948,-1,XBS26589.1,Unavailable,Clostridium autoethanogenum
0.9992391,0.00076091813,-1,XBS26581.1,Unavailable,Clostridium autoethanogenum
0.999164,0.0008360783,-1,XBS26582.1,Unavailable,Clostridium autoethanogenum
0.99864763,0.0013523707,-1,XBS26572.1,Unavailable,Clostridium autoethanogenum
0.99895394,0.0010460198,-1,XBS26579.1,Unavailable,Clostridium autoethanogenum
0.99894255,0.001057442,-1,XBS26578.1,Unavailable,Clostridium autoethanogenum
0.99885213,0.0011478645,-1,XBS26576.1,Unavailable,Clostridium autoethanogenum
0.9994904,0.00050965225,-1,XBS26567.1,Unavailable,Clostridium autoethanogenum
0.9989944,0.0010055527,-1,XBS30347.1,Unavailable,Clostridium autoethanogenum
0.9993761,0.00062387355,-1,XBS30348.1,Unavailable,Clostridium autoethanogenum
0.9993924,0.0006075779,-1,XBS26585.1,Unavailable,Clostridium autoethanogenum
0.9988696,0.0011303307,-1,XBS26584.1,Unavailable,Clostridium autoethanogenum
0.9991559,0.0008441076,-1,XBS26568.1,Unavailable,Clostridium autoethanogenum
0.9994074,0.0005926371,-1,XBS26570.1,Unavailable,Clostridium autoethanogenum
0.9982728,0.001727267,-1,XBS26587.1,Unavailable,Clostridium autoethanogenum
0.99825865,0.00174131,-1,XBS26588.1,Unavailable,Clostridium autoethanogenum
0.99945205,0.0005479316,-1,XBS26569.1,Unavailable,Clostridium autoethanogenum
0.9956899,0.004310052,-1,XBS26586.1,Unavailable,Clostridium autoethanogenum
0.99899393,0.0010060574,-1,XBS26580.1,Unavailable,Clostridium autoethanogenum
0.9892558,0.010744241,-1,XBS26592.1,Unavailable,Clostridium autoethanogenum
0.986259,0.013741034,-1,XBS26590.1,Unavailable,Clostridium autoethanogenum
0.99830294,0.0016970377,-1,XBS26609.1,Unavailable,Clostridium autoethanogenum
0.998713,0.0012869769,-1,XBS26610.1,Unavailable,Clostridium autoethanogenum
0.9988041,0.0011959015,-1,XBS26601.1,Unavailable,Clostridium autoethanogenum
0.99839324,0.001606686,-1,XBS26593.1,Unavailable,Clostridium autoethanogenum
0.99836296,0.0016370259,-1,XBS26599.1,Unavailable,Clostridium autoethanogenum
0.99942017,0.0005798395,-1,XBS26605.1,Unavailable,Clostridium autoethanogenum
0.99864453,0.0013554874,-1,XBS26607.1,Unavailable,Clostridium autoethanogenum
0.99904746,0.0009524997,-1,XBS26606.1,Unavailable,Clostridium autoethanogenum
0.9989887,0.0010112812,-1,XBS26608.1,Unavailable,Clostridium autoethanogenum
0.9987143,0.0012857314,-1,XBS26612.1,Unavailable,Clostridium autoethanogenum
0.50057644,0.49942356,-1,XBS26611.1,Unavailable,Clostridium autoethanogenum
0.99856985,0.001430106,-1,XBS26602.1,Unavailable,Clostridium autoethanogenum
0.99941564,0.00058442703,-1,XBS26604.1,Unavailable,Clostridium autoethanogenum
0.011585135,0.9884149,-1,XBS26591.1,Unavailable,Clostridium autoethanogenum
0.9986217,0.0013783297,-1,XBS26596.1,Unavailable,Clostridium autoethanogenum
0.004036758,0.9959632,-1,XBS26614.1,Unavailable,Clostridium autoethanogenum
0.99856704,0.0014329314,-1,XBS26594.1,Unavailable,Clostridium autoethanogenum
0.008915528,0.99108446,-1,XBS26597.1,Unavailable,Clostridium autoethanogenum
0.0080528585,0.9919471,-1,XBS26595.1,Unavailable,Clostridium autoethanogenum
0.9947901,0.005209968,-1,XBS26600.1,Unavailable,Clostridium autoethanogenum
0.9993376,0.00066236936,-1,XBS26603.1,Unavailable,Clostridium autoethanogenum
0.9992052,0.0007948853,-1,XBS26598.1,Unavailable,Clostridium autoethanogenum
0.99954516,0.00045485995,-1,XBS26613.1,Unavailable,Clostridium autoethanogenum
0.998869,0.0011309361,-1,XBS26624.1,Unavailable,Clostridium autoethanogenum
0.99832994,0.0016700185,-1,XBS26621.1,Unavailable,Clostridium autoethanogenum
0.9978834,0.002116559,-1,XBS30349.1,Unavailable,Clostridium autoethanogenum
0.99795854,0.0020414693,-1,XBS26625.1,Unavailable,Clostridium autoethanogenum
0.99910384,0.00089615333,-1,XBS26616.1,Unavailable,Clostridium autoethanogenum
0.9989184,0.0010815575,-1,XBS26627.1,Unavailable,Clostridium autoethanogenum
0.99696964,0.0030304226,-1,XBS26628.1,Unavailable,Clostridium autoethanogenum
0.9990415,0.0009585132,-1,XBS26617.1,Unavailable,Clostridium autoethanogenum
0.999081,0.0009189488,-1,XBS26619.1,Unavailable,Clostridium autoethanogenum
0.99559623,0.0044037336,-1,XBS26631.1,Unavailable,Clostridium autoethanogenum
0.9988165,0.0011835361,-1,XBS26637.1,Unavailable,Clostridium autoethanogenum
0.88828987,0.111710094,-1,XBS26636.1,Unavailable,Clostridium autoethanogenum
0.9991142,0.00088577275,-1,XBS26629.1,Unavailable,Clostridium autoethanogenum
0.99822026,0.0017796723,-1,XBS26623.1,Unavailable,Clostridium autoethanogenum
0.99408334,0.005916692,-1,XBS26622.1,Unavailable,Clostridium autoethanogenum
0.99582195,0.004178075,-1,XBS26633.1,Unavailable,Clostridium autoethanogenum
0.8890745,0.11092549,-1,XBS26634.1,Unavailable,Clostridium autoethanogenum
0.7516543,0.24834573,-1,XBS26626.1,Unavailable,Clostridium autoethanogenum
0.99679846,0.0032015806,-1,XBS26620.1,Unavailable,Clostridium autoethanogenum
0.9971661,0.0028339347,-1,XBS26638.1,Unavailable,Clostridium autoethanogenum
0.99950516,0.0004948437,-1,XBS26632.1,Unavailable,Clostridium autoethanogenum
0.022333683,0.9776664,-1,XBS26618.1,Unavailable,Clostridium autoethanogenum
0.9993729,0.00062710315,-1,XBS26630.1,Unavailable,Clostridium autoethanogenum
0.9991881,0.00081189495,-1,XBS26635.1,Unavailable,Clostridium autoethanogenum
0.9993436,0.00065636396,-1,XBS26615.1,Unavailable,Clostridium autoethanogenum
0.9991671,0.0008329548,-1,XBS26648.1,Unavailable,Clostridium autoethanogenum
0.998971,0.0010290741,-1,XBS26651.1,Unavailable,Clostridium autoethanogenum
0.05168144,0.9483186,-1,XBS26656.1,Unavailable,Clostridium autoethanogenum
0.99640214,0.0035978218,-1,XBS26660.1,Unavailable,Clostridium autoethanogenum
0.9983884,0.0016116658,-1,XBS26661.1,Unavailable,Clostridium autoethanogenum
0.99565566,0.004344303,-1,XBS26642.1,Unavailable,Clostridium autoethanogenum
0.9988649,0.0011351319,-1,XBS26647.1,Unavailable,Clostridium autoethanogenum
0.9990872,0.0009128107,-1,XBS26649.1,Unavailable,Clostridium autoethanogenum
0.99854136,0.0014587173,-1,XBS26659.1,Unavailable,Clostridium autoethanogenum
0.6155199,0.3844801,-1,XBS26658.1,Unavailable,Clostridium autoethanogenum
0.99848664,0.0015133432,-1,XBS26646.1,Unavailable,Clostridium autoethanogenum
0.9965604,0.0034396085,-1,XBS26643.1,Unavailable,Clostridium autoethanogenum
0.9993728,0.0006272666,-1,XBS26639.1,Unavailable,Clostridium autoethanogenum
0.9986094,0.0013905758,-1,XBS26653.1,Unavailable,Clostridium autoethanogenum
0.9988067,0.0011932793,-1,XBS26644.1,Unavailable,Clostridium autoethanogenum
0.9893283,0.010671654,-1,XBS26641.1,Unavailable,Clostridium autoethanogenum
0.9981791,0.0018209299,-1,XBS26652.1,Unavailable,Clostridium autoethanogenum
0.996497,0.003503104,-1,XBS26657.1,Unavailable,Clostridium autoethanogenum
0.9979925,0.0020075245,-1,XBS26663.1,Unavailable,Clostridium autoethanogenum
0.99958247,0.00041749515,-1,XBS26640.1,Unavailable,Clostridium autoethanogenum
0.999213,0.00078702223,-1,XBS26662.1,Unavailable,Clostridium autoethanogenum
0.9987338,0.001266153,-1,XBS26655.1,Unavailable,Clostridium autoethanogenum
0.99239963,0.007600338,-1,XBS26654.1,Unavailable,Clostridium autoethanogenum
0.99914217,0.00085775787,-1,XBS26650.1,Unavailable,Clostridium autoethanogenum
0.998863,0.0011370925,-1,XBS26645.1,Unavailable,Clostridium autoethanogenum
0.9994485,0.00055151765,-1,XBS26668.1,Unavailable,Clostridium autoethanogenum
0.99936277,0.0006372628,-1,XBS26686.1,Unavailable,Clostridium autoethanogenum
0.9985353,0.0014647737,-1,XBS26678.1,Unavailable,Clostridium autoethanogenum
0.99933463,0.00066537946,-1,XBS26673.1,Unavailable,Clostridium autoethanogenum
0.99862444,0.0013755666,-1,XBS26669.1,Unavailable,Clostridium autoethanogenum
0.9990964,0.0009036008,-1,XBS26665.1,Unavailable,Clostridium autoethanogenum
0.99785775,0.0021422396,-1,XBS26682.1,Unavailable,Clostridium autoethanogenum
0.9992557,0.0007442895,-1,XBS26683.1,Unavailable,Clostridium autoethanogenum
0.99891293,0.0010870964,-1,XBS26667.1,Unavailable,Clostridium autoethanogenum
0.9991542,0.00084578106,-1,XBS26674.1,Unavailable,Clostridium autoethanogenum
0.9990723,0.0009276708,-1,XBS26676.1,Unavailable,Clostridium autoethanogenum
0.99889946,0.0011005381,-1,XBS26670.1,Unavailable,Clostridium autoethanogenum
0.99924976,0.000750276,-1,XBS26675.1,Unavailable,Clostridium autoethanogenum
0.9991328,0.000867186,-1,XBS26672.1,Unavailable,Clostridium autoethanogenum
0.9988782,0.0011217601,-1,XBS26671.1,Unavailable,Clostridium autoethanogenum
0.99926203,0.0007379913,-1,XBS26666.1,Unavailable,Clostridium autoethanogenum
0.9991271,0.00087297655,-1,XBS26680.1,Unavailable,Clostridium autoethanogenum
0.99912816,0.0008718784,-1,XBS26681.1,Unavailable,Clostridium autoethanogenum
0.9995005,0.0004994662,-1,XBS26684.1,Unavailable,Clostridium autoethanogenum
0.9979236,0.00207638,-1,XBS26664.1,Unavailable,Clostridium autoethanogenum
0.9992931,0.0007069379,-1,XBS26677.1,Unavailable,Clostridium autoethanogenum
0.99916565,0.0008343309,-1,XBS30350.1,Unavailable,Clostridium autoethanogenum
0.99926716,0.0007328451,-1,XBS30351.1,Unavailable,Clostridium autoethanogenum
0.9979703,0.0020297233,-1,XBS26679.1,Unavailable,Clostridium autoethanogenum
0.9984692,0.0015307689,-1,XBS26685.1,Unavailable,Clostridium autoethanogenum
0.9990369,0.00096310716,-1,XBS26704.1,Unavailable,Clostridium autoethanogenum
0.99905974,0.0009402286,-1,XBS26702.1,Unavailable,Clostridium autoethanogenum
0.99887484,0.0011250878,-1,XBS26698.1,Unavailable,Clostridium autoethanogenum
0.9989386,0.0010613741,-1,XBS26709.1,Unavailable,Clostridium autoethanogenum
0.9980369,0.0019631193,-1,XBS26696.1,Unavailable,Clostridium autoethanogenum
0.99900824,0.0009918319,-1,XBS26705.1,Unavailable,Clostridium autoethanogenum
0.9988416,0.0011584398,-1,XBS26706.1,Unavailable,Clostridium autoethanogenum
0.9987739,0.0012260565,-1,XBS26707.1,Unavailable,Clostridium autoethanogenum
0.9975606,0.0024394311,-1,XBS26699.1,Unavailable,Clostridium autoethanogenum
0.9994886,0.00051132846,-1,XBS26697.1,Unavailable,Clostridium autoethanogenum
0.99898094,0.0010189886,-1,XBS26693.1,Unavailable,Clostridium autoethanogenum
0.99911994,0.0008800181,-1,XBS26710.1,Unavailable,Clostridium autoethanogenum
0.9871881,0.012811935,-1,XBS26690.1,Unavailable,Clostridium autoethanogenum
0.9994802,0.00051987387,-1,XBS26701.1,Unavailable,Clostridium autoethanogenum
0.99836403,0.001635918,-1,XBS26692.1,Unavailable,Clostridium autoethanogenum
0.99874914,0.00125088,-1,XBS26703.1,Unavailable,Clostridium autoethanogenum
0.99893445,0.0010655642,-1,XBS26688.1,Unavailable,Clostridium autoethanogenum
0.9971559,0.0028441332,-1,XBS26708.1,Unavailable,Clostridium autoethanogenum
0.9994172,0.00058282836,-1,XBS26691.1,Unavailable,Clostridium autoethanogenum
0.9950983,0.0049017104,-1,XBS26700.1,Unavailable,Clostridium autoethanogenum
0.99828786,0.001712135,-1,XBS26687.1,Unavailable,Clostridium autoethanogenum
0.99935836,0.0006416074,-1,XBS26689.1,Unavailable,Clostridium autoethanogenum
0.99769837,0.0023016226,-1,XBS30352.1,Unavailable,Clostridium autoethanogenum
0.9977191,0.0022808772,-1,XBS26695.1,Unavailable,Clostridium autoethanogenum
0.99881184,0.0011882348,-1,XBS26694.1,Unavailable,Clostridium autoethanogenum
0.99935573,0.00064427103,-1,XBS26713.1,Unavailable,Clostridium autoethanogenum
0.99868983,0.0013101344,-1,XBS26715.1,Unavailable,Clostridium autoethanogenum
0.9992798,0.00072024233,-1,XBS30354.1,Unavailable,Clostridium autoethanogenum
0.99916756,0.00083242945,-1,XBS30353.1,Unavailable,Clostridium autoethanogenum
0.9981604,0.0018396263,-1,XBS26724.1,Unavailable,Clostridium autoethanogenum
0.99941206,0.0005879468,-1,XBS26716.1,Unavailable,Clostridium autoethanogenum
0.99942774,0.0005722694,-1,XBS26714.1,Unavailable,Clostridium autoethanogenum
0.9993237,0.0006762854,-1,XBS26711.1,Unavailable,Clostridium autoethanogenum
0.99933076,0.0006692161,-1,XBS26717.1,Unavailable,Clostridium autoethanogenum
0.9990382,0.0009617771,-1,XBS26718.1,Unavailable,Clostridium autoethanogenum
0.99888784,0.0011121882,-1,XBS26727.1,Unavailable,Clostridium autoethanogenum
0.9991732,0.0008267829,-1,XBS26722.1,Unavailable,Clostridium autoethanogenum
0.9994542,0.0005458536,-1,XBS26721.1,Unavailable,Clostridium autoethanogenum
0.9787901,0.021209849,-1,XBS26728.1,Unavailable,Clostridium autoethanogenum
0.9994678,0.00053217233,-1,XBS26732.1,Unavailable,Clostridium autoethanogenum
0.99879515,0.0012047675,-1,XBS26731.1,Unavailable,Clostridium autoethanogenum
0.9874534,0.012546608,-1,XBS26733.1,Unavailable,Clostridium autoethanogenum
0.9979157,0.002084315,-1,XBS26719.1,Unavailable,Clostridium autoethanogenum
0.9987857,0.0012143863,-1,XBS26712.1,Unavailable,Clostridium autoethanogenum
0.998638,0.0013619756,-1,XBS26725.1,Unavailable,Clostridium autoethanogenum
0.99894005,0.0010599518,-1,XBS26720.1,Unavailable,Clostridium autoethanogenum
0.99831164,0.0016883628,-1,XBS26726.1,Unavailable,Clostridium autoethanogenum
0.9988656,0.0011344337,-1,XBS26723.1,Unavailable,Clostridium autoethanogenum
0.9989436,0.0010563852,-1,XBS26729.1,Unavailable,Clostridium autoethanogenum
0.9991333,0.00086678256,-1,XBS26730.1,Unavailable,Clostridium autoethanogenum
0.2580424,0.7419576,-1,XBS26753.1,Unavailable,Clostridium autoethanogenum
0.99819225,0.0018077983,-1,XBS26746.1,Unavailable,Clostridium autoethanogenum
0.9982153,0.0017846868,-1,XBS26747.1,Unavailable,Clostridium autoethanogenum
0.33472475,0.6652753,-1,XBS30355.1,Unavailable,Clostridium autoethanogenum
0.99865353,0.001346418,-1,XBS26736.1,Unavailable,Clostridium autoethanogenum
0.99874854,0.0012514001,-1,XBS26755.1,Unavailable,Clostridium autoethanogenum
0.9988055,0.0011944876,-1,XBS26735.1,Unavailable,Clostridium autoethanogenum
0.99913615,0.00086390815,-1,XBS26744.1,Unavailable,Clostridium autoethanogenum
0.9992016,0.0007984342,-1,XBS26745.1,Unavailable,Clostridium autoethanogenum
0.0154073825,0.9845926,-1,XBS26757.1,Unavailable,Clostridium autoethanogenum
0.983223,0.016776958,-1,XBS26734.1,Unavailable,Clostridium autoethanogenum
0.9986475,0.0013525279,-1,XBS26754.1,Unavailable,Clostridium autoethanogenum
0.99888104,0.0011190088,-1,XBS26738.1,Unavailable,Clostridium autoethanogenum
0.9993444,0.000655632,-1,XBS26739.1,Unavailable,Clostridium autoethanogenum
0.99555296,0.004446975,-1,XBS26741.1,Unavailable,Clostridium autoethanogenum
0.9988176,0.0011823592,-1,XBS26740.1,Unavailable,Clostridium autoethanogenum
0.9989171,0.0010829617,-1,XBS26752.1,Unavailable,Clostridium autoethanogenum
0.9990194,0.0009805633,-1,XBS26750.1,Unavailable,Clostridium autoethanogenum
0.042420443,0.9575796,-1,XBS26756.1,Unavailable,Clostridium autoethanogenum
0.9990158,0.0009841833,-1,XBS26751.1,Unavailable,Clostridium autoethanogenum
0.9991906,0.00080939056,-1,XBS26742.1,Unavailable,Clostridium autoethanogenum
0.99687093,0.00312902,-1,XBS26737.1,Unavailable,Clostridium autoethanogenum
0.9994493,0.000550726,-1,XBS26749.1,Unavailable,Clostridium autoethanogenum
0.99942434,0.00057570724,-1,XBS26748.1,Unavailable,Clostridium autoethanogenum
0.9626799,0.03732008,-1,XBS26743.1,Unavailable,Clostridium autoethanogenum
0.99855393,0.0014460054,-1,XBS26772.1,Unavailable,Clostridium autoethanogenum
0.010059047,0.98994094,-1,XBS26769.1,Unavailable,Clostridium autoethanogenum
0.9996099,0.00039016863,-1,XBS26764.1,Unavailable,Clostridium autoethanogenum
0.9991128,0.00088723877,-1,XBS26768.1,Unavailable,Clostridium autoethanogenum
0.99867696,0.00132303,-1,XBS26776.1,Unavailable,Clostridium autoethanogenum
0.99918896,0.0008110103,-1,XBS26758.1,Unavailable,Clostridium autoethanogenum
0.98031825,0.019681683,-1,XBS30356.1,Unavailable,Clostridium autoethanogenum
0.998868,0.001132049,-1,XBS26777.1,Unavailable,Clostridium autoethanogenum
0.9995466,0.000453352,-1,XBS26778.1,Unavailable,Clostridium autoethanogenum
0.9991868,0.00081313873,-1,XBS26773.1,Unavailable,Clostridium autoethanogenum
0.9993006,0.00069940044,-1,XBS26779.1,Unavailable,Clostridium autoethanogenum
0.99938977,0.0006101832,-1,XBS26770.1,Unavailable,Clostridium autoethanogenum
0.99889165,0.0011083669,-1,XBS26760.1,Unavailable,Clostridium autoethanogenum
0.9974324,0.002567554,-1,XBS26761.1,Unavailable,Clostridium autoethanogenum
0.9993315,0.0006685283,-1,XBS26781.1,Unavailable,Clostridium autoethanogenum
0.9985611,0.0014389036,-1,XBS26767.1,Unavailable,Clostridium autoethanogenum
0.99782,0.0021799598,-1,XBS26775.1,Unavailable,Clostridium autoethanogenum
0.99906117,0.00093885366,-1,XBS26771.1,Unavailable,Clostridium autoethanogenum
0.99956495,0.0004350412,-1,XBS26759.1,Unavailable,Clostridium autoethanogenum
0.99910825,0.0008917501,-1,XBS26765.1,Unavailable,Clostridium autoethanogenum
0.9975732,0.0024267775,-1,XBS26766.1,Unavailable,Clostridium autoethanogenum
0.50202686,0.4979731,-1,XBS26774.1,Unavailable,Clostridium autoethanogenum
0.9890498,0.010950163,-1,XBS26780.1,Unavailable,Clostridium autoethanogenum
0.9992017,0.00079834374,-1,XBS26762.1,Unavailable,Clostridium autoethanogenum
0.9971673,0.0028326802,-1,XBS26763.1,Unavailable,Clostridium autoethanogenum
0.99205714,0.007942893,-1,XBS26788.1,Unavailable,Clostridium autoethanogenum
0.9988686,0.0011314155,-1,XBS26791.1,Unavailable,Clostridium autoethanogenum
0.99894017,0.0010598535,-1,XBS26796.1,Unavailable,Clostridium autoethanogenum
0.9967194,0.0032805526,-1,XBS26786.1,Unavailable,Clostridium autoethanogenum
0.9988336,0.0011664006,-1,XBS26790.1,Unavailable,Clostridium autoethanogenum
0.8355599,0.1644401,-1,XBS26798.1,Unavailable,Clostridium autoethanogenum
0.99798584,0.0020141003,-1,XBS26794.1,Unavailable,Clostridium autoethanogenum
0.999129,0.0008709625,-1,XBS26793.1,Unavailable,Clostridium autoethanogenum
0.9993819,0.0006180768,-1,XBS26783.1,Unavailable,Clostridium autoethanogenum
0.9991197,0.00088035496,-1,XBS26802.1,Unavailable,Clostridium autoethanogenum
0.9984561,0.0015438762,-1,XBS26800.1,Unavailable,Clostridium autoethanogenum
0.99925226,0.0007477678,-1,XBS26782.1,Unavailable,Clostridium autoethanogenum
0.99882156,0.0011784734,-1,XBS26784.1,Unavailable,Clostridium autoethanogenum
0.999092,0.00090803264,-1,XBS26785.1,Unavailable,Clostridium autoethanogenum
0.99895716,0.0010427771,-1,XBS26801.1,Unavailable,Clostridium autoethanogenum
0.9988366,0.0011634007,-1,XBS26789.1,Unavailable,Clostridium autoethanogenum
0.9990656,0.0009344798,-1,XBS26787.1,Unavailable,Clostridium autoethanogenum
0.9994611,0.0005388718,-1,XBS26804.1,Unavailable,Clostridium autoethanogenum
0.99827814,0.0017218825,-1,XBS26792.1,Unavailable,Clostridium autoethanogenum
0.99958473,0.00041527356,-1,XBS26803.1,Unavailable,Clostridium autoethanogenum
0.9989151,0.0010849216,-1,XBS26795.1,Unavailable,Clostridium autoethanogenum
0.9990663,0.00093369343,-1,XBS26797.1,Unavailable,Clostridium autoethanogenum
0.99009246,0.009907487,-1,XBS30358.1,Unavailable,Clostridium autoethanogenum
0.9805517,0.019448297,-1,XBS30357.1,Unavailable,Clostridium autoethanogenum
0.013491768,0.98650825,-1,XBS26799.1,Unavailable,Clostridium autoethanogenum
0.96022356,0.039776497,-1,XBS26829.1,Unavailable,Clostridium autoethanogenum
0.9980744,0.0019255703,-1,XBS26817.1,Unavailable,Clostridium autoethanogenum
0.9988158,0.0011842787,-1,XBS26819.1,Unavailable,Clostridium autoethanogenum
0.9990503,0.0009496231,-1,XBS26822.1,Unavailable,Clostridium autoethanogenum
0.99802196,0.0019781091,-1,XBS26828.1,Unavailable,Clostridium autoethanogenum
0.99940133,0.00059861137,-1,XBS26811.1,Unavailable,Clostridium autoethanogenum
0.9979279,0.0020720675,-1,XBS26805.1,Unavailable,Clostridium autoethanogenum
0.9894739,0.010526124,-1,XBS26823.1,Unavailable,Clostridium autoethanogenum
0.9976647,0.002335342,-1,XBS26826.1,Unavailable,Clostridium autoethanogenum
0.99922645,0.0007735662,-1,XBS26810.1,Unavailable,Clostridium autoethanogenum
0.99818355,0.0018164675,-1,XBS26818.1,Unavailable,Clostridium autoethanogenum
0.99880135,0.0011986734,-1,XBS26821.1,Unavailable,Clostridium autoethanogenum
0.99869376,0.0013062434,-1,XBS26824.1,Unavailable,Clostridium autoethanogenum
0.9988707,0.0011293105,-1,XBS26813.1,Unavailable,Clostridium autoethanogenum
0.9977763,0.0022236616,-1,XBS26808.1,Unavailable,Clostridium autoethanogenum
0.9976311,0.002368929,-1,XBS26827.1,Unavailable,Clostridium autoethanogenum
0.9977465,0.0022534805,-1,XBS26816.1,Unavailable,Clostridium autoethanogenum
0.998978,0.0010219683,-1,XBS26815.1,Unavailable,Clostridium autoethanogenum
0.9992853,0.00071470125,-1,XBS26806.1,Unavailable,Clostridium autoethanogenum
0.99920326,0.0007967991,-1,XBS26807.1,Unavailable,Clostridium autoethanogenum
0.9975746,0.0024253582,-1,XBS26809.1,Unavailable,Clostridium autoethanogenum
0.998874,0.0011259633,-1,XBS26820.1,Unavailable,Clostridium autoethanogenum
0.99923277,0.0007672646,-1,XBS26812.1,Unavailable,Clostridium autoethanogenum
0.99734735,0.002652634,-1,XBS26825.1,Unavailable,Clostridium autoethanogenum
0.9991008,0.0008991957,-1,XBS26814.1,Unavailable,Clostridium autoethanogenum
0.99889106,0.0011089123,-1,XBS26833.1,Unavailable,Clostridium autoethanogenum
0.98877,0.011229946,-1,XBS26845.1,Unavailable,Clostridium autoethanogenum
0.991139,0.008860971,-1,XBS26838.1,Unavailable,Clostridium autoethanogenum
0.9990858,0.0009142111,-1,XBS26840.1,Unavailable,Clostridium autoethanogenum
0.9455463,0.054453705,-1,XBS26853.1,Unavailable,Clostridium autoethanogenum
0.9989428,0.0010571775,-1,XBS26836.1,Unavailable,Clostridium autoethanogenum
0.9989857,0.0010143036,-1,XBS26837.1,Unavailable,Clostridium autoethanogenum
0.9904266,0.009573468,-1,XBS26854.1,Unavailable,Clostridium autoethanogenum
0.99961275,0.00038726782,-1,XBS26835.1,Unavailable,Clostridium autoethanogenum
0.9988568,0.0011431908,-1,XBS26834.1,Unavailable,Clostridium autoethanogenum
0.98795134,0.01204864,-1,XBS26830.1,Unavailable,Clostridium autoethanogenum
0.9989643,0.0010357319,-1,XBS26850.1,Unavailable,Clostridium autoethanogenum
0.9953507,0.004649281,-1,XBS26848.1,Unavailable,Clostridium autoethanogenum
0.99877936,0.0012206545,-1,XBS26843.1,Unavailable,Clostridium autoethanogenum
0.9973694,0.0026306203,-1,XBS26844.1,Unavailable,Clostridium autoethanogenum
0.9988871,0.0011128559,-1,XBS26852.1,Unavailable,Clostridium autoethanogenum
0.99884653,0.0011534138,-1,XBS26842.1,Unavailable,Clostridium autoethanogenum
0.999244,0.0007560303,-1,XBS26831.1,Unavailable,Clostridium autoethanogenum
0.9990308,0.0009691949,-1,XBS26839.1,Unavailable,Clostridium autoethanogenum
0.998917,0.0010830752,-1,XBS26847.1,Unavailable,Clostridium autoethanogenum
0.9991936,0.0008064428,-1,XBS26849.1,Unavailable,Clostridium autoethanogenum
0.9856021,0.014397977,-1,XBS26832.1,Unavailable,Clostridium autoethanogenum
0.9989641,0.0010359697,-1,XBS26846.1,Unavailable,Clostridium autoethanogenum
0.9986929,0.0013070436,-1,XBS26851.1,Unavailable,Clostridium autoethanogenum
0.9987049,0.0012951375,-1,XBS26841.1,Unavailable,Clostridium autoethanogenum
0.9993894,0.0006105716,-1,XBS26866.1,Unavailable,Clostridium autoethanogenum
0.9934662,0.0065337466,-1,XBS26875.1,Unavailable,Clostridium autoethanogenum
0.9992067,0.00079333474,-1,XBS26864.1,Unavailable,Clostridium autoethanogenum
0.9994407,0.00055930106,-1,XBS26868.1,Unavailable,Clostridium autoethanogenum
0.9971306,0.0028694589,-1,XBS26860.1,Unavailable,Clostridium autoethanogenum
0.9976943,0.0023056713,-1,XBS26876.1,Unavailable,Clostridium autoethanogenum
0.99914455,0.00085545616,-1,XBS26855.1,Unavailable,Clostridium autoethanogenum
0.9970324,0.002967537,-1,XBS26861.1,Unavailable,Clostridium autoethanogenum
0.999383,0.0006170054,-1,XBS26873.1,Unavailable,Clostridium autoethanogenum
0.9975337,0.0024662681,-1,XBS26857.1,Unavailable,Clostridium autoethanogenum
0.99924636,0.0007536404,-1,XBS26863.1,Unavailable,Clostridium autoethanogenum
0.9982482,0.0017517784,-1,XBS26856.1,Unavailable,Clostridium autoethanogenum
0.9444564,0.055543553,-1,XBS30360.1,Unavailable,Clostridium autoethanogenum
0.99919885,0.0008011581,-1,XBS26862.1,Unavailable,Clostridium autoethanogenum
0.9988569,0.001143145,-1,XBS26858.1,Unavailable,Clostridium autoethanogenum
0.99869233,0.0013076762,-1,XBS30359.1,Unavailable,Clostridium autoethanogenum
0.9993242,0.00067578,-1,XBS26874.1,Unavailable,Clostridium autoethanogenum
0.9982653,0.0017346668,-1,XBS26877.1,Unavailable,Clostridium autoethanogenum
0.9987972,0.0012028533,-1,XBS26859.1,Unavailable,Clostridium autoethanogenum
0.99907446,0.000925517,-1,XBS26871.1,Unavailable,Clostridium autoethanogenum
0.99849594,0.0015040667,-1,XBS26870.1,Unavailable,Clostridium autoethanogenum
0.9982083,0.001791754,-1,XBS26872.1,Unavailable,Clostridium autoethanogenum
0.99900526,0.0009948094,-1,XBS26867.1,Unavailable,Clostridium autoethanogenum
0.9888776,0.01112239,-1,XBS26869.1,Unavailable,Clostridium autoethanogenum
0.9990513,0.00094876316,-1,XBS26865.1,Unavailable,Clostridium autoethanogenum
0.99901474,0.0009852875,-1,XBS26902.1,Unavailable,Clostridium autoethanogenum
0.9989943,0.001005732,-1,XBS26891.1,Unavailable,Clostridium autoethanogenum
0.9993255,0.00067455973,-1,XBS26890.1,Unavailable,Clostridium autoethanogenum
0.99934083,0.0006590995,-1,XBS26896.1,Unavailable,Clostridium autoethanogenum
0.99899787,0.0010021223,-1,XBS26880.1,Unavailable,Clostridium autoethanogenum
0.9972318,0.0027681903,-1,XBS26894.1,Unavailable,Clostridium autoethanogenum
0.9974597,0.0025403546,-1,XBS26899.1,Unavailable,Clostridium autoethanogenum
0.9711601,0.028839918,-1,XBS26901.1,Unavailable,Clostridium autoethanogenum
0.9985544,0.0014456047,-1,XBS26889.1,Unavailable,Clostridium autoethanogenum
0.9993358,0.0006641754,-1,XBS26893.1,Unavailable,Clostridium autoethanogenum
0.99938095,0.0006190552,-1,XBS26888.1,Unavailable,Clostridium autoethanogenum
0.9989827,0.0010172698,-1,XBS26900.1,Unavailable,Clostridium autoethanogenum
0.9990959,0.00090415723,-1,XBS26885.1,Unavailable,Clostridium autoethanogenum
0.99872357,0.0012764691,-1,XBS26897.1,Unavailable,Clostridium autoethanogenum
0.9987374,0.0012626118,-1,XBS26887.1,Unavailable,Clostridium autoethanogenum
0.9990086,0.0009913802,-1,XBS26898.1,Unavailable,Clostridium autoethanogenum
0.9986237,0.0013762756,-1,XBS26884.1,Unavailable,Clostridium autoethanogenum
0.99899393,0.0010061123,-1,XBS26886.1,Unavailable,Clostridium autoethanogenum
0.9996698,0.00033016244,-1,XBS26881.1,Unavailable,Clostridium autoethanogenum
0.99911994,0.0008800761,-1,XBS26895.1,Unavailable,Clostridium autoethanogenum
0.9983133,0.0016866927,-1,XBS26892.1,Unavailable,Clostridium autoethanogenum
0.99910754,0.0008924471,-1,XBS26879.1,Unavailable,Clostridium autoethanogenum
0.91501695,0.08498307,-1,XBS26878.1,Unavailable,Clostridium autoethanogenum
0.13915329,0.86084676,-1,XBS26883.1,Unavailable,Clostridium autoethanogenum
0.9993855,0.00061451725,-1,XBS26882.1,Unavailable,Clostridium autoethanogenum
0.9987803,0.0012197491,-1,XBS26921.1,Unavailable,Clostridium autoethanogenum
0.99821824,0.0017816939,-1,XBS26906.1,Unavailable,Clostridium autoethanogenum
0.9980661,0.0019339388,-1,XBS26904.1,Unavailable,Clostridium autoethanogenum
0.9988997,0.0011002728,-1,XBS26916.1,Unavailable,Clostridium autoethanogenum
0.9989753,0.0010246855,-1,XBS26919.1,Unavailable,Clostridium autoethanogenum
0.908683,0.09131703,-1,XBS26905.1,Unavailable,Clostridium autoethanogenum
0.99971145,0.00028851067,-1,XBS26924.1,Unavailable,Clostridium autoethanogenum
0.9993278,0.00067226146,-1,XBS26912.1,Unavailable,Clostridium autoethanogenum
0.9991978,0.00080221536,-1,XBS26925.1,Unavailable,Clostridium autoethanogenum
0.99906236,0.0009377094,-1,XBS26907.1,Unavailable,Clostridium autoethanogenum
0.9988482,0.0011517713,-1,XBS26908.1,Unavailable,Clostridium autoethanogenum
0.9991804,0.0008195711,-1,XBS26910.1,Unavailable,Clostridium autoethanogenum
0.99846834,0.0015316402,-1,XBS26903.1,Unavailable,Clostridium autoethanogenum
0.99951446,0.00048553006,-1,XBS26911.1,Unavailable,Clostridium autoethanogenum
0.9996619,0.0003380337,-1,XBS26918.1,Unavailable,Clostridium autoethanogenum
0.99965584,0.00034409948,-1,XBS26920.1,Unavailable,Clostridium autoethanogenum
0.9988651,0.0011348919,-1,XBS26909.1,Unavailable,Clostridium autoethanogenum
0.99878055,0.0012194678,-1,XBS26922.1,Unavailable,Clostridium autoethanogenum
0.99952734,0.00047271742,-1,XBS26923.1,Unavailable,Clostridium autoethanogenum
0.99805355,0.0019465171,-1,XBS26926.1,Unavailable,Clostridium autoethanogenum
0.99917006,0.0008299774,-1,XBS30361.1,Unavailable,Clostridium autoethanogenum
0.99955624,0.00044373414,-1,XBS26913.1,Unavailable,Clostridium autoethanogenum
0.9989479,0.0010521142,-1,XBS26917.1,Unavailable,Clostridium autoethanogenum
0.99881434,0.0011856343,-1,XBS26914.1,Unavailable,Clostridium autoethanogenum
0.9973876,0.00261244,-1,XBS26915.1,Unavailable,Clostridium autoethanogenum
0.9991486,0.00085140404,-1,XBS26933.1,Unavailable,Clostridium autoethanogenum
0.9969047,0.003095322,-1,XBS26945.1,Unavailable,Clostridium autoethanogenum
0.9990508,0.0009492542,-1,XBS26944.1,Unavailable,Clostridium autoethanogenum
0.64066595,0.35933408,-1,XBS26935.1,Unavailable,Clostridium autoethanogenum
0.99930334,0.0006966281,-1,XBS26947.1,Unavailable,Clostridium autoethanogenum
0.99907756,0.0009224209,-1,XBS26940.1,Unavailable,Clostridium autoethanogenum
0.99911207,0.0008878615,-1,XBS26941.1,Unavailable,Clostridium autoethanogenum
0.99863404,0.0013659297,-1,XBS26932.1,Unavailable,Clostridium autoethanogenum
0.99877197,0.001227982,-1,XBS26928.1,Unavailable,Clostridium autoethanogenum
0.998993,0.001006985,-1,XBS26939.1,Unavailable,Clostridium autoethanogenum
0.94538486,0.0546151,-1,XBS26936.1,Unavailable,Clostridium autoethanogenum
0.99944705,0.0005529636,-1,XBS26948.1,Unavailable,Clostridium autoethanogenum
0.14769667,0.8523033,-1,XBS26930.1,Unavailable,Clostridium autoethanogenum
0.999297,0.00070301536,-1,XBS26937.1,Unavailable,Clostridium autoethanogenum
0.9978726,0.0021273647,-1,XBS26943.1,Unavailable,Clostridium autoethanogenum
0.99870217,0.0012977743,-1,XBS26946.1,Unavailable,Clostridium autoethanogenum
0.99870384,0.0012960987,-1,XBS26931.1,Unavailable,Clostridium autoethanogenum
0.9966455,0.0033545052,-1,XBS26951.1,Unavailable,Clostridium autoethanogenum
0.99914336,0.0008565703,-1,XBS26949.1,Unavailable,Clostridium autoethanogenum
0.9994547,0.00054527813,-1,XBS26934.1,Unavailable,Clostridium autoethanogenum
0.99724907,0.0027508629,-1,XBS26950.1,Unavailable,Clostridium autoethanogenum
0.9991059,0.0008940816,-1,XBS26938.1,Unavailable,Clostridium autoethanogenum
0.99516785,0.0048321607,-1,XBS26929.1,Unavailable,Clostridium autoethanogenum
0.9988053,0.0011947316,-1,XBS26927.1,Unavailable,Clostridium autoethanogenum
0.99813205,0.0018679819,-1,XBS26942.1,Unavailable,Clostridium autoethanogenum
0.99890125,0.0010987101,-1,XBS26968.1,Unavailable,Clostridium autoethanogenum
0.9962698,0.00373013,-1,XBS26970.1,Unavailable,Clostridium autoethanogenum
0.99947983,0.0005202442,-1,XBS26962.1,Unavailable,Clostridium autoethanogenum
0.9992231,0.0007769308,-1,XBS26964.1,Unavailable,Clostridium autoethanogenum
0.99953556,0.00046449632,-1,XBS26955.1,Unavailable,Clostridium autoethanogenum
0.9990478,0.00095212134,-1,XBS26956.1,Unavailable,Clostridium autoethanogenum
0.9994898,0.0005102161,-1,XBS26972.1,Unavailable,Clostridium autoethanogenum
0.99884903,0.0011509169,-1,XBS26952.1,Unavailable,Clostridium autoethanogenum
0.9987179,0.0012820916,-1,XBS30363.1,Unavailable,Clostridium autoethanogenum
0.99903417,0.0009658699,-1,XBS26959.1,Unavailable,Clostridium autoethanogenum
0.99923253,0.00076746196,-1,XBS26973.1,Unavailable,Clostridium autoethanogenum
0.99928695,0.00071307016,-1,XBS26961.1,Unavailable,Clostridium autoethanogenum
0.9993573,0.000642766,-1,XBS26969.1,Unavailable,Clostridium autoethanogenum
0.99841595,0.0015840536,-1,XBS26967.1,Unavailable,Clostridium autoethanogenum
0.99860734,0.0013926298,-1,XBS26966.1,Unavailable,Clostridium autoethanogenum
0.99902,0.0009799937,-1,XBS26971.1,Unavailable,Clostridium autoethanogenum
0.9990085,0.0009915077,-1,XBS26958.1,Unavailable,Clostridium autoethanogenum
0.99908984,0.0009102048,-1,XBS26957.1,Unavailable,Clostridium autoethanogenum
0.9987747,0.0012253025,-1,XBS26954.1,Unavailable,Clostridium autoethanogenum
0.99950755,0.0004924383,-1,XBS26974.1,Unavailable,Clostridium autoethanogenum
0.9993581,0.000641904,-1,XBS26965.1,Unavailable,Clostridium autoethanogenum
0.99888426,0.0011157064,-1,XBS26953.1,Unavailable,Clostridium autoethanogenum
0.9992336,0.0007664542,-1,XBS26963.1,Unavailable,Clostridium autoethanogenum
0.9960886,0.0039114277,-1,XBS30362.1,Unavailable,Clostridium autoethanogenum
0.99570787,0.0042920774,-1,XBS26960.1,Unavailable,Clostridium autoethanogenum
0.99872416,0.0012758663,-1,XBS26977.1,Unavailable,Clostridium autoethanogenum
0.9990526,0.00094746053,-1,XBS26985.1,Unavailable,Clostridium autoethanogenum
0.998877,0.0011229565,-1,XBS26982.1,Unavailable,Clostridium autoethanogenum
0.9989605,0.0010394455,-1,XBS26998.1,Unavailable,Clostridium autoethanogenum
0.99912375,0.0008762667,-1,XBS26979.1,Unavailable,Clostridium autoethanogenum
0.9975799,0.002420149,-1,XBS26992.1,Unavailable,Clostridium autoethanogenum
0.99581796,0.004182031,-1,XBS26978.1,Unavailable,Clostridium autoethanogenum
0.9991264,0.00087361765,-1,XBS26995.1,Unavailable,Clostridium autoethanogenum
0.99875224,0.0012477618,-1,XBS26997.1,Unavailable,Clostridium autoethanogenum
0.9993198,0.00068023556,-1,XBS26994.1,Unavailable,Clostridium autoethanogenum
0.99867755,0.0013223672,-1,XBS26990.1,Unavailable,Clostridium autoethanogenum
0.999619,0.00038093928,-1,XBS26975.1,Unavailable,Clostridium autoethanogenum
0.997373,0.0026269956,-1,XBS26988.1,Unavailable,Clostridium autoethanogenum
0.99910635,0.00089361327,-1,XBS26986.1,Unavailable,Clostridium autoethanogenum
0.99895453,0.0010453876,-1,XBS26981.1,Unavailable,Clostridium autoethanogenum
0.9991036,0.0008964155,-1,XBS26983.1,Unavailable,Clostridium autoethanogenum
0.9994282,0.0005717089,-1,XBS26980.1,Unavailable,Clostridium autoethanogenum
0.99938905,0.0006109669,-1,XBS26984.1,Unavailable,Clostridium autoethanogenum
0.9984829,0.0015171075,-1,XBS26996.1,Unavailable,Clostridium autoethanogenum
0.99899024,0.0010097215,-1,XBS26987.1,Unavailable,Clostridium autoethanogenum
0.9996462,0.00035383386,-1,XBS26989.1,Unavailable,Clostridium autoethanogenum
0.99927586,0.000724127,-1,XBS26991.1,Unavailable,Clostridium autoethanogenum
0.99936694,0.00063313113,-1,XBS26999.1,Unavailable,Clostridium autoethanogenum
0.99930716,0.0006927918,-1,XBS26976.1,Unavailable,Clostridium autoethanogenum
0.998381,0.0016190128,-1,XBS26993.1,Unavailable,Clostridium autoethanogenum
0.98899823,0.011001702,-1,XBS27015.1,Unavailable,Clostridium autoethanogenum
0.9968065,0.0031934753,-1,XBS27016.1,Unavailable,Clostridium autoethanogenum
0.9985656,0.001434425,-1,XBS27023.1,Unavailable,Clostridium autoethanogenum
0.9991868,0.00081312354,-1,XBS27007.1,Unavailable,Clostridium autoethanogenum
0.9991358,0.00086427876,-1,XBS27006.1,Unavailable,Clostridium autoethanogenum
0.99892175,0.0010783203,-1,XBS27005.1,Unavailable,Clostridium autoethanogenum
0.99945754,0.0005425232,-1,XBS27003.1,Unavailable,Clostridium autoethanogenum
0.99897265,0.0010274202,-1,XBS27013.1,Unavailable,Clostridium autoethanogenum
0.9991478,0.0008521921,-1,XBS27024.1,Unavailable,Clostridium autoethanogenum
0.998955,0.0010449328,-1,XBS27008.1,Unavailable,Clostridium autoethanogenum
0.97084653,0.029153507,-1,XBS27009.1,Unavailable,Clostridium autoethanogenum
0.99895287,0.0010470697,-1,XBS27018.1,Unavailable,Clostridium autoethanogenum
0.9989895,0.0010104129,-1,XBS27022.1,Unavailable,Clostridium autoethanogenum
0.9991209,0.0008791528,-1,XBS27017.1,Unavailable,Clostridium autoethanogenum
0.99876046,0.0012395479,-1,XBS27021.1,Unavailable,Clostridium autoethanogenum
0.9981974,0.0018026291,-1,XBS27004.1,Unavailable,Clostridium autoethanogenum
0.9984675,0.0015325015,-1,XBS27019.1,Unavailable,Clostridium autoethanogenum
0.99563193,0.0043680826,-1,XBS27012.1,Unavailable,Clostridium autoethanogenum
0.9992305,0.00076954,-1,XBS27001.1,Unavailable,Clostridium autoethanogenum
0.99886334,0.0011366294,-1,XBS27011.1,Unavailable,Clostridium autoethanogenum
0.99897015,0.0010298116,-1,XBS27000.1,Unavailable,Clostridium autoethanogenum
0.99746144,0.002538492,-1,XBS27010.1,Unavailable,Clostridium autoethanogenum
0.99878305,0.0012169796,-1,XBS27020.1,Unavailable,Clostridium autoethanogenum
0.99933076,0.00066931214,-1,XBS27002.1,Unavailable,Clostridium autoethanogenum
0.99898213,0.0010178039,-1,XBS27014.1,Unavailable,Clostridium autoethanogenum
0.99670297,0.0032970507,-1,XBS27033.1,Unavailable,Clostridium autoethanogenum
0.9983485,0.0016515179,-1,XBS27030.1,Unavailable,Clostridium autoethanogenum
0.9926238,0.0073762145,-1,XBS27044.1,Unavailable,Clostridium autoethanogenum
0.9991124,0.00088759005,-1,XBS27042.1,Unavailable,Clostridium autoethanogenum
0.9992581,0.0007418461,-1,XBS27028.1,Unavailable,Clostridium autoethanogenum
0.99878365,0.0012163374,-1,XBS27034.1,Unavailable,Clostridium autoethanogenum
0.99860054,0.0013994729,-1,XBS27029.1,Unavailable,Clostridium autoethanogenum
0.99902916,0.0009708705,-1,XBS30364.1,Unavailable,Clostridium autoethanogenum
0.9973658,0.0026342634,-1,XBS27045.1,Unavailable,Clostridium autoethanogenum
0.99944156,0.00055847084,-1,XBS27038.1,Unavailable,Clostridium autoethanogenum
0.9984114,0.0015885403,-1,XBS27040.1,Unavailable,Clostridium autoethanogenum
0.99815995,0.0018400992,-1,XBS27039.1,Unavailable,Clostridium autoethanogenum
0.9992217,0.00077832775,-1,XBS27035.1,Unavailable,Clostridium autoethanogenum
0.99914455,0.0008554269,-1,XBS27046.1,Unavailable,Clostridium autoethanogenum
0.9974474,0.002552633,-1,XBS27031.1,Unavailable,Clostridium autoethanogenum
0.999198,0.0008020438,-1,XBS27043.1,Unavailable,Clostridium autoethanogenum
0.99891686,0.001083122,-1,XBS27025.1,Unavailable,Clostridium autoethanogenum
0.9992029,0.0007970655,-1,XBS27032.1,Unavailable,Clostridium autoethanogenum
0.9994331,0.0005669146,-1,XBS27036.1,Unavailable,Clostridium autoethanogenum
0.99840146,0.0015985462,-1,XBS27037.1,Unavailable,Clostridium autoethanogenum
0.99952376,0.00047624542,-1,XBS30365.1,Unavailable,Clostridium autoethanogenum
0.99897206,0.001028016,-1,XBS27047.1,Unavailable,Clostridium autoethanogenum
0.9994586,0.00054138474,-1,XBS27041.1,Unavailable,Clostridium autoethanogenum
0.99835795,0.0016419914,-1,XBS27027.1,Unavailable,Clostridium autoethanogenum
0.99851555,0.0014845018,-1,XBS27026.1,Unavailable,Clostridium autoethanogenum
0.99947315,0.00052682514,-1,XBS27063.1,Unavailable,Clostridium autoethanogenum
0.99821764,0.0017823693,-1,XBS27069.1,Unavailable,Clostridium autoethanogenum
0.9993199,0.00068006833,-1,XBS27062.1,Unavailable,Clostridium autoethanogenum
0.99836534,0.0016346149,-1,XBS27065.1,Unavailable,Clostridium autoethanogenum
0.99940073,0.00059923786,-1,XBS27056.1,Unavailable,Clostridium autoethanogenum
0.9994161,0.0005839588,-1,XBS27064.1,Unavailable,Clostridium autoethanogenum
0.99932647,0.0006736089,-1,XBS27054.1,Unavailable,Clostridium autoethanogenum
0.99939454,0.00060541835,-1,XBS27055.1,Unavailable,Clostridium autoethanogenum
0.99928004,0.0007199276,-1,XBS27061.1,Unavailable,Clostridium autoethanogenum
0.99932647,0.00067358644,-1,XBS27066.1,Unavailable,Clostridium autoethanogenum
0.99953365,0.00046636543,-1,XBS27058.1,Unavailable,Clostridium autoethanogenum
0.998877,0.0011230065,-1,XBS27068.1,Unavailable,Clostridium autoethanogenum
0.998882,0.0011180093,-1,XBS27067.1,Unavailable,Clostridium autoethanogenum
0.99931693,0.0006831357,-1,XBS27057.1,Unavailable,Clostridium autoethanogenum
0.9995291,0.00047084608,-1,XBS27059.1,Unavailable,Clostridium autoethanogenum
0.9992471,0.00075293833,-1,XBS27048.1,Unavailable,Clostridium autoethanogenum
0.99885345,0.0011465608,-1,XBS27049.1,Unavailable,Clostridium autoethanogenum
0.99970156,0.00029840102,-1,XBS30366.1,Unavailable,Clostridium autoethanogenum
0.9997199,0.00028007128,-1,XBS30368.1,Unavailable,Clostridium autoethanogenum
0.9982191,0.0017809573,-1,XBS27052.1,Unavailable,Clostridium autoethanogenum
0.99906105,0.00093897845,-1,XBS27053.1,Unavailable,Clostridium autoethanogenum
0.99885964,0.0011403135,-1,XBS30367.1,Unavailable,Clostridium autoethanogenum
0.9993474,0.00065258815,-1,XBS27060.1,Unavailable,Clostridium autoethanogenum
0.9993839,0.00061610865,-1,XBS27050.1,Unavailable,Clostridium autoethanogenum
0.99830127,0.0016987342,-1,XBS27051.1,Unavailable,Clostridium autoethanogenum
0.9985984,0.0014016591,-1,XBS27074.1,Unavailable,Clostridium autoethanogenum
0.99904627,0.00095370156,-1,XBS27086.1,Unavailable,Clostridium autoethanogenum
0.9992976,0.0007023316,-1,XBS27075.1,Unavailable,Clostridium autoethanogenum
0.99948657,0.0005133787,-1,XBS27080.1,Unavailable,Clostridium autoethanogenum
0.9937442,0.0062558595,-1,XBS27090.1,Unavailable,Clostridium autoethanogenum
0.9984586,0.0015413768,-1,XBS27088.1,Unavailable,Clostridium autoethanogenum
0.9985025,0.0014975586,-1,XBS27081.1,Unavailable,Clostridium autoethanogenum
0.99927026,0.0007296951,-1,XBS27084.1,Unavailable,Clostridium autoethanogenum
0.9994665,0.0005335094,-1,XBS27087.1,Unavailable,Clostridium autoethanogenum
0.99915004,0.0008499579,-1,XBS27077.1,Unavailable,Clostridium autoethanogenum
0.99935144,0.0006485806,-1,XBS27070.1,Unavailable,Clostridium autoethanogenum
0.9987544,0.0012456343,-1,XBS27072.1,Unavailable,Clostridium autoethanogenum
0.9995536,0.00044634508,-1,XBS27071.1,Unavailable,Clostridium autoethanogenum
0.9986106,0.0013893988,-1,XBS27076.1,Unavailable,Clostridium autoethanogenum
0.9993461,0.00065386406,-1,XBS27082.1,Unavailable,Clostridium autoethanogenum
0.9991086,0.0008913436,-1,XBS27078.1,Unavailable,Clostridium autoethanogenum
0.99932516,0.0006748838,-1,XBS27079.1,Unavailable,Clostridium autoethanogenum
0.9987921,0.001207904,-1,XBS27083.1,Unavailable,Clostridium autoethanogenum
0.9987913,0.0012087637,-1,XBS30370.1,Unavailable,Clostridium autoethanogenum
0.9995679,0.0004321051,-1,XBS27085.1,Unavailable,Clostridium autoethanogenum
0.99862266,0.0013773749,-1,XBS27073.1,Unavailable,Clostridium autoethanogenum
0.9995827,0.00041733924,-1,XBS27089.1,Unavailable,Clostridium autoethanogenum
0.99877757,0.0012224638,-1,XBS30371.1,Unavailable,Clostridium autoethanogenum
0.9962632,0.0037367279,-1,XBS30369.1,Unavailable,Clostridium autoethanogenum
0.99910384,0.0008961542,-1,XBS27091.1,Unavailable,Clostridium autoethanogenum
0.7390613,0.2609387,-1,XBS27102.1,Unavailable,Clostridium autoethanogenum
0.96801525,0.031984817,-1,XBS27100.1,Unavailable,Clostridium autoethanogenum
0.99239975,0.0076002306,-1,XBS27103.1,Unavailable,Clostridium autoethanogenum
0.9989807,0.0010192518,-1,XBS27101.1,Unavailable,Clostridium autoethanogenum
0.9980977,0.001902332,-1,XBS27094.1,Unavailable,Clostridium autoethanogenum
0.9989705,0.0010294889,-1,XBS27109.1,Unavailable,Clostridium autoethanogenum
0.9994011,0.0005988747,-1,XBS27104.1,Unavailable,Clostridium autoethanogenum
0.99905735,0.00094263745,-1,XBS27099.1,Unavailable,Clostridium autoethanogenum
0.99957556,0.0004244334,-1,XBS27096.1,Unavailable,Clostridium autoethanogenum
0.9989316,0.0010683493,-1,XBS27110.1,Unavailable,Clostridium autoethanogenum
0.9994085,0.0005915332,-1,XBS27113.1,Unavailable,Clostridium autoethanogenum
0.99855405,0.0014459173,-1,XBS27098.1,Unavailable,Clostridium autoethanogenum
0.99878615,0.0012138068,-1,XBS27112.1,Unavailable,Clostridium autoethanogenum
0.9988446,0.0011553883,-1,XBS27095.1,Unavailable,Clostridium autoethanogenum
0.99952495,0.0004750845,-1,XBS27114.1,Unavailable,Clostridium autoethanogenum
0.9991352,0.00086484704,-1,XBS27111.1,Unavailable,Clostridium autoethanogenum
0.9990662,0.00093388255,-1,XBS27097.1,Unavailable,Clostridium autoethanogenum
0.9977157,0.0022842912,-1,XBS27093.1,Unavailable,Clostridium autoethanogenum
0.9986759,0.0013240358,-1,XBS27105.1,Unavailable,Clostridium autoethanogenum
0.9993044,0.00069561513,-1,XBS27115.1,Unavailable,Clostridium autoethanogenum
0.9983815,0.0016184895,-1,XBS27092.1,Unavailable,Clostridium autoethanogenum
0.9995241,0.00047585834,-1,XBS27106.1,Unavailable,Clostridium autoethanogenum
0.9993419,0.0006580279,-1,XBS27108.1,Unavailable,Clostridium autoethanogenum
0.9971323,0.002867645,-1,XBS30372.1,Unavailable,Clostridium autoethanogenum
0.9987778,0.0012221517,-1,XBS27107.1,Unavailable,Clostridium autoethanogenum
0.99835193,0.0016480717,-1,XBS27121.1,Unavailable,Clostridium autoethanogenum
0.99820364,0.0017963825,-1,XBS27132.1,Unavailable,Clostridium autoethanogenum
0.9993857,0.0006142687,-1,XBS27133.1,Unavailable,Clostridium autoethanogenum
0.9991412,0.00085875974,-1,XBS27135.1,Unavailable,Clostridium autoethanogenum
0.99888605,0.0011139073,-1,XBS27116.1,Unavailable,Clostridium autoethanogenum
0.9992403,0.00075969,-1,XBS27122.1,Unavailable,Clostridium autoethanogenum
0.99899346,0.0010065937,-1,XBS27130.1,Unavailable,Clostridium autoethanogenum
0.9992244,0.00077556015,-1,XBS27123.1,Unavailable,Clostridium autoethanogenum
0.99892265,0.0010773162,-1,XBS27118.1,Unavailable,Clostridium autoethanogenum
0.998862,0.0011379804,-1,XBS27117.1,Unavailable,Clostridium autoethanogenum
0.99506664,0.0049333735,-1,XBS27129.1,Unavailable,Clostridium autoethanogenum
0.9987488,0.0012511546,-1,XBS27125.1,Unavailable,Clostridium autoethanogenum
0.99565315,0.004346837,-1,XBS27119.1,Unavailable,Clostridium autoethanogenum
0.9972826,0.002717376,-1,XBS27136.1,Unavailable,Clostridium autoethanogenum
0.99827194,0.0017280506,-1,XBS30374.1,Unavailable,Clostridium autoethanogenum
0.9993498,0.00065027835,-1,XBS27126.1,Unavailable,Clostridium autoethanogenum
0.9992047,0.00079533074,-1,XBS30373.1,Unavailable,Clostridium autoethanogenum
0.9993292,0.00067083875,-1,XBS27137.1,Unavailable,Clostridium autoethanogenum
0.9988249,0.0011750824,-1,XBS27124.1,Unavailable,Clostridium autoethanogenum
0.9996086,0.00039143304,-1,XBS27128.1,Unavailable,Clostridium autoethanogenum
0.99865746,0.0013425777,-1,XBS27127.1,Unavailable,Clostridium autoethanogenum
0.99876213,0.0012378837,-1,XBS27138.1,Unavailable,Clostridium autoethanogenum
0.9978733,0.0021267494,-1,XBS27131.1,Unavailable,Clostridium autoethanogenum
0.99865144,0.0013485592,-1,XBS27120.1,Unavailable,Clostridium autoethanogenum
0.99862564,0.0013743651,-1,XBS27134.1,Unavailable,Clostridium autoethanogenum
0.9992067,0.0007932939,-1,XBS27146.1,Unavailable,Clostridium autoethanogenum
0.9960039,0.0039960276,-1,XBS27162.1,Unavailable,Clostridium autoethanogenum
0.9989724,0.0010276526,-1,XBS27142.1,Unavailable,Clostridium autoethanogenum
0.99898225,0.0010176846,-1,XBS27150.1,Unavailable,Clostridium autoethanogenum
0.99724483,0.0027551593,-1,XBS27149.1,Unavailable,Clostridium autoethanogenum
0.999166,0.00083398406,-1,XBS30375.1,Unavailable,Clostridium autoethanogenum
0.9989203,0.001079755,-1,XBS27145.1,Unavailable,Clostridium autoethanogenum
0.99908197,0.0009180094,-1,XBS27152.1,Unavailable,Clostridium autoethanogenum
0.99923646,0.0007635902,-1,XBS27161.1,Unavailable,Clostridium autoethanogenum
0.99808395,0.0019160795,-1,XBS27140.1,Unavailable,Clostridium autoethanogenum
0.99897975,0.0010202805,-1,XBS27153.1,Unavailable,Clostridium autoethanogenum
0.99939966,0.00060031086,-1,XBS27141.1,Unavailable,Clostridium autoethanogenum
0.99890125,0.0010987252,-1,XBS27143.1,Unavailable,Clostridium autoethanogenum
0.99930096,0.00069898326,-1,XBS27156.1,Unavailable,Clostridium autoethanogenum
0.99935704,0.00064299087,-1,XBS27155.1,Unavailable,Clostridium autoethanogenum
0.9989819,0.001018061,-1,XBS27151.1,Unavailable,Clostridium autoethanogenum
0.9954959,0.0045041423,-1,XBS27160.1,Unavailable,Clostridium autoethanogenum
0.9987901,0.0012099601,-1,XBS27157.1,Unavailable,Clostridium autoethanogenum
0.99919707,0.00080299244,-1,XBS27147.1,Unavailable,Clostridium autoethanogenum
0.999097,0.00090305944,-1,XBS27148.1,Unavailable,Clostridium autoethanogenum
0.99910456,0.0008954116,-1,XBS27154.1,Unavailable,Clostridium autoethanogenum
0.99891996,0.0010801129,-1,XBS27158.1,Unavailable,Clostridium autoethanogenum
0.9977857,0.0022143226,-1,XBS27159.1,Unavailable,Clostridium autoethanogenum
0.99927264,0.00072739087,-1,XBS27139.1,Unavailable,Clostridium autoethanogenum
0.99879104,0.0012089646,-1,XBS27144.1,Unavailable,Clostridium autoethanogenum
0.93670654,0.063293435,-1,XBS27169.1,Unavailable,Clostridium autoethanogenum
0.998176,0.0018240736,-1,XBS27183.1,Unavailable,Clostridium autoethanogenum
0.99855965,0.0014403013,-1,XBS27180.1,Unavailable,Clostridium autoethanogenum
0.9735652,0.02643475,-1,XBS27167.1,Unavailable,Clostridium autoethanogenum
0.99929667,0.00070329104,-1,XBS27179.1,Unavailable,Clostridium autoethanogenum
0.9989354,0.001064641,-1,XBS27182.1,Unavailable,Clostridium autoethanogenum
0.9994137,0.0005862989,-1,XBS27170.1,Unavailable,Clostridium autoethanogenum
0.9990287,0.0009713164,-1,XBS27166.1,Unavailable,Clostridium autoethanogenum
0.99868125,0.0013187752,-1,XBS27181.1,Unavailable,Clostridium autoethanogenum
0.99897987,0.0010201124,-1,XBS27174.1,Unavailable,Clostridium autoethanogenum
0.9992943,0.00070571754,-1,XBS27176.1,Unavailable,Clostridium autoethanogenum
0.9978859,0.0021141244,-1,XBS27173.1,Unavailable,Clostridium autoethanogenum
0.99909174,0.00090823596,-1,XBS27177.1,Unavailable,Clostridium autoethanogenum
0.9987734,0.0012265933,-1,XBS27185.1,Unavailable,Clostridium autoethanogenum
0.9989305,0.0010695328,-1,XBS27171.1,Unavailable,Clostridium autoethanogenum
0.9989249,0.0010751166,-1,XBS27172.1,Unavailable,Clostridium autoethanogenum
0.99882275,0.001177215,-1,XBS30376.1,Unavailable,Clostridium autoethanogenum
0.9987569,0.0012430658,-1,XBS27178.1,Unavailable,Clostridium autoethanogenum
0.9994399,0.0005600746,-1,XBS27175.1,Unavailable,Clostridium autoethanogenum
0.9987349,0.0012651676,-1,XBS27184.1,Unavailable,Clostridium autoethanogenum
0.9992487,0.00075122964,-1,XBS27186.1,Unavailable,Clostridium autoethanogenum
0.999124,0.0008760029,-1,XBS27163.1,Unavailable,Clostridium autoethanogenum
0.9976882,0.0023118053,-1,XBS27168.1,Unavailable,Clostridium autoethanogenum
0.99589694,0.0041030785,-1,XBS27165.1,Unavailable,Clostridium autoethanogenum
0.995389,0.0046109455,-1,XBS27164.1,Unavailable,Clostridium autoethanogenum
0.9992912,0.0007088174,-1,XBS27201.1,Unavailable,Clostridium autoethanogenum
0.9993748,0.00062518154,-1,XBS27205.1,Unavailable,Clostridium autoethanogenum
0.9988085,0.0011915284,-1,XBS27196.1,Unavailable,Clostridium autoethanogenum
0.99928457,0.0007155089,-1,XBS27208.1,Unavailable,Clostridium autoethanogenum
0.9977042,0.0022958652,-1,XBS27197.1,Unavailable,Clostridium autoethanogenum
0.99876463,0.0012353895,-1,XBS27188.1,Unavailable,Clostridium autoethanogenum
0.99894804,0.0010520251,-1,XBS27203.1,Unavailable,Clostridium autoethanogenum
0.99935323,0.0006467102,-1,XBS27200.1,Unavailable,Clostridium autoethanogenum
0.9989317,0.0010682933,-1,XBS27187.1,Unavailable,Clostridium autoethanogenum
0.99863404,0.0013659507,-1,XBS27207.1,Unavailable,Clostridium autoethanogenum
0.9982791,0.0017208647,-1,XBS27194.1,Unavailable,Clostridium autoethanogenum
0.9989637,0.0010363369,-1,XBS27191.1,Unavailable,Clostridium autoethanogenum
0.9994671,0.0005328924,-1,XBS27210.1,Unavailable,Clostridium autoethanogenum
0.12077337,0.8792266,-1,XBS27206.1,Unavailable,Clostridium autoethanogenum
0.99917823,0.00082173414,-1,XBS27193.1,Unavailable,Clostridium autoethanogenum
0.9995937,0.0004063679,-1,XBS27211.1,Unavailable,Clostridium autoethanogenum
0.9989773,0.0010226687,-1,XBS27198.1,Unavailable,Clostridium autoethanogenum
0.9989795,0.0010205172,-1,XBS27202.1,Unavailable,Clostridium autoethanogenum
0.99895847,0.0010414816,-1,XBS27190.1,Unavailable,Clostridium autoethanogenum
0.9990627,0.00093729486,-1,XBS27209.1,Unavailable,Clostridium autoethanogenum
0.999458,0.0005420116,-1,XBS27204.1,Unavailable,Clostridium autoethanogenum
0.9994473,0.0005526558,-1,XBS27199.1,Unavailable,Clostridium autoethanogenum
0.99937755,0.00062252,-1,XBS27195.1,Unavailable,Clostridium autoethanogenum
0.9975975,0.002402449,-1,XBS27192.1,Unavailable,Clostridium autoethanogenum
0.99809533,0.0019046973,-1,XBS27189.1,Unavailable,Clostridium autoethanogenum
0.9993548,0.0006452635,-1,XBS27214.1,Unavailable,Clostridium autoethanogenum
0.9992594,0.0007406291,-1,XBS27215.1,Unavailable,Clostridium autoethanogenum
0.9992601,0.0007398841,-1,XBS27227.1,Unavailable,Clostridium autoethanogenum
0.9984707,0.0015292531,-1,XBS27220.1,Unavailable,Clostridium autoethanogenum
0.99891794,0.0010821089,-1,XBS27213.1,Unavailable,Clostridium autoethanogenum
0.99883574,0.0011642182,-1,XBS27212.1,Unavailable,Clostridium autoethanogenum
0.997324,0.0026759538,-1,XBS27223.1,Unavailable,Clostridium autoethanogenum
0.9971175,0.0028825307,-1,XBS30377.1,Unavailable,Clostridium autoethanogenum
0.9977011,0.002298886,-1,XBS27230.1,Unavailable,Clostridium autoethanogenum
0.999032,0.0009680535,-1,XBS27216.1,Unavailable,Clostridium autoethanogenum
0.9994684,0.0005316226,-1,XBS27226.1,Unavailable,Clostridium autoethanogenum
0.99886,0.0011400154,-1,XBS27231.1,Unavailable,Clostridium autoethanogenum
0.99791175,0.0020882185,-1,XBS27218.1,Unavailable,Clostridium autoethanogenum
0.9951106,0.004889429,-1,XBS27221.1,Unavailable,Clostridium autoethanogenum
0.99893767,0.0010623939,-1,XBS27233.1,Unavailable,Clostridium autoethanogenum
0.999124,0.0008760254,-1,XBS27235.1,Unavailable,Clostridium autoethanogenum
0.99878794,0.0012120518,-1,XBS27217.1,Unavailable,Clostridium autoethanogenum
0.9991345,0.00086552143,-1,XBS27224.1,Unavailable,Clostridium autoethanogenum
0.9992687,0.00073125656,-1,XBS27222.1,Unavailable,Clostridium autoethanogenum
0.9991819,0.0008180044,-1,XBS27232.1,Unavailable,Clostridium autoethanogenum
0.99897003,0.0010299799,-1,XBS27219.1,Unavailable,Clostridium autoethanogenum
0.99795854,0.0020414381,-1,XBS27229.1,Unavailable,Clostridium autoethanogenum
0.9919944,0.008005602,-1,XBS27225.1,Unavailable,Clostridium autoethanogenum
0.998738,0.0012619866,-1,XBS27234.1,Unavailable,Clostridium autoethanogenum
0.9814259,0.018574143,-1,XBS27228.1,Unavailable,Clostridium autoethanogenum
0.9981851,0.001814892,-1,XBS27240.1,Unavailable,Clostridium autoethanogenum
0.9965834,0.0034165673,-1,XBS27248.1,Unavailable,Clostridium autoethanogenum
0.9783558,0.021644186,-1,XBS27250.1,Unavailable,Clostridium autoethanogenum
0.99878687,0.0012132088,-1,XBS27254.1,Unavailable,Clostridium autoethanogenum
0.9983912,0.001608702,-1,XBS27259.1,Unavailable,Clostridium autoethanogenum
0.99906105,0.00093893684,-1,XBS27244.1,Unavailable,Clostridium autoethanogenum
0.9976209,0.0023791215,-1,XBS27237.1,Unavailable,Clostridium autoethanogenum
0.0051717083,0.9948283,-1,XBS27258.1,Unavailable,Clostridium autoethanogenum
0.9991485,0.000851488,-1,XBS27238.1,Unavailable,Clostridium autoethanogenum
0.99887794,0.0011220435,-1,XBS27247.1,Unavailable,Clostridium autoethanogenum
0.99718875,0.0028112235,-1,XBS27242.1,Unavailable,Clostridium autoethanogenum
0.9943948,0.0056052473,-1,XBS27249.1,Unavailable,Clostridium autoethanogenum
0.99811184,0.0018881756,-1,XBS27236.1,Unavailable,Clostridium autoethanogenum
0.99911994,0.00088003743,-1,XBS27241.1,Unavailable,Clostridium autoethanogenum
0.99889934,0.00110068,-1,XBS27260.1,Unavailable,Clostridium autoethanogenum
0.99809617,0.0019038353,-1,XBS27255.1,Unavailable,Clostridium autoethanogenum
0.996837,0.003162972,-1,XBS27256.1,Unavailable,Clostridium autoethanogenum
0.9996718,0.00032821295,-1,XBS27239.1,Unavailable,Clostridium autoethanogenum
0.9980261,0.0019738907,-1,XBS27257.1,Unavailable,Clostridium autoethanogenum
0.9987962,0.0012037841,-1,XBS27245.1,Unavailable,Clostridium autoethanogenum
0.999154,0.0008460023,-1,XBS27246.1,Unavailable,Clostridium autoethanogenum
0.9941022,0.00589783,-1,XBS27252.1,Unavailable,Clostridium autoethanogenum
0.0065636393,0.99343634,-1,XBS27251.1,Unavailable,Clostridium autoethanogenum
0.9993099,0.0006901381,-1,XBS27253.1,Unavailable,Clostridium autoethanogenum
0.99893266,0.001067381,-1,XBS27243.1,Unavailable,Clostridium autoethanogenum
0.9991666,0.0008333628,-1,XBS27274.1,Unavailable,Clostridium autoethanogenum
0.99892277,0.0010771762,-1,XBS27282.1,Unavailable,Clostridium autoethanogenum
0.54870325,0.45129672,-1,XBS27263.1,Unavailable,Clostridium autoethanogenum
0.9984522,0.0015478537,-1,XBS27268.1,Unavailable,Clostridium autoethanogenum
0.99877197,0.0012280376,-1,XBS27269.1,Unavailable,Clostridium autoethanogenum
0.9969207,0.0030793664,-1,XBS27262.1,Unavailable,Clostridium autoethanogenum
0.9990915,0.00090852514,-1,XBS27273.1,Unavailable,Clostridium autoethanogenum
0.99878174,0.0012182653,-1,XBS27284.1,Unavailable,Clostridium autoethanogenum
0.998966,0.0010340766,-1,XBS27261.1,Unavailable,Clostridium autoethanogenum
0.99928635,0.0007136228,-1,XBS27267.1,Unavailable,Clostridium autoethanogenum
0.9992143,0.0007856894,-1,XBS30378.1,Unavailable,Clostridium autoethanogenum
0.99914885,0.00085117365,-1,XBS27276.1,Unavailable,Clostridium autoethanogenum
0.9984504,0.0015496061,-1,XBS27265.1,Unavailable,Clostridium autoethanogenum
0.99842834,0.0015716619,-1,XBS27270.1,Unavailable,Clostridium autoethanogenum
0.999253,0.00074700493,-1,XBS27280.1,Unavailable,Clostridium autoethanogenum
0.9995788,0.0004212808,-1,XBS27283.1,Unavailable,Clostridium autoethanogenum
0.9989785,0.0010215314,-1,XBS27281.1,Unavailable,Clostridium autoethanogenum
0.99961203,0.00038799652,-1,XBS27266.1,Unavailable,Clostridium autoethanogenum
0.99961203,0.00038799652,-1,XBS27271.1,Unavailable,Clostridium autoethanogenum
0.9989077,0.0010923106,-1,XBS27272.1,Unavailable,Clostridium autoethanogenum
0.9993742,0.0006258639,-1,XBS27275.1,Unavailable,Clostridium autoethanogenum
0.99967444,0.00032554223,-1,XBS27264.1,Unavailable,Clostridium autoethanogenum
0.998828,0.0011720015,-1,XBS27279.1,Unavailable,Clostridium autoethanogenum
0.9980724,0.0019276206,-1,XBS27278.1,Unavailable,Clostridium autoethanogenum
0.9987411,0.0012588953,-1,XBS27277.1,Unavailable,Clostridium autoethanogenum
0.99919015,0.00080985925,-1,XBS30379.1,Unavailable,Clostridium autoethanogenum
0.997575,0.0024250154,-1,XBS27298.1,Unavailable,Clostridium autoethanogenum
0.9989266,0.0010733849,-1,XBS27304.1,Unavailable,Clostridium autoethanogenum
0.9974093,0.0025907254,-1,XBS27299.1,Unavailable,Clostridium autoethanogenum
0.99884486,0.0011551181,-1,XBS27286.1,Unavailable,Clostridium autoethanogenum
0.99941885,0.0005811905,-1,XBS27295.1,Unavailable,Clostridium autoethanogenum
0.9993981,0.0006018459,-1,XBS27305.1,Unavailable,Clostridium autoethanogenum
0.9994605,0.0005394603,-1,XBS27296.1,Unavailable,Clostridium autoethanogenum
0.99872774,0.0012722936,-1,XBS27306.1,Unavailable,Clostridium autoethanogenum
0.9978721,0.002127868,-1,XBS30380.1,Unavailable,Clostridium autoethanogenum
0.9992624,0.0007375757,-1,XBS27300.1,Unavailable,Clostridium autoethanogenum
0.9983004,0.0016996094,-1,XBS27302.1,Unavailable,Clostridium autoethanogenum
0.9992619,0.000738063,-1,XBS27292.1,Unavailable,Clostridium autoethanogenum
0.99945396,0.00054599944,-1,XBS27291.1,Unavailable,Clostridium autoethanogenum
0.9983308,0.0016691894,-1,XBS27288.1,Unavailable,Clostridium autoethanogenum
0.99925286,0.00074711815,-1,XBS27297.1,Unavailable,Clostridium autoethanogenum
0.99885046,0.0011495029,-1,XBS27289.1,Unavailable,Clostridium autoethanogenum
0.9995963,0.0004037418,-1,XBS27293.1,Unavailable,Clostridium autoethanogenum
0.9982488,0.0017511531,-1,XBS27285.1,Unavailable,Clostridium autoethanogenum
0.9988418,0.00115825,-1,XBS27290.1,Unavailable,Clostridium autoethanogenum
0.999607,0.00039294496,-1,XBS27287.1,Unavailable,Clostridium autoethanogenum
0.9986338,0.0013661574,-1,XBS27307.1,Unavailable,Clostridium autoethanogenum
0.99886864,0.0011313262,-1,XBS27303.1,Unavailable,Clostridium autoethanogenum
0.99884146,0.0011585904,-1,XBS27294.1,Unavailable,Clostridium autoethanogenum
0.002688797,0.99731123,-1,XBS27301.1,Unavailable,Clostridium autoethanogenum
0.99929416,0.0007057942,-1,XBS27324.1,Unavailable,Clostridium autoethanogenum
0.9967294,0.0032706652,-1,XBS27317.1,Unavailable,Clostridium autoethanogenum
0.9993862,0.0006137502,-1,XBS27308.1,Unavailable,Clostridium autoethanogenum
0.9993136,0.0006864009,-1,XBS27331.1,Unavailable,Clostridium autoethanogenum
0.9962682,0.0037317749,-1,XBS30381.1,Unavailable,Clostridium autoethanogenum
0.99939954,0.00060045824,-1,XBS27326.1,Unavailable,Clostridium autoethanogenum
0.99606436,0.003935605,-1,XBS27316.1,Unavailable,Clostridium autoethanogenum
0.9990734,0.0009265807,-1,XBS27309.1,Unavailable,Clostridium autoethanogenum
0.9992792,0.00072083215,-1,XBS27330.1,Unavailable,Clostridium autoethanogenum
0.99906665,0.00093336037,-1,XBS27310.1,Unavailable,Clostridium autoethanogenum
0.015871458,0.9841285,-1,XBS27320.1,Unavailable,Clostridium autoethanogenum
0.99923444,0.0007655628,-1,XBS27321.1,Unavailable,Clostridium autoethanogenum
0.9931726,0.006827406,-1,XBS27311.1,Unavailable,Clostridium autoethanogenum
0.9984579,0.0015421272,-1,XBS27319.1,Unavailable,Clostridium autoethanogenum
0.9984964,0.0015036443,-1,XBS27323.1,Unavailable,Clostridium autoethanogenum
0.99865425,0.0013457161,-1,XBS27322.1,Unavailable,Clostridium autoethanogenum
0.99855584,0.0014441712,-1,XBS27327.1,Unavailable,Clostridium autoethanogenum
0.9993253,0.0006747931,-1,XBS27325.1,Unavailable,Clostridium autoethanogenum
0.9985739,0.0014261166,-1,XBS27318.1,Unavailable,Clostridium autoethanogenum
0.9980599,0.0019400755,-1,XBS27314.1,Unavailable,Clostridium autoethanogenum
0.99735826,0.0026417456,-1,XBS27312.1,Unavailable,Clostridium autoethanogenum
0.9987109,0.0012891084,-1,XBS27328.1,Unavailable,Clostridium autoethanogenum
0.995269,0.0047310293,-1,XBS27315.1,Unavailable,Clostridium autoethanogenum
0.99694,0.0030600575,-1,XBS27329.1,Unavailable,Clostridium autoethanogenum
0.9988319,0.0011681174,-1,XBS27313.1,Unavailable,Clostridium autoethanogenum
0.99682766,0.0031722782,-1,XBS27345.1,Unavailable,Clostridium autoethanogenum
0.9984964,0.0015035971,-1,XBS27351.1,Unavailable,Clostridium autoethanogenum
0.99899775,0.0010022349,-1,XBS27354.1,Unavailable,Clostridium autoethanogenum
0.9990351,0.000964911,-1,XBS27337.1,Unavailable,Clostridium autoethanogenum
0.99868995,0.0013100671,-1,XBS27353.1,Unavailable,Clostridium autoethanogenum
0.99895597,0.0010440019,-1,XBS27350.1,Unavailable,Clostridium autoethanogenum
0.9992434,0.00075667363,-1,XBS27341.1,Unavailable,Clostridium autoethanogenum
0.9989416,0.0010584297,-1,XBS27348.1,Unavailable,Clostridium autoethanogenum
0.9989681,0.0010318249,-1,XBS27355.1,Unavailable,Clostridium autoethanogenum
0.99881905,0.0011808745,-1,XBS27356.1,Unavailable,Clostridium autoethanogenum
0.99909186,0.0009081287,-1,XBS27332.1,Unavailable,Clostridium autoethanogenum
0.9993892,0.00061085774,-1,XBS27333.1,Unavailable,Clostridium autoethanogenum
0.99924004,0.0007599322,-1,XBS27335.1,Unavailable,Clostridium autoethanogenum
0.9990727,0.00092727353,-1,XBS27346.1,Unavailable,Clostridium autoethanogenum
0.99942917,0.000570779,-1,XBS27347.1,Unavailable,Clostridium autoethanogenum
0.999199,0.00080099545,-1,XBS27338.1,Unavailable,Clostridium autoethanogenum
0.9992575,0.0007424459,-1,XBS27344.1,Unavailable,Clostridium autoethanogenum
0.99895895,0.0010410417,-1,XBS27336.1,Unavailable,Clostridium autoethanogenum
0.99668163,0.0033182977,-1,XBS27334.1,Unavailable,Clostridium autoethanogenum
0.999281,0.0007190603,-1,XBS27349.1,Unavailable,Clostridium autoethanogenum
0.999003,0.0009969837,-1,XBS27343.1,Unavailable,Clostridium autoethanogenum
0.99820983,0.0017901326,-1,XBS27339.1,Unavailable,Clostridium autoethanogenum
0.99646497,0.0035350309,-1,XBS27352.1,Unavailable,Clostridium autoethanogenum
0.9983151,0.0016848879,-1,XBS27340.1,Unavailable,Clostridium autoethanogenum
0.9988776,0.0011223961,-1,XBS27342.1,Unavailable,Clostridium autoethanogenum
0.99910223,0.00089777884,-1,XBS27371.1,Unavailable,Clostridium autoethanogenum
0.99738234,0.002617651,-1,XBS27374.1,Unavailable,Clostridium autoethanogenum
0.9990268,0.0009732794,-1,XBS27364.1,Unavailable,Clostridium autoethanogenum
0.9994135,0.0005865028,-1,XBS27372.1,Unavailable,Clostridium autoethanogenum
0.9983012,0.001698867,-1,XBS27361.1,Unavailable,Clostridium autoethanogenum
0.9989311,0.0010689384,-1,XBS27378.1,Unavailable,Clostridium autoethanogenum
0.94291186,0.0570881,-1,XBS27380.1,Unavailable,Clostridium autoethanogenum
0.9986753,0.0013247352,-1,XBS27365.1,Unavailable,Clostridium autoethanogenum
0.9990627,0.0009373302,-1,XBS27379.1,Unavailable,Clostridium autoethanogenum
0.99924505,0.0007549781,-1,XBS27367.1,Unavailable,Clostridium autoethanogenum
0.9977558,0.0022442278,-1,XBS27366.1,Unavailable,Clostridium autoethanogenum
0.9994943,0.00050565286,-1,XBS27362.1,Unavailable,Clostridium autoethanogenum
0.99911016,0.0008898111,-1,XBS27377.1,Unavailable,Clostridium autoethanogenum
0.99849176,0.0015082792,-1,XBS27368.1,Unavailable,Clostridium autoethanogenum
0.9991285,0.000871449,-1,XBS27375.1,Unavailable,Clostridium autoethanogenum
0.9991623,0.00083773787,-1,XBS27376.1,Unavailable,Clostridium autoethanogenum
0.99883825,0.0011617567,-1,XBS27360.1,Unavailable,Clostridium autoethanogenum
0.999181,0.0008189641,-1,XBS27373.1,Unavailable,Clostridium autoethanogenum
0.99725807,0.002741939,-1,XBS27370.1,Unavailable,Clostridium autoethanogenum
0.99883634,0.0011636971,-1,XBS27358.1,Unavailable,Clostridium autoethanogenum
0.99796367,0.0020362919,-1,XBS27363.1,Unavailable,Clostridium autoethanogenum
0.9987417,0.0012583168,-1,XBS27381.1,Unavailable,Clostridium autoethanogenum
0.9992398,0.0007601578,-1,XBS27359.1,Unavailable,Clostridium autoethanogenum
0.9987882,0.00121185,-1,XBS27369.1,Unavailable,Clostridium autoethanogenum
0.99841,0.0015900158,-1,XBS27357.1,Unavailable,Clostridium autoethanogenum
0.99917907,0.0008208638,-1,XBS27397.1,Unavailable,Clostridium autoethanogenum
0.9985207,0.0014793883,-1,XBS27382.1,Unavailable,Clostridium autoethanogenum
0.9993401,0.0006598934,-1,XBS27396.1,Unavailable,Clostridium autoethanogenum
0.9986526,0.0013474314,-1,XBS27389.1,Unavailable,Clostridium autoethanogenum
0.99930406,0.00069594366,-1,XBS30382.1,Unavailable,Clostridium autoethanogenum
0.9990362,0.0009638544,-1,XBS27399.1,Unavailable,Clostridium autoethanogenum
0.9992379,0.00076217,-1,XBS27394.1,Unavailable,Clostridium autoethanogenum
0.99858993,0.001410081,-1,XBS27402.1,Unavailable,Clostridium autoethanogenum
0.99816054,0.0018394985,-1,XBS27393.1,Unavailable,Clostridium autoethanogenum
0.9985806,0.0014193867,-1,XBS27390.1,Unavailable,Clostridium autoethanogenum
0.99927336,0.0007266273,-1,XBS27400.1,Unavailable,Clostridium autoethanogenum
0.999448,0.00055195484,-1,XBS27391.1,Unavailable,Clostridium autoethanogenum
0.99964213,0.00035788518,-1,XBS27398.1,Unavailable,Clostridium autoethanogenum
0.99927336,0.00072662934,-1,XBS27385.1,Unavailable,Clostridium autoethanogenum
0.99866986,0.0013301024,-1,XBS27404.1,Unavailable,Clostridium autoethanogenum
0.99921346,0.0007865454,-1,XBS27384.1,Unavailable,Clostridium autoethanogenum
0.99885905,0.0011409763,-1,XBS27386.1,Unavailable,Clostridium autoethanogenum
0.9950411,0.004958971,-1,XBS27383.1,Unavailable,Clostridium autoethanogenum
0.9995004,0.0004996189,-1,XBS27388.1,Unavailable,Clostridium autoethanogenum
0.99085885,0.009141194,-1,XBS27403.1,Unavailable,Clostridium autoethanogenum
0.99902606,0.0009739417,-1,XBS27387.1,Unavailable,Clostridium autoethanogenum
0.99862695,0.0013730995,-1,XBS27401.1,Unavailable,Clostridium autoethanogenum
0.99786973,0.0021302435,-1,XBS27395.1,Unavailable,Clostridium autoethanogenum
0.999342,0.0006580066,-1,XBS27405.1,Unavailable,Clostridium autoethanogenum
0.9994578,0.0005421947,-1,XBS27392.1,Unavailable,Clostridium autoethanogenum
0.9981262,0.0018738027,-1,XBS27422.1,Unavailable,Clostridium autoethanogenum
0.9992617,0.0007382944,-1,XBS27406.1,Unavailable,Clostridium autoethanogenum
0.9975073,0.0024927738,-1,XBS27421.1,Unavailable,Clostridium autoethanogenum
0.9984654,0.0015346226,-1,XBS27413.1,Unavailable,Clostridium autoethanogenum
0.99587256,0.004127431,-1,XBS27426.1,Unavailable,Clostridium autoethanogenum
0.9984047,0.0015953027,-1,XBS30383.1,Unavailable,Clostridium autoethanogenum
0.9990363,0.00096374785,-1,XBS27420.1,Unavailable,Clostridium autoethanogenum
0.9992028,0.0007972824,-1,XBS30384.1,Unavailable,Clostridium autoethanogenum
0.9991543,0.0008456973,-1,XBS27428.1,Unavailable,Clostridium autoethanogenum
0.9984913,0.0015087007,-1,XBS27408.1,Unavailable,Clostridium autoethanogenum
0.998401,0.0015990599,-1,XBS27411.1,Unavailable,Clostridium autoethanogenum
0.99840075,0.0015992228,-1,XBS27425.1,Unavailable,Clostridium autoethanogenum
0.03091666,0.9690833,-1,XBS27414.1,Unavailable,Clostridium autoethanogenum
0.9990169,0.0009831276,-1,XBS27410.1,Unavailable,Clostridium autoethanogenum
0.99459684,0.0054031266,-1,XBS27423.1,Unavailable,Clostridium autoethanogenum
0.9991385,0.00086154806,-1,XBS27415.1,Unavailable,Clostridium autoethanogenum
0.9990307,0.00096931314,-1,XBS27407.1,Unavailable,Clostridium autoethanogenum
0.9991835,0.00081648974,-1,XBS27418.1,Unavailable,Clostridium autoethanogenum
0.9992101,0.0007898053,-1,XBS27417.1,Unavailable,Clostridium autoethanogenum
0.99848586,0.001514164,-1,XBS27416.1,Unavailable,Clostridium autoethanogenum
0.9995204,0.00047964478,-1,XBS27419.1,Unavailable,Clostridium autoethanogenum
0.99924845,0.0007515279,-1,XBS27424.1,Unavailable,Clostridium autoethanogenum
0.997948,0.0020520808,-1,XBS27409.1,Unavailable,Clostridium autoethanogenum
0.9988702,0.0011298205,-1,XBS27412.1,Unavailable,Clostridium autoethanogenum
0.9988287,0.0011712353,-1,XBS27427.1,Unavailable,Clostridium autoethanogenum
0.99897885,0.0010211591,-1,XBS27433.1,Unavailable,Clostridium autoethanogenum
0.9993025,0.00069746916,-1,XBS27442.1,Unavailable,Clostridium autoethanogenum
0.9993088,0.0006911652,-1,XBS27430.1,Unavailable,Clostridium autoethanogenum
0.99880874,0.0011912135,-1,XBS27437.1,Unavailable,Clostridium autoethanogenum
0.9992685,0.00073147536,-1,XBS27450.1,Unavailable,Clostridium autoethanogenum
0.99889284,0.0011071848,-1,XBS30385.1,Unavailable,Clostridium autoethanogenum
0.999173,0.00082697667,-1,XBS27451.1,Unavailable,Clostridium autoethanogenum
0.9991972,0.00080282567,-1,XBS27447.1,Unavailable,Clostridium autoethanogenum
0.9993228,0.0006772949,-1,XBS27440.1,Unavailable,Clostridium autoethanogenum
0.9989415,0.001058579,-1,XBS27432.1,Unavailable,Clostridium autoethanogenum
0.99891484,0.0010851407,-1,XBS27429.1,Unavailable,Clostridium autoethanogenum
0.99909735,0.00090266415,-1,XBS27446.1,Unavailable,Clostridium autoethanogenum
0.9990658,0.00093418115,-1,XBS30386.1,Unavailable,Clostridium autoethanogenum
0.99879384,0.0012061875,-1,XBS27436.1,Unavailable,Clostridium autoethanogenum
0.9991642,0.0008358226,-1,XBS27431.1,Unavailable,Clostridium autoethanogenum
0.9986546,0.0013453783,-1,XBS27441.1,Unavailable,Clostridium autoethanogenum
0.9987311,0.0012689582,-1,XBS27435.1,Unavailable,Clostridium autoethanogenum
0.99925023,0.0007498,-1,XBS27443.1,Unavailable,Clostridium autoethanogenum
0.9993248,0.00067518355,-1,XBS27439.1,Unavailable,Clostridium autoethanogenum
0.99872214,0.0012778583,-1,XBS27438.1,Unavailable,Clostridium autoethanogenum
0.99947196,0.00052809715,-1,XBS27449.1,Unavailable,Clostridium autoethanogenum
0.9990683,0.0009317123,-1,XBS27445.1,Unavailable,Clostridium autoethanogenum
0.9989907,0.0010092738,-1,XBS27444.1,Unavailable,Clostridium autoethanogenum
0.9985958,0.0014041592,-1,XBS27434.1,Unavailable,Clostridium autoethanogenum
0.9894008,0.0105991615,-1,XBS27448.1,Unavailable,Clostridium autoethanogenum
0.9970968,0.0029031865,-1,XBS27457.1,Unavailable,Clostridium autoethanogenum
0.99907887,0.0009211439,-1,XBS27469.1,Unavailable,Clostridium autoethanogenum
0.99887675,0.0011232744,-1,XBS27467.1,Unavailable,Clostridium autoethanogenum
0.9987196,0.0012804496,-1,XBS27461.1,Unavailable,Clostridium autoethanogenum
0.9990827,0.0009173191,-1,XBS27459.1,Unavailable,Clostridium autoethanogenum
0.9994981,0.00050179847,-1,XBS27462.1,Unavailable,Clostridium autoethanogenum
0.9994142,0.0005858213,-1,XBS27468.1,Unavailable,Clostridium autoethanogenum
0.99564606,0.00435394,-1,XBS27464.1,Unavailable,Clostridium autoethanogenum
0.99875987,0.0012401448,-1,XBS27463.1,Unavailable,Clostridium autoethanogenum
0.9969704,0.0030295725,-1,XBS27465.1,Unavailable,Clostridium autoethanogenum
0.99899155,0.0010084078,-1,XBS27470.1,Unavailable,Clostridium autoethanogenum
0.99811816,0.0018819171,-1,XBS27472.1,Unavailable,Clostridium autoethanogenum
0.9979983,0.0020016846,-1,XBS30388.1,Unavailable,Clostridium autoethanogenum
0.99890053,0.001099422,-1,XBS27452.1,Unavailable,Clostridium autoethanogenum
0.99918884,0.00081110385,-1,XBS27456.1,Unavailable,Clostridium autoethanogenum
0.99738663,0.0026133906,-1,XBS27473.1,Unavailable,Clostridium autoethanogenum
0.9996124,0.00038767196,-1,XBS27458.1,Unavailable,Clostridium autoethanogenum
0.99952006,0.00047996468,-1,XBS27460.1,Unavailable,Clostridium autoethanogenum
0.9941034,0.0058966475,-1,XBS27455.1,Unavailable,Clostridium autoethanogenum
0.89637816,0.10362186,-1,XBS27474.1,Unavailable,Clostridium autoethanogenum
0.030673558,0.96932644,-1,XBS27453.1,Unavailable,Clostridium autoethanogenum
0.99897975,0.0010202621,-1,XBS27471.1,Unavailable,Clostridium autoethanogenum
0.9954535,0.0045464784,-1,XBS30387.1,Unavailable,Clostridium autoethanogenum
0.030318955,0.969681,-1,XBS27466.1,Unavailable,Clostridium autoethanogenum
0.9940308,0.0059692394,-1,XBS27454.1,Unavailable,Clostridium autoethanogenum
0.9984963,0.0015037647,-1,XBS27490.1,Unavailable,Clostridium autoethanogenum
0.99867517,0.0013248149,-1,XBS27489.1,Unavailable,Clostridium autoethanogenum
0.9991072,0.00089276856,-1,XBS27481.1,Unavailable,Clostridium autoethanogenum
0.9989022,0.0010977742,-1,XBS27487.1,Unavailable,Clostridium autoethanogenum
0.9983224,0.0016775953,-1,XBS27492.1,Unavailable,Clostridium autoethanogenum
0.99920255,0.00079743966,-1,XBS27480.1,Unavailable,Clostridium autoethanogenum
0.99953306,0.0004669713,-1,XBS30391.1,Unavailable,Clostridium autoethanogenum
0.99787486,0.0021251792,-1,XBS27486.1,Unavailable,Clostridium autoethanogenum
0.9975089,0.0024911084,-1,XBS27477.1,Unavailable,Clostridium autoethanogenum
0.9986504,0.001349663,-1,XBS27491.1,Unavailable,Clostridium autoethanogenum
0.99563235,0.0043675937,-1,XBS27494.1,Unavailable,Clostridium autoethanogenum
0.9984895,0.0015104478,-1,XBS27493.1,Unavailable,Clostridium autoethanogenum
0.9987777,0.001222289,-1,XBS30390.1,Unavailable,Clostridium autoethanogenum
0.99667466,0.003325328,-1,XBS27482.1,Unavailable,Clostridium autoethanogenum
0.9981218,0.0018782358,-1,XBS27483.1,Unavailable,Clostridium autoethanogenum
0.9937622,0.006237752,-1,XBS27479.1,Unavailable,Clostridium autoethanogenum
0.99871457,0.0012854388,-1,XBS27475.1,Unavailable,Clostridium autoethanogenum
0.9955384,0.00446158,-1,XBS27495.1,Unavailable,Clostridium autoethanogenum
0.9987393,0.0012606747,-1,XBS27485.1,Unavailable,Clostridium autoethanogenum
0.99846184,0.0015382079,-1,XBS27476.1,Unavailable,Clostridium autoethanogenum
0.9983948,0.0016052045,-1,XBS27478.1,Unavailable,Clostridium autoethanogenum
0.9983822,0.0016177677,-1,XBS27484.1,Unavailable,Clostridium autoethanogenum
0.9987702,0.0012298309,-1,XBS30392.1,Unavailable,Clostridium autoethanogenum
0.9987036,0.0012964234,-1,XBS30389.1,Unavailable,Clostridium autoethanogenum
0.99853957,0.0014604169,-1,XBS27488.1,Unavailable,Clostridium autoethanogenum
0.99848324,0.0015167716,-1,XBS27518.1,Unavailable,Clostridium autoethanogenum
0.9992281,0.0007719116,-1,XBS27499.1,Unavailable,Clostridium autoethanogenum
0.99936897,0.000631034,-1,XBS27517.1,Unavailable,Clostridium autoethanogenum
0.9992207,0.00077929586,-1,XBS27504.1,Unavailable,Clostridium autoethanogenum
0.9951207,0.004879301,-1,XBS27509.1,Unavailable,Clostridium autoethanogenum
0.99723595,0.0027640364,-1,XBS27507.1,Unavailable,Clostridium autoethanogenum
0.9992955,0.00070451334,-1,XBS27505.1,Unavailable,Clostridium autoethanogenum
0.99944,0.0005599264,-1,XBS27512.1,Unavailable,Clostridium autoethanogenum
0.998808,0.0011919597,-1,XBS27501.1,Unavailable,Clostridium autoethanogenum
0.9989071,0.0010929133,-1,XBS30394.1,Unavailable,Clostridium autoethanogenum
0.9988777,0.0011222363,-1,XBS27506.1,Unavailable,Clostridium autoethanogenum
0.9985812,0.0014188929,-1,XBS27510.1,Unavailable,Clostridium autoethanogenum
0.9994981,0.0005018715,-1,XBS27514.1,Unavailable,Clostridium autoethanogenum
0.9997683,0.0002317359,-1,XBS27508.1,Unavailable,Clostridium autoethanogenum
0.99953806,0.00046195774,-1,XBS27497.1,Unavailable,Clostridium autoethanogenum
0.9983935,0.0016064735,-1,XBS27502.1,Unavailable,Clostridium autoethanogenum
0.9868982,0.013101798,-1,XBS27511.1,Unavailable,Clostridium autoethanogenum
0.9991524,0.0008475519,-1,XBS27515.1,Unavailable,Clostridium autoethanogenum
0.99796957,0.0020303673,-1,XBS30393.1,Unavailable,Clostridium autoethanogenum
0.9990946,0.0009053493,-1,XBS27496.1,Unavailable,Clostridium autoethanogenum
0.9843466,0.015653312,-1,XBS27500.1,Unavailable,Clostridium autoethanogenum
0.9985002,0.0014998069,-1,XBS27503.1,Unavailable,Clostridium autoethanogenum
0.99832433,0.0016757133,-1,XBS27498.1,Unavailable,Clostridium autoethanogenum
0.99864835,0.0013516354,-1,XBS27516.1,Unavailable,Clostridium autoethanogenum
0.9891238,0.010876097,-1,XBS27513.1,Unavailable,Clostridium autoethanogenum
0.9993624,0.0006375672,-1,XBS30395.1,Unavailable,Clostridium autoethanogenum
0.998064,0.0019359756,-1,XBS27530.1,Unavailable,Clostridium autoethanogenum
0.9981273,0.0018726854,-1,XBS27535.1,Unavailable,Clostridium autoethanogenum
0.9953395,0.004660424,-1,XBS27528.1,Unavailable,Clostridium autoethanogenum
0.9989084,0.0010916282,-1,XBS27536.1,Unavailable,Clostridium autoethanogenum
0.9988432,0.0011567636,-1,XBS27537.1,Unavailable,Clostridium autoethanogenum
0.99831945,0.0016804814,-1,XBS27519.1,Unavailable,Clostridium autoethanogenum
0.9989133,0.0010867277,-1,XBS30397.1,Unavailable,Clostridium autoethanogenum
0.99871826,0.0012818133,-1,XBS27532.1,Unavailable,Clostridium autoethanogenum
0.9989581,0.0010418856,-1,XBS27538.1,Unavailable,Clostridium autoethanogenum
0.99886596,0.0011340976,-1,XBS27534.1,Unavailable,Clostridium autoethanogenum
0.9980647,0.0019353383,-1,XBS27520.1,Unavailable,Clostridium autoethanogenum
0.99954563,0.0004543317,-1,XBS27526.1,Unavailable,Clostridium autoethanogenum
0.9983278,0.0016721496,-1,XBS27539.1,Unavailable,Clostridium autoethanogenum
0.999383,0.0006169629,-1,XBS27525.1,Unavailable,Clostridium autoethanogenum
0.99871695,0.0012830255,-1,XBS27522.1,Unavailable,Clostridium autoethanogenum
0.9993697,0.0006302956,-1,XBS27540.1,Unavailable,Clostridium autoethanogenum
0.9989636,0.0010363718,-1,XBS27521.1,Unavailable,Clostridium autoethanogenum
0.9987264,0.0012735988,-1,XBS27531.1,Unavailable,Clostridium autoethanogenum
0.99855834,0.001441666,-1,XBS27523.1,Unavailable,Clostridium autoethanogenum
0.9996007,0.00039929393,-1,XBS30396.1,Unavailable,Clostridium autoethanogenum
0.99896634,0.0010336284,-1,XBS27533.1,Unavailable,Clostridium autoethanogenum
0.9986278,0.0013722182,-1,XBS27529.1,Unavailable,Clostridium autoethanogenum
0.99723697,0.002763051,-1,XBS27527.1,Unavailable,Clostridium autoethanogenum
0.99928576,0.000714287,-1,XBS27524.1,Unavailable,Clostridium autoethanogenum
0.99795794,0.0020420258,-1,XBS27553.1,Unavailable,Clostridium autoethanogenum
0.99900836,0.0009916574,-1,XBS27551.1,Unavailable,Clostridium autoethanogenum
0.9991678,0.0008322586,-1,XBS27555.1,Unavailable,Clostridium autoethanogenum
0.0065771653,0.9934228,-1,XBS27550.1,Unavailable,Clostridium autoethanogenum
0.99886334,0.0011366853,-1,XBS27554.1,Unavailable,Clostridium autoethanogenum
0.24747163,0.75252837,-1,XBS27546.1,Unavailable,Clostridium autoethanogenum
0.9992329,0.00076710957,-1,XBS27560.1,Unavailable,Clostridium autoethanogenum
0.9995572,0.00044275197,-1,XBS27542.1,Unavailable,Clostridium autoethanogenum
0.9992747,0.00072531693,-1,XBS27548.1,Unavailable,Clostridium autoethanogenum
0.99879223,0.0012078304,-1,XBS27547.1,Unavailable,Clostridium autoethanogenum
0.9991689,0.0008311641,-1,XBS27543.1,Unavailable,Clostridium autoethanogenum
0.99952555,0.00047448618,-1,XBS27559.1,Unavailable,Clostridium autoethanogenum
0.9992906,0.000709379,-1,XBS27557.1,Unavailable,Clostridium autoethanogenum
0.998919,0.0010809816,-1,XBS27556.1,Unavailable,Clostridium autoethanogenum
0.008715626,0.9912844,-1,XBS27552.1,Unavailable,Clostridium autoethanogenum
0.99899584,0.0010042033,-1,XBS27558.1,Unavailable,Clostridium autoethanogenum
0.99920976,0.0007902285,-1,XBS27544.1,Unavailable,Clostridium autoethanogenum
0.99908864,0.0009114141,-1,XBS27549.1,Unavailable,Clostridium autoethanogenum
0.99914885,0.00085112505,-1,XBS27562.1,Unavailable,Clostridium autoethanogenum
0.9985145,0.0014854801,-1,XBS27561.1,Unavailable,Clostridium autoethanogenum
0.99886405,0.0011359676,-1,XBS27541.1,Unavailable,Clostridium autoethanogenum
0.99907684,0.0009230877,-1,XBS27545.1,Unavailable,Clostridium autoethanogenum
0.98243386,0.017566165,-1,XBS27565.1,Unavailable,Clostridium autoethanogenum
0.99720985,0.002790109,-1,XBS27564.1,Unavailable,Clostridium autoethanogenum
0.9985096,0.0014904083,-1,XBS27563.1,Unavailable,Clostridium autoethanogenum
0.99839133,0.001608627,-1,XBS27566.1,Unavailable,Clostridium autoethanogenum
0.99917775,0.0008222817,-1,XBS27581.1,Unavailable,Clostridium autoethanogenum
0.9993931,0.00060687365,-1,XBS27587.1,Unavailable,Clostridium autoethanogenum
0.99881184,0.0011881696,-1,XBS27576.1,Unavailable,Clostridium autoethanogenum
0.9996126,0.00038738412,-1,XBS27567.1,Unavailable,Clostridium autoethanogenum
0.87736106,0.122638956,-1,XBS30399.1,Unavailable,Clostridium autoethanogenum
0.9974095,0.0025904593,-1,XBS27573.1,Unavailable,Clostridium autoethanogenum
0.99965775,0.00034220907,-1,XBS27583.1,Unavailable,Clostridium autoethanogenum
0.999303,0.0006969831,-1,XBS27582.1,Unavailable,Clostridium autoethanogenum
0.9986896,0.0013104115,-1,XBS27584.1,Unavailable,Clostridium autoethanogenum
0.9991099,0.00089011213,-1,XBS30398.1,Unavailable,Clostridium autoethanogenum
0.9992686,0.0007313921,-1,XBS27570.1,Unavailable,Clostridium autoethanogenum
0.9993476,0.0006523173,-1,XBS27578.1,Unavailable,Clostridium autoethanogenum
0.99923694,0.0007631159,-1,XBS27571.1,Unavailable,Clostridium autoethanogenum
0.0027497038,0.99725026,-1,XBS27586.1,Unavailable,Clostridium autoethanogenum
0.9988871,0.0011128548,-1,XBS27569.1,Unavailable,Clostridium autoethanogenum
0.99881685,0.0011831732,-1,XBS27574.1,Unavailable,Clostridium autoethanogenum
0.99943465,0.0005652891,-1,XBS27575.1,Unavailable,Clostridium autoethanogenum
0.99883145,0.0011685067,-1,XBS27577.1,Unavailable,Clostridium autoethanogenum
0.9990125,0.0009875067,-1,XBS27585.1,Unavailable,Clostridium autoethanogenum
0.99837023,0.0016297431,-1,XBS27568.1,Unavailable,Clostridium autoethanogenum
0.99802315,0.0019769226,-1,XBS27580.1,Unavailable,Clostridium autoethanogenum
0.99784577,0.0021542367,-1,XBS27572.1,Unavailable,Clostridium autoethanogenum
0.99966395,0.0003360337,-1,XBS27588.1,Unavailable,Clostridium autoethanogenum
0.9985672,0.0014327056,-1,XBS27579.1,Unavailable,Clostridium autoethanogenum
0.9987759,0.0012241498,-1,XBS27590.1,Unavailable,Clostridium autoethanogenum
0.9996661,0.00033395336,-1,XBS27594.1,Unavailable,Clostridium autoethanogenum
0.9980909,0.0019090697,-1,XBS27610.1,Unavailable,Clostridium autoethanogenum
0.99656016,0.0034398537,-1,XBS27601.1,Unavailable,Clostridium autoethanogenum
0.09570241,0.9042976,-1,XBS27602.1,Unavailable,Clostridium autoethanogenum
0.9977188,0.002281168,-1,XBS27595.1,Unavailable,Clostridium autoethanogenum
0.9972868,0.002713155,-1,XBS27607.1,Unavailable,Clostridium autoethanogenum
0.9985837,0.0014163858,-1,XBS27611.1,Unavailable,Clostridium autoethanogenum
0.99878544,0.001214576,-1,XBS27589.1,Unavailable,Clostridium autoethanogenum
0.9970106,0.0029893888,-1,XBS27600.1,Unavailable,Clostridium autoethanogenum
0.99914277,0.00085718115,-1,XBS27592.1,Unavailable,Clostridium autoethanogenum
0.20753402,0.792466,-1,XBS27591.1,Unavailable,Clostridium autoethanogenum
0.99799323,0.0020068015,-1,XBS27596.1,Unavailable,Clostridium autoethanogenum
0.9993844,0.00061556447,-1,XBS27603.1,Unavailable,Clostridium autoethanogenum
0.999353,0.000647034,-1,XBS27599.1,Unavailable,Clostridium autoethanogenum
0.9982667,0.0017332191,-1,XBS27613.1,Unavailable,Clostridium autoethanogenum
0.9992124,0.00078758295,-1,XBS27604.1,Unavailable,Clostridium autoethanogenum
0.9994678,0.00053218607,-1,XBS27612.1,Unavailable,Clostridium autoethanogenum
0.99920195,0.00079802045,-1,XBS27598.1,Unavailable,Clostridium autoethanogenum
0.9973515,0.0026484225,-1,XBS27606.1,Unavailable,Clostridium autoethanogenum
0.9984718,0.0015281335,-1,XBS27608.1,Unavailable,Clostridium autoethanogenum
0.99899346,0.0010065045,-1,XBS27593.1,Unavailable,Clostridium autoethanogenum
0.9980878,0.0019121185,-1,XBS27605.1,Unavailable,Clostridium autoethanogenum
0.99758494,0.002415096,-1,XBS27609.1,Unavailable,Clostridium autoethanogenum
0.99940014,0.00059987337,-1,XBS27597.1,Unavailable,Clostridium autoethanogenum
0.99893993,0.0010600371,-1,XBS27626.1,Unavailable,Clostridium autoethanogenum
0.9993563,0.00064372603,-1,XBS27636.1,Unavailable,Clostridium autoethanogenum
0.99913675,0.0008632251,-1,XBS27629.1,Unavailable,Clostridium autoethanogenum
0.99907,0.00092998095,-1,XBS27633.1,Unavailable,Clostridium autoethanogenum
0.9985468,0.0014531608,-1,XBS27632.1,Unavailable,Clostridium autoethanogenum
0.99861014,0.0013898012,-1,XBS27623.1,Unavailable,Clostridium autoethanogenum
0.9991892,0.0008108361,-1,XBS27628.1,Unavailable,Clostridium autoethanogenum
0.9994628,0.00053720205,-1,XBS27630.1,Unavailable,Clostridium autoethanogenum
0.9994267,0.00057328475,-1,XBS27634.1,Unavailable,Clostridium autoethanogenum
0.9987889,0.0012111622,-1,XBS27631.1,Unavailable,Clostridium autoethanogenum
0.9993942,0.00060578773,-1,XBS27627.1,Unavailable,Clostridium autoethanogenum
0.99780804,0.0021920246,-1,XBS27615.1,Unavailable,Clostridium autoethanogenum
0.9985259,0.00147415,-1,XBS27620.1,Unavailable,Clostridium autoethanogenum
0.99910516,0.0008948005,-1,XBS30401.1,Unavailable,Clostridium autoethanogenum
0.99873346,0.0012665371,-1,XBS27622.1,Unavailable,Clostridium autoethanogenum
0.99927694,0.0007230185,-1,XBS27618.1,Unavailable,Clostridium autoethanogenum
0.99860674,0.0013932586,-1,XBS27635.1,Unavailable,Clostridium autoethanogenum
0.9984465,0.0015535161,-1,XBS27614.1,Unavailable,Clostridium autoethanogenum
0.99910516,0.0008947686,-1,XBS27616.1,Unavailable,Clostridium autoethanogenum
0.9994191,0.0005808889,-1,XBS27619.1,Unavailable,Clostridium autoethanogenum
0.99875724,0.0012427474,-1,XBS30400.1,Unavailable,Clostridium autoethanogenum
0.9996038,0.00039619202,-1,XBS27624.1,Unavailable,Clostridium autoethanogenum
0.9993672,0.0006328777,-1,XBS27617.1,Unavailable,Clostridium autoethanogenum
0.9990965,0.0009034884,-1,XBS27621.1,Unavailable,Clostridium autoethanogenum
0.98789376,0.012106234,-1,XBS27625.1,Unavailable,Clostridium autoethanogenum
0.99948764,0.0005123961,-1,XBS27655.1,Unavailable,Clostridium autoethanogenum
0.99883,0.0011699569,-1,XBS27650.1,Unavailable,Clostridium autoethanogenum
0.9990796,0.0009203753,-1,XBS27640.1,Unavailable,Clostridium autoethanogenum
0.99950194,0.0004980421,-1,XBS27658.1,Unavailable,Clostridium autoethanogenum
0.9976675,0.0023325155,-1,XBS27638.1,Unavailable,Clostridium autoethanogenum
0.99908614,0.0009138152,-1,XBS27660.1,Unavailable,Clostridium autoethanogenum
0.9993413,0.00065865245,-1,XBS27644.1,Unavailable,Clostridium autoethanogenum
0.9977696,0.0022304812,-1,XBS27656.1,Unavailable,Clostridium autoethanogenum
0.99887556,0.0011243861,-1,XBS27652.1,Unavailable,Clostridium autoethanogenum
0.9992034,0.00079663534,-1,XBS27637.1,Unavailable,Clostridium autoethanogenum
0.99779177,0.0022082594,-1,XBS27659.1,Unavailable,Clostridium autoethanogenum
0.99871635,0.001283647,-1,XBS27661.1,Unavailable,Clostridium autoethanogenum
0.99873227,0.0012676843,-1,XBS27653.1,Unavailable,Clostridium autoethanogenum
0.99866426,0.0013357142,-1,XBS27645.1,Unavailable,Clostridium autoethanogenum
0.99930584,0.00069414795,-1,XBS27657.1,Unavailable,Clostridium autoethanogenum
0.99881065,0.0011893614,-1,XBS27643.1,Unavailable,Clostridium autoethanogenum
0.99944156,0.0005583758,-1,XBS27649.1,Unavailable,Clostridium autoethanogenum
0.99889565,0.0011043156,-1,XBS27639.1,Unavailable,Clostridium autoethanogenum
0.99900395,0.0009960951,-1,XBS27648.1,Unavailable,Clostridium autoethanogenum
0.9991416,0.00085837516,-1,XBS27642.1,Unavailable,Clostridium autoethanogenum
0.9947389,0.0052611916,-1,XBS27651.1,Unavailable,Clostridium autoethanogenum
0.9985655,0.0014344845,-1,XBS27641.1,Unavailable,Clostridium autoethanogenum
0.999073,0.0009269666,-1,XBS27654.1,Unavailable,Clostridium autoethanogenum
0.9990816,0.0009183404,-1,XBS27646.1,Unavailable,Clostridium autoethanogenum
0.9991462,0.0008538007,-1,XBS27647.1,Unavailable,Clostridium autoethanogenum
0.0133447135,0.98665524,-1,XBS27675.1,Unavailable,Clostridium autoethanogenum
0.98579454,0.014205468,-1,XBS27682.1,Unavailable,Clostridium autoethanogenum
0.55058485,0.44941515,-1,XBS27680.1,Unavailable,Clostridium autoethanogenum
0.99888295,0.0011170895,-1,XBS27667.1,Unavailable,Clostridium autoethanogenum
0.99892336,0.0010765708,-1,XBS27671.1,Unavailable,Clostridium autoethanogenum
0.9971295,0.0028704905,-1,XBS27684.1,Unavailable,Clostridium autoethanogenum
0.99886274,0.001137263,-1,XBS27673.1,Unavailable,Clostridium autoethanogenum
0.9991818,0.0008181354,-1,XBS30403.1,Unavailable,Clostridium autoethanogenum
0.9976094,0.0023906594,-1,XBS27663.1,Unavailable,Clostridium autoethanogenum
0.9928905,0.007109536,-1,XBS27662.1,Unavailable,Clostridium autoethanogenum
0.9991386,0.0008613313,-1,XBS27666.1,Unavailable,Clostridium autoethanogenum
0.9991768,0.0008231267,-1,XBS27668.1,Unavailable,Clostridium autoethanogenum
0.99863297,0.0013669721,-1,XBS27683.1,Unavailable,Clostridium autoethanogenum
0.9965669,0.0034330375,-1,XBS27674.1,Unavailable,Clostridium autoethanogenum
0.9989427,0.0010573297,-1,XBS27679.1,Unavailable,Clostridium autoethanogenum
0.9991743,0.00082565856,-1,XBS27672.1,Unavailable,Clostridium autoethanogenum
0.99925166,0.00074836164,-1,XBS30402.1,Unavailable,Clostridium autoethanogenum
0.9985258,0.0014741863,-1,XBS27677.1,Unavailable,Clostridium autoethanogenum
0.9992843,0.00071565574,-1,XBS27681.1,Unavailable,Clostridium autoethanogenum
0.99833894,0.0016610308,-1,XBS27664.1,Unavailable,Clostridium autoethanogenum
0.9920596,0.007940344,-1,XBS27670.1,Unavailable,Clostridium autoethanogenum
0.9932288,0.0067712096,-1,XBS27669.1,Unavailable,Clostridium autoethanogenum
0.9983612,0.0016387968,-1,XBS27665.1,Unavailable,Clostridium autoethanogenum
0.9986766,0.001323377,-1,XBS27678.1,Unavailable,Clostridium autoethanogenum
0.9978054,0.0021945331,-1,XBS27676.1,Unavailable,Clostridium autoethanogenum
0.9989587,0.0010412871,-1,XBS27698.1,Unavailable,Clostridium autoethanogenum
0.9988217,0.0011783604,-1,XBS27685.1,Unavailable,Clostridium autoethanogenum
0.9987031,0.0012968754,-1,XBS27707.1,Unavailable,Clostridium autoethanogenum
0.99416155,0.0058384934,-1,XBS27705.1,Unavailable,Clostridium autoethanogenum
0.9981178,0.0018821983,-1,XBS27706.1,Unavailable,Clostridium autoethanogenum
0.9994912,0.00050873874,-1,XBS27688.1,Unavailable,Clostridium autoethanogenum
0.9900446,0.009955457,-1,XBS27689.1,Unavailable,Clostridium autoethanogenum
0.99893004,0.0010699368,-1,XBS27690.1,Unavailable,Clostridium autoethanogenum
0.99886864,0.0011312906,-1,XBS27687.1,Unavailable,Clostridium autoethanogenum
0.9986744,0.0013255903,-1,XBS27704.1,Unavailable,Clostridium autoethanogenum
0.9989562,0.0010438368,-1,XBS27699.1,Unavailable,Clostridium autoethanogenum
0.99943715,0.0005628053,-1,XBS30404.1,Unavailable,Clostridium autoethanogenum
0.99951303,0.00048694923,-1,XBS27700.1,Unavailable,Clostridium autoethanogenum
0.99929583,0.00070415187,-1,XBS27708.1,Unavailable,Clostridium autoethanogenum
0.99884063,0.0011594195,-1,XBS27691.1,Unavailable,Clostridium autoethanogenum
0.99770737,0.0022926496,-1,XBS27693.1,Unavailable,Clostridium autoethanogenum
0.99858236,0.001417678,-1,XBS27701.1,Unavailable,Clostridium autoethanogenum
0.99887484,0.0011251699,-1,XBS27696.1,Unavailable,Clostridium autoethanogenum
0.9959556,0.00404448,-1,XBS27692.1,Unavailable,Clostridium autoethanogenum
0.9964657,0.0035343154,-1,XBS27686.1,Unavailable,Clostridium autoethanogenum
0.99929214,0.00070786825,-1,XBS27697.1,Unavailable,Clostridium autoethanogenum
0.9993907,0.00060929277,-1,XBS27702.1,Unavailable,Clostridium autoethanogenum
0.99902356,0.0009764242,-1,XBS27703.1,Unavailable,Clostridium autoethanogenum
0.9987576,0.001242406,-1,XBS27695.1,Unavailable,Clostridium autoethanogenum
0.9972682,0.0027318224,-1,XBS27694.1,Unavailable,Clostridium autoethanogenum
0.9959604,0.0040395386,-1,XBS27713.1,Unavailable,Clostridium autoethanogenum
0.9966389,0.0033611371,-1,XBS27727.1,Unavailable,Clostridium autoethanogenum
0.9991553,0.00084476947,-1,XBS27720.1,Unavailable,Clostridium autoethanogenum
0.9992632,0.00073676085,-1,XBS27726.1,Unavailable,Clostridium autoethanogenum
0.19861338,0.8013866,-1,XBS27717.1,Unavailable,Clostridium autoethanogenum
0.049287193,0.95071286,-1,XBS27732.1,Unavailable,Clostridium autoethanogenum
0.9991111,0.0008888637,-1,XBS27712.1,Unavailable,Clostridium autoethanogenum
0.99877053,0.0012294843,-1,XBS27731.1,Unavailable,Clostridium autoethanogenum
0.0184123,0.98158765,-1,XBS27718.1,Unavailable,Clostridium autoethanogenum
0.99860364,0.0013964223,-1,XBS27715.1,Unavailable,Clostridium autoethanogenum
0.007697147,0.9923029,-1,XBS27721.1,Unavailable,Clostridium autoethanogenum
0.9986406,0.0013594487,-1,XBS27719.1,Unavailable,Clostridium autoethanogenum
0.9974618,0.0025382263,-1,XBS27716.1,Unavailable,Clostridium autoethanogenum
0.9990847,0.00091523165,-1,XBS27722.1,Unavailable,Clostridium autoethanogenum
0.99867046,0.0013295567,-1,XBS27723.1,Unavailable,Clostridium autoethanogenum
0.99878865,0.001211327,-1,XBS27710.1,Unavailable,Clostridium autoethanogenum
0.9953009,0.0046990425,-1,XBS27728.1,Unavailable,Clostridium autoethanogenum
0.9986437,0.0013563269,-1,XBS27730.1,Unavailable,Clostridium autoethanogenum
0.9989324,0.0010676282,-1,XBS27729.1,Unavailable,Clostridium autoethanogenum
0.99905974,0.0009402788,-1,XBS27714.1,Unavailable,Clostridium autoethanogenum
0.99790454,0.0020954718,-1,XBS27725.1,Unavailable,Clostridium autoethanogenum
0.9923653,0.007634633,-1,XBS27709.1,Unavailable,Clostridium autoethanogenum
0.9989711,0.0010289084,-1,XBS27711.1,Unavailable,Clostridium autoethanogenum
0.99889225,0.0011077705,-1,XBS27724.1,Unavailable,Clostridium autoethanogenum
0.9994437,0.00055627973,-1,XBS30423.1,Unavailable,Clostridium autoethanogenum
0.99963486,0.00036515112,-1,XBS27742.1,Unavailable,Clostridium autoethanogenum
0.9977781,0.0022219042,-1,XBS27756.1,Unavailable,Clostridium autoethanogenum
0.76430905,0.235691,-1,XBS27745.1,Unavailable,Clostridium autoethanogenum
0.99866104,0.0013389832,-1,XBS27734.1,Unavailable,Clostridium autoethanogenum
0.9990866,0.0009134388,-1,XBS27757.1,Unavailable,Clostridium autoethanogenum
0.98381627,0.016183687,-1,XBS27740.1,Unavailable,Clostridium autoethanogenum
0.9990645,0.0009354641,-1,XBS27737.1,Unavailable,Clostridium autoethanogenum
0.9979157,0.0020843719,-1,XBS27733.1,Unavailable,Clostridium autoethanogenum
0.99785954,0.0021404487,-1,XBS27743.1,Unavailable,Clostridium autoethanogenum
0.007437181,0.99256283,-1,XBS27753.1,Unavailable,Clostridium autoethanogenum
0.1345146,0.86548537,-1,XBS27752.1,Unavailable,Clostridium autoethanogenum
0.9985331,0.0014668282,-1,XBS27749.1,Unavailable,Clostridium autoethanogenum
0.02952085,0.97047913,-1,XBS27739.1,Unavailable,Clostridium autoethanogenum
0.9995377,0.0004623289,-1,XBS27751.1,Unavailable,Clostridium autoethanogenum
0.9990957,0.0009042989,-1,XBS27735.1,Unavailable,Clostridium autoethanogenum
0.99840975,0.0015901686,-1,XBS27748.1,Unavailable,Clostridium autoethanogenum
0.9979703,0.0020297533,-1,XBS27754.1,Unavailable,Clostridium autoethanogenum
0.99911934,0.0008806766,-1,XBS27750.1,Unavailable,Clostridium autoethanogenum
0.9985335,0.0014665058,-1,XBS27744.1,Unavailable,Clostridium autoethanogenum
0.9985832,0.0014168302,-1,XBS27746.1,Unavailable,Clostridium autoethanogenum
0.99877447,0.0012254833,-1,XBS27738.1,Unavailable,Clostridium autoethanogenum
0.033484314,0.96651566,-1,XBS27747.1,Unavailable,Clostridium autoethanogenum
0.99949574,0.0005042051,-1,XBS27755.1,Unavailable,Clostridium autoethanogenum
0.9983954,0.0016045441,-1,XBS27736.1,Unavailable,Clostridium autoethanogenum
0.9990707,0.00092933886,-1,XBS27741.1,Unavailable,Clostridium autoethanogenum
0.0077784965,0.99222153,-1,XBS27778.1,Unavailable,Clostridium autoethanogenum
0.99897265,0.001027353,-1,XBS27758.1,Unavailable,Clostridium autoethanogenum
0.9985514,0.0014486132,-1,XBS27773.1,Unavailable,Clostridium autoethanogenum
0.99571145,0.0042886063,-1,XBS27779.1,Unavailable,Clostridium autoethanogenum
0.99813133,0.0018686755,-1,XBS27766.1,Unavailable,Clostridium autoethanogenum
0.06099631,0.93900365,-1,XBS27770.1,Unavailable,Clostridium autoethanogenum
0.99901485,0.0009851073,-1,XBS27768.1,Unavailable,Clostridium autoethanogenum
0.99959666,0.00040330517,-1,XBS27767.1,Unavailable,Clostridium autoethanogenum
0.9982498,0.0017501541,-1,XBS27775.1,Unavailable,Clostridium autoethanogenum
0.9959825,0.004017526,-1,XBS27776.1,Unavailable,Clostridium autoethanogenum
0.99884534,0.0011546952,-1,XBS27761.1,Unavailable,Clostridium autoethanogenum
0.006944205,0.99305576,-1,XBS30405.1,Unavailable,Clostridium autoethanogenum
0.9983695,0.0016305564,-1,XBS27765.1,Unavailable,Clostridium autoethanogenum
0.99884367,0.0011562529,-1,XBS27759.1,Unavailable,Clostridium autoethanogenum
0.99922216,0.00077779975,-1,XBS27764.1,Unavailable,Clostridium autoethanogenum
0.9988041,0.001195865,-1,XBS27762.1,Unavailable,Clostridium autoethanogenum
0.9986117,0.0013882349,-1,XBS27760.1,Unavailable,Clostridium autoethanogenum
0.99912375,0.0008761973,-1,XBS27781.1,Unavailable,Clostridium autoethanogenum
0.99794334,0.00205665,-1,XBS27763.1,Unavailable,Clostridium autoethanogenum
0.9979918,0.0020082386,-1,XBS27769.1,Unavailable,Clostridium autoethanogenum
0.99892884,0.0010710856,-1,XBS27774.1,Unavailable,Clostridium autoethanogenum
0.7424118,0.2575882,-1,XBS27772.1,Unavailable,Clostridium autoethanogenum
0.99855655,0.001443487,-1,XBS27780.1,Unavailable,Clostridium autoethanogenum
0.06666815,0.9333318,-1,XBS27771.1,Unavailable,Clostridium autoethanogenum
0.007545151,0.99245477,-1,XBS27777.1,Unavailable,Clostridium autoethanogenum
0.99907035,0.0009296336,-1,XBS27782.1,Unavailable,Clostridium autoethanogenum
0.9991591,0.00084090565,-1,XBS27803.1,Unavailable,Clostridium autoethanogenum
0.010818278,0.9891817,-1,XBS27786.1,Unavailable,Clostridium autoethanogenum
0.9993773,0.0006227722,-1,XBS27805.1,Unavailable,Clostridium autoethanogenum
0.99912304,0.000877021,-1,XBS27800.1,Unavailable,Clostridium autoethanogenum
0.005317307,0.9946827,-1,XBS27796.1,Unavailable,Clostridium autoethanogenum
0.998887,0.0011130255,-1,XBS27794.1,Unavailable,Clostridium autoethanogenum
0.9985662,0.0014338392,-1,XBS27783.1,Unavailable,Clostridium autoethanogenum
0.99952316,0.00047688076,-1,XBS27789.1,Unavailable,Clostridium autoethanogenum
0.99766797,0.0023320161,-1,XBS27798.1,Unavailable,Clostridium autoethanogenum
0.99899834,0.001001611,-1,XBS27791.1,Unavailable,Clostridium autoethanogenum
0.99925905,0.00074088096,-1,XBS27806.1,Unavailable,Clostridium autoethanogenum
0.99856997,0.0014299618,-1,XBS27785.1,Unavailable,Clostridium autoethanogenum
0.9985454,0.0014546223,-1,XBS27797.1,Unavailable,Clostridium autoethanogenum
0.9974017,0.0025982559,-1,XBS27795.1,Unavailable,Clostridium autoethanogenum
0.9987092,0.0012907939,-1,XBS27788.1,Unavailable,Clostridium autoethanogenum
0.99894994,0.001050094,-1,XBS27799.1,Unavailable,Clostridium autoethanogenum
0.99841607,0.0015839201,-1,XBS27801.1,Unavailable,Clostridium autoethanogenum
0.99841404,0.0015859863,-1,XBS27784.1,Unavailable,Clostridium autoethanogenum
0.9996741,0.00032591986,-1,XBS27802.1,Unavailable,Clostridium autoethanogenum
0.9990576,0.0009424494,-1,XBS27804.1,Unavailable,Clostridium autoethanogenum
0.99911946,0.0008805096,-1,XBS27790.1,Unavailable,Clostridium autoethanogenum
0.9876144,0.01238565,-1,XBS27787.1,Unavailable,Clostridium autoethanogenum
0.9983771,0.0016229406,-1,XBS27792.1,Unavailable,Clostridium autoethanogenum
0.9985815,0.0014185362,-1,XBS27793.1,Unavailable,Clostridium autoethanogenum
0.9994103,0.0005897169,-1,XBS27830.1,Unavailable,Clostridium autoethanogenum
0.99903774,0.0009622358,-1,XBS27808.1,Unavailable,Clostridium autoethanogenum
0.9989039,0.0010961357,-1,XBS27812.1,Unavailable,Clostridium autoethanogenum
0.9986084,0.0013916461,-1,XBS27831.1,Unavailable,Clostridium autoethanogenum
0.99844533,0.0015546563,-1,XBS27819.1,Unavailable,Clostridium autoethanogenum
0.99935573,0.0006443178,-1,XBS27809.1,Unavailable,Clostridium autoethanogenum
0.9993888,0.0006111847,-1,XBS27815.1,Unavailable,Clostridium autoethanogenum
0.9987808,0.001219242,-1,XBS27828.1,Unavailable,Clostridium autoethanogenum
0.99815196,0.001847963,-1,XBS27824.1,Unavailable,Clostridium autoethanogenum
0.9992772,0.00072289625,-1,XBS27810.1,Unavailable,Clostridium autoethanogenum
0.99749255,0.0025074098,-1,XBS27820.1,Unavailable,Clostridium autoethanogenum
0.99931455,0.0006854939,-1,XBS27813.1,Unavailable,Clostridium autoethanogenum
0.99896264,0.001037381,-1,XBS27822.1,Unavailable,Clostridium autoethanogenum
0.999087,0.0009130751,-1,XBS27814.1,Unavailable,Clostridium autoethanogenum
0.99901414,0.0009858547,-1,XBS27816.1,Unavailable,Clostridium autoethanogenum
0.9994228,0.00057727407,-1,XBS27821.1,Unavailable,Clostridium autoethanogenum
0.99894947,0.0010505638,-1,XBS27811.1,Unavailable,Clostridium autoethanogenum
0.9989299,0.0010700204,-1,XBS27817.1,Unavailable,Clostridium autoethanogenum
0.9988167,0.0011832509,-1,XBS27826.1,Unavailable,Clostridium autoethanogenum
0.99178857,0.008211448,-1,XBS27827.1,Unavailable,Clostridium autoethanogenum
0.9992908,0.00070909905,-1,XBS27823.1,Unavailable,Clostridium autoethanogenum
0.9990972,0.00090280053,-1,XBS27825.1,Unavailable,Clostridium autoethanogenum
0.9990398,0.0009601497,-1,XBS27807.1,Unavailable,Clostridium autoethanogenum
0.9950389,0.0049611223,-1,XBS27829.1,Unavailable,Clostridium autoethanogenum
0.9526896,0.047310453,-1,XBS27818.1,Unavailable,Clostridium autoethanogenum
0.9991586,0.000841338,-1,XBS27852.1,Unavailable,Clostridium autoethanogenum
0.9992968,0.00070315634,-1,XBS27837.1,Unavailable,Clostridium autoethanogenum
0.99910563,0.00089431595,-1,XBS27848.1,Unavailable,Clostridium autoethanogenum
0.99943525,0.0005646946,-1,XBS27841.1,Unavailable,Clostridium autoethanogenum
0.9994703,0.0005297806,-1,XBS27840.1,Unavailable,Clostridium autoethanogenum
0.9990901,0.00090989383,-1,XBS27844.1,Unavailable,Clostridium autoethanogenum
0.9982766,0.0017233666,-1,XBS27843.1,Unavailable,Clostridium autoethanogenum
0.99872017,0.0012798631,-1,XBS27833.1,Unavailable,Clostridium autoethanogenum
0.99601054,0.003989414,-1,XBS27842.1,Unavailable,Clostridium autoethanogenum
0.99918514,0.00081481016,-1,XBS27834.1,Unavailable,Clostridium autoethanogenum
0.99878865,0.0012113305,-1,XBS27836.1,Unavailable,Clostridium autoethanogenum
0.99918514,0.0008148941,-1,XBS27838.1,Unavailable,Clostridium autoethanogenum
0.9989033,0.0010967692,-1,XBS27835.1,Unavailable,Clostridium autoethanogenum
0.9995227,0.00047737034,-1,XBS27832.1,Unavailable,Clostridium autoethanogenum
0.9993593,0.00064067915,-1,XBS27845.1,Unavailable,Clostridium autoethanogenum
0.9996604,0.0003396424,-1,XBS27846.1,Unavailable,Clostridium autoethanogenum
0.9995561,0.00044382783,-1,XBS27847.1,Unavailable,Clostridium autoethanogenum
0.99918395,0.0008160784,-1,XBS27854.1,Unavailable,Clostridium autoethanogenum
0.9979955,0.0020045575,-1,XBS27839.1,Unavailable,Clostridium autoethanogenum
0.9980564,0.0019436093,-1,XBS27849.1,Unavailable,Clostridium autoethanogenum
0.9977744,0.002225588,-1,XBS27856.1,Unavailable,Clostridium autoethanogenum
0.9979493,0.0020507143,-1,XBS27853.1,Unavailable,Clostridium autoethanogenum
0.7999588,0.20004117,-1,XBS27855.1,Unavailable,Clostridium autoethanogenum
0.9977563,0.0022436983,-1,XBS27850.1,Unavailable,Clostridium autoethanogenum
0.99272245,0.0072775134,-1,XBS27851.1,Unavailable,Clostridium autoethanogenum
0.9988914,0.0011086377,-1,XBS27881.1,Unavailable,Clostridium autoethanogenum
0.99889034,0.0011096842,-1,XBS27877.1,Unavailable,Clostridium autoethanogenum
0.99936956,0.0006303989,-1,XBS27863.1,Unavailable,Clostridium autoethanogenum
0.99910164,0.0008983963,-1,XBS27871.1,Unavailable,Clostridium autoethanogenum
0.9989342,0.0010657816,-1,XBS27860.1,Unavailable,Clostridium autoethanogenum
0.9993006,0.00069941976,-1,XBS27866.1,Unavailable,Clostridium autoethanogenum
0.99941707,0.0005829572,-1,XBS27861.1,Unavailable,Clostridium autoethanogenum
0.99903893,0.0009610516,-1,XBS27880.1,Unavailable,Clostridium autoethanogenum
0.9991228,0.0008772044,-1,XBS27879.1,Unavailable,Clostridium autoethanogenum
0.99946326,0.0005368064,-1,XBS27878.1,Unavailable,Clostridium autoethanogenum
0.99906224,0.0009377415,-1,XBS27864.1,Unavailable,Clostridium autoethanogenum
0.9986754,0.0013245112,-1,XBS27870.1,Unavailable,Clostridium autoethanogenum
0.9991308,0.0008692721,-1,XBS27875.1,Unavailable,Clostridium autoethanogenum
0.9995633,0.0004367307,-1,XBS27868.1,Unavailable,Clostridium autoethanogenum
0.9989785,0.001021544,-1,XBS27876.1,Unavailable,Clostridium autoethanogenum
0.99897987,0.0010201397,-1,XBS27869.1,Unavailable,Clostridium autoethanogenum
0.99908626,0.00091376697,-1,XBS27862.1,Unavailable,Clostridium autoethanogenum
0.9995029,0.00049706537,-1,XBS27867.1,Unavailable,Clostridium autoethanogenum
0.9994266,0.0005733892,-1,XBS27874.1,Unavailable,Clostridium autoethanogenum
0.9989636,0.0010363535,-1,XBS27865.1,Unavailable,Clostridium autoethanogenum
0.99907506,0.0009248867,-1,XBS27858.1,Unavailable,Clostridium autoethanogenum
0.9994374,0.00056255865,-1,XBS27873.1,Unavailable,Clostridium autoethanogenum
0.9992949,0.0007050805,-1,XBS27872.1,Unavailable,Clostridium autoethanogenum
0.99898106,0.0010188594,-1,XBS27857.1,Unavailable,Clostridium autoethanogenum
0.99768543,0.0023145056,-1,XBS27859.1,Unavailable,Clostridium autoethanogenum
0.9981123,0.0018877193,-1,XBS27889.1,Unavailable,Clostridium autoethanogenum
0.9471428,0.05285721,-1,XBS27895.1,Unavailable,Clostridium autoethanogenum
0.9989623,0.0010377032,-1,XBS27886.1,Unavailable,Clostridium autoethanogenum
0.9970714,0.0029285827,-1,XBS27896.1,Unavailable,Clostridium autoethanogenum
0.9991448,0.0008551938,-1,XBS27903.1,Unavailable,Clostridium autoethanogenum
0.9984836,0.0015163874,-1,XBS27887.1,Unavailable,Clostridium autoethanogenum
0.99794346,0.0020565295,-1,XBS27902.1,Unavailable,Clostridium autoethanogenum
0.99912184,0.0008781523,-1,XBS27891.1,Unavailable,Clostridium autoethanogenum
0.9986345,0.0013654634,-1,XBS27901.1,Unavailable,Clostridium autoethanogenum
0.9985739,0.0014260383,-1,XBS27884.1,Unavailable,Clostridium autoethanogenum
0.99888366,0.0011163831,-1,XBS27894.1,Unavailable,Clostridium autoethanogenum
0.99640924,0.0035907007,-1,XBS27892.1,Unavailable,Clostridium autoethanogenum
0.9988881,0.0011119106,-1,XBS27885.1,Unavailable,Clostridium autoethanogenum
0.99897987,0.0010201026,-1,XBS27882.1,Unavailable,Clostridium autoethanogenum
0.9995975,0.00040254276,-1,XBS27897.1,Unavailable,Clostridium autoethanogenum
0.9990189,0.0009810933,-1,XBS27883.1,Unavailable,Clostridium autoethanogenum
0.99838865,0.0016113794,-1,XBS27888.1,Unavailable,Clostridium autoethanogenum
0.997554,0.0024460054,-1,XBS27893.1,Unavailable,Clostridium autoethanogenum
0.9989919,0.001008103,-1,XBS27898.1,Unavailable,Clostridium autoethanogenum
0.9858504,0.014149626,-1,XBS27899.1,Unavailable,Clostridium autoethanogenum
0.99957794,0.00042203645,-1,XBS27890.1,Unavailable,Clostridium autoethanogenum
0.9973586,0.0026413258,-1,XBS27904.1,Unavailable,Clostridium autoethanogenum
0.05224921,0.9477508,-1,XBS27906.1,Unavailable,Clostridium autoethanogenum
0.99011713,0.009882916,-1,XBS27900.1,Unavailable,Clostridium autoethanogenum
0.998071,0.0019289585,-1,XBS27905.1,Unavailable,Clostridium autoethanogenum
0.99753153,0.0024684903,-1,XBS30406.1,Unavailable,Clostridium autoethanogenum
0.99898905,0.0010109048,-1,XBS27909.1,Unavailable,Clostridium autoethanogenum
0.9994703,0.0005297629,-1,XBS30407.1,Unavailable,Clostridium autoethanogenum
0.99824476,0.0017552465,-1,XBS27922.1,Unavailable,Clostridium autoethanogenum
0.9971794,0.0028206052,-1,XBS27925.1,Unavailable,Clostridium autoethanogenum
0.99936754,0.0006324466,-1,XBS27929.1,Unavailable,Clostridium autoethanogenum
0.9990951,0.0009049005,-1,XBS27910.1,Unavailable,Clostridium autoethanogenum
0.99690443,0.0030955398,-1,XBS27924.1,Unavailable,Clostridium autoethanogenum
0.9992137,0.0007862954,-1,XBS27928.1,Unavailable,Clostridium autoethanogenum
0.99868876,0.001311198,-1,XBS27917.1,Unavailable,Clostridium autoethanogenum
0.99899167,0.0010083439,-1,XBS27908.1,Unavailable,Clostridium autoethanogenum
0.98960084,0.010399107,-1,XBS27927.1,Unavailable,Clostridium autoethanogenum
0.9994729,0.0005271233,-1,XBS27918.1,Unavailable,Clostridium autoethanogenum
0.9869467,0.01305332,-1,XBS27912.1,Unavailable,Clostridium autoethanogenum
0.9995788,0.000421182,-1,XBS27911.1,Unavailable,Clostridium autoethanogenum
0.9801,0.019899996,-1,XBS27919.1,Unavailable,Clostridium autoethanogenum
0.99862134,0.0013786985,-1,XBS27921.1,Unavailable,Clostridium autoethanogenum
0.95638067,0.04361935,-1,XBS27915.1,Unavailable,Clostridium autoethanogenum
0.99814427,0.001855684,-1,XBS27914.1,Unavailable,Clostridium autoethanogenum
0.9977125,0.002287508,-1,XBS27923.1,Unavailable,Clostridium autoethanogenum
0.9987657,0.0012343716,-1,XBS27916.1,Unavailable,Clostridium autoethanogenum
0.99945134,0.000548692,-1,XBS27907.1,Unavailable,Clostridium autoethanogenum
0.99887913,0.0011208795,-1,XBS27926.1,Unavailable,Clostridium autoethanogenum
0.99931,0.00068997627,-1,XBS27913.1,Unavailable,Clostridium autoethanogenum
0.9486015,0.051398557,-1,XBS27920.1,Unavailable,Clostridium autoethanogenum
0.99861956,0.0013804822,-1,XBS27940.1,Unavailable,Clostridium autoethanogenum
0.9993974,0.0006025803,-1,XBS27937.1,Unavailable,Clostridium autoethanogenum
0.99826354,0.0017365125,-1,XBS27953.1,Unavailable,Clostridium autoethanogenum
0.998692,0.0013080449,-1,XBS27933.1,Unavailable,Clostridium autoethanogenum
0.9963786,0.0036213752,-1,XBS27932.1,Unavailable,Clostridium autoethanogenum
0.9990085,0.0009915245,-1,XBS27944.1,Unavailable,Clostridium autoethanogenum
0.9990939,0.0009060756,-1,XBS27938.1,Unavailable,Clostridium autoethanogenum
0.999225,0.0007750113,-1,XBS27943.1,Unavailable,Clostridium autoethanogenum
0.99893314,0.0010668422,-1,XBS27945.1,Unavailable,Clostridium autoethanogenum
0.9983681,0.0016318982,-1,XBS27930.1,Unavailable,Clostridium autoethanogenum
0.9995827,0.00041724628,-1,XBS27950.1,Unavailable,Clostridium autoethanogenum
0.99952626,0.00047378655,-1,XBS27951.1,Unavailable,Clostridium autoethanogenum
0.9992237,0.0007763137,-1,XBS27948.1,Unavailable,Clostridium autoethanogenum
0.9992575,0.0007425124,-1,XBS27939.1,Unavailable,Clostridium autoethanogenum
0.9992136,0.0007864168,-1,XBS27947.1,Unavailable,Clostridium autoethanogenum
0.99911565,0.0008843121,-1,XBS27941.1,Unavailable,Clostridium autoethanogenum
0.9991385,0.0008615407,-1,XBS27936.1,Unavailable,Clostridium autoethanogenum
0.99924856,0.00075137033,-1,XBS27946.1,Unavailable,Clostridium autoethanogenum
0.9989328,0.0010672371,-1,XBS27931.1,Unavailable,Clostridium autoethanogenum
0.9983406,0.0016593402,-1,XBS27942.1,Unavailable,Clostridium autoethanogenum
0.9991684,0.0008316771,-1,XBS27935.1,Unavailable,Clostridium autoethanogenum
0.99857724,0.0014228148,-1,XBS27934.1,Unavailable,Clostridium autoethanogenum
0.999169,0.00083100214,-1,XBS27949.1,Unavailable,Clostridium autoethanogenum
0.99956745,0.00043252192,-1,XBS27954.1,Unavailable,Clostridium autoethanogenum
0.9992906,0.00070936064,-1,XBS27952.1,Unavailable,Clostridium autoethanogenum
0.99907994,0.0009200519,-1,XBS27964.1,Unavailable,Clostridium autoethanogenum
0.9995974,0.00040263907,-1,XBS27968.1,Unavailable,Clostridium autoethanogenum
0.99698716,0.0030128702,-1,XBS27978.1,Unavailable,Clostridium autoethanogenum
0.9983871,0.001612966,-1,XBS27966.1,Unavailable,Clostridium autoethanogenum
0.99931276,0.00068730494,-1,XBS27959.1,Unavailable,Clostridium autoethanogenum
0.99937195,0.0006280706,-1,XBS27963.1,Unavailable,Clostridium autoethanogenum
0.99886763,0.0011323552,-1,XBS27976.1,Unavailable,Clostridium autoethanogenum
0.9985843,0.0014157903,-1,XBS27972.1,Unavailable,Clostridium autoethanogenum
0.99909544,0.0009045803,-1,XBS27970.1,Unavailable,Clostridium autoethanogenum
0.9991553,0.0008447228,-1,XBS27965.1,Unavailable,Clostridium autoethanogenum
0.99918944,0.0008106074,-1,XBS27969.1,Unavailable,Clostridium autoethanogenum
0.9974716,0.0025284688,-1,XBS27957.1,Unavailable,Clostridium autoethanogenum
0.9994388,0.0005611844,-1,XBS27967.1,Unavailable,Clostridium autoethanogenum
0.9989838,0.0010162024,-1,XBS27958.1,Unavailable,Clostridium autoethanogenum
0.9991966,0.0008034766,-1,XBS27961.1,Unavailable,Clostridium autoethanogenum
0.9982502,0.001749771,-1,XBS27971.1,Unavailable,Clostridium autoethanogenum
0.9995308,0.00046918527,-1,XBS27962.1,Unavailable,Clostridium autoethanogenum
0.99303305,0.006967001,-1,XBS27973.1,Unavailable,Clostridium autoethanogenum
0.9995239,0.00047615852,-1,XBS27956.1,Unavailable,Clostridium autoethanogenum
0.99923766,0.00076240144,-1,XBS27975.1,Unavailable,Clostridium autoethanogenum
0.98723745,0.01276255,-1,XBS27974.1,Unavailable,Clostridium autoethanogenum
0.99913764,0.000862332,-1,XBS27977.1,Unavailable,Clostridium autoethanogenum
0.9984365,0.0015634281,-1,XBS27955.1,Unavailable,Clostridium autoethanogenum
0.99893814,0.0010618899,-1,XBS30408.1,Unavailable,Clostridium autoethanogenum
0.99938834,0.0006116564,-1,XBS27960.1,Unavailable,Clostridium autoethanogenum
0.9983917,0.001608268,-1,XBS27986.1,Unavailable,Clostridium autoethanogenum
0.9994093,0.0005907138,-1,XBS30409.1,Unavailable,Clostridium autoethanogenum
0.9990036,0.0009964666,-1,XBS27980.1,Unavailable,Clostridium autoethanogenum
0.99923384,0.00076613284,-1,XBS27987.1,Unavailable,Clostridium autoethanogenum
0.99937963,0.00062037405,-1,XBS27994.1,Unavailable,Clostridium autoethanogenum
0.9993135,0.0006865619,-1,XBS30410.1,Unavailable,Clostridium autoethanogenum
0.9989937,0.0010062667,-1,XBS27985.1,Unavailable,Clostridium autoethanogenum
0.99862313,0.0013768969,-1,XBS27995.1,Unavailable,Clostridium autoethanogenum
0.9987445,0.0012554717,-1,XBS27996.1,Unavailable,Clostridium autoethanogenum
0.9875266,0.0124733765,-1,XBS27982.1,Unavailable,Clostridium autoethanogenum
0.99946064,0.0005394048,-1,XBS27990.1,Unavailable,Clostridium autoethanogenum
0.99949133,0.00050858984,-1,XBS27999.1,Unavailable,Clostridium autoethanogenum
0.9995179,0.0004820934,-1,XBS28000.1,Unavailable,Clostridium autoethanogenum
0.9987482,0.0012518526,-1,XBS28001.1,Unavailable,Clostridium autoethanogenum
0.99905306,0.0009468915,-1,XBS27991.1,Unavailable,Clostridium autoethanogenum
0.9988458,0.0011541294,-1,XBS27993.1,Unavailable,Clostridium autoethanogenum
0.9995621,0.0004379439,-1,XBS27983.1,Unavailable,Clostridium autoethanogenum
0.9990754,0.0009245193,-1,XBS27992.1,Unavailable,Clostridium autoethanogenum
0.9995401,0.00045989116,-1,XBS27989.1,Unavailable,Clostridium autoethanogenum
0.99922633,0.0007736996,-1,XBS27984.1,Unavailable,Clostridium autoethanogenum
0.99892247,0.0010775847,-1,XBS27988.1,Unavailable,Clostridium autoethanogenum
0.99824584,0.0017542085,-1,XBS27998.1,Unavailable,Clostridium autoethanogenum
0.9784443,0.021555757,-1,XBS27981.1,Unavailable,Clostridium autoethanogenum
0.998919,0.0010809692,-1,XBS27979.1,Unavailable,Clostridium autoethanogenum
0.9993364,0.00066359865,-1,XBS27997.1,Unavailable,Clostridium autoethanogenum
0.99911255,0.00088749704,-1,XBS28012.1,Unavailable,Clostridium autoethanogenum
0.9985629,0.0014371097,-1,XBS30411.1,Unavailable,Clostridium autoethanogenum
0.9987124,0.0012875916,-1,XBS28013.1,Unavailable,Clostridium autoethanogenum
0.999527,0.00047308952,-1,XBS28007.1,Unavailable,Clostridium autoethanogenum
0.9988877,0.0011122877,-1,XBS28010.1,Unavailable,Clostridium autoethanogenum
0.9990932,0.0009068594,-1,XBS28015.1,Unavailable,Clostridium autoethanogenum
0.9986979,0.001302068,-1,XBS28014.1,Unavailable,Clostridium autoethanogenum
0.9991246,0.00087545725,-1,XBS28024.1,Unavailable,Clostridium autoethanogenum
0.9992508,0.00074918044,-1,XBS28008.1,Unavailable,Clostridium autoethanogenum
0.9991954,0.0008045932,-1,XBS28018.1,Unavailable,Clostridium autoethanogenum
0.99930656,0.00069349335,-1,XBS28011.1,Unavailable,Clostridium autoethanogenum
0.9995189,0.00048115756,-1,XBS28006.1,Unavailable,Clostridium autoethanogenum
0.99855894,0.0014410937,-1,XBS28009.1,Unavailable,Clostridium autoethanogenum
0.99669135,0.0033085893,-1,XBS28016.1,Unavailable,Clostridium autoethanogenum
0.9987961,0.0012039263,-1,XBS28019.1,Unavailable,Clostridium autoethanogenum
0.9996159,0.0003840899,-1,XBS28002.1,Unavailable,Clostridium autoethanogenum
0.9986136,0.0013863548,-1,XBS28021.1,Unavailable,Clostridium autoethanogenum
0.99890995,0.0010900898,-1,XBS28005.1,Unavailable,Clostridium autoethanogenum
0.999008,0.0009920642,-1,XBS28017.1,Unavailable,Clostridium autoethanogenum
0.9987968,0.0012031442,-1,XBS28020.1,Unavailable,Clostridium autoethanogenum
0.9977792,0.0022208316,-1,XBS28023.1,Unavailable,Clostridium autoethanogenum
0.9985794,0.0014206133,-1,XBS28022.1,Unavailable,Clostridium autoethanogenum
0.9992988,0.00070116966,-1,XBS28004.1,Unavailable,Clostridium autoethanogenum
0.99800926,0.001990718,-1,XBS28003.1,Unavailable,Clostridium autoethanogenum
0.9989794,0.0010206072,-1,XBS28025.1,Unavailable,Clostridium autoethanogenum
0.9985354,0.0014646441,-1,XBS28041.1,Unavailable,Clostridium autoethanogenum
0.99818915,0.0018108228,-1,XBS28049.1,Unavailable,Clostridium autoethanogenum
0.9984249,0.0015751249,-1,XBS28036.1,Unavailable,Clostridium autoethanogenum
0.99936754,0.0006325081,-1,XBS28047.1,Unavailable,Clostridium autoethanogenum
0.9989759,0.0010241535,-1,XBS28045.1,Unavailable,Clostridium autoethanogenum
0.9982185,0.0017814523,-1,XBS28040.1,Unavailable,Clostridium autoethanogenum
0.9991291,0.0008709003,-1,XBS28043.1,Unavailable,Clostridium autoethanogenum
0.998865,0.0011349898,-1,XBS28034.1,Unavailable,Clostridium autoethanogenum
0.9987197,0.0012803277,-1,XBS28038.1,Unavailable,Clostridium autoethanogenum
0.9990796,0.0009203929,-1,XBS28029.1,Unavailable,Clostridium autoethanogenum
0.9986314,0.0013685828,-1,XBS28042.1,Unavailable,Clostridium autoethanogenum
0.9989248,0.0010752077,-1,XBS28050.1,Unavailable,Clostridium autoethanogenum
0.9991658,0.0008342201,-1,XBS28044.1,Unavailable,Clostridium autoethanogenum
0.9990201,0.0009798368,-1,XBS28039.1,Unavailable,Clostridium autoethanogenum
0.9994684,0.0005316436,-1,XBS28046.1,Unavailable,Clostridium autoethanogenum
0.999041,0.00095898914,-1,XBS28048.1,Unavailable,Clostridium autoethanogenum
0.99931324,0.0006867415,-1,XBS28037.1,Unavailable,Clostridium autoethanogenum
0.9988845,0.0011154917,-1,XBS28027.1,Unavailable,Clostridium autoethanogenum
0.99850875,0.0014912061,-1,XBS28028.1,Unavailable,Clostridium autoethanogenum
0.9988298,0.0011702429,-1,XBS28031.1,Unavailable,Clostridium autoethanogenum
0.9289356,0.071064375,-1,XBS28032.1,Unavailable,Clostridium autoethanogenum
0.9990301,0.0009699307,-1,XBS28026.1,Unavailable,Clostridium autoethanogenum
0.99898916,0.0010108028,-1,XBS28033.1,Unavailable,Clostridium autoethanogenum
0.999252,0.00074799365,-1,XBS28030.1,Unavailable,Clostridium autoethanogenum
0.9984629,0.0015370891,-1,XBS28035.1,Unavailable,Clostridium autoethanogenum
0.9986847,0.0013152604,-1,XBS28065.1,Unavailable,Clostridium autoethanogenum
0.9991574,0.0008425507,-1,XBS28067.1,Unavailable,Clostridium autoethanogenum
0.99777716,0.0022228705,-1,XBS28070.1,Unavailable,Clostridium autoethanogenum
0.9984744,0.0015255247,-1,XBS28058.1,Unavailable,Clostridium autoethanogenum
0.99948007,0.0005199174,-1,XBS28074.1,Unavailable,Clostridium autoethanogenum
0.9990964,0.0009036508,-1,XBS28054.1,Unavailable,Clostridium autoethanogenum
0.9969997,0.0030003462,-1,XBS28053.1,Unavailable,Clostridium autoethanogenum
0.9986148,0.001385163,-1,XBS28063.1,Unavailable,Clostridium autoethanogenum
0.9988452,0.0011547968,-1,XBS28066.1,Unavailable,Clostridium autoethanogenum
0.9986395,0.00136049,-1,XBS28060.1,Unavailable,Clostridium autoethanogenum
0.999387,0.0006129704,-1,XBS28068.1,Unavailable,Clostridium autoethanogenum
0.9986358,0.0013641461,-1,XBS28073.1,Unavailable,Clostridium autoethanogenum
0.9990845,0.0009154802,-1,XBS28064.1,Unavailable,Clostridium autoethanogenum
0.99917775,0.00082226755,-1,XBS28061.1,Unavailable,Clostridium autoethanogenum
0.9992667,0.0007333635,-1,XBS28056.1,Unavailable,Clostridium autoethanogenum
0.9992268,0.00077314867,-1,XBS28057.1,Unavailable,Clostridium autoethanogenum
0.9990791,0.0009208587,-1,XBS28062.1,Unavailable,Clostridium autoethanogenum
0.99926454,0.0007354491,-1,XBS28051.1,Unavailable,Clostridium autoethanogenum
0.99894744,0.0010525433,-1,XBS28059.1,Unavailable,Clostridium autoethanogenum
0.9990119,0.0009881034,-1,XBS28052.1,Unavailable,Clostridium autoethanogenum
0.99820566,0.0017943487,-1,XBS28072.1,Unavailable,Clostridium autoethanogenum
0.99934477,0.0006552184,-1,XBS28055.1,Unavailable,Clostridium autoethanogenum
0.99916506,0.0008350074,-1,XBS28069.1,Unavailable,Clostridium autoethanogenum
0.9994205,0.0005794882,-1,XBS28075.1,Unavailable,Clostridium autoethanogenum
0.9990522,0.00094780634,-1,XBS28071.1,Unavailable,Clostridium autoethanogenum
0.9988661,0.0011339306,-1,XBS28098.1,Unavailable,Clostridium autoethanogenum
0.9992543,0.00074570265,-1,XBS28092.1,Unavailable,Clostridium autoethanogenum
0.9962919,0.0037081048,-1,XBS28086.1,Unavailable,Clostridium autoethanogenum
0.99907446,0.0009255409,-1,XBS28076.1,Unavailable,Clostridium autoethanogenum
0.9992053,0.00079472543,-1,XBS28084.1,Unavailable,Clostridium autoethanogenum
0.9990797,0.00092030875,-1,XBS28097.1,Unavailable,Clostridium autoethanogenum
0.9986883,0.0013117082,-1,XBS28094.1,Unavailable,Clostridium autoethanogenum
0.99861276,0.0013871855,-1,XBS28095.1,Unavailable,Clostridium autoethanogenum
0.9988954,0.0011045176,-1,XBS28091.1,Unavailable,Clostridium autoethanogenum
0.99769187,0.0023081207,-1,XBS28093.1,Unavailable,Clostridium autoethanogenum
0.99914837,0.00085157924,-1,XBS28089.1,Unavailable,Clostridium autoethanogenum
0.9988398,0.0011602592,-1,XBS28087.1,Unavailable,Clostridium autoethanogenum
0.9990268,0.0009731778,-1,XBS28085.1,Unavailable,Clostridium autoethanogenum
0.9995652,0.0004347672,-1,XBS28099.1,Unavailable,Clostridium autoethanogenum
0.9995547,0.00044525275,-1,XBS28079.1,Unavailable,Clostridium autoethanogenum
0.9993119,0.0006881114,-1,XBS28080.1,Unavailable,Clostridium autoethanogenum
0.99920887,0.0007911032,-1,XBS28082.1,Unavailable,Clostridium autoethanogenum
0.999027,0.0009730003,-1,XBS28078.1,Unavailable,Clostridium autoethanogenum
0.9982961,0.0017039686,-1,XBS28077.1,Unavailable,Clostridium autoethanogenum
0.99867153,0.0013285296,-1,XBS28088.1,Unavailable,Clostridium autoethanogenum
0.9989021,0.0010978809,-1,XBS28090.1,Unavailable,Clostridium autoethanogenum
0.99908376,0.0009162941,-1,XBS30412.1,Unavailable,Clostridium autoethanogenum
0.9958722,0.004127851,-1,XBS28083.1,Unavailable,Clostridium autoethanogenum
0.99924624,0.00075373944,-1,XBS28096.1,Unavailable,Clostridium autoethanogenum
0.9603903,0.039609693,-1,XBS28081.1,Unavailable,Clostridium autoethanogenum
0.24415897,0.755841,-1,XBS28119.1,Unavailable,Clostridium autoethanogenum
0.99887997,0.0011200059,-1,XBS28101.1,Unavailable,Clostridium autoethanogenum
0.99893504,0.0010649529,-1,XBS28100.1,Unavailable,Clostridium autoethanogenum
0.9982205,0.0017794896,-1,XBS28102.1,Unavailable,Clostridium autoethanogenum
0.99901736,0.0009826001,-1,XBS28108.1,Unavailable,Clostridium autoethanogenum
0.6020832,0.3979168,-1,XBS28118.1,Unavailable,Clostridium autoethanogenum
0.9966254,0.0033746487,-1,XBS28103.1,Unavailable,Clostridium autoethanogenum
0.99779034,0.0022096583,-1,XBS28117.1,Unavailable,Clostridium autoethanogenum
0.9994221,0.0005779407,-1,XBS28123.1,Unavailable,Clostridium autoethanogenum
0.9990983,0.0009017276,-1,XBS28109.1,Unavailable,Clostridium autoethanogenum
0.7214661,0.2785339,-1,XBS28121.1,Unavailable,Clostridium autoethanogenum
0.98343927,0.016560754,-1,XBS28110.1,Unavailable,Clostridium autoethanogenum
0.9963547,0.0036453719,-1,XBS28112.1,Unavailable,Clostridium autoethanogenum
0.9868793,0.013120714,-1,XBS28104.1,Unavailable,Clostridium autoethanogenum
0.88727534,0.11272471,-1,XBS28106.1,Unavailable,Clostridium autoethanogenum
0.9948495,0.0051504183,-1,XBS28116.1,Unavailable,Clostridium autoethanogenum
0.9965758,0.003424207,-1,XBS28111.1,Unavailable,Clostridium autoethanogenum
0.9984882,0.0015117623,-1,XBS28114.1,Unavailable,Clostridium autoethanogenum
0.27186465,0.72813535,-1,XBS28122.1,Unavailable,Clostridium autoethanogenum
0.9699683,0.03003174,-1,XBS28120.1,Unavailable,Clostridium autoethanogenum
0.99953306,0.00046701363,-1,XBS28113.1,Unavailable,Clostridium autoethanogenum
0.99869126,0.001308734,-1,XBS28105.1,Unavailable,Clostridium autoethanogenum
0.8910668,0.10893319,-1,XBS28115.1,Unavailable,Clostridium autoethanogenum
0.95039177,0.049608283,-1,XBS28124.1,Unavailable,Clostridium autoethanogenum
0.9985934,0.0014066502,-1,XBS28107.1,Unavailable,Clostridium autoethanogenum
0.9983487,0.0016512993,-1,XBS28148.1,Unavailable,Clostridium autoethanogenum
0.99899215,0.0010079045,-1,XBS28141.1,Unavailable,Clostridium autoethanogenum
0.9993167,0.0006833014,-1,XBS28129.1,Unavailable,Clostridium autoethanogenum
0.99912864,0.00087142625,-1,XBS28143.1,Unavailable,Clostridium autoethanogenum
0.9997043,0.000295679,-1,XBS28131.1,Unavailable,Clostridium autoethanogenum
0.9994667,0.00053330045,-1,XBS28133.1,Unavailable,Clostridium autoethanogenum
0.99725646,0.0027435927,-1,XBS28146.1,Unavailable,Clostridium autoethanogenum
0.9989348,0.0010652397,-1,XBS28138.1,Unavailable,Clostridium autoethanogenum
0.9989849,0.0010150508,-1,XBS28132.1,Unavailable,Clostridium autoethanogenum
0.99872357,0.0012764026,-1,XBS28147.1,Unavailable,Clostridium autoethanogenum
0.9997751,0.00022483803,-1,XBS28142.1,Unavailable,Clostridium autoethanogenum
0.9991622,0.00083776255,-1,XBS28128.1,Unavailable,Clostridium autoethanogenum
0.98290944,0.01709057,-1,XBS28127.1,Unavailable,Clostridium autoethanogenum
0.99974567,0.00025430543,-1,XBS28145.1,Unavailable,Clostridium autoethanogenum
0.99858725,0.0014128219,-1,XBS28140.1,Unavailable,Clostridium autoethanogenum
0.99955076,0.0004492685,-1,XBS28137.1,Unavailable,Clostridium autoethanogenum
0.9992859,0.0007141957,-1,XBS28136.1,Unavailable,Clostridium autoethanogenum
0.9997085,0.00029154122,-1,XBS28139.1,Unavailable,Clostridium autoethanogenum
0.9992674,0.0007325692,-1,XBS28135.1,Unavailable,Clostridium autoethanogenum
0.99935013,0.00064989907,-1,XBS28144.1,Unavailable,Clostridium autoethanogenum
0.99874014,0.0012598386,-1,XBS28134.1,Unavailable,Clostridium autoethanogenum
0.9989851,0.0010148933,-1,XBS28130.1,Unavailable,Clostridium autoethanogenum
0.99438804,0.0056119543,-1,XBS28125.1,Unavailable,Clostridium autoethanogenum
0.9988349,0.0011651424,-1,XBS28126.1,Unavailable,Clostridium autoethanogenum
0.9988201,0.0011799054,-1,XBS28149.1,Unavailable,Clostridium autoethanogenum
0.9986008,0.001399219,-1,XBS28160.1,Unavailable,Clostridium autoethanogenum
0.9987393,0.0012606585,-1,XBS28171.1,Unavailable,Clostridium autoethanogenum
0.9992694,0.00073062826,-1,XBS28162.1,Unavailable,Clostridium autoethanogenum
0.99912125,0.00087871606,-1,XBS28172.1,Unavailable,Clostridium autoethanogenum
0.99913126,0.0008687156,-1,XBS28170.1,Unavailable,Clostridium autoethanogenum
0.9993698,0.0006302768,-1,XBS28173.1,Unavailable,Clostridium autoethanogenum
0.99866045,0.0013395163,-1,XBS28167.1,Unavailable,Clostridium autoethanogenum
0.9986523,0.0013476906,-1,XBS28168.1,Unavailable,Clostridium autoethanogenum
0.99825114,0.0017488109,-1,XBS28150.1,Unavailable,Clostridium autoethanogenum
0.99947554,0.00052443077,-1,XBS28163.1,Unavailable,Clostridium autoethanogenum
0.9988348,0.0011651823,-1,XBS28165.1,Unavailable,Clostridium autoethanogenum
0.9991787,0.0008212484,-1,XBS28157.1,Unavailable,Clostridium autoethanogenum
0.9988826,0.00111743,-1,XBS28161.1,Unavailable,Clostridium autoethanogenum
0.9957066,0.0042934623,-1,XBS28158.1,Unavailable,Clostridium autoethanogenum
0.99899095,0.0010090776,-1,XBS28169.1,Unavailable,Clostridium autoethanogenum
0.9977264,0.0022736464,-1,XBS28154.1,Unavailable,Clostridium autoethanogenum
0.99730104,0.0026990033,-1,XBS28153.1,Unavailable,Clostridium autoethanogenum
0.9989021,0.0010979363,-1,XBS28151.1,Unavailable,Clostridium autoethanogenum
0.99954057,0.00045941092,-1,XBS28155.1,Unavailable,Clostridium autoethanogenum
0.99860185,0.0013981569,-1,XBS28166.1,Unavailable,Clostridium autoethanogenum
0.9991609,0.00083912234,-1,XBS28156.1,Unavailable,Clostridium autoethanogenum
0.6105538,0.3894462,-1,XBS28152.1,Unavailable,Clostridium autoethanogenum
0.99863845,0.0013615515,-1,XBS28159.1,Unavailable,Clostridium autoethanogenum
0.99918634,0.0008136697,-1,XBS30424.1,Unavailable,Clostridium autoethanogenum
0.9942688,0.0057312353,-1,XBS28164.1,Unavailable,Clostridium autoethanogenum
0.9990023,0.0009977772,-1,XBS28197.1,Unavailable,Clostridium autoethanogenum
0.9960735,0.003926591,-1,XBS28193.1,Unavailable,Clostridium autoethanogenum
0.9987949,0.0012050286,-1,XBS28196.1,Unavailable,Clostridium autoethanogenum
0.99852633,0.0014736621,-1,XBS28198.1,Unavailable,Clostridium autoethanogenum
0.99799854,0.0020013975,-1,XBS28188.1,Unavailable,Clostridium autoethanogenum
0.9990773,0.00092265813,-1,XBS28194.1,Unavailable,Clostridium autoethanogenum
0.99941087,0.0005891231,-1,XBS28192.1,Unavailable,Clostridium autoethanogenum
0.9991049,0.00089504744,-1,XBS28178.1,Unavailable,Clostridium autoethanogenum
0.9990513,0.00094875327,-1,XBS28180.1,Unavailable,Clostridium autoethanogenum
0.99905723,0.0009428104,-1,XBS28185.1,Unavailable,Clostridium autoethanogenum
0.999226,0.0007740536,-1,XBS28175.1,Unavailable,Clostridium autoethanogenum
0.9984988,0.001501225,-1,XBS28182.1,Unavailable,Clostridium autoethanogenum
0.99904746,0.00095247925,-1,XBS28177.1,Unavailable,Clostridium autoethanogenum
0.013364349,0.9866356,-1,XBS28195.1,Unavailable,Clostridium autoethanogenum
0.99847156,0.0015284546,-1,XBS28184.1,Unavailable,Clostridium autoethanogenum
0.9991326,0.0008674096,-1,XBS28176.1,Unavailable,Clostridium autoethanogenum
0.9985499,0.001450126,-1,XBS28183.1,Unavailable,Clostridium autoethanogenum
0.9991794,0.0008205358,-1,XBS28181.1,Unavailable,Clostridium autoethanogenum
0.9994118,0.000588207,-1,XBS28191.1,Unavailable,Clostridium autoethanogenum
0.999253,0.0007470534,-1,XBS28186.1,Unavailable,Clostridium autoethanogenum
0.99923956,0.0007603951,-1,XBS28187.1,Unavailable,Clostridium autoethanogenum
0.9983413,0.0016586903,-1,XBS28189.1,Unavailable,Clostridium autoethanogenum
0.9991788,0.0008212113,-1,XBS28174.1,Unavailable,Clostridium autoethanogenum
0.99859184,0.0014081514,-1,XBS28190.1,Unavailable,Clostridium autoethanogenum
0.9979134,0.0020865458,-1,XBS28179.1,Unavailable,Clostridium autoethanogenum
0.99946123,0.0005388249,-1,XBS28217.1,Unavailable,Clostridium autoethanogenum
0.99889576,0.001104174,-1,XBS28205.1,Unavailable,Clostridium autoethanogenum
0.99898094,0.0010190683,-1,XBS28199.1,Unavailable,Clostridium autoethanogenum
0.9991478,0.00085226115,-1,XBS28209.1,Unavailable,Clostridium autoethanogenum
0.9991922,0.0008078599,-1,XBS28206.1,Unavailable,Clostridium autoethanogenum
0.9993587,0.0006412507,-1,XBS28211.1,Unavailable,Clostridium autoethanogenum
0.99933916,0.0006608034,-1,XBS28210.1,Unavailable,Clostridium autoethanogenum
0.99769884,0.0023011805,-1,XBS28207.1,Unavailable,Clostridium autoethanogenum
0.9993801,0.000619877,-1,XBS28221.1,Unavailable,Clostridium autoethanogenum
0.9982687,0.0017312039,-1,XBS28222.1,Unavailable,Clostridium autoethanogenum
0.99935895,0.0006410928,-1,XBS28201.1,Unavailable,Clostridium autoethanogenum
0.9995407,0.0004592881,-1,XBS28212.1,Unavailable,Clostridium autoethanogenum
0.9991667,0.00083333824,-1,XBS28214.1,Unavailable,Clostridium autoethanogenum
0.99906105,0.00093893457,-1,XBS28203.1,Unavailable,Clostridium autoethanogenum
0.99945456,0.00054546795,-1,XBS28208.1,Unavailable,Clostridium autoethanogenum
0.9991974,0.0008025748,-1,XBS28202.1,Unavailable,Clostridium autoethanogenum
0.9991347,0.0008653541,-1,XBS28218.1,Unavailable,Clostridium autoethanogenum
0.9988136,0.00118639,-1,XBS28213.1,Unavailable,Clostridium autoethanogenum
0.99913687,0.000863126,-1,XBS28200.1,Unavailable,Clostridium autoethanogenum
0.9994991,0.0005009581,-1,XBS28204.1,Unavailable,Clostridium autoethanogenum
0.9990631,0.0009368877,-1,XBS28215.1,Unavailable,Clostridium autoethanogenum
0.99951565,0.00048431527,-1,XBS28220.1,Unavailable,Clostridium autoethanogenum
0.9993068,0.000693194,-1,XBS28219.1,Unavailable,Clostridium autoethanogenum
0.99928695,0.00071306946,-1,XBS30413.1,Unavailable,Clostridium autoethanogenum
0.9978199,0.002180061,-1,XBS28216.1,Unavailable,Clostridium autoethanogenum
0.99808633,0.0019136644,-1,XBS28237.1,Unavailable,Clostridium autoethanogenum
0.9985038,0.0014962343,-1,XBS28245.1,Unavailable,Clostridium autoethanogenum
0.9981547,0.0018452401,-1,XBS28225.1,Unavailable,Clostridium autoethanogenum
0.99929607,0.00070388714,-1,XBS28239.1,Unavailable,Clostridium autoethanogenum
0.99916196,0.0008380999,-1,XBS28244.1,Unavailable,Clostridium autoethanogenum
0.9990706,0.00092941406,-1,XBS28228.1,Unavailable,Clostridium autoethanogenum
0.99872226,0.0012776706,-1,XBS28229.1,Unavailable,Clostridium autoethanogenum
0.9986878,0.0013122325,-1,XBS28223.1,Unavailable,Clostridium autoethanogenum
0.9988549,0.0011451297,-1,XBS28231.1,Unavailable,Clostridium autoethanogenum
0.9988663,0.0011336908,-1,XBS28235.1,Unavailable,Clostridium autoethanogenum
0.9995449,0.00045507742,-1,XBS28243.1,Unavailable,Clostridium autoethanogenum
0.9994368,0.0005631482,-1,XBS28224.1,Unavailable,Clostridium autoethanogenum
0.9994691,0.0005309382,-1,XBS28226.1,Unavailable,Clostridium autoethanogenum
0.99858284,0.0014171493,-1,XBS28236.1,Unavailable,Clostridium autoethanogenum
0.9994943,0.00050564995,-1,XBS28240.1,Unavailable,Clostridium autoethanogenum
0.99597687,0.0040231966,-1,XBS28242.1,Unavailable,Clostridium autoethanogenum
0.9985216,0.0014783607,-1,XBS28232.1,Unavailable,Clostridium autoethanogenum
0.99796236,0.002037686,-1,XBS28246.1,Unavailable,Clostridium autoethanogenum
0.9991641,0.00083595404,-1,XBS28238.1,Unavailable,Clostridium autoethanogenum
0.9989261,0.0010739327,-1,XBS28241.1,Unavailable,Clostridium autoethanogenum
0.9990606,0.00093947555,-1,XBS28227.1,Unavailable,Clostridium autoethanogenum
0.9968348,0.0031652476,-1,XBS28247.1,Unavailable,Clostridium autoethanogenum
0.9990429,0.0009570796,-1,XBS28230.1,Unavailable,Clostridium autoethanogenum
0.97595066,0.024049314,-1,XBS28233.1,Unavailable,Clostridium autoethanogenum
0.99603635,0.0039636567,-1,XBS28234.1,Unavailable,Clostridium autoethanogenum
0.99886656,0.0011334209,-1,XBS28250.1,Unavailable,Clostridium autoethanogenum
0.9990445,0.00095548324,-1,XBS28257.1,Unavailable,Clostridium autoethanogenum
0.99950945,0.00049054186,-1,XBS28258.1,Unavailable,Clostridium autoethanogenum
0.9994259,0.00057411595,-1,XBS28263.1,Unavailable,Clostridium autoethanogenum
0.9985769,0.0014230837,-1,XBS28256.1,Unavailable,Clostridium autoethanogenum
0.99900335,0.0009966588,-1,XBS28262.1,Unavailable,Clostridium autoethanogenum
0.9982406,0.001759403,-1,XBS28248.1,Unavailable,Clostridium autoethanogenum
0.9990361,0.00096392736,-1,XBS28252.1,Unavailable,Clostridium autoethanogenum
0.9982327,0.001767207,-1,XBS28249.1,Unavailable,Clostridium autoethanogenum
0.99855953,0.001440453,-1,XBS28267.1,Unavailable,Clostridium autoethanogenum
0.9995179,0.00048205705,-1,XBS28251.1,Unavailable,Clostridium autoethanogenum
0.99928325,0.0007168258,-1,XBS28259.1,Unavailable,Clostridium autoethanogenum
0.9894253,0.010574688,-1,XBS28265.1,Unavailable,Clostridium autoethanogenum
0.99871135,0.0012886135,-1,XBS28269.1,Unavailable,Clostridium autoethanogenum
0.9989901,0.0010099019,-1,XBS30414.1,Unavailable,Clostridium autoethanogenum
0.9990031,0.0009968897,-1,XBS28261.1,Unavailable,Clostridium autoethanogenum
0.99880326,0.0011967323,-1,XBS28264.1,Unavailable,Clostridium autoethanogenum
0.9981912,0.0018087846,-1,XBS28260.1,Unavailable,Clostridium autoethanogenum
0.99928766,0.0007123352,-1,XBS28253.1,Unavailable,Clostridium autoethanogenum
0.99830425,0.0016957781,-1,XBS28254.1,Unavailable,Clostridium autoethanogenum
0.9988857,0.0011143612,-1,XBS28270.1,Unavailable,Clostridium autoethanogenum
0.99933594,0.0006640282,-1,XBS28268.1,Unavailable,Clostridium autoethanogenum
0.99912065,0.0008793912,-1,XBS30415.1,Unavailable,Clostridium autoethanogenum
0.9973314,0.0026686238,-1,XBS28266.1,Unavailable,Clostridium autoethanogenum
0.99900633,0.0009936761,-1,XBS28255.1,Unavailable,Clostridium autoethanogenum
0.99931407,0.0006859929,-1,XBS28288.1,Unavailable,Clostridium autoethanogenum
0.9988281,0.0011719089,-1,XBS28272.1,Unavailable,Clostridium autoethanogenum
0.9988167,0.0011833383,-1,XBS28292.1,Unavailable,Clostridium autoethanogenum
0.9983436,0.0016563948,-1,XBS28280.1,Unavailable,Clostridium autoethanogenum
0.9987953,0.0012046936,-1,XBS28274.1,Unavailable,Clostridium autoethanogenum
0.99886084,0.0011391517,-1,XBS28271.1,Unavailable,Clostridium autoethanogenum
0.9991334,0.0008666178,-1,XBS28275.1,Unavailable,Clostridium autoethanogenum
0.9986035,0.0013965486,-1,XBS28293.1,Unavailable,Clostridium autoethanogenum
0.99910384,0.00089608284,-1,XBS28290.1,Unavailable,Clostridium autoethanogenum
0.9990459,0.00095405965,-1,XBS28291.1,Unavailable,Clostridium autoethanogenum
0.9992107,0.00078929524,-1,XBS28273.1,Unavailable,Clostridium autoethanogenum
0.9990037,0.0009962615,-1,XBS28279.1,Unavailable,Clostridium autoethanogenum
0.9995097,0.00049035024,-1,XBS28282.1,Unavailable,Clostridium autoethanogenum
0.99724364,0.0027563765,-1,XBS28281.1,Unavailable,Clostridium autoethanogenum
0.99956614,0.0004338932,-1,XBS28277.1,Unavailable,Clostridium autoethanogenum
0.9989967,0.0010033331,-1,XBS28283.1,Unavailable,Clostridium autoethanogenum
0.9992663,0.00073365914,-1,XBS28278.1,Unavailable,Clostridium autoethanogenum
0.8556255,0.14437452,-1,XBS28286.1,Unavailable,Clostridium autoethanogenum
0.9983815,0.0016184701,-1,XBS28289.1,Unavailable,Clostridium autoethanogenum
0.98501426,0.014985705,-1,XBS28276.1,Unavailable,Clostridium autoethanogenum
0.9990363,0.00096373644,-1,XBS28284.1,Unavailable,Clostridium autoethanogenum
0.9992422,0.00075786,-1,XBS28294.1,Unavailable,Clostridium autoethanogenum
0.9981237,0.0018763328,-1,XBS28287.1,Unavailable,Clostridium autoethanogenum
0.9988136,0.0011864427,-1,XBS28285.1,Unavailable,Clostridium autoethanogenum
0.99824023,0.0017597825,-1,XBS28295.1,Unavailable,Clostridium autoethanogenum
0.99927634,0.0007236375,-1,XBS28315.1,Unavailable,Clostridium autoethanogenum
0.99932396,0.0006760225,-1,XBS28309.1,Unavailable,Clostridium autoethanogenum
0.99938536,0.00061459665,-1,XBS28306.1,Unavailable,Clostridium autoethanogenum
0.99823666,0.001763274,-1,XBS28319.1,Unavailable,Clostridium autoethanogenum
0.9988024,0.0011976069,-1,XBS28297.1,Unavailable,Clostridium autoethanogenum
0.998466,0.0015340054,-1,XBS28316.1,Unavailable,Clostridium autoethanogenum
0.99841166,0.0015883157,-1,XBS28314.1,Unavailable,Clostridium autoethanogenum
0.9988502,0.0011497812,-1,XBS28305.1,Unavailable,Clostridium autoethanogenum
0.999358,0.0006419505,-1,XBS28296.1,Unavailable,Clostridium autoethanogenum
0.9989774,0.0010226473,-1,XBS28317.1,Unavailable,Clostridium autoethanogenum
0.9990701,0.0009298844,-1,XBS28303.1,Unavailable,Clostridium autoethanogenum
0.99893004,0.0010699098,-1,XBS28318.1,Unavailable,Clostridium autoethanogenum
0.99951637,0.00048358756,-1,XBS28304.1,Unavailable,Clostridium autoethanogenum
0.99899393,0.0010060999,-1,XBS28301.1,Unavailable,Clostridium autoethanogenum
0.999137,0.00086302246,-1,XBS28307.1,Unavailable,Clostridium autoethanogenum
0.9984724,0.0015276019,-1,XBS28312.1,Unavailable,Clostridium autoethanogenum
0.9995189,0.0004811502,-1,XBS28300.1,Unavailable,Clostridium autoethanogenum
0.99821043,0.0017896343,-1,XBS28308.1,Unavailable,Clostridium autoethanogenum
0.9647567,0.035243265,-1,XBS28310.1,Unavailable,Clostridium autoethanogenum
0.9980312,0.0019688471,-1,XBS30416.1,Unavailable,Clostridium autoethanogenum
0.99854726,0.0014527569,-1,XBS28302.1,Unavailable,Clostridium autoethanogenum
0.9952302,0.0047697746,-1,XBS28311.1,Unavailable,Clostridium autoethanogenum
0.9439105,0.056089483,-1,XBS28298.1,Unavailable,Clostridium autoethanogenum
0.25203568,0.7479644,-1,XBS28313.1,Unavailable,Clostridium autoethanogenum
0.67598045,0.32401952,-1,XBS28299.1,Unavailable,Clostridium autoethanogenum
0.9983394,0.0016605223,-1,XBS28328.1,Unavailable,Clostridium autoethanogenum
0.99924314,0.00075689756,-1,XBS30417.1,Unavailable,Clostridium autoethanogenum
0.99927264,0.0007273478,-1,XBS28330.1,Unavailable,Clostridium autoethanogenum
0.99898344,0.0010165587,-1,XBS28332.1,Unavailable,Clostridium autoethanogenum
0.9994505,0.0005494356,-1,XBS28337.1,Unavailable,Clostridium autoethanogenum
0.999185,0.0008150021,-1,XBS28341.1,Unavailable,Clostridium autoethanogenum
0.9995746,0.00042541488,-1,XBS28335.1,Unavailable,Clostridium autoethanogenum
0.9992654,0.0007346726,-1,XBS28333.1,Unavailable,Clostridium autoethanogenum
0.9993636,0.0006364286,-1,XBS28334.1,Unavailable,Clostridium autoethanogenum
0.999405,0.0005950011,-1,XBS28331.1,Unavailable,Clostridium autoethanogenum
0.9996141,0.00038583216,-1,XBS28339.1,Unavailable,Clostridium autoethanogenum
0.9989814,0.0010185395,-1,XBS28336.1,Unavailable,Clostridium autoethanogenum
0.9993973,0.00060277135,-1,XBS28343.1,Unavailable,Clostridium autoethanogenum
0.6948793,0.3051207,-1,XBS28324.1,Unavailable,Clostridium autoethanogenum
0.9994659,0.0005341521,-1,XBS28327.1,Unavailable,Clostridium autoethanogenum
0.9979517,0.0020483627,-1,XBS28320.1,Unavailable,Clostridium autoethanogenum
0.9993943,0.0006057312,-1,XBS28342.1,Unavailable,Clostridium autoethanogenum
0.9989774,0.0010225547,-1,XBS28325.1,Unavailable,Clostridium autoethanogenum
0.9991474,0.0008526251,-1,XBS28340.1,Unavailable,Clostridium autoethanogenum
0.99844307,0.0015569859,-1,XBS28338.1,Unavailable,Clostridium autoethanogenum
0.9965514,0.0034486232,-1,XBS28326.1,Unavailable,Clostridium autoethanogenum
0.9990608,0.00093922945,-1,XBS28329.1,Unavailable,Clostridium autoethanogenum
0.9977568,0.002243254,-1,XBS28321.1,Unavailable,Clostridium autoethanogenum
0.9982874,0.0017126316,-1,XBS28323.1,Unavailable,Clostridium autoethanogenum
0.9937397,0.006260268,-1,XBS28322.1,Unavailable,Clostridium autoethanogenum
0.9948709,0.0051291124,-1,XBS28362.1,Unavailable,Clostridium autoethanogenum
0.99921405,0.0007859268,-1,XBS28357.1,Unavailable,Clostridium autoethanogenum
0.9993616,0.0006384282,-1,XBS28353.1,Unavailable,Clostridium autoethanogenum
0.99873275,0.0012672135,-1,XBS28360.1,Unavailable,Clostridium autoethanogenum
0.99950147,0.00049857673,-1,XBS28365.1,Unavailable,Clostridium autoethanogenum
0.9993818,0.00061820494,-1,XBS28358.1,Unavailable,Clostridium autoethanogenum
0.99727434,0.0027256703,-1,XBS28367.1,Unavailable,Clostridium autoethanogenum
0.99947697,0.0005230993,-1,XBS28364.1,Unavailable,Clostridium autoethanogenum
0.9982882,0.0017117333,-1,XBS28361.1,Unavailable,Clostridium autoethanogenum
0.99898463,0.0010153496,-1,XBS28366.1,Unavailable,Clostridium autoethanogenum
0.9993432,0.0006567241,-1,XBS28347.1,Unavailable,Clostridium autoethanogenum
0.9995964,0.00040359827,-1,XBS28344.1,Unavailable,Clostridium autoethanogenum
0.99938273,0.0006172624,-1,XBS28350.1,Unavailable,Clostridium autoethanogenum
0.9994591,0.0005409128,-1,XBS28345.1,Unavailable,Clostridium autoethanogenum
0.99945015,0.0005498708,-1,XBS28346.1,Unavailable,Clostridium autoethanogenum
0.9986551,0.0013448916,-1,XBS28352.1,Unavailable,Clostridium autoethanogenum
0.9977368,0.0022631725,-1,XBS28355.1,Unavailable,Clostridium autoethanogenum
0.99799263,0.0020073373,-1,XBS30418.1,Unavailable,Clostridium autoethanogenum
0.8173104,0.18268964,-1,XBS28363.1,Unavailable,Clostridium autoethanogenum
0.99916124,0.0008387545,-1,XBS28348.1,Unavailable,Clostridium autoethanogenum
0.99867743,0.0013225967,-1,XBS28351.1,Unavailable,Clostridium autoethanogenum
0.99883145,0.0011685648,-1,XBS28356.1,Unavailable,Clostridium autoethanogenum
0.99911684,0.0008832091,-1,XBS28359.1,Unavailable,Clostridium autoethanogenum
0.9960257,0.0039743567,-1,XBS28354.1,Unavailable,Clostridium autoethanogenum
0.9982545,0.001745496,-1,XBS28349.1,Unavailable,Clostridium autoethanogenum
0.9986499,0.0013501825,-1,XBS28378.1,Unavailable,Clostridium autoethanogenum
0.9979255,0.0020744104,-1,XBS28370.1,Unavailable,Clostridium autoethanogenum
0.4364728,0.5635272,-1,XBS28372.1,Unavailable,Clostridium autoethanogenum
0.99877626,0.0012237511,-1,XBS28368.1,Unavailable,Clostridium autoethanogenum
0.99936277,0.00063724647,-1,XBS28385.1,Unavailable,Clostridium autoethanogenum
0.9989398,0.0010601978,-1,XBS28386.1,Unavailable,Clostridium autoethanogenum
0.99935097,0.0006490403,-1,XBS28375.1,Unavailable,Clostridium autoethanogenum
0.9989849,0.0010150644,-1,XBS28377.1,Unavailable,Clostridium autoethanogenum
0.98595804,0.01404199,-1,XBS28373.1,Unavailable,Clostridium autoethanogenum
0.9982174,0.0017825864,-1,XBS28374.1,Unavailable,Clostridium autoethanogenum
0.9970041,0.0029958992,-1,XBS30419.1,Unavailable,Clostridium autoethanogenum
0.99934524,0.00065471686,-1,XBS28380.1,Unavailable,Clostridium autoethanogenum
0.99925107,0.00074893556,-1,XBS28384.1,Unavailable,Clostridium autoethanogenum
0.99898654,0.0010134691,-1,XBS28383.1,Unavailable,Clostridium autoethanogenum
0.99949884,0.00050113286,-1,XBS28376.1,Unavailable,Clostridium autoethanogenum
0.9969741,0.003025836,-1,XBS28379.1,Unavailable,Clostridium autoethanogenum
0.9986677,0.001332329,-1,XBS28369.1,Unavailable,Clostridium autoethanogenum
0.9985605,0.001439561,-1,XBS28387.1,Unavailable,Clostridium autoethanogenum
0.9978928,0.0021072556,-1,XBS28371.1,Unavailable,Clostridium autoethanogenum
0.9863129,0.013687127,-1,XBS28382.1,Unavailable,Clostridium autoethanogenum
0.99869066,0.0013093712,-1,XBS28388.1,Unavailable,Clostridium autoethanogenum
0.98970383,0.01029615,-1,XBS28381.1,Unavailable,Clostridium autoethanogenum
0.9980837,0.0019162837,-1,BGAL_ECOLI,5.0,Escherichia coli
0.99576133,0.0042387163,-1,DPO1_ECOLI,5.0,Escherichia coli
0.9990169,0.0009831622,-1,CAPP_ECOLI,5.0,Escherichia coli
0.99841654,0.0015834037,-1,AK1H_ECOLI,5.0,Escherichia coli
0.99756795,0.0024319696,-1,AK2H_ECOLI,5.0,Escherichia coli
0.9983456,0.0016544374,-1,PHSM_ECOLI,5.0,Escherichia coli
0.9996512,0.00034884844,-1,RIR1_ECOLI,5.0,Escherichia coli
0.9991891,0.00081089087,-1,PTM3C_ECOLI,5.0,Escherichia coli
0.9965874,0.0034125792,-1,RPOD_ECOLI,5.0,Escherichia coli
0.9990299,0.00097017334,-1,FRDA_ECOLI,5.0,Escherichia coli
0.9986222,0.0013778743,-1,PPB_ECOLI,5.0,Escherichia coli
0.9991009,0.0008991503,-1,6PGD_ECOLI,5.0,Escherichia coli
0.99893385,0.0010660994,-1,DHE4_ECOLI,5.0,Escherichia coli
0.9973797,0.0026201915,-1,NDH_ECOLI,5.0,Escherichia coli
0.99853873,0.0014612244,-1,DCDA_ECOLI,5.0,Escherichia coli
0.9981364,0.001863579,-1,AAT_ECOLI,5.0,Escherichia coli
0.99905163,0.0009483311,-1,AMPC_ECOLI,5.0,Escherichia coli
0.9988709,0.0011291213,-1,ASPG2_ECOLI,5.0,Escherichia coli
0.9994758,0.00052428665,-1,LEP_ECOLI,5.0,Escherichia coli
0.99941397,0.00058607146,-1,HCHA_ECODH,5.0,Escherichia coli
0.99941397,0.00058607146,-1,HCHA_ECOBW,5.0,Escherichia coli
0.9975133,0.0024867223,-1,SODM_ECOLI,5.0,Escherichia coli
0.99902344,0.0009765074,-1,LSPA_ECOLI,5.0,Escherichia coli
0.9992212,0.000778836,-1,THIS_ECOLI,5.0,Escherichia coli
0.99900335,0.0009966326,-1,MGTS_ECOLI,5.0,Escherichia coli
0.99899656,0.0010034612,-1,CARB_ECOLI,5.0,Escherichia coli
0.25071463,0.7492854,-1,SYI_ECOLI,5.0,Escherichia coli
0.5871196,0.41288042,-1,SYA_ECOLI,5.0,Escherichia coli
0.99447167,0.0055283625,-1,PBPA_ECOLI,5.0,Escherichia coli
0.9985983,0.0014017604,-1,CYAA_ECOLI,5.0,Escherichia coli
0.97788346,0.022116577,-1,PBPB_ECOLI,5.0,Escherichia coli
0.94625473,0.053745218,-1,SYM_ECOLI,5.0,Escherichia coli
0.99888307,0.0011169427,-1,ILVI_ECOLI,5.0,Escherichia coli
0.7397152,0.2602848,-1,SYQ_ECOLI,5.0,Escherichia coli
0.9960157,0.003984277,-1,TRPGD_ECOLI,5.0,Escherichia coli
0.9991704,0.0008295808,-1,MALF_ECOLI,5.0,Escherichia coli
0.9993297,0.00067031843,-1,TOLC_ECOLI,5.0,Escherichia coli
0.99918693,0.00081303023,-1,MELB_ECOLI,5.0,Escherichia coli
0.998083,0.0019169614,-1,PHR_ECOLI,5.0,Escherichia coli
0.9982539,0.0017460876,-1,SDHD_ECOLI,5.0,Escherichia coli
0.99927896,0.0007210269,-1,LACY_ECOLI,5.0,Escherichia coli
0.998589,0.0014109387,-1,MANA_ECOLI,5.0,Escherichia coli
0.9957698,0.0042302273,-1,METB_ECOLI,5.0,Escherichia coli
0.9987382,0.0012618358,-1,ASNA_ECOLI,5.0,Escherichia coli
0.9990689,0.0009310511,-1,RBSB_ECOLI,5.0,Escherichia coli
0.9992841,0.000715975,-1,TONB_ECOLI,5.0,Escherichia coli
0.99773467,0.0022653716,-1,PABA_ECOLI,5.0,Escherichia coli
0.023399154,0.9766009,-1,RS7_ECOLI,5.0,Escherichia coli
0.99672216,0.003277808,-1,ILVH_ECOLI,5.0,Escherichia coli
0.6685937,0.3314063,-1,RS6_ECOLI,5.0,Escherichia coli
0.9950713,0.004928696,-1,AMPN_ECOLI,5.0,Escherichia coli
0.9860162,0.013983829,-1,UVRD_ECOLI,5.0,Escherichia coli
0.99908566,0.000914381,-1,KDPB_ECOLI,5.0,Escherichia coli
0.9987545,0.0012454516,-1,KEFC_ECOLI,5.0,Escherichia coli
0.98601264,0.013987351,-1,RECD_ECOLI,5.0,Escherichia coli
0.9988788,0.0011211955,-1,KDPA_ECOLI,5.0,Escherichia coli
0.9979334,0.0020665936,-1,MCP1_ECOLI,5.0,Escherichia coli
0.9979894,0.0020106328,-1,GUAA_ECOLI,5.0,Escherichia coli
0.9986866,0.0013133822,-1,ILVA_ECOLI,5.0,Escherichia coli
0.99784243,0.0021575612,-1,RBSA_ECOLI,5.0,Escherichia coli
0.09985648,0.90014344,-1,SYE_ECOLI,5.0,Escherichia coli
0.9972723,0.0027276438,-1,DNAA_ECOLI,5.0,Escherichia coli
0.99932253,0.00067746016,-1,LAMB_ECOLI,5.0,Escherichia coli
0.9948085,0.0051915646,-1,UMUC_ECOLI,5.0,Escherichia coli
0.9980982,0.0019017794,-1,TYRB_ECOLI,5.0,Escherichia coli
0.9993123,0.0006877561,-1,OMPF_ECOLI,5.0,Escherichia coli
0.99886405,0.0011359471,-1,LACI_ECOLI,5.0,Escherichia coli
0.9988136,0.001186376,-1,OTC1_ECOLI,5.0,Escherichia coli
0.9978033,0.0021966945,-1,GSHB_ECOLI,5.0,Escherichia coli
0.99518543,0.0048146327,-1,3MG2_ECOLI,5.0,Escherichia coli
0.9985399,0.0014600485,-1,DAPB_ECOLI,5.0,Escherichia coli
0.99730384,0.0026961416,-1,DPO3E_ECOLI,5.0,Escherichia coli
0.9990578,0.0009421342,-1,KDPC_ECOLI,5.0,Escherichia coli
0.9993343,0.000665668,-1,RBSD_ECOLI,5.0,Escherichia coli
0.99897325,0.0010267621,-1,PIL1_ECOLI,5.0,Escherichia coli
0.9983853,0.001614723,-1,PTRA_ECOLI,5.0,Escherichia coli
0.9955199,0.0044801165,-1,TOP1_ECOLI,5.0,Escherichia coli
0.99940383,0.0005961656,-1,FEPA_ECOLI,5.0,Escherichia coli
0.0096478695,0.9903521,-1,PNP_ECOLI,5.0,Escherichia coli
0.99824274,0.0017572428,-1,ILVD_ECOLI,5.0,Escherichia coli
0.9985084,0.001491633,-1,BTUB_ECOLI,5.0,Escherichia coli
0.9985403,0.0014597495,-1,BGLR_ECOLI,5.0,Escherichia coli
0.9987123,0.001287686,-1,DLD_ECOLI,5.0,Escherichia coli
0.99888307,0.0011169539,-1,RECN_ECOLI,5.0,Escherichia coli
0.9978124,0.0021875508,-1,MCP3_ECOLI,5.0,Escherichia coli
0.9990363,0.0009637474,-1,ILVC_ECOLI,5.0,Escherichia coli
0.9973443,0.0026556898,-1,EX1_ECOLI,5.0,Escherichia coli
0.9985051,0.0014949227,-1,FUMC_ECOLI,5.0,Escherichia coli
0.9965293,0.003470743,-1,EX7L_ECOLI,5.0,Escherichia coli
0.99361366,0.0063863075,-1,PABB_ECOLI,5.0,Escherichia coli
0.9966505,0.0033495207,-1,ADA_ECOLI,5.0,Escherichia coli
0.9980698,0.0019301448,-1,PYRC_ECOLI,5.0,Escherichia coli
0.9988152,0.0011848491,-1,TSAD_ECOLI,5.0,Escherichia coli
0.999012,0.0009879739,-1,BTUC_ECOLI,5.0,Escherichia coli
0.99879164,0.0012084298,-1,APAH_ECOLI,5.0,Escherichia coli
0.9987759,0.0012241248,-1,FTSQ_ECOLI,5.0,Escherichia coli
0.99408853,0.0059115225,-1,FPG_ECOLI,5.0,Escherichia coli
0.997981,0.0020190044,-1,AROD_ECOLI,5.0,Escherichia coli
0.99835676,0.0016432458,-1,BTUD_ECOLI,5.0,Escherichia coli
0.99820626,0.0017936986,-1,ALKB_ECOLI,5.0,Escherichia coli
0.9986248,0.0013752168,-1,MALT_ECOLI,5.0,Escherichia coli
0.9987915,0.0012085261,-1,FHUA_ECOLI,5.0,Escherichia coli
0.99918336,0.0008166299,-1,FHUB_ECOLI,5.0,Escherichia coli
0.9981048,0.0018951133,-1,DPO3X_ECOLI,5.0,Escherichia coli
0.9977851,0.002214845,-1,ODP2_ECOLI,5.0,Escherichia coli
0.9986511,0.0013488899,-1,POXB_ECOLI,5.0,Escherichia coli
0.9982041,0.0017958719,-1,PNTA_ECOLI,5.0,Escherichia coli
0.9979664,0.0020336767,-1,GSHR_ECOLI,5.0,Escherichia coli
0.9958026,0.0041974476,-1,HISX_ECOLI,5.0,Escherichia coli
0.99805754,0.0019424489,-1,PROA_ECOLI,5.0,Escherichia coli
0.6947997,0.3052003,-1,CCA_ECOLI,5.0,Escherichia coli
0.9964431,0.0035569372,-1,METC_ECOLI,5.0,Escherichia coli
0.99921334,0.00078660937,-1,OMPC_ECOLI,5.0,Escherichia coli
0.99793565,0.002064333,-1,RF2_ECOLI,5.0,Escherichia coli
0.9987558,0.0012441924,-1,OTC2_ECOLI,5.0,Escherichia coli
0.99875045,0.0012495081,-1,FLIM_ECOLI,5.0,Escherichia coli
0.9915582,0.00844185,-1,BIRA_ECOLI,5.0,Escherichia coli
0.9963967,0.0036032447,-1,HEM3_ECOLI,5.0,Escherichia coli
0.99915004,0.0008499985,-1,PFKB_ECOLI,5.0,Escherichia coli
0.005501961,0.9944981,-1,ERA_ECOLI,5.0,Escherichia coli
0.013224973,0.98677504,-1,RSMA_ECOLI,5.0,Escherichia coli
0.997224,0.0027760786,-1,SDHB_ECOLI,5.0,Escherichia coli
0.9982509,0.0017491098,-1,MUTH_ECOLI,5.0,Escherichia coli
0.9992436,0.0007563917,-1,DUT_ECOLI,5.0,Escherichia coli
0.9480202,0.051979844,-1,PRIB_ECOLI,5.0,Escherichia coli
0.9984339,0.0015660644,-1,RECC_ECOLI,5.0,Escherichia coli
0.98330104,0.016699018,-1,SYV_ECOLI,5.0,Escherichia coli
0.996938,0.0030620217,-1,NIRB_ECOLI,5.0,Escherichia coli
0.02922429,0.9707757,-1,SYFB_ECOLI,5.0,Escherichia coli
0.9990932,0.00090677897,-1,FDHF_ECOLI,5.0,Escherichia coli
0.99799806,0.0020018634,-1,CHEA_ECOLI,5.0,Escherichia coli
0.99904746,0.0009524951,-1,ILVB_ECOLI,5.0,Escherichia coli
0.9975048,0.0024951876,-1,MCP2_ECOLI,5.0,Escherichia coli
0.99914956,0.0008503905,-1,USHA_ECOLI,5.0,Escherichia coli
0.9908745,0.009125503,-1,TYRR_ECOLI,5.0,Escherichia coli
0.99923825,0.0007617118,-1,PUTP_ECOLI,5.0,Escherichia coli
0.99876606,0.0012340188,-1,PPA_ECOLI,5.0,Escherichia coli
0.99601525,0.003984697,-1,FOLC_ECOLI,5.0,Escherichia coli
0.99808985,0.0019101695,-1,IDH_ECOLI,5.0,Escherichia coli
0.9983766,0.0016234051,-1,AROB_ECOLI,5.0,Escherichia coli
0.9984938,0.0015062124,-1,CHEB_ECOLI,5.0,Escherichia coli
0.99849164,0.001508338,-1,TDH_ECOLI,5.0,Escherichia coli
0.99919814,0.0008019319,-1,METAS_ECOLI,5.0,Escherichia coli
0.9974481,0.0025518974,-1,DDLB_ECOLI,5.0,Escherichia coli
0.99937123,0.0006288217,-1,FIMH_ECOLI,5.0,Escherichia coli
0.99901867,0.000981266,-1,FHUD_ECOLI,5.0,Escherichia coli
0.008285154,0.9917148,-1,TRUA_ECOLI,5.0,Escherichia coli
0.997407,0.002592933,-1,FHUC_ECOLI,5.0,Escherichia coli
0.9984946,0.0015053384,-1,PUR3_ECOLI,5.0,Escherichia coli
0.99924636,0.0007537144,-1,THGA_ECOLI,5.0,Escherichia coli
0.99901736,0.000982596,-1,NARG_ECOLI,5.0,Escherichia coli
0.9981578,0.0018422023,-1,RECB_ECOLI,5.0,Escherichia coli
0.9984738,0.0015261568,-1,T1RK_ECOLI,5.0,Escherichia coli
0.9994332,0.0005668011,-1,PFLB_ECOLI,5.0,Escherichia coli
0.9995571,0.00044293754,-1,TRAD1_ECOLI,5.0,Escherichia coli
0.9989248,0.001075219,-1,PTW3C_ECOLI,5.0,Escherichia coli
0.9991008,0.00089917425,-1,SPPA_ECOLI,5.0,Escherichia coli
0.9982528,0.0017471259,-1,PT1_ECOLI,5.0,Escherichia coli
0.99866974,0.0013302667,-1,XYLB_ECOLI,5.0,Escherichia coli
0.9977024,0.0022976112,-1,AK3_ECOLI,5.0,Escherichia coli
0.99224573,0.007754244,-1,DACC_ECOLI,5.0,Escherichia coli
0.9976816,0.002318363,-1,DNAJ_ECOLI,5.0,Escherichia coli
0.99648994,0.003510082,-1,PURK_ECOLI,5.0,Escherichia coli
0.99824405,0.0017559896,-1,GAL7_ECOLI,5.0,Escherichia coli
0.99127394,0.008726105,-1,MURB_ECOLI,5.0,Escherichia coli
0.9992287,0.00077127217,-1,GALE_ECOLI,5.0,Escherichia coli
0.5893701,0.41062996,-1,SYFA_ECOLI,5.0,Escherichia coli
0.9994055,0.0005944416,-1,OMPT_ECOLI,5.0,Escherichia coli
0.9990501,0.0009499372,-1,MOTA_ECOLI,5.0,Escherichia coli
0.99790406,0.0020959247,-1,SPEE_ECOLI,5.0,Escherichia coli
0.99299,0.007009922,-1,EX3_ECOLI,5.0,Escherichia coli
0.9986583,0.0013417316,-1,PYRF_ECOLI,5.0,Escherichia coli
0.9990274,0.0009726546,-1,ARAD_ECOLI,5.0,Escherichia coli
0.9979551,0.0020448694,-1,GRPE_ECOLI,5.0,Escherichia coli
0.99930143,0.0006985178,-1,MUTT_ECOLI,5.0,Escherichia coli
0.9989973,0.0010027224,-1,GLTB_ECOLI,5.0,Escherichia coli
0.99556583,0.00443411,-1,PUTA_ECOLI,5.0,Escherichia coli
0.9977368,0.0022631264,-1,UVRA_ECOLI,5.0,Escherichia coli
0.9930843,0.006915652,-1,REP_ECOLI,5.0,Escherichia coli
0.9940918,0.005908217,-1,UBIB_ECOLI,5.0,Escherichia coli
0.9986331,0.0013669168,-1,GLPK_ECOLI,5.0,Escherichia coli
0.99847716,0.0015228776,-1,UHPB_ECOLI,5.0,Escherichia coli
0.9988531,0.0011469104,-1,GLTD_ECOLI,5.0,Escherichia coli
0.9989318,0.001068155,-1,ASSY_ECOLI,5.0,Escherichia coli
0.9978452,0.0021547885,-1,AROA_ECOLI,5.0,Escherichia coli
0.9985183,0.0014817166,-1,ISCS_ECOLI,5.0,Escherichia coli
0.99879444,0.0012054981,-1,ACKA_ECOLI,5.0,Escherichia coli
0.99829453,0.001705529,-1,CARA_ECOLI,5.0,Escherichia coli
0.9764597,0.023540296,-1,ALR1_ECOLI,5.0,Escherichia coli
0.99877983,0.0012201604,-1,GLPQ_ECOLI,5.0,Escherichia coli
0.9976997,0.0023003332,-1,YDIB_ECOLI,5.0,Escherichia coli
0.9984933,0.0015066217,-1,END4_ECOLI,5.0,Escherichia coli
0.9987091,0.0012908961,-1,RHAS_ECOLI,5.0,Escherichia coli
0.998492,0.0015079948,-1,GLPG_ECOLI,5.0,Escherichia coli
0.99778384,0.0022161799,-1,ARGB_ECOLI,5.0,Escherichia coli
0.998615,0.0013849012,-1,AROL_ECOLI,5.0,Escherichia coli
0.9986796,0.0013204027,-1,AROK_ECOLI,5.0,Escherichia coli
0.9984426,0.0015574314,-1,ARGR_ECOLI,5.0,Escherichia coli
0.9988136,0.00118636,-1,ATPE_ECOLI,5.0,Escherichia coli
0.9988844,0.0011155974,-1,ACP_ECOLI,5.0,Escherichia coli
0.99871147,0.0012885388,-1,EFG_ECOLI,5.0,Escherichia coli
0.99862874,0.0013712888,-1,CH60_ECOLI,5.0,Escherichia coli
0.887548,0.11245196,-1,DER_ECOLI,5.0,Escherichia coli
0.99860615,0.0013938538,-1,CLSA_ECOLI,5.0,Escherichia coli
0.98611814,0.013881841,-1,HSLU_ECOLI,5.0,Escherichia coli
0.99707365,0.002926293,-1,DADA_ECOLI,5.0,Escherichia coli
0.9988206,0.0011793536,-1,ENO_ECOLI,5.0,Escherichia coli
0.9982698,0.0017302434,-1,CLPX_ECOLI,5.0,Escherichia coli
0.99885094,0.0011490859,-1,DEOB_ECOLI,5.0,Escherichia coli
0.9986436,0.0013564399,-1,NANA_ECOLI,5.0,Escherichia coli
0.9984353,0.001564633,-1,DAPA_ECOLI,5.0,Escherichia coli
0.9983444,0.0016555695,-1,EFTS_ECOLI,5.0,Escherichia coli
0.9973743,0.0026257003,-1,DAPF_ECOLI,5.0,Escherichia coli
0.99851865,0.0014813202,-1,DEOC_ECOLI,5.0,Escherichia coli
0.9992022,0.00079777103,-1,CYSZ_ECOLI,5.0,Escherichia coli
0.8124263,0.18757367,-1,KCY_ECOLI,5.0,Escherichia coli
0.998531,0.001469033,-1,CLPP_ECOLI,5.0,Escherichia coli
0.99908435,0.0009156879,-1,EFP_ECOLI,5.0,Escherichia coli
0.99803346,0.0019665621,-1,DSBB_ECOLI,5.0,Escherichia coli
0.9986953,0.0013046599,-1,FABA_ECOLI,5.0,Escherichia coli
0.9902356,0.009764326,-1,DEF_ECOLI,5.0,Escherichia coli
0.9975581,0.0024418563,-1,COAD_ECOLI,5.0,Escherichia coli
0.99829704,0.0017030207,-1,FABZ_ECOLI,5.0,Escherichia coli
0.032557886,0.9674421,-1,DTD_ECOLI,5.0,Escherichia coli
0.9969452,0.0030547506,-1,CH10_ECOLI,5.0,Escherichia coli
0.79893506,0.20106496,-1,IF2_ECOLI,5.0,Escherichia coli
0.9990821,0.00091785146,-1,DNAK_ECOLI,5.0,Escherichia coli
0.997165,0.0028349573,-1,MNMG_ECOLI,5.0,Escherichia coli
0.99934155,0.0006584868,-1,HTPG_ECOLI,5.0,Escherichia coli
0.99877745,0.0012225149,-1,HSCA_ECOLI,5.0,Escherichia coli
0.99895847,0.0010415218,-1,G6PI_ECOLI,5.0,Escherichia coli
0.99866235,0.0013376143,-1,GLGC_ECOLI,5.0,Escherichia coli
0.9904643,0.0095357075,-1,HEM1_ECOLI,5.0,Escherichia coli
0.9983999,0.001600036,-1,GAL1_ECOLI,5.0,Escherichia coli
0.9985843,0.0014157776,-1,MRAY_ECOLI,5.0,Escherichia coli
0.99753064,0.0024694141,-1,GPDA_ECOLI,5.0,Escherichia coli
0.9982843,0.0017156521,-1,FABH_ECOLI,5.0,Escherichia coli
0.9988752,0.001124783,-1,HSLO_ECOLI,5.0,Escherichia coli
0.99814785,0.0018521704,-1,GCH1_ECOLI,5.0,Escherichia coli
0.996829,0.0031709757,-1,RSMG_ECOLI,5.0,Escherichia coli
0.9834995,0.016500393,-1,IF3_ECOLI,5.0,Escherichia coli
0.9992467,0.0007532756,-1,YCIB_ECOLI,5.0,Escherichia coli
0.9985158,0.0014842304,-1,NIKR_ECOLI,5.0,Escherichia coli
0.99797565,0.0020244122,-1,HYPA_ECOLI,5.0,Escherichia coli
0.99725854,0.002741463,-1,HYBF_ECOLI,5.0,Escherichia coli
0.99882704,0.0011729845,-1,FTSB_ECOLI,5.0,Escherichia coli
0.7390076,0.26099244,-1,HFQ_ECOLI,5.0,Escherichia coli
0.9788713,0.02112871,-1,IHFA_ECOLI,5.0,Escherichia coli
0.99752563,0.0024743853,-1,FIS_ECOLI,5.0,Escherichia coli
0.9535891,0.046410855,-1,IHFB_ECOLI,5.0,Escherichia coli
0.9980987,0.001901318,-1,PLSB_ECOLI,5.0,Escherichia coli
0.99826175,0.0017382045,-1,MURA_ECOLI,5.0,Escherichia coli
0.99916923,0.00083075673,-1,MNTH_ECOLI,5.0,Escherichia coli
0.99844754,0.0015524225,-1,PGK_ECOLI,5.0,Escherichia coli
0.9991767,0.00082328444,-1,KDGT_ECOLI,5.0,Escherichia coli
0.9988192,0.0011808509,-1,PFKA_ECOLI,5.0,Escherichia coli
0.99852645,0.0014734823,-1,KPRS_ECOLI,5.0,Escherichia coli
0.99880886,0.0011911028,-1,PYRB_ECOLI,5.0,Escherichia coli
0.9888122,0.011187817,-1,LPXC_ECOLI,5.0,Escherichia coli
0.998406,0.0015940465,-1,KDSA_ECOLI,5.0,Escherichia coli
0.9985915,0.0014084987,-1,NAGB_ECOLI,5.0,Escherichia coli
0.99784005,0.0021599804,-1,PDXJ_ECOLI,5.0,Escherichia coli
0.9978946,0.0021054277,-1,KTHY_ECOLI,5.0,Escherichia coli
0.99911636,0.00088364165,-1,MSRA_ECOLI,5.0,Escherichia coli
0.99838126,0.0016187415,-1,NTPPB_ECOLI,5.0,Escherichia coli
0.99776125,0.0022386853,-1,ORN_ECOLI,5.0,Escherichia coli
0.9989052,0.0010948349,-1,KEFF_ECOLI,5.0,Escherichia coli
0.99724776,0.0027521777,-1,RPPH_ECOLI,5.0,Escherichia coli
0.99862623,0.0013738156,-1,IPYR_ECOLI,5.0,Escherichia coli
0.98840326,0.011596771,-1,MOAC_ECOLI,5.0,Escherichia coli
0.9986187,0.0013813113,-1,MGSA_ECOLI,5.0,Escherichia coli
0.9984225,0.0015774874,-1,NDK_ECOLI,5.0,Escherichia coli
0.99931896,0.00068107503,-1,MSRB_ECOLI,5.0,Escherichia coli
0.9982066,0.001793424,-1,MSCL_ECOLI,5.0,Escherichia coli
0.99863017,0.0013698927,-1,PAND_ECOLI,5.0,Escherichia coli
0.9974375,0.0025624677,-1,PPK1_ECOLI,5.0,Escherichia coli
0.9988223,0.0011777163,-1,PYRG_ECOLI,5.0,Escherichia coli
0.9618557,0.038144298,-1,RF3_ECOLI,5.0,Escherichia coli
0.9986331,0.0013668353,-1,PURA_ECOLI,5.0,Escherichia coli
0.093730174,0.9062699,-1,PROB_ECOLI,5.0,Escherichia coli
0.9867606,0.0132394,-1,QUEA_ECOLI,5.0,Escherichia coli
0.9981981,0.0018019462,-1,RECA_ECOLI,5.0,Escherichia coli
0.9941644,0.0058355844,-1,PYRD_ECOLI,5.0,Escherichia coli
0.9958841,0.0041158292,-1,NADK_ECOLI,5.0,Escherichia coli
0.9990127,0.0009872504,-1,SPED_ECOLI,5.0,Escherichia coli
0.99857223,0.0014277042,-1,PYRH_ECOLI,5.0,Escherichia coli
0.0049702255,0.99502975,-1,RL1_ECOLI,5.0,Escherichia coli
0.99889094,0.0011091062,-1,RIBB_ECOLI,5.0,Escherichia coli
0.9978568,0.0021431316,-1,PYRE_ECOLI,5.0,Escherichia coli
0.9972319,0.0027681617,-1,LEXA_ECOLI,5.0,Escherichia coli
0.9988809,0.0011191078,-1,RIBA_ECOLI,5.0,Escherichia coli
0.99818367,0.0018163109,-1,HSLV_ECOLI,5.0,Escherichia coli
0.020083835,0.9799162,-1,RL10_ECOLI,5.0,Escherichia coli
0.003148962,0.996851,-1,RL11_ECOLI,5.0,Escherichia coli
0.9731035,0.026896395,-1,RBFA_ECOLI,5.0,Escherichia coli
0.99863833,0.0013617034,-1,RL7_ECOLI,5.0,Escherichia coli
0.006723619,0.99327636,-1,RL20_ECOLI,5.0,Escherichia coli
0.9945028,0.00549718,-1,RL19_ECOLI,5.0,Escherichia coli
0.99793506,0.0020650083,-1,RL27_ECOLI,5.0,Escherichia coli
0.99815995,0.0018400493,-1,RL28_ECOLI,5.0,Escherichia coli
0.9970782,0.0029218113,-1,RPOA_ECOLI,5.0,Escherichia coli
0.9971046,0.0028954146,-1,RS2_ECOLI,5.0,Escherichia coli
0.028014654,0.9719854,-1,RS3_ECOLI,5.0,Escherichia coli
0.0054208054,0.9945792,-1,RNC_ECOLI,5.0,Escherichia coli
0.9968279,0.0031720824,-1,RPIA_ECOLI,5.0,Escherichia coli
0.0057978155,0.9942022,-1,RS4_ECOLI,5.0,Escherichia coli
0.7379439,0.2620561,-1,RIMM_ECOLI,5.0,Escherichia coli
0.020028604,0.9799714,-1,RS5_ECOLI,5.0,Escherichia coli
0.9985262,0.0014738068,-1,RNH_ECOLI,5.0,Escherichia coli
0.015337777,0.9846622,-1,RL9_ECOLI,5.0,Escherichia coli
0.0032029625,0.996797,-1,RS8_ECOLI,5.0,Escherichia coli
0.9958513,0.004148733,-1,RS9_ECOLI,5.0,Escherichia coli
0.008593188,0.9914068,-1,RS11_ECOLI,5.0,Escherichia coli
0.008895549,0.9911045,-1,RS12_ECOLI,5.0,Escherichia coli
0.0063682054,0.9936318,-1,RS13_ECOLI,5.0,Escherichia coli
0.012426705,0.9875733,-1,RS10_ECOLI,5.0,Escherichia coli
0.005798577,0.99420136,-1,RS19_ECOLI,5.0,Escherichia coli
0.99829334,0.0017066157,-1,RPOZ_ECOLI,5.0,Escherichia coli
0.007250967,0.99274904,-1,RS20_ECOLI,5.0,Escherichia coli
0.9977482,0.0022518323,-1,RS16_ECOLI,5.0,Escherichia coli
0.0059352787,0.99406475,-1,RS18_ECOLI,5.0,Escherichia coli
0.007331369,0.9926686,-1,RL31_ECOLI,5.0,Escherichia coli
0.92926335,0.07073667,-1,RL29_ECOLI,5.0,Escherichia coli
0.99952936,0.00047069314,-1,RL32_ECOLI,5.0,Escherichia coli
0.58739215,0.41260785,-1,RL33_ECOLI,5.0,Escherichia coli
0.9989502,0.0010498555,-1,TNAA_ECOLI,5.0,Escherichia coli
0.96283317,0.037166774,-1,SELA_ECOLI,5.0,Escherichia coli
0.99362755,0.006372489,-1,TIG_ECOLI,5.0,Escherichia coli
0.9991941,0.0008058862,-1,TOLB_ECOLI,5.0,Escherichia coli
0.99851686,0.0014831361,-1,DCTA_ECOLI,5.0,Escherichia coli
0.9982126,0.0017874523,-1,GLYA_ECOLI,5.0,Escherichia coli
0.99856347,0.0014365584,-1,TRPB_ECOLI,5.0,Escherichia coli
0.9981111,0.0018888678,-1,SUCC_ECOLI,5.0,Escherichia coli
0.99848515,0.0015149126,-1,METK_ECOLI,5.0,Escherichia coli
0.99752074,0.0024792003,-1,TGT_ECOLI,5.0,Escherichia coli
0.9983146,0.0016853916,-1,RUVB_ECOLI,5.0,Escherichia coli
0.99867755,0.001322439,-1,TALB_ECOLI,5.0,Escherichia coli
0.99805117,0.0019488035,-1,RAPZ_ECOLI,5.0,Escherichia coli
0.9981634,0.0018366745,-1,TYSY_ECOLI,5.0,Escherichia coli
0.9986339,0.0013660501,-1,TPIS_ECOLI,5.0,Escherichia coli
0.99708325,0.0029167312,-1,TRMD_ECOLI,5.0,Escherichia coli
0.98517054,0.014829425,-1,SURE_ECOLI,5.0,Escherichia coli
0.9976793,0.002320688,-1,UBIE_ECOLI,5.0,Escherichia coli
0.9951564,0.0048436024,-1,RUVA_ECOLI,5.0,Escherichia coli
0.9990885,0.00091148436,-1,YMDB_ECOLI,5.0,Escherichia coli
0.99012357,0.00987644,-1,RUVC_ECOLI,5.0,Escherichia coli
0.99872535,0.0012745847,-1,TPX_ECOLI,5.0,Escherichia coli
0.0036932966,0.9963068,-1,SSRP_ECOLI,5.0,Escherichia coli
0.9965036,0.0034963803,-1,YBEY_ECOLI,5.0,Escherichia coli
0.9985769,0.001423119,-1,TUSA_ECOLI,5.0,Escherichia coli
0.99823254,0.0017675371,-1,UVRB_ECOLI,5.0,Escherichia coli
0.04050315,0.9594968,-1,SYT_ECOLI,5.0,Escherichia coli
0.99385405,0.0061459765,-1,UVRC_ECOLI,5.0,Escherichia coli
0.9979475,0.002052536,-1,SYK1_ECOLI,5.0,Escherichia coli
0.9977022,0.0022978263,-1,SYK2_ECOLI,5.0,Escherichia coli
0.9951708,0.0048291753,-1,SYN_ECOLI,5.0,Escherichia coli
0.9953489,0.004651161,-1,SYS_ECOLI,5.0,Escherichia coli
0.6531127,0.3468873,-1,RHLB_ECOLI,5.0,Escherichia coli
0.9933652,0.0066347327,-1,EPMA_ECOLI,5.0,Escherichia coli
0.99850035,0.0014996219,-1,PSD_ECOLI,5.0,Escherichia coli
0.994146,0.005854038,-1,XERC_ECOLI,5.0,Escherichia coli
0.9961498,0.0038502335,-1,XERD_ECOLI,5.0,Escherichia coli
0.9993974,0.0006026461,-1,ZUPT_ECOLI,5.0,Escherichia coli
0.98364013,0.016359912,-1,TRMB_ECOLI,5.0,Escherichia coli
0.99815565,0.001844306,-1,UPP_ECOLI,5.0,Escherichia coli
0.9991235,0.0008765039,-1,NQOR_ECOLI,5.0,Escherichia coli
0.9990926,0.00090740476,-1,DNAT_ECOLI,5.0,Escherichia coli
0.99552333,0.004476741,-1,YIHI_ECOLI,5.0,Escherichia coli
0.9989845,0.0010154998,-1,RRAA_ECOLI,5.0,Escherichia coli
0.9967223,0.0032777567,-1,RLMH_ECOLI,5.0,Escherichia coli
0.8632852,0.13671479,-1,MATP_ECOLI,5.0,Escherichia coli
0.99793905,0.0020609843,-1,YQGF_ECOLI,5.0,Escherichia coli
0.999062,0.0009380391,-1,FRDC_ECOLI,5.0,Escherichia coli
0.99893576,0.0010642653,-1,FRDD_ECOLI,5.0,Escherichia coli
0.9990395,0.0009605143,-1,EX7S_ECOLI,5.0,Escherichia coli
0.99829537,0.0017046963,-1,RPOC_ECOLI,5.0,Escherichia coli
0.9976578,0.0023421724,-1,RPOB_ECOLI,5.0,Escherichia coli
0.998733,0.001267015,-1,BAMA_ECOLI,5.0,Escherichia coli
0.99834573,0.0016542907,-1,FABB_ECOLI,5.0,Escherichia coli
0.9986777,0.0013222753,-1,ALAA_ECOLI,5.0,Escherichia coli
0.9963989,0.0036010817,-1,MLTA_ECOLI,5.0,Escherichia coli
0.99941313,0.0005868965,-1,OMPA_ECOLI,5.0,Escherichia coli
0.9991542,0.00084584154,-1,BAMC_ECOLI,5.0,Escherichia coli
0.99832994,0.001670114,-1,RBN_ECOLI,5.0,Escherichia coli
0.9991134,0.0008866306,-1,ARGP_ECOLI,5.0,Escherichia coli
0.9993424,0.0006575492,-1,PA1_ECOLI,5.0,Escherichia coli
0.99826485,0.0017351789,-1,YIDA_ECOLI,5.0,Escherichia coli
0.9990963,0.0009037808,-1,NANR_ECOLI,5.0,Escherichia coli
0.9982591,0.0017408575,-1,PGPB_ECOLI,5.0,Escherichia coli
0.998885,0.0011150173,-1,FADR_ECOLI,5.0,Escherichia coli
0.99893385,0.0010661335,-1,YJJG_ECOLI,5.0,Escherichia coli
0.9974254,0.0025746454,-1,ALKH_ECOLI,5.0,Escherichia coli
0.9987005,0.001299442,-1,YIHX_ECOLI,5.0,Escherichia coli
0.9980994,0.0019006324,-1,RIMJ_ECOLI,5.0,Escherichia coli
0.99276406,0.0072360034,-1,ATDA_ECOLI,5.0,Escherichia coli
0.999102,0.00089808094,-1,PAL_ECOLI,5.0,Escherichia coli
0.9968394,0.0031605915,-1,RIMI_ECOLI,5.0,Escherichia coli
0.99885774,0.0011422916,-1,ENTH_ECOLI,5.0,Escherichia coli
0.99887234,0.0011276905,-1,FLHD_ECOLI,5.0,Escherichia coli
0.99853027,0.001469722,-1,BAME_ECOLI,5.0,Escherichia coli
0.99916875,0.00083125796,-1,LDCI_ECOLI,5.0,Escherichia coli
0.9979912,0.002008762,-1,GLPA_ECOLI,5.0,Escherichia coli
0.9984479,0.0015521329,-1,GLN1B_ECOLI,5.0,Escherichia coli
0.9990163,0.0009837126,-1,ACEA_ECOLI,5.0,Escherichia coli
0.99880135,0.0011986009,-1,FTSZ_ECOLI,5.0,Escherichia coli
0.9986779,0.0013220694,-1,CFA_ECOLI,5.0,Escherichia coli
0.999231,0.0007690206,-1,DPO3B_ECOLI,5.0,Escherichia coli
0.99893206,0.0010678986,-1,ALF1_ECOLI,5.0,Escherichia coli
0.99531555,0.004684407,-1,E4PD_ECOLI,5.0,Escherichia coli
0.9985209,0.0014791298,-1,ASPG1_ECOLI,5.0,Escherichia coli
0.9989943,0.0010056793,-1,GLPX_ECOLI,5.0,Escherichia coli
0.9993228,0.0006772575,-1,F16PA_ECOLI,5.0,Escherichia coli
0.9985359,0.0014641832,-1,G3P1_ECOLI,5.0,Escherichia coli
0.9985006,0.0014994006,-1,ARAC_ECOLI,5.0,Escherichia coli
0.9963037,0.0036962752,-1,DAPD_ECOLI,5.0,Escherichia coli
0.99203277,0.007967315,-1,MODE_ECOLI,5.0,Escherichia coli
0.9987925,0.0012074905,-1,FNR_ECOLI,5.0,Escherichia coli
0.9989091,0.0010908616,-1,CHEZ_ECOLI,5.0,Escherichia coli
0.99840313,0.0015968247,-1,GSTA_ECOLI,5.0,Escherichia coli
0.9972343,0.0027657351,-1,CHEW_ECOLI,5.0,Escherichia coli
0.99909616,0.0009038031,-1,FTNA_ECOLI,5.0,Escherichia coli
0.9975683,0.0024316947,-1,FUR_ECOLI,5.0,Escherichia coli
0.99930334,0.00069670955,-1,CUER_ECOLI,5.0,Escherichia coli
0.9931179,0.006882033,-1,CSPD_ECOLI,5.0,Escherichia coli
0.9970396,0.0029604011,-1,CSPE_ECOLI,5.0,Escherichia coli
0.9986203,0.0013797283,-1,ADHE_ECOLI,5.0,Escherichia coli
0.99646086,0.003539128,-1,LON_ECOLI,5.0,Escherichia coli
0.9977192,0.0022807068,-1,PTA_ECOLI,5.0,Escherichia coli
0.007784616,0.99221545,-1,DEAD_ECOLI,5.0,Escherichia coli
0.95894367,0.041056387,-1,RNG_ECOLI,5.0,Escherichia coli
0.9969829,0.003017159,-1,DLDH_ECOLI,5.0,Escherichia coli
0.9983241,0.0016758584,-1,CMPDT_ECOLI,5.0,Escherichia coli
0.99885476,0.0011452563,-1,FUCO_ECOLI,5.0,Escherichia coli
0.9991136,0.00088631094,-1,DHAS_ECOLI,5.0,Escherichia coli
0.9987368,0.001263236,-1,GLDA_ECOLI,5.0,Escherichia coli
0.99815327,0.0018466733,-1,TRXB_ECOLI,5.0,Escherichia coli
0.99898356,0.0010164299,-1,RBSK_ECOLI,5.0,Escherichia coli
0.9984213,0.0015786368,-1,ACCD_ECOLI,5.0,Escherichia coli
0.99849164,0.0015082832,-1,PANE_ECOLI,5.0,Escherichia coli
0.99556535,0.0044345683,-1,LIVG_ECOLI,5.0,Escherichia coli
0.99836844,0.0016315455,-1,PFLA_ECOLI,5.0,Escherichia coli
0.9981325,0.001867534,-1,PHOU_ECOLI,5.0,Escherichia coli
0.9985935,0.0014064795,-1,ARCA_ECOLI,5.0,Escherichia coli
0.9978108,0.0021892772,-1,FTSE_ECOLI,5.0,Escherichia coli
0.93651557,0.06348446,-1,FKBB_ECOLI,5.0,Escherichia coli
0.99391866,0.006081354,-1,SLYD_ECOLI,5.0,Escherichia coli
0.9983286,0.0016713211,-1,HPRT_ECOLI,5.0,Escherichia coli
0.9988933,0.0011067421,-1,NRDG_ECOLI,5.0,Escherichia coli
0.9972101,0.0027899086,-1,XGPT_ECOLI,5.0,Escherichia coli
0.99905914,0.0009408245,-1,FER_ECOLI,5.0,Escherichia coli
0.998705,0.0012949673,-1,YPDA_ECOLI,5.0,Escherichia coli
0.041379225,0.95862085,-1,ETTA_ECOLI,5.0,Escherichia coli
0.99636155,0.003638494,-1,UBID_ECOLI,5.0,Escherichia coli
0.99760914,0.002390903,-1,DOSC_ECOLI,5.0,Escherichia coli
0.99944884,0.0005511734,-1,PLAP_ECOLI,5.0,Escherichia coli
0.9988207,0.0011791997,-1,EXUT_ECOLI,5.0,Escherichia coli
0.9989293,0.0010706623,-1,DGOT_ECOLI,5.0,Escherichia coli
0.99785393,0.0021459868,-1,CLSB_ECOLI,5.0,Escherichia coli
0.998904,0.0010959482,-1,SERA_ECOLI,5.0,Escherichia coli
0.99821424,0.0017858255,-1,MREB_ECOLI,5.0,Escherichia coli
0.9986381,0.0013619212,-1,SQUU_ECOLI,5.0,Escherichia coli
0.011055506,0.98894453,-1,TRUC_ECOLI,5.0,Escherichia coli
0.9952833,0.0047167162,-1,LPTB_ECOLI,5.0,Escherichia coli
0.99626994,0.003730038,-1,OMPR_ECOLI,5.0,Escherichia coli
0.012589891,0.9874101,-1,RSUA_ECOLI,5.0,Escherichia coli
0.021840736,0.9781593,-1,RLUA_ECOLI,5.0,Escherichia coli
0.99900645,0.000993517,-1,YCCA_ECOLI,5.0,Escherichia coli
0.99704176,0.0029582768,-1,RL13_ECOLI,5.0,Escherichia coli
0.9971054,0.0028945557,-1,ZRAP_ECOLI,5.0,Escherichia coli
0.99835324,0.0016467761,-1,GLNB_ECOLI,5.0,Escherichia coli
0.9982002,0.0017998051,-1,THIO_ECOLI,5.0,Escherichia coli
0.99832815,0.0016718784,-1,ISCA_ECOLI,5.0,Escherichia coli
0.9977793,0.002220714,-1,PTHP_ECOLI,5.0,Escherichia coli
0.99862874,0.0013713136,-1,CSPA_ECOLI,5.0,Escherichia coli
0.9972851,0.002714869,-1,CSPC_ECOLI,5.0,Escherichia coli
0.99876875,0.0012311729,-1,FTSH_ECOLI,5.0,Escherichia coli
0.9993381,0.0006618414,-1,CYCA_ECOLI,5.0,Escherichia coli
0.9965653,0.0034347067,-1,RARA_ECOLI,5.0,Escherichia coli
0.99927944,0.0007205694,-1,CADB_ECOLI,5.0,Escherichia coli
0.99924016,0.00075987034,-1,TDCC_ECOLI,5.0,Escherichia coli
0.9993242,0.00067587156,-1,POTE_ECOLI,5.0,Escherichia coli
0.99932337,0.0006766626,-1,SDAC_ECOLI,5.0,Escherichia coli
0.99702317,0.002976832,-1,FABF_ECOLI,5.0,Escherichia coli
0.99801993,0.0019800728,-1,KBL_ECOLI,5.0,Escherichia coli
0.99797267,0.0020273514,-1,LAPB_ECOLI,5.0,Escherichia coli
0.9991047,0.0008953349,-1,ALF_ECOLI,5.0,Escherichia coli
0.9990619,0.0009380909,-1,SAPD_ECOLI,5.0,Escherichia coli
0.9985189,0.0014810797,-1,DPPD_ECOLI,5.0,Escherichia coli
0.9870095,0.012990486,-1,YBIS_ECOLI,5.0,Escherichia coli
0.9992341,0.0007658799,-1,FDOH_ECOLI,5.0,Escherichia coli
0.9991416,0.0008584395,-1,FDNH_ECOLI,5.0,Escherichia coli
0.9987295,0.0012705134,-1,HYPB_ECOLI,5.0,Escherichia coli
0.99897325,0.0010268238,-1,KBAY_ECOLI,5.0,Escherichia coli
0.9978732,0.0021268213,-1,PSTB_ECOLI,5.0,Escherichia coli
0.9992705,0.0007294608,-1,CYBH_ECOLI,5.0,Escherichia coli
0.9993806,0.0006194146,-1,LPOB_ECOLI,5.0,Escherichia coli
0.32015884,0.67984116,-1,YBAK_ECOLI,5.0,Escherichia coli
0.99890625,0.001093745,-1,HYPC_ECOLI,5.0,Escherichia coli
0.99852115,0.00147892,-1,HYBG_ECOLI,5.0,Escherichia coli
0.99938893,0.00061109214,-1,ACRZ_ECOLI,5.0,Escherichia coli
0.99902296,0.0009770105,-1,ATMA_ECOLI,5.0,Escherichia coli
0.9984829,0.0015171508,-1,CLPA_ECOLI,5.0,Escherichia coli
0.9986614,0.0013385821,-1,CYOB_ECOLI,5.0,Escherichia coli
0.9987614,0.0012386539,-1,ATPA_ECOLI,5.0,Escherichia coli
0.20331357,0.7966865,-1,PCNB_ECOLI,5.0,Escherichia coli
0.9986909,0.0013091379,-1,ATPB_ECOLI,5.0,Escherichia coli
0.9983235,0.0016764903,-1,PUR8_ECOLI,5.0,Escherichia coli
0.9968669,0.003133088,-1,CISY_ECOLI,5.0,Escherichia coli
0.995618,0.004382066,-1,FTSA_ECOLI,5.0,Escherichia coli
0.99927324,0.0007267347,-1,HFLK_ECOLI,5.0,Escherichia coli
0.99888235,0.001117612,-1,FTSW_ECOLI,5.0,Escherichia coli
0.9985629,0.0014371522,-1,RODA_ECOLI,5.0,Escherichia coli
0.998574,0.0014259489,-1,AROG_ECOLI,5.0,Escherichia coli
0.9985744,0.0014256107,-1,ACCA_ECOLI,5.0,Escherichia coli
0.99898785,0.0010121105,-1,CORA_ECOLI,5.0,Escherichia coli
0.99794966,0.0020504184,-1,ILVE_ECOLI,5.0,Escherichia coli
0.99561864,0.0043813437,-1,CDD_ECOLI,5.0,Escherichia coli
0.9981812,0.0018187878,-1,ATPG_ECOLI,5.0,Escherichia coli
0.99807477,0.0019251744,-1,ATP6_ECOLI,5.0,Escherichia coli
0.9990393,0.0009607752,-1,FUCA_ECOLI,5.0,Escherichia coli
0.9533428,0.046657268,-1,END3_ECOLI,5.0,Escherichia coli
0.99239373,0.00760621,-1,ATPD_ECOLI,5.0,Escherichia coli
0.9993006,0.00069940044,-1,C561_ECOLI,5.0,Escherichia coli
0.9987293,0.0012707313,-1,BFR_ECOLI,5.0,Escherichia coli
0.998836,0.0011640764,-1,BCCP_ECOLI,5.0,Escherichia coli
0.9919849,0.008015113,-1,DNAG_ECOLI,5.0,Escherichia coli
0.99862874,0.0013712411,-1,CYDA_ECOLI,5.0,Escherichia coli
0.9987602,0.0012397763,-1,NRFA_ECOLI,5.0,Escherichia coli
0.99871004,0.0012900075,-1,DCUC_ECOLI,5.0,Escherichia coli
0.9991061,0.0008939028,-1,DCUB_ECOLI,5.0,Escherichia coli
0.9990483,0.00095167605,-1,DCUA_ECOLI,5.0,Escherichia coli
0.9969125,0.003087507,-1,COABC_ECOLI,5.0,Escherichia coli
0.999426,0.0005740509,-1,CYDB_ECOLI,5.0,Escherichia coli
0.9953134,0.0046865973,-1,YCHF_ECOLI,5.0,Escherichia coli
0.9990435,0.0009564218,-1,CYSK_ECOLI,5.0,Escherichia coli
0.9988709,0.0011290986,-1,CYOA_ECOLI,5.0,Escherichia coli
0.9991924,0.0008076059,-1,MHPB_ECOLI,5.0,Escherichia coli
0.99792576,0.0020742489,-1,MENB_ECOLI,5.0,Escherichia coli
0.9979182,0.002081853,-1,EXBB_ECOLI,5.0,Escherichia coli
0.99899095,0.0010089867,-1,DEOD_ECOLI,5.0,Escherichia coli
0.9988625,0.0011374955,-1,TOLQ_ECOLI,5.0,Escherichia coli
0.99775404,0.002245941,-1,CYOC_ECOLI,5.0,Escherichia coli
0.99916136,0.0008386556,-1,DPS_ECOLI,5.0,Escherichia coli
0.9981919,0.0018080649,-1,DYR_ECOLI,5.0,Escherichia coli
0.99905246,0.00094754907,-1,CSGB_ECOLI,5.0,Escherichia coli
0.9988669,0.0011330529,-1,DKSA_ECOLI,5.0,Escherichia coli
0.9983765,0.0016235032,-1,NAPB_ECOLI,5.0,Escherichia coli
0.9991321,0.0008679032,-1,KDGL_ECOLI,5.0,Escherichia coli
0.9979253,0.00207469,-1,CYOD_ECOLI,5.0,Escherichia coli
0.9944036,0.0055963844,-1,HOLE_ECOLI,5.0,Escherichia coli
0.9988003,0.0011997386,-1,SDHA_ECOLI,5.0,Escherichia coli
0.9991774,0.00082263513,-1,FUMA_ECOLI,5.0,Escherichia coli
0.9814249,0.018575115,-1,G6PD_ECOLI,5.0,Escherichia coli
0.99885106,0.0011488762,-1,ASPA_ECOLI,5.0,Escherichia coli
0.9981013,0.0018987462,-1,SURA_ECOLI,5.0,Escherichia coli
0.99741745,0.0025825887,-1,KDTA_ECOLI,5.0,Escherichia coli
0.9992105,0.0007895507,-1,GM4D_ECOLI,5.0,Escherichia coli
0.99914277,0.00085718563,-1,WECA_ECOLI,5.0,Escherichia coli
0.99891746,0.0010826008,-1,FTSX_ECOLI,5.0,Escherichia coli
0.99934727,0.0006526643,-1,FRLB_ECOLI,5.0,Escherichia coli
0.99943155,0.00056843035,-1,FLIG_ECOLI,5.0,Escherichia coli
0.9992557,0.0007442253,-1,FOCA_ECOLI,5.0,Escherichia coli
0.99752384,0.0024761832,-1,DHPS_ECOLI,5.0,Escherichia coli
0.99805415,0.0019458695,-1,GLO2_ECOLI,5.0,Escherichia coli
0.9993524,0.00064764166,-1,BAMD_ECOLI,5.0,Escherichia coli
0.9985638,0.0014362192,-1,FRDB_ECOLI,5.0,Escherichia coli
0.9992956,0.0007044294,-1,SATP_ECOLI,5.0,Escherichia coli
0.99893373,0.0010662324,-1,TOLR_ECOLI,5.0,Escherichia coli
0.9985936,0.0014063293,-1,EXBD_ECOLI,5.0,Escherichia coli
0.9981065,0.001893505,-1,LGUL_ECOLI,5.0,Escherichia coli
0.9953557,0.004644347,-1,FOLB_ECOLI,5.0,Escherichia coli
0.9414558,0.058544233,-1,FOLX_ECOLI,5.0,Escherichia coli
0.998589,0.0014109857,-1,DHSD_ECOLI,5.0,Escherichia coli
0.9971328,0.0028671897,-1,GLRX4_ECOLI,5.0,Escherichia coli
0.9971929,0.0028070626,-1,GLNK_ECOLI,5.0,Escherichia coli
0.9993598,0.00064022635,-1,MBHL_ECOLI,5.0,Escherichia coli
0.99932694,0.0006730955,-1,MBHM_ECOLI,5.0,Escherichia coli
0.99851125,0.0014887472,-1,BTSS_ECOLI,5.0,Escherichia coli
0.99519014,0.0048098,-1,DNAB_ECOLI,5.0,Escherichia coli
0.99643904,0.0035609042,-1,GLMU_ECOLI,5.0,Escherichia coli
0.998735,0.001264942,-1,PURR_ECOLI,5.0,Escherichia coli
0.99890196,0.0010979751,-1,HEM2_ECOLI,5.0,Escherichia coli
0.9963617,0.0036382794,-1,LPXL_ECOLI,5.0,Escherichia coli
0.9985617,0.0014383653,-1,OXYR_ECOLI,5.0,Escherichia coli
0.9981933,0.0018067143,-1,PRMC_ECOLI,5.0,Escherichia coli
0.9990237,0.00097629306,-1,ALLR_ECOLI,5.0,Escherichia coli
0.9987233,0.0012766276,-1,MPAA_ECOLI,5.0,Escherichia coli
0.9973998,0.0026001933,-1,CRP_ECOLI,5.0,Escherichia coli
0.99930525,0.00069477013,-1,HEMG_ECOLI,5.0,Escherichia coli
0.9991122,0.00088776764,-1,LRP_ECOLI,5.0,Escherichia coli
0.8289942,0.1710058,-1,HNS_ECOLI,5.0,Escherichia coli
0.84412414,0.15587586,-1,STPA_ECOLI,5.0,Escherichia coli
0.8955399,0.104460165,-1,HSLR_ECOLI,5.0,Escherichia coli
0.9986247,0.0013753275,-1,ISCU_ECOLI,5.0,Escherichia coli
0.9973573,0.002642703,-1,HINT_ECOLI,5.0,Escherichia coli
0.9987721,0.0012279311,-1,ERPA_ECOLI,5.0,Escherichia coli
0.99605346,0.0039464803,-1,YFIA_ECOLI,5.0,Escherichia coli
0.97025484,0.029745158,-1,DBHA_ECOLI,5.0,Escherichia coli
0.9818734,0.018126547,-1,DBHB_ECOLI,5.0,Escherichia coli
0.9991567,0.00084332825,-1,HHA_ECOLI,5.0,Escherichia coli
0.9753931,0.024606906,-1,MRDA_ECOLI,5.0,Escherichia coli
0.99651176,0.0034882107,-1,PPID_ECOLI,5.0,Escherichia coli
0.9419101,0.05808991,-1,FTSI_ECOLI,5.0,Escherichia coli
0.99789196,0.0021080459,-1,TAMA_ECOLI,5.0,Escherichia coli
0.99805593,0.0019440654,-1,IMDH_ECOLI,5.0,Escherichia coli
0.99606687,0.0039331065,-1,KPYK1_ECOLI,5.0,Escherichia coli
0.9982339,0.0017660054,-1,PPNN_ECOLI,5.0,Escherichia coli
0.99925965,0.00074032735,-1,BRNQ_ECOLI,5.0,Escherichia coli
0.9990958,0.00090423477,-1,NEPI_ECOLI,5.0,Escherichia coli
0.998514,0.0014859434,-1,AMPH_ECOLI,5.0,Escherichia coli
0.9983993,0.0016007173,-1,ISPB_ECOLI,5.0,Escherichia coli
0.99892944,0.0010704898,-1,ENTB_ECOLI,5.0,Escherichia coli
0.9976119,0.0023880813,-1,SUHB_ECOLI,5.0,Escherichia coli
0.9967235,0.003276559,-1,YIGB_ECOLI,5.0,Escherichia coli
0.9989672,0.0010328792,-1,TESA_ECOLI,5.0,Escherichia coli
0.9989184,0.0010815955,-1,LPTE_ECOLI,5.0,Escherichia coli
0.9993375,0.0006624599,-1,LPTC_ECOLI,5.0,Escherichia coli
0.9986064,0.0013936427,-1,LPTA_ECOLI,5.0,Escherichia coli
0.9983352,0.0016648297,-1,IVY_ECOLI,5.0,Escherichia coli
0.99820876,0.0017912698,-1,YIGI_ECOLI,5.0,Escherichia coli
0.0060482295,0.99395174,-1,RL16_ECOLI,5.0,Escherichia coli
0.004068006,0.99593204,-1,RL14_ECOLI,5.0,Escherichia coli
0.9965648,0.0034351784,-1,ZAPA_ECOLI,5.0,Escherichia coli
0.003733236,0.9962668,-1,RL23_ECOLI,5.0,Escherichia coli
0.0020872569,0.9979127,-1,RS15_ECOLI,5.0,Escherichia coli
0.9987049,0.0012950671,-1,BARA_ECOLI,5.0,Escherichia coli
0.9982987,0.0017013425,-1,ARCB_ECOLI,5.0,Escherichia coli
0.99770314,0.0022968755,-1,DCUS_ECOLI,5.0,Escherichia coli
0.9992855,0.0007144959,-1,AMN_ECOLI,5.0,Escherichia coli
0.9984457,0.0015543588,-1,ARAE_ECOLI,5.0,Escherichia coli
0.9971738,0.0028262145,-1,CPXA_ECOLI,5.0,Escherichia coli
0.9750038,0.024996156,-1,CYSG_ECOLI,5.0,Escherichia coli
0.99379516,0.006204905,-1,DACA_ECOLI,5.0,Escherichia coli
0.9986614,0.0013385847,-1,ACRA_ECOLI,5.0,Escherichia coli
0.9982982,0.0017017564,-1,DAPE_ECOLI,5.0,Escherichia coli
0.99804854,0.0019514421,-1,DEGS_ECOLI,5.0,Escherichia coli
0.9989349,0.0010650996,-1,DPPB_ECOLI,5.0,Escherichia coli
0.9993094,0.00069052033,-1,MGLB_ECOLI,5.0,Escherichia coli
0.9979954,0.002004632,-1,DMA_ECOLI,5.0,Escherichia coli
0.99799085,0.0020091303,-1,MAP1_ECOLI,5.0,Escherichia coli
0.17524534,0.8247547,-1,TRMJ_ECOLI,5.0,Escherichia coli
0.99910223,0.0008978131,-1,DNAC_ECOLI,5.0,Escherichia coli
0.99888045,0.0011195216,-1,APHA_ECOLI,5.0,Escherichia coli
0.99755895,0.0024410528,-1,CPXR_ECOLI,5.0,Escherichia coli
0.99927384,0.0007261427,-1,AHPC_ECOLI,5.0,Escherichia coli
0.99895525,0.0010447605,-1,CPXP_ECOLI,5.0,Escherichia coli
0.99891186,0.001088176,-1,BCP_ECOLI,5.0,Escherichia coli
0.99779606,0.002203919,-1,CHEY_ECOLI,5.0,Escherichia coli
0.9579885,0.042011507,-1,MAZF_ECOLI,5.0,Escherichia coli
0.9973489,0.0026510665,-1,MAZE_ECOLI,5.0,Escherichia coli
0.9980958,0.0019042278,-1,GSP_ECOLI,5.0,Escherichia coli
0.99919516,0.0008047907,-1,GCL_ECOLI,5.0,Escherichia coli
0.9989108,0.0010892744,-1,EMRB_ECOLI,5.0,Escherichia coli
0.9990376,0.00096245226,-1,GLCD_ECOLI,5.0,Escherichia coli
0.99656194,0.0034380923,-1,MIAB_ECOLI,5.0,Escherichia coli
0.99928814,0.0007118765,-1,EUTB_ECOLI,5.0,Escherichia coli
0.9980774,0.0019226016,-1,RSEP_ECOLI,5.0,Escherichia coli
0.99753284,0.002467181,-1,ENVZ_ECOLI,5.0,Escherichia coli
0.99898964,0.0010103898,-1,GUDD_ECOLI,5.0,Escherichia coli
0.997431,0.0025689977,-1,ENTC_ECOLI,5.0,Escherichia coli
0.9982078,0.001792224,-1,GALU_ECOLI,5.0,Escherichia coli
0.9985588,0.0014411553,-1,DPPC_ECOLI,5.0,Escherichia coli
0.9988243,0.0011756505,-1,GLPF_ECOLI,5.0,Escherichia coli
0.99898916,0.001010801,-1,TCYJ_ECOLI,5.0,Escherichia coli
0.9973023,0.0026976597,-1,FABI_ECOLI,5.0,Escherichia coli
0.9979721,0.0020278916,-1,FABG_ECOLI,5.0,Escherichia coli
0.99413186,0.0058680964,-1,FLIA_ECOLI,5.0,Escherichia coli
0.99796826,0.0020317342,-1,DSBC_ECOLI,5.0,Escherichia coli
0.9977658,0.002234224,-1,FRE_ECOLI,5.0,Escherichia coli
0.998147,0.0018530558,-1,FDNI_ECOLI,5.0,Escherichia coli
0.9987399,0.0012601237,-1,FDOI_ECOLI,5.0,Escherichia coli
0.998147,0.0018530621,-1,DSBA_ECOLI,5.0,Escherichia coli
0.99622667,0.0037733223,-1,FKBX_ECOLI,5.0,Escherichia coli
0.999178,0.0008219722,-1,FUCM_ECOLI,5.0,Escherichia coli
0.9990114,0.0009886186,-1,FTSL_ECOLI,5.0,Escherichia coli
0.99029255,0.009707459,-1,GYRA_ECOLI,5.0,Escherichia coli
0.9977532,0.0022468388,-1,GYRB_ECOLI,5.0,Escherichia coli
0.99828833,0.0017116265,-1,MURJ_ECOLI,5.0,Escherichia coli
0.99951744,0.00048256628,-1,INGK_ECOLI,5.0,Escherichia coli
0.9991897,0.000810297,-1,MDFA_ECOLI,5.0,Escherichia coli
0.9988374,0.0011626391,-1,MALE_ECOLI,5.0,Escherichia coli
0.99680305,0.0031969396,-1,NAGA_ECOLI,5.0,Escherichia coli
0.9989083,0.0010916812,-1,RSSB_ECOLI,5.0,Escherichia coli
0.9990313,0.00096876017,-1,K1PF_ECOLI,5.0,Escherichia coli
0.9992378,0.00076229207,-1,LIVH_ECOLI,5.0,Escherichia coli
0.9987142,0.0012858098,-1,MOTB_ECOLI,5.0,Escherichia coli
0.9952022,0.0047978326,-1,METF_ECOLI,5.0,Escherichia coli
0.9962953,0.0037047246,-1,MIND_ECOLI,5.0,Escherichia coli
0.99896,0.0010400028,-1,MAZG_ECOLI,5.0,Escherichia coli
0.99959236,0.00040763858,-1,HDHA_ECOLI,5.0,Escherichia coli
0.9941731,0.0058268746,-1,NAGD_ECOLI,5.0,Escherichia coli
0.99878556,0.001214403,-1,MTNN_ECOLI,5.0,Escherichia coli
0.99911445,0.00088551024,-1,NARV_ECOLI,5.0,Escherichia coli
0.9965425,0.0034575183,-1,NARL_ECOLI,5.0,Escherichia coli
0.999273,0.0007270374,-1,MDAB_ECOLI,5.0,Escherichia coli
0.997776,0.002224064,-1,SKP_ECOLI,5.0,Escherichia coli
0.99911875,0.0008812214,-1,HYCI_ECOLI,5.0,Escherichia coli
0.9979596,0.0020403932,-1,HDEA_ECOLI,5.0,Escherichia coli
0.9982492,0.0017509084,-1,HDEB_ECOLI,5.0,Escherichia coli
0.9990227,0.0009772665,-1,ZAPB_ECOLI,5.0,Escherichia coli
0.9981773,0.0018227771,-1,ODO1_ECOLI,5.0,Escherichia coli
0.99839705,0.0016029776,-1,NARX_ECOLI,5.0,Escherichia coli
0.99920446,0.00079554867,-1,NHAB_ECOLI,5.0,Escherichia coli
0.99898857,0.001011377,-1,NUOM_ECOLI,5.0,Escherichia coli
0.03180968,0.9681903,-1,NUSA_ECOLI,5.0,Escherichia coli
0.9992756,0.00072443765,-1,NUON_ECOLI,5.0,Escherichia coli
0.9944028,0.00559724,-1,NTRC_ECOLI,5.0,Escherichia coli
0.999008,0.0009920871,-1,GHXP_ECOLI,5.0,Escherichia coli
0.99895287,0.0010470956,-1,NUPG_ECOLI,5.0,Escherichia coli
0.99207205,0.007928015,-1,ODO2_ECOLI,5.0,Escherichia coli
0.99911433,0.0008856136,-1,NUPC_ECOLI,5.0,Escherichia coli
0.9963678,0.003632124,-1,NTRB_ECOLI,5.0,Escherichia coli
0.9988211,0.0011788954,-1,NUOH_ECOLI,5.0,Escherichia coli
0.9984792,0.0015207791,-1,NLPI_ECOLI,5.0,Escherichia coli
0.99898607,0.0010138891,-1,NUOB_ECOLI,5.0,Escherichia coli
0.99893934,0.00106071,-1,NUOJ_ECOLI,5.0,Escherichia coli
0.99913836,0.000861647,-1,NUOI_ECOLI,5.0,Escherichia coli
0.9984257,0.0015743274,-1,NUOE_ECOLI,5.0,Escherichia coli
0.9979412,0.002058818,-1,TSAE_ECOLI,5.0,Escherichia coli
0.99798405,0.0020159096,-1,NUDB_ECOLI,5.0,Escherichia coli
0.9993622,0.0006378602,-1,NUOA_ECOLI,5.0,Escherichia coli
0.99910337,0.0008966129,-1,RRAB_ECOLI,5.0,Escherichia coli
0.99787116,0.0021288188,-1,RIDA_ECOLI,5.0,Escherichia coli
0.99884087,0.0011591369,-1,NUOK_ECOLI,5.0,Escherichia coli
0.9984464,0.0015536648,-1,GHOS_ECOLI,5.0,Escherichia coli
0.9980348,0.0019652038,-1,ODP1_ECOLI,5.0,Escherichia coli
0.994337,0.0056629814,-1,PARC_ECOLI,5.0,Escherichia coli
0.99869823,0.0013017133,-1,OXC_ECOLI,5.0,Escherichia coli
0.9990681,0.00093190133,-1,DAUA_ECOLI,5.0,Escherichia coli
0.9940817,0.005918279,-1,PPX_ECOLI,5.0,Escherichia coli
0.99825364,0.0017463394,-1,PITA_ECOLI,5.0,Escherichia coli
0.99560094,0.0043990538,-1,GLRR_ECOLI,5.0,Escherichia coli
0.9812324,0.018767582,-1,MEPM_ECOLI,5.0,Escherichia coli
0.99947196,0.0005281022,-1,SBMA_ECOLI,5.0,Escherichia coli
0.9993445,0.00065549667,-1,PROX_ECOLI,5.0,Escherichia coli
0.9991192,0.0008807786,-1,RSEB_ECOLI,5.0,Escherichia coli
0.9947314,0.005268623,-1,PBP7_ECOLI,5.0,Escherichia coli
0.9984086,0.001591378,-1,GCH1L_ECOLI,5.0,Escherichia coli
0.9993181,0.00068184617,-1,FOLM_ECOLI,5.0,Escherichia coli
0.99851054,0.0014894258,-1,PSPA_ECOLI,5.0,Escherichia coli
0.9990742,0.0009257189,-1,TCYL_ECOLI,5.0,Escherichia coli
0.98932415,0.010675843,-1,PDXH_ECOLI,5.0,Escherichia coli
0.99813986,0.0018600947,-1,RSEA_ECOLI,5.0,Escherichia coli
0.9970804,0.002919531,-1,PPIA_ECOLI,5.0,Escherichia coli
0.9973961,0.0026038399,-1,MEPS_ECOLI,5.0,Escherichia coli
0.9412827,0.058717303,-1,SEQA_ECOLI,5.0,Escherichia coli
0.99838245,0.0016175458,-1,SSPB_ECOLI,5.0,Escherichia coli
0.97299325,0.027006678,-1,RFAH_ECOLI,5.0,Escherichia coli
0.9988213,0.0011786231,-1,RUTC_ECOLI,5.0,Escherichia coli
0.9919151,0.008084879,-1,HPF_ECOLI,5.0,Escherichia coli
0.97853243,0.02146764,-1,SPOT_ECOLI,5.0,Escherichia coli
0.99805295,0.0019470692,-1,SLT_ECOLI,5.0,Escherichia coli
0.99723685,0.0027630995,-1,SECD_ECOLI,5.0,Escherichia coli
0.00398963,0.9960104,-1,RS1_ECOLI,5.0,Escherichia coli
0.9979766,0.0020233814,-1,PUR1_ECOLI,5.0,Escherichia coli
0.9993272,0.0006728553,-1,UHPT_ECOLI,5.0,Escherichia coli
0.99800974,0.0019902443,-1,SECY_ECOLI,5.0,Escherichia coli
0.9986431,0.0013568848,-1,UGPB_ECOLI,5.0,Escherichia coli
0.97905046,0.020949563,-1,RHO_ECOLI,5.0,Escherichia coli
0.99774253,0.0022574444,-1,SECF_ECOLI,5.0,Escherichia coli
0.99798214,0.0020178063,-1,SERB_ECOLI,5.0,Escherichia coli
0.99806553,0.001934419,-1,RPOH_ECOLI,5.0,Escherichia coli
0.99766207,0.0023379615,-1,RPE_ECOLI,5.0,Escherichia coli
0.9985494,0.0014505788,-1,RPOE_ECOLI,5.0,Escherichia coli
0.0038825858,0.9961175,-1,RL6_ECOLI,5.0,Escherichia coli
0.9979656,0.0020344604,-1,SODC_ECOLI,5.0,Escherichia coli
0.99929225,0.00070776633,-1,SULA_ECOLI,5.0,Escherichia coli
0.9986696,0.0013303577,-1,PURE_ECOLI,5.0,Escherichia coli
0.9987374,0.0012626726,-1,SECB_ECOLI,5.0,Escherichia coli
0.99938965,0.00061030744,-1,UMUD_ECOLI,5.0,Escherichia coli
0.99818486,0.0018150975,-1,SECE_ECOLI,5.0,Escherichia coli
0.9975986,0.0024013591,-1,RUSA_ECOLI,5.0,Escherichia coli
0.99909484,0.00090517127,-1,SECG_ECOLI,5.0,Escherichia coli
0.02167252,0.97832745,-1,RS14_ECOLI,5.0,Escherichia coli
0.0072135604,0.99278647,-1,RS17_ECOLI,5.0,Escherichia coli
0.99887294,0.001127022,-1,XYLE_ECOLI,5.0,Escherichia coli
0.041814476,0.95818555,-1,SRP54_ECOLI,5.0,Escherichia coli
0.99925274,0.00074721954,-1,URAA_ECOLI,5.0,Escherichia coli
0.03659819,0.9634018,-1,SYY_ECOLI,5.0,Escherichia coli
0.999113,0.0008869513,-1,SSTT_ECOLI,5.0,Escherichia coli
0.9988933,0.0011066735,-1,TDCB_ECOLI,5.0,Escherichia coli
0.9989064,0.0010936694,-1,SRKA_ECOLI,5.0,Escherichia coli
0.9981018,0.0018982475,-1,THIL_ECOLI,5.0,Escherichia coli
0.99877554,0.0012244647,-1,RBSC_ECOLI,5.0,Escherichia coli
0.99776936,0.0022306743,-1,UBIA_ECOLI,5.0,Escherichia coli
0.9984982,0.0015018327,-1,SUCD_ECOLI,5.0,Escherichia coli
0.9979721,0.002027932,-1,TESB_ECOLI,5.0,Escherichia coli
0.999038,0.0009621053,-1,SLMA_ECOLI,5.0,Escherichia coli
0.99693716,0.0030628722,-1,SODF_ECOLI,5.0,Escherichia coli
0.99882907,0.0011709359,-1,CHRR_ECOLI,5.0,Escherichia coli
0.9990501,0.0009498788,-1,SSB_ECOLI,5.0,Escherichia coli
0.87405294,0.12594703,-1,TRML_ECOLI,5.0,Escherichia coli
0.990467,0.0095329145,-1,CSDE_ECOLI,5.0,Escherichia coli
0.99820757,0.0017924339,-1,OSMC_ECOLI,5.0,Escherichia coli
0.99823964,0.0017604126,-1,IBPB_ECOLI,5.0,Escherichia coli
0.9975867,0.002413264,-1,IBPA_ECOLI,5.0,Escherichia coli
0.004181576,0.99581844,-1,RL18_ECOLI,5.0,Escherichia coli
0.8983837,0.101616316,-1,RELE_ECOLI,5.0,Escherichia coli
0.9992878,0.00071218587,-1,PPNP_ECOLI,5.0,Escherichia coli
0.99912935,0.00087066466,-1,RELB_ECOLI,5.0,Escherichia coli
0.9985055,0.0014945739,-1,DPO3A_ECOLI,5.0,Escherichia coli
0.99885535,0.0011446498,-1,RCSC_ECOLI,5.0,Escherichia coli
0.99871695,0.0012831251,-1,SECA_ECOLI,5.0,Escherichia coli
0.99864656,0.0013534925,-1,CRFC_ECOLI,5.0,Escherichia coli
0.66813356,0.33186644,-1,BIPA_ECOLI,5.0,Escherichia coli
0.9989938,0.0010061497,-1,ILVG_ECOLI,5.0,Escherichia coli
0.99731773,0.0026823066,-1,NADB_ECOLI,5.0,Escherichia coli
0.9982363,0.0017637046,-1,ENTE_ECOLI,5.0,Escherichia coli
0.9992399,0.00076010067,-1,PROP_ECOLI,5.0,Escherichia coli
0.9987721,0.0012279241,-1,FTSY_ECOLI,5.0,Escherichia coli
0.99799985,0.0020001573,-1,DEGP_ECOLI,5.0,Escherichia coli
0.99907875,0.0009212861,-1,NARK_ECOLI,5.0,Escherichia coli
0.99794096,0.0020590688,-1,PAAJ_ECOLI,5.0,Escherichia coli
0.9975495,0.002450504,-1,EFTU1_ECOLI,5.0,Escherichia coli
0.9975394,0.0024606087,-1,EFTU2_ECOLI,5.0,Escherichia coli
0.9980159,0.0019840938,-1,UGPC_ECOLI,5.0,Escherichia coli
0.9987801,0.0012198722,-1,UGPA_ECOLI,5.0,Escherichia coli
0.99907684,0.000923104,-1,MSCS_ECOLI,5.0,Escherichia coli
0.999062,0.0009380302,-1,UGPE_ECOLI,5.0,Escherichia coli
0.9975261,0.0024739336,-1,MEPA_ECOLI,5.0,Escherichia coli
0.009457064,0.99054295,-1,RNPH_ECOLI,5.0,Escherichia coli
0.9982292,0.0017708212,-1,RCSB_ECOLI,5.0,Escherichia coli
0.13151567,0.86848426,-1,RLME_ECOLI,5.0,Escherichia coli
0.9982145,0.0017855519,-1,TRAM1_ECOLI,5.0,Escherichia coli
0.994964,0.005035965,-1,SPEFL_ECOLI,5.0,Escherichia coli
0.9990144,0.0009855985,-1,ENTF_ECOLI,5.0,Escherichia coli
0.99878126,0.0012187794,-1,METH_ECOLI,5.0,Escherichia coli
0.9992465,0.00075358583,-1,FECA_ECOLI,5.0,Escherichia coli
0.9987925,0.0012074001,-1,KATG_ECOLI,5.0,Escherichia coli
0.99829215,0.0017079097,-1,ACEK_ECOLI,5.0,Escherichia coli
0.9990845,0.000915516,-1,NARH_ECOLI,5.0,Escherichia coli
0.99469864,0.005301326,-1,GLPD_ECOLI,5.0,Escherichia coli
0.9973762,0.0026237753,-1,MURF_ECOLI,5.0,Escherichia coli
0.9993311,0.00066891836,-1,FUCP_ECOLI,5.0,Escherichia coli
0.99848,0.001520043,-1,BIOA_ECOLI,5.0,Escherichia coli
0.9978035,0.0021964908,-1,DAMX_ECOLI,5.0,Escherichia coli
0.994414,0.0055860193,-1,MOEA_ECOLI,5.0,Escherichia coli
0.9986437,0.001356299,-1,TDCD_ECOLI,5.0,Escherichia coli
0.99772304,0.0022769307,-1,BIOF_ECOLI,5.0,Escherichia coli
0.96028554,0.039714415,-1,AROC_ECOLI,5.0,Escherichia coli
0.998979,0.0010210146,-1,NADA_ECOLI,5.0,Escherichia coli
0.9963283,0.0036716834,-1,BIOB_ECOLI,5.0,Escherichia coli
0.9993311,0.0006688762,-1,BIOH_ECOLI,5.0,Escherichia coli
0.99912256,0.00087750296,-1,UDP_ECOLI,5.0,Escherichia coli
0.99670464,0.0032953885,-1,MOEB_ECOLI,5.0,Escherichia coli
0.9886163,0.01138371,-1,UGPQ_ECOLI,5.0,Escherichia coli
0.997695,0.002304998,-1,UNG_ECOLI,5.0,Escherichia coli
0.9992305,0.00076946407,-1,NARI_ECOLI,5.0,Escherichia coli
0.9948742,0.0051258416,-1,BIOD1_ECOLI,5.0,Escherichia coli
0.99930143,0.00069860974,-1,ARGO_ECOLI,5.0,Escherichia coli
0.9988445,0.0011554508,-1,TRAI1_ECOLI,5.0,Escherichia coli
0.99928063,0.00071938656,-1,SBCC_ECOLI,5.0,Escherichia coli
0.9995221,0.00047796886,-1,CHIA_ECOLI,5.0,Escherichia coli
0.9866035,0.013396458,-1,DNLJ_ECOLI,5.0,Escherichia coli
0.998514,0.001486005,-1,GLGX_ECOLI,5.0,Escherichia coli
0.99528044,0.004719515,-1,TOP3_ECOLI,5.0,Escherichia coli
0.99788445,0.0021155784,-1,CSRD_ECOLI,5.0,Escherichia coli
0.57524747,0.42475253,-1,SELB_ECOLI,5.0,Escherichia coli
0.99474573,0.005254303,-1,RECQ_ECOLI,5.0,Escherichia coli
0.9977337,0.0022662142,-1,TREA_ECOLI,5.0,Escherichia coli
0.9991924,0.00080753735,-1,FUMB_ECOLI,5.0,Escherichia coli
0.9992311,0.0007688631,-1,ZRAS_ECOLI,5.0,Escherichia coli
0.9978728,0.0021271582,-1,MCRB_ECOLI,5.0,Escherichia coli
0.99911636,0.00088369136,-1,ZRAR_ECOLI,5.0,Escherichia coli
0.99673563,0.0032643368,-1,AMPP_ECOLI,5.0,Escherichia coli
0.99655414,0.003445848,-1,MURD_ECOLI,5.0,Escherichia coli
0.9979803,0.0020196806,-1,FES_ECOLI,5.0,Escherichia coli
0.9971717,0.002828301,-1,PROV_ECOLI,5.0,Escherichia coli
0.9991522,0.00084778457,-1,NHAA_ECOLI,5.0,Escherichia coli
0.99864954,0.0013504723,-1,PROW_ECOLI,5.0,Escherichia coli
0.99939775,0.0006021859,-1,FECC_ECOLI,5.0,Escherichia coli
0.9970976,0.002902426,-1,RPOS_ECOLI,5.0,Escherichia coli
0.99945456,0.00054545206,-1,FECD_ECOLI,5.0,Escherichia coli
0.99880016,0.0011998015,-1,FECB_ECOLI,5.0,Escherichia coli
0.99955434,0.00044563977,-1,ENTA_ECOLI,5.0,Escherichia coli
0.9989679,0.0010320775,-1,PUR4_ECOLI,5.0,Escherichia coli
0.99916923,0.00083077094,-1,DHG_ECOLI,5.0,Escherichia coli
0.9989882,0.0010117452,-1,FHUE_ECOLI,5.0,Escherichia coli
0.9986725,0.0013275954,-1,GLMS_ECOLI,5.0,Escherichia coli
0.9983139,0.0016860818,-1,SYP_ECOLI,5.0,Escherichia coli
0.99685043,0.0031495534,-1,MEND_ECOLI,5.0,Escherichia coli
0.9923483,0.007651737,-1,DGTP_ECOLI,5.0,Escherichia coli
0.998384,0.0016160482,-1,PEPD_ECOLI,5.0,Escherichia coli
0.99932754,0.0006725249,-1,AROP_ECOLI,5.0,Escherichia coli
0.99916637,0.00083367614,-1,CHBF_ECOLI,5.0,Escherichia coli
0.9981913,0.0018087062,-1,PUR2_ECOLI,5.0,Escherichia coli
0.9979037,0.0020962486,-1,MREC_ECOLI,5.0,Escherichia coli
0.9977055,0.0022944582,-1,MURG_ECOLI,5.0,Escherichia coli
0.99924016,0.00075990584,-1,PHNI_ECOLI,5.0,Escherichia coli
0.9976585,0.002341493,-1,SELD_ECOLI,5.0,Escherichia coli
0.9975164,0.0024836643,-1,GUTQ_ECOLI,5.0,Escherichia coli
0.9860911,0.013908884,-1,MIAA_ECOLI,5.0,Escherichia coli
0.99832076,0.0016792548,-1,CYSM_ECOLI,5.0,Escherichia coli
0.9989304,0.0010695647,-1,PHNJ_ECOLI,5.0,Escherichia coli
0.9980737,0.0019263348,-1,ICLR_ECOLI,5.0,Escherichia coli
0.99741286,0.0025872036,-1,AROE_ECOLI,5.0,Escherichia coli
0.9985702,0.001429722,-1,PHNP_ECOLI,5.0,Escherichia coli
0.9987,0.0012999324,-1,NFSA_ECOLI,5.0,Escherichia coli
0.9983919,0.001608079,-1,PHNH_ECOLI,5.0,Escherichia coli
0.99905676,0.00094321015,-1,PRLF_ECOLI,5.0,Escherichia coli
0.9992212,0.0007788397,-1,NARZ_ECOLI,5.0,Escherichia coli
0.99897444,0.0010255938,-1,DMSA_ECOLI,5.0,Escherichia coli
0.5129733,0.4870267,-1,PRIA_ECOLI,5.0,Escherichia coli
0.9919315,0.0080685215,-1,PARE_ECOLI,5.0,Escherichia coli
0.9987703,0.0012297056,-1,GGT_ECOLI,5.0,Escherichia coli
0.9983712,0.0016288961,-1,CYSI_ECOLI,5.0,Escherichia coli
0.9988525,0.0011474905,-1,PTFBC_ECOLI,5.0,Escherichia coli
0.99857664,0.0014233325,-1,BETA_ECOLI,5.0,Escherichia coli
0.9991093,0.0008906716,-1,NARY_ECOLI,5.0,Escherichia coli
0.9970221,0.0029778737,-1,MURC_ECOLI,5.0,Escherichia coli
0.9986305,0.0013695452,-1,BETB_ECOLI,5.0,Escherichia coli
0.97995716,0.020042751,-1,TOLA_ECOLI,5.0,Escherichia coli
0.9984864,0.0015135852,-1,AGP_ECOLI,5.0,Escherichia coli
0.9980738,0.0019262139,-1,ARGD_ECOLI,5.0,Escherichia coli
0.9975956,0.0024043955,-1,FADA_ECOLI,5.0,Escherichia coli
0.9981444,0.0018556223,-1,PDXA_ECOLI,5.0,Escherichia coli
0.9971138,0.0028861535,-1,CYSD_ECOLI,5.0,Escherichia coli
0.99885297,0.0011469818,-1,EUTC_ECOLI,5.0,Escherichia coli
0.9987675,0.0012325622,-1,NADE_ECOLI,5.0,Escherichia coli
0.9970305,0.002969496,-1,CYSH_ECOLI,5.0,Escherichia coli
0.996702,0.0032979217,-1,UBIG_ECOLI,5.0,Escherichia coli
0.9981515,0.0018484927,-1,MINC_ECOLI,5.0,Escherichia coli
0.99787295,0.0021270693,-1,ENTD_ECOLI,5.0,Escherichia coli
0.9992747,0.0007253585,-1,DMSB_ECOLI,5.0,Escherichia coli
0.99944955,0.00055047986,-1,PGPA_ECOLI,5.0,Escherichia coli
0.99875486,0.0012451279,-1,MUKB_ECOLI,5.0,Escherichia coli
0.99352443,0.0064756055,-1,RNE_ECOLI,5.0,Escherichia coli
0.9983163,0.0016837495,-1,KDPD_ECOLI,5.0,Escherichia coli
0.009216168,0.9907838,-1,RNR_ECOLI,5.0,Escherichia coli
0.9991617,0.0008382944,-1,CATE_ECOLI,5.0,Escherichia coli
0.99732554,0.0026744732,-1,FADB_ECOLI,5.0,Escherichia coli
0.99874866,0.0012513006,-1,SPEA_ECOLI,5.0,Escherichia coli
0.99655354,0.0034464244,-1,YCBB_ECOLI,5.0,Escherichia coli
0.99822,0.0017799631,-1,ASNB_ECOLI,5.0,Escherichia coli
0.9990609,0.0009391418,-1,PCKA_ECOLI,5.0,Escherichia coli
0.9966768,0.0033231806,-1,MURE_ECOLI,5.0,Escherichia coli
0.99101347,0.008986546,-1,KPYK2_ECOLI,5.0,Escherichia coli
0.995814,0.004185911,-1,SYC_ECOLI,5.0,Escherichia coli
0.08273112,0.9172689,-1,DBPA_ECOLI,5.0,Escherichia coli
0.13998728,0.8600127,-1,SRMB_ECOLI,5.0,Escherichia coli
0.9990397,0.00096028834,-1,PEPQ_ECOLI,5.0,Escherichia coli
0.99806386,0.0019361804,-1,GABT_ECOLI,5.0,Escherichia coli
0.9987889,0.0012111587,-1,PDEL_ECOLI,5.0,Escherichia coli
0.996869,0.0031310008,-1,LPXD_ECOLI,5.0,Escherichia coli
0.9981243,0.0018757024,-1,ADD_ECOLI,5.0,Escherichia coli
0.9991347,0.00086527196,-1,GLPX2_ECOLI,5.0,Escherichia coli
0.9987698,0.0012300968,-1,YBHA_ECOLI,5.0,Escherichia coli
0.99685764,0.0031423487,-1,RNI_ECOLI,5.0,Escherichia coli
0.9990934,0.0009065894,-1,CYSQ_ECOLI,5.0,Escherichia coli
0.9991953,0.00080476044,-1,PNCA_ECOLI,5.0,Escherichia coli
0.9989209,0.0010790639,-1,PPSA_ECOLI,5.0,Escherichia coli
0.99799925,0.002000677,-1,PRC_ECOLI,5.0,Escherichia coli
0.9910459,0.008954147,-1,MUTL_ECOLI,5.0,Escherichia coli
0.9972395,0.0027605232,-1,OPPA_ECOLI,5.0,Escherichia coli
0.99802196,0.0019780828,-1,DPPA_ECOLI,5.0,Escherichia coli
0.99763095,0.0023689664,-1,PUUC_ECOLI,5.0,Escherichia coli
0.99893945,0.0010605452,-1,PHOQ_ECOLI,5.0,Escherichia coli
0.9840268,0.015973212,-1,CYSN_ECOLI,5.0,Escherichia coli
0.99832433,0.0016756798,-1,HIPA_ECOLI,5.0,Escherichia coli
0.99893934,0.0010606919,-1,LIVM_ECOLI,5.0,Escherichia coli
0.9989235,0.0010764353,-1,MALY_ECOLI,5.0,Escherichia coli
0.99434894,0.005651016,-1,TRMA_ECOLI,5.0,Escherichia coli
0.998599,0.0014010138,-1,SERC_ECOLI,5.0,Escherichia coli
0.99893683,0.0010632252,-1,AES_ECOLI,5.0,Escherichia coli
0.9955597,0.0044402434,-1,FECR_ECOLI,5.0,Escherichia coli
0.9619723,0.03802772,-1,FMT_ECOLI,5.0,Escherichia coli
0.99831235,0.0016876226,-1,RIHC_ECOLI,5.0,Escherichia coli
0.99887687,0.0011230694,-1,MURI_ECOLI,5.0,Escherichia coli
0.9980788,0.0019211674,-1,GARL_ECOLI,5.0,Escherichia coli
0.9957769,0.0042231246,-1,LIVF_ECOLI,5.0,Escherichia coli
0.9990422,0.0009577244,-1,PHOP_ECOLI,5.0,Escherichia coli
0.9967991,0.0032009052,-1,FECI_ECOLI,5.0,Escherichia coli
0.998965,0.0010349515,-1,ECOT_ECOLI,5.0,Escherichia coli
0.9987312,0.0012688361,-1,PSPE_ECOLI,5.0,Escherichia coli
0.9983052,0.0016947483,-1,HIPB_ECOLI,5.0,Escherichia coli
0.99953353,0.0004665362,-1,ACRD_ECOLI,5.0,Escherichia coli
0.9991597,0.00084025605,-1,FDNG_ECOLI,5.0,Escherichia coli
0.99843377,0.0015661629,-1,MUTS_ECOLI,5.0,Escherichia coli
0.9543744,0.0456256,-1,RECG_ECOLI,5.0,Escherichia coli
0.99648595,0.003514045,-1,DCP_ECOLI,5.0,Escherichia coli
0.9991903,0.00080973736,-1,TRAN_ECOLI,5.0,Escherichia coli
0.9977824,0.0022175699,-1,CYDC_ECOLI,5.0,Escherichia coli
0.99919766,0.0008023905,-1,CADC_ECOLI,5.0,Escherichia coli
0.998262,0.0017380209,-1,LNT_ECOLI,5.0,Escherichia coli
0.99587065,0.0041292957,-1,DACB_ECOLI,5.0,Escherichia coli
0.99938893,0.0006111073,-1,PHEP_ECOLI,5.0,Escherichia coli
0.99843746,0.0015625233,-1,ACCC_ECOLI,5.0,Escherichia coli
0.99872726,0.0012727487,-1,GSA_ECOLI,5.0,Escherichia coli
0.99714124,0.0028587852,-1,HMP_ECOLI,5.0,Escherichia coli
0.99926287,0.0007371766,-1,UXUA_ECOLI,5.0,Escherichia coli
0.99880755,0.001192423,-1,ARGE_ECOLI,5.0,Escherichia coli
0.9979791,0.002020865,-1,HYPD_ECOLI,5.0,Escherichia coli
0.9984041,0.0015959204,-1,TRHO_ECOLI,5.0,Escherichia coli
0.99859303,0.0014069462,-1,HYPE_ECOLI,5.0,Escherichia coli
0.9972459,0.0027541074,-1,WAAC_ECOLI,5.0,Escherichia coli
0.99404943,0.005950572,-1,YJIA_ECOLI,5.0,Escherichia coli
0.9984377,0.0015622451,-1,HTPX_ECOLI,5.0,Escherichia coli
0.9978249,0.0021751502,-1,FOLD_ECOLI,5.0,Escherichia coli
0.9988617,0.0011384018,-1,ACPS_ECOLI,5.0,Escherichia coli
0.99935645,0.0006435967,-1,EMRE_ECOLI,5.0,Escherichia coli
0.9982343,0.0017656962,-1,ACNA_ECOLI,5.0,Escherichia coli
0.99793077,0.0020691785,-1,METE_ECOLI,5.0,Escherichia coli
0.9989573,0.0010427007,-1,AMY1_ECOLI,5.0,Escherichia coli
0.9974172,0.0025827433,-1,YIDC_ECOLI,5.0,Escherichia coli
0.99140865,0.008591381,-1,GPPA_ECOLI,5.0,Escherichia coli
0.9992467,0.00075326767,-1,LYSP_ECOLI,5.0,Escherichia coli
0.99839514,0.0016047903,-1,GABD_ECOLI,5.0,Escherichia coli
0.9991178,0.00088217703,-1,ALDA_ECOLI,5.0,Escherichia coli
0.9992986,0.0007013594,-1,GABP_ECOLI,5.0,Escherichia coli
0.9891607,0.010839338,-1,RADA_ECOLI,5.0,Escherichia coli
0.9886361,0.011363888,-1,MNME_ECOLI,5.0,Escherichia coli
0.044392046,0.955608,-1,RHLE_ECOLI,5.0,Escherichia coli
0.9980566,0.0019434014,-1,CODA_ECOLI,5.0,Escherichia coli
0.8231695,0.17683049,-1,HFLX_ECOLI,5.0,Escherichia coli
0.99761176,0.0023882748,-1,PREA_ECOLI,5.0,Escherichia coli
0.9937988,0.006201195,-1,UBII_ECOLI,5.0,Escherichia coli
0.99353254,0.006467432,-1,UBIH_ECOLI,5.0,Escherichia coli
0.9995214,0.00047866095,-1,APPB_ECOLI,5.0,Escherichia coli
0.9990441,0.0009558511,-1,WAAG_ECOLI,5.0,Escherichia coli
0.9986388,0.001361138,-1,FRMA_ECOLI,5.0,Escherichia coli
0.21653627,0.7834637,-1,MNMA_ECOLI,5.0,Escherichia coli
0.97047126,0.02952875,-1,RIBD_ECOLI,5.0,Escherichia coli
0.9988599,0.001140086,-1,LOIP_ECOLI,5.0,Escherichia coli
0.9989785,0.0010214739,-1,TEHB_ECOLI,5.0,Escherichia coli
0.9933391,0.006660916,-1,NTPPA_ECOLI,5.0,Escherichia coli
0.9978551,0.0021448026,-1,GLND_ECOLI,5.0,Escherichia coli
0.9587725,0.041227564,-1,DING_ECOLI,5.0,Escherichia coli
0.99850464,0.001495364,-1,TKT1_ECOLI,5.0,Escherichia coli
0.99825317,0.0017468442,-1,ACSA_ECOLI,5.0,Escherichia coli
0.99867487,0.0013251023,-1,MAO1_ECOLI,5.0,Escherichia coli
0.9988218,0.0011781325,-1,APPC_ECOLI,5.0,Escherichia coli
0.99838734,0.0016127172,-1,FTSP_ECOLI,5.0,Escherichia coli
0.9981968,0.0018032693,-1,STHA_ECOLI,5.0,Escherichia coli
0.9989347,0.0010652719,-1,WECC_ECOLI,5.0,Escherichia coli
0.99824095,0.0017589928,-1,WAAL_ECOLI,5.0,Escherichia coli
0.9967121,0.003287876,-1,NADR_ECOLI,5.0,Escherichia coli
0.9989221,0.0010779306,-1,BCR_ECOLI,5.0,Escherichia coli
0.9989241,0.001075887,-1,EMRA_ECOLI,5.0,Escherichia coli
0.9987758,0.0012241754,-1,WECB_ECOLI,5.0,Escherichia coli
0.9989951,0.001004847,-1,WECE_ECOLI,5.0,Escherichia coli
0.9975842,0.0024157932,-1,ROXA_ECOLI,5.0,Escherichia coli
0.9992046,0.000795468,-1,RMLB2_ECOLI,5.0,Escherichia coli
0.9993957,0.0006043167,-1,RHAT_ECOLI,5.0,Escherichia coli
0.99916804,0.0008320314,-1,WAAO_ECOLI,5.0,Escherichia coli
0.99803287,0.001967119,-1,AHR_ECOLI,5.0,Escherichia coli
0.99889946,0.0011005768,-1,RODZ_ECOLI,5.0,Escherichia coli
0.9983563,0.0016436526,-1,YIGL_ECOLI,5.0,Escherichia coli
0.9965025,0.0034975219,-1,TATD_ECOLI,5.0,Escherichia coli
0.99911433,0.00088564615,-1,UBIC_ECOLI,5.0,Escherichia coli
0.9982716,0.0017284158,-1,CYAY_ECOLI,5.0,Escherichia coli
0.99925226,0.0007477214,-1,ADIA_ECOLI,5.0,Escherichia coli
0.9980855,0.001914486,-1,HYPF_ECOLI,5.0,Escherichia coli
0.99956936,0.0004306964,-1,NRDD_ECOLI,5.0,Escherichia coli
0.99878055,0.0012194447,-1,CYDD_ECOLI,5.0,Escherichia coli
0.9985648,0.0014352928,-1,PEPT_ECOLI,5.0,Escherichia coli
0.99762076,0.0023791757,-1,THIH_ECOLI,5.0,Escherichia coli
0.99750084,0.0024991264,-1,LEU3_ECOLI,5.0,Escherichia coli
0.99834406,0.0016559581,-1,HCXB_ECOLI,5.0,Escherichia coli
0.9973627,0.0026373144,-1,HOLA_ECOLI,5.0,Escherichia coli
0.95397246,0.046027575,-1,MLTG_ECOLI,5.0,Escherichia coli
0.9971885,0.0028114691,-1,HOLB_ECOLI,5.0,Escherichia coli
0.99421096,0.0057890764,-1,MOAA_ECOLI,5.0,Escherichia coli
0.9972867,0.0027133848,-1,FTSN_ECOLI,5.0,Escherichia coli
0.9887334,0.011266637,-1,NADC_ECOLI,5.0,Escherichia coli
0.9969074,0.0030926438,-1,PABC_ECOLI,5.0,Escherichia coli
0.9990527,0.0009473089,-1,HYI_ECOLI,5.0,Escherichia coli
0.99811375,0.0018862588,-1,THIG_ECOLI,5.0,Escherichia coli
0.9973883,0.002611753,-1,THIF_ECOLI,5.0,Escherichia coli
0.99691427,0.003085726,-1,FENR_ECOLI,5.0,Escherichia coli
0.997601,0.0023990073,-1,RNT_ECOLI,5.0,Escherichia coli
0.9990471,0.0009528396,-1,DCD_ECOLI,5.0,Escherichia coli
0.9987686,0.0012313242,-1,RIBX_ECOLI,5.0,Escherichia coli
0.99555534,0.0044446727,-1,HOLC_ECOLI,5.0,Escherichia coli
0.9979697,0.0020303521,-1,HOLD_ECOLI,5.0,Escherichia coli
0.9976673,0.0023327621,-1,MOAD_ECOLI,5.0,Escherichia coli
0.9988463,0.0011537452,-1,EVGS_ECOLI,5.0,Escherichia coli
0.9962478,0.0037521394,-1,MFD_ECOLI,5.0,Escherichia coli
0.9994758,0.0005242064,-1,ACRB_ECOLI,5.0,Escherichia coli
0.9987135,0.0012865239,-1,GLNE_ECOLI,5.0,Escherichia coli
0.9952494,0.0047506075,-1,AAS_ECOLI,5.0,Escherichia coli
0.029391946,0.97060806,-1,RNB_ECOLI,5.0,Escherichia coli
0.9988399,0.001160119,-1,CAIC_ECOLI,5.0,Escherichia coli
0.9979321,0.0020679473,-1,RAVA_ECOLI,5.0,Escherichia coli
0.9977228,0.002277155,-1,BAES_ECOLI,5.0,Escherichia coli
0.99790096,0.0020990407,-1,GLMM_ECOLI,5.0,Escherichia coli
0.9984567,0.0015432796,-1,ADEP_ECOLI,5.0,Escherichia coli
0.9992161,0.0007839477,-1,EFEB_ECOLI,5.0,Escherichia coli
0.998292,0.0017079648,-1,KCH_ECOLI,5.0,Escherichia coli
0.99745876,0.0025412343,-1,POTG_ECOLI,5.0,Escherichia coli
0.998324,0.0016759956,-1,POTF_ECOLI,5.0,Escherichia coli
0.99886596,0.001134003,-1,BASS_ECOLI,5.0,Escherichia coli
0.9971775,0.0028225363,-1,METN_ECOLI,5.0,Escherichia coli
0.9992292,0.00077084056,-1,THIB_ECOLI,5.0,Escherichia coli
0.9988788,0.0011212127,-1,DGCZ_ECOLI,5.0,Escherichia coli
0.99864835,0.0013516477,-1,THTM_ECOLI,5.0,Escherichia coli
0.9985386,0.0014614493,-1,PANB_ECOLI,5.0,Escherichia coli
0.99901056,0.0009894599,-1,CAID_ECOLI,5.0,Escherichia coli
0.9987257,0.0012742194,-1,DGOR_ECOLI,5.0,Escherichia coli
0.9988721,0.0011279064,-1,METI_ECOLI,5.0,Escherichia coli
0.9962393,0.0037607371,-1,MOAE_ECOLI,5.0,Escherichia coli
0.99949014,0.00050977705,-1,LPTD_ECOLI,5.0,Escherichia coli
0.99883574,0.0011642649,-1,SQASE_ECOLI,5.0,Escherichia coli
0.9918359,0.008164101,-1,NNR_ECOLI,5.0,Escherichia coli
0.999166,0.00083399395,-1,CAIT_ECOLI,5.0,Escherichia coli
0.9994086,0.0005913556,-1,RHAB_ECOLI,5.0,Escherichia coli
0.9986395,0.0013604257,-1,OTSA_ECOLI,5.0,Escherichia coli
0.99772006,0.0022799452,-1,HEMN_ECOLI,5.0,Escherichia coli
0.99880326,0.001196715,-1,NUOF_ECOLI,5.0,Escherichia coli
0.9990087,0.0009913575,-1,RHAA_ECOLI,5.0,Escherichia coli
0.9994861,0.00051384914,-1,SQUS_ECOLI,5.0,Escherichia coli
0.9992834,0.000716683,-1,CAIB_ECOLI,5.0,Escherichia coli
0.996752,0.003247943,-1,PRPC_ECOLI,5.0,Escherichia coli
0.9881341,0.011865888,-1,LPLA_ECOLI,5.0,Escherichia coli
0.99882966,0.0011703249,-1,FCL_ECOLI,5.0,Escherichia coli
0.99876946,0.001230524,-1,MENA_ECOLI,5.0,Escherichia coli
0.9991984,0.00080168125,-1,SQUV_ECOLI,5.0,Escherichia coli
0.99944097,0.00055898714,-1,RPNA_ECOLI,5.0,Escherichia coli
0.99941397,0.00058607117,-1,HCHA_ECOLI,5.0,Escherichia coli
0.95932806,0.04067194,-1,PANC_ECOLI,5.0,Escherichia coli
0.9991579,0.0008420427,-1,RHAD_ECOLI,5.0,Escherichia coli
0.99893624,0.0010637477,-1,OTSB_ECOLI,5.0,Escherichia coli
0.99861574,0.0013842862,-1,MOBA_ECOLI,5.0,Escherichia coli
0.99689305,0.0031069177,-1,GMM_ECOLI,5.0,Escherichia coli
0.9992889,0.00071109674,-1,RHAM_ECOLI,5.0,Escherichia coli
0.9991436,0.00085642515,-1,PPTA_ECOLI,5.0,Escherichia coli
0.9991266,0.0008734342,-1,FDOG_ECOLI,5.0,Escherichia coli
0.99797076,0.0020291696,-1,GCSP_ECOLI,5.0,Escherichia coli
0.99878067,0.0012193599,-1,NUOG_ECOLI,5.0,Escherichia coli
0.9989943,0.0010057339,-1,TORA_ECOLI,5.0,Escherichia coli
0.9990221,0.0009778223,-1,LPAKS_ECOLI,5.0,Escherichia coli
0.9972779,0.0027220487,-1,NUOCD_ECOLI,5.0,Escherichia coli
0.99907684,0.00092317007,-1,LLDP_ECOLI,5.0,Escherichia coli
0.99919575,0.00080428243,-1,ACTP_ECOLI,5.0,Escherichia coli
0.9946221,0.005377853,-1,AIDB_ECOLI,5.0,Escherichia coli
0.99670714,0.003292865,-1,LLDD_ECOLI,5.0,Escherichia coli
0.98413,0.015869992,-1,PURT_ECOLI,5.0,Escherichia coli
0.99856097,0.0014390256,-1,TORC_ECOLI,5.0,Escherichia coli
0.9948197,0.0051802923,-1,DACD_ECOLI,5.0,Escherichia coli
0.9992124,0.00078763854,-1,TSUA_ECOLI,5.0,Escherichia coli
0.71395576,0.28604427,-1,DUSA_ECOLI,5.0,Escherichia coli
0.6646132,0.3353868,-1,DUSC_ECOLI,5.0,Escherichia coli
0.9988998,0.0011001701,-1,RIHB_ECOLI,5.0,Escherichia coli
0.99759847,0.0024015584,-1,PSUG_ECOLI,5.0,Escherichia coli
0.009545603,0.9904544,-1,RLUF_ECOLI,5.0,Escherichia coli
0.9988722,0.0011277946,-1,SFGH2_ECOLI,5.0,Escherichia coli
0.99603915,0.0039608474,-1,FDHD_ECOLI,5.0,Escherichia coli
0.9987765,0.0012235297,-1,NUDC_ECOLI,5.0,Escherichia coli
0.9985043,0.001495802,-1,GPH_ECOLI,5.0,Escherichia coli
0.9981273,0.0018727507,-1,ALSE_ECOLI,5.0,Escherichia coli
0.9984553,0.0015447144,-1,YEBF_ECOLI,5.0,Escherichia coli
0.9988759,0.0011241104,-1,ACNB_ECOLI,5.0,Escherichia coli
0.99943393,0.00056605146,-1,NAPA_ECOLI,5.0,Escherichia coli
0.99855345,0.0014465288,-1,FEOB_ECOLI,5.0,Escherichia coli
0.9989851,0.0010148875,-1,NUOL_ECOLI,5.0,Escherichia coli
0.99889815,0.0011018141,-1,RADD_ECOLI,5.0,Escherichia coli
0.9982482,0.0017518211,-1,DSBD_ECOLI,5.0,Escherichia coli
0.99677557,0.003224465,-1,AHPF_ECOLI,5.0,Escherichia coli
0.9941263,0.0058736852,-1,CUEO_ECOLI,5.0,Escherichia coli
0.9971625,0.00283742,-1,NORR_ECOLI,5.0,Escherichia coli
0.99913126,0.00086873095,-1,DTPB_ECOLI,5.0,Escherichia coli
0.99913967,0.00086026744,-1,PTTBC_ECOLI,5.0,Escherichia coli
0.012465215,0.98753476,-1,RSMB_ECOLI,5.0,Escherichia coli
0.119054444,0.8809455,-1,RLMN_ECOLI,5.0,Escherichia coli
0.9898977,0.010102324,-1,SELU_ECOLI,5.0,Escherichia coli
0.0038565097,0.99614346,-1,RLUD_ECOLI,5.0,Escherichia coli
0.99920696,0.0007930997,-1,HEM6_ECOLI,5.0,Escherichia coli
0.99404633,0.0059536216,-1,AMIA_ECOLI,5.0,Escherichia coli
0.99784935,0.0021506962,-1,CMOM_ECOLI,5.0,Escherichia coli
0.999097,0.0009030138,-1,ZAPD_ECOLI,5.0,Escherichia coli
0.99841976,0.0015802747,-1,PURNU_ECOLI,5.0,Escherichia coli
0.99950755,0.00049249956,-1,PAGP_ECOLI,5.0,Escherichia coli
0.99903995,0.00096001296,-1,FLUC_ECOLI,5.0,Escherichia coli
0.99720675,0.0027931805,-1,CHPB_ECOLI,5.0,Escherichia coli
0.6158885,0.38411152,-1,ARFA_ECOLI,5.0,Escherichia coli
0.9975483,0.002451685,-1,KDPF_ECOLI,5.0,Escherichia coli
0.99951005,0.00048991264,-1,MDTF_ECOLI,5.0,Escherichia coli
0.9984787,0.0015212774,-1,RBBA_ECOLI,5.0,Escherichia coli
0.9993931,0.00060682674,-1,BCSA_ECOLI,5.0,Escherichia coli
0.9961357,0.0038643582,-1,PT1P_ECOLI,5.0,Escherichia coli
0.99840885,0.0015911515,-1,ZNTA_ECOLI,5.0,Escherichia coli
0.9990747,0.00092527544,-1,MASZ_ECOLI,5.0,Escherichia coli
0.9990945,0.00090548396,-1,CLCA_ECOLI,5.0,Escherichia coli
0.99888426,0.0011157293,-1,DHAM_ECOLI,5.0,Escherichia coli
0.9981185,0.0018815132,-1,MDTK_ECOLI,5.0,Escherichia coli
0.99885917,0.0011408846,-1,PEPB_ECOLI,5.0,Escherichia coli
0.9977215,0.0022784346,-1,LHGD_ECOLI,5.0,Escherichia coli
0.99852705,0.001472955,-1,DPPF_ECOLI,5.0,Escherichia coli
0.9980124,0.0019875357,-1,PSPF_ECOLI,5.0,Escherichia coli
0.9988954,0.0011045248,-1,IAAA_ECOLI,5.0,Escherichia coli
0.99917054,0.0008294278,-1,KDGK_ECOLI,5.0,Escherichia coli
0.9980027,0.0019972902,-1,TAUD_ECOLI,5.0,Escherichia coli
0.99831945,0.001680524,-1,PURU_ECOLI,5.0,Escherichia coli
0.9939213,0.0060787834,-1,RLMJ_ECOLI,5.0,Escherichia coli
0.9990301,0.0009698549,-1,BTUF_ECOLI,5.0,Escherichia coli
0.99850416,0.0014959216,-1,MODA_ECOLI,5.0,Escherichia coli
0.99858403,0.0014159959,-1,NUDK_ECOLI,5.0,Escherichia coli
0.5543665,0.44563347,-1,THPR_ECOLI,5.0,Escherichia coli
0.99934036,0.0006596391,-1,RPIB_ECOLI,5.0,Escherichia coli
0.9991296,0.0008703901,-1,PANZ_ECOLI,5.0,Escherichia coli
0.99961567,0.0003843025,-1,PTKB_ECOLI,5.0,Escherichia coli
0.9994228,0.0005772069,-1,CUSA_ECOLI,5.0,Escherichia coli
0.96566087,0.034339186,-1,CAS3_ECOLI,5.0,Escherichia coli
0.9862256,0.013774418,-1,CYSJ_ECOLI,5.0,Escherichia coli
0.9987429,0.0012571111,-1,FADK_ECOLI,5.0,Escherichia coli
0.99897754,0.001022464,-1,GPMI_ECOLI,5.0,Escherichia coli
0.99910575,0.00089422264,-1,ALDB_ECOLI,5.0,Escherichia coli
0.99918526,0.0008147575,-1,LYXK_ECOLI,5.0,Escherichia coli
0.9991867,0.0008132805,-1,NARU_ECOLI,5.0,Escherichia coli
0.9950376,0.0049623717,-1,MPL_ECOLI,5.0,Escherichia coli
0.9975631,0.0024369357,-1,DEGQ_ECOLI,5.0,Escherichia coli
0.99760675,0.0023931817,-1,MENF_ECOLI,5.0,Escherichia coli
0.99152374,0.008476313,-1,ENVC_ECOLI,5.0,Escherichia coli
0.9983492,0.0016508161,-1,GLF_ECOLI,5.0,Escherichia coli
0.9991454,0.00085462845,-1,DLGD_ECOLI,5.0,Escherichia coli
0.9991786,0.0008214257,-1,GHRB_ECOLI,5.0,Escherichia coli
0.9988102,0.001189868,-1,ZNUA_ECOLI,5.0,Escherichia coli
0.9906624,0.009337641,-1,ERFK_ECOLI,5.0,Escherichia coli
0.99872595,0.0012740482,-1,RMLA1_ECOLI,5.0,Escherichia coli
0.99879336,0.0012066431,-1,KDUD_ECOLI,5.0,Escherichia coli
0.9865911,0.013408886,-1,XNI_ECOLI,5.0,Escherichia coli
0.99758434,0.0024156093,-1,TCYN_ECOLI,5.0,Escherichia coli
0.9987213,0.0012786763,-1,CHBG_ECOLI,5.0,Escherichia coli
0.9985128,0.0014871561,-1,NFSB_ECOLI,5.0,Escherichia coli
0.9985551,0.0014449098,-1,RMLC_ECOLI,5.0,Escherichia coli
0.99832004,0.0016799594,-1,USPG_ECOLI,5.0,Escherichia coli
0.9992416,0.0007584264,-1,TAMB_ECOLI,5.0,Escherichia coli
0.999388,0.0006120238,-1,AG43_ECOLI,5.0,Escherichia coli
0.99893266,0.0010673286,-1,TORS_ECOLI,5.0,Escherichia coli
0.9986512,0.0013488586,-1,RCSD_ECOLI,5.0,Escherichia coli
0.9988918,0.0011081983,-1,BTST_ECOLI,5.0,Escherichia coli
0.9996275,0.00037251512,-1,RIR3_ECOLI,5.0,Escherichia coli
0.9976986,0.0023014476,-1,TTDT_ECOLI,5.0,Escherichia coli
0.9991264,0.0008736839,-1,DTPC_ECOLI,5.0,Escherichia coli
0.9990758,0.00092416443,-1,ULAA_ECOLI,5.0,Escherichia coli
0.99882287,0.0011771673,-1,IDNT_ECOLI,5.0,Escherichia coli
0.999283,0.00071703066,-1,YJEH_ECOLI,5.0,Escherichia coli
0.9991793,0.000820691,-1,MDTM_ECOLI,5.0,Escherichia coli
0.9986444,0.0013555661,-1,IADA_ECOLI,5.0,Escherichia coli
0.9993604,0.0006396621,-1,NANY_ECOLI,5.0,Escherichia coli
0.9994019,0.0005981121,-1,NANM_ECOLI,5.0,Escherichia coli
0.037588235,0.96241176,-1,RSGA_ECOLI,5.0,Escherichia coli
0.9897377,0.010262259,-1,RSMC_ECOLI,5.0,Escherichia coli
0.99906164,0.0009383604,-1,QOR2_ECOLI,5.0,Escherichia coli
0.9992336,0.00076642196,-1,PDXK_ECOLI,5.0,Escherichia coli
0.997445,0.0025549894,-1,FHUF_ECOLI,5.0,Escherichia coli
0.99896824,0.0010317378,-1,YDFG_ECOLI,5.0,Escherichia coli
0.9983796,0.0016204392,-1,NLPE_ECOLI,5.0,Escherichia coli
0.9988595,0.0011404982,-1,ULAD_ECOLI,5.0,Escherichia coli
0.9985208,0.0014792453,-1,NCPP_ECOLI,5.0,Escherichia coli
0.9926682,0.0073318197,-1,SYME_ECOLI,5.0,Escherichia coli
0.9994987,0.0005012863,-1,YFAL_ECOLI,5.0,Escherichia coli
0.9994041,0.0005958867,-1,TDCE_ECOLI,5.0,Escherichia coli
0.9992053,0.0007947004,-1,LPOA_ECOLI,5.0,Escherichia coli
0.9989367,0.0010633331,-1,FADH_ECOLI,5.0,Escherichia coli
0.20016384,0.79983616,-1,UUP_ECOLI,5.0,Escherichia coli
0.99926287,0.0007371598,-1,PQIB_ECOLI,5.0,Escherichia coli
0.9991357,0.00086434575,-1,NANT_ECOLI,5.0,Escherichia coli
0.99848926,0.00151074,-1,PAT_ECOLI,5.0,Escherichia coli
0.99907076,0.00092917675,-1,XAPB_ECOLI,5.0,Escherichia coli
0.9845463,0.015453778,-1,OBG_ECOLI,5.0,Escherichia coli
0.9991103,0.00088969833,-1,MTOX_ECOLI,5.0,Escherichia coli
0.99560827,0.004391729,-1,MLTB_ECOLI,5.0,Escherichia coli
0.99818975,0.001810279,-1,UBIU_ECOLI,5.0,Escherichia coli
0.99877816,0.001221837,-1,YQJG_ECOLI,5.0,Escherichia coli
0.9977901,0.0022098979,-1,KDSD_ECOLI,5.0,Escherichia coli
0.9988526,0.0011473572,-1,RIHA_ECOLI,5.0,Escherichia coli
0.9977319,0.0022680857,-1,UBIV_ECOLI,5.0,Escherichia coli
0.9991999,0.00080010603,-1,NANK_ECOLI,5.0,Escherichia coli
0.99853134,0.0014686383,-1,XAPA_ECOLI,5.0,Escherichia coli
0.999241,0.00075906265,-1,FRLC_ECOLI,5.0,Escherichia coli
0.9988286,0.0011713508,-1,LPXH_ECOLI,5.0,Escherichia coli
0.998754,0.0012460159,-1,AZOR_ECOLI,5.0,Escherichia coli
0.9991974,0.0008026016,-1,YHBO_ECOLI,5.0,Escherichia coli
0.9993255,0.00067448063,-1,NANQ_ECOLI,5.0,Escherichia coli
0.99637103,0.0036290055,-1,ARFB_ECOLI,5.0,Escherichia coli
0.99873596,0.001263993,-1,FTSK_ECOLI,5.0,Escherichia coli
0.999042,0.00095802563,-1,TORZ_ECOLI,5.0,Escherichia coli
0.99937767,0.00062239537,-1,AMO_ECOLI,5.0,Escherichia coli
0.9990458,0.00095422514,-1,LDCC_ECOLI,5.0,Escherichia coli
0.99880064,0.0011993558,-1,ABGT_ECOLI,5.0,Escherichia coli
0.9985649,0.001435076,-1,GLRK_ECOLI,5.0,Escherichia coli
0.99886346,0.001136565,-1,PUUE_ECOLI,5.0,Escherichia coli
0.99903727,0.00096272596,-1,DGCN_ECOLI,5.0,Escherichia coli
0.99841785,0.0015821129,-1,RTCB_ECOLI,5.0,Escherichia coli
0.9969819,0.0030180078,-1,GLCF_ECOLI,5.0,Escherichia coli
0.99901295,0.0009869954,-1,MLC_ECOLI,5.0,Escherichia coli
0.9968585,0.0031414959,-1,DXR_ECOLI,5.0,Escherichia coli
0.99698204,0.0030179378,-1,GLCE_ECOLI,5.0,Escherichia coli
0.9946749,0.0053250827,-1,RTCA_ECOLI,5.0,Escherichia coli
0.9994553,0.0005447275,-1,YDDG_ECOLI,5.0,Escherichia coli
0.9981304,0.0018695899,-1,COF_ECOLI,5.0,Escherichia coli
0.9993538,0.00064621464,-1,CPOB_ECOLI,5.0,Escherichia coli
0.997919,0.0020810033,-1,END8_ECOLI,5.0,Escherichia coli
0.99479634,0.005203685,-1,MTGA_ECOLI,5.0,Escherichia coli
0.79272604,0.20727398,-1,PROQ_ECOLI,5.0,Escherichia coli
0.9967913,0.0032087318,-1,CSGD_ECOLI,5.0,Escherichia coli
0.9956142,0.004385787,-1,IXTPA_ECOLI,5.0,Escherichia coli
0.992261,0.007739059,-1,TSAC_ECOLI,5.0,Escherichia coli
0.999483,0.0005169831,-1,NUDI_ECOLI,5.0,Escherichia coli
0.9899361,0.010063905,-1,CAS2_ECOLI,5.0,Escherichia coli
0.9966677,0.0033322629,-1,RAPA_ECOLI,5.0,Escherichia coli
0.7470226,0.25297734,-1,ABPB_ECOLI,5.0,Escherichia coli
0.9989919,0.0010081456,-1,MNGA_ECOLI,5.0,Escherichia coli
0.99468046,0.0053195013,-1,LEPA_ECOLI,5.0,Escherichia coli
0.998245,0.0017550419,-1,MSBA_ECOLI,5.0,Escherichia coli
0.999419,0.00058106554,-1,ADIC_ECOLI,5.0,Escherichia coli
0.10508612,0.8949139,-1,RLMD_ECOLI,5.0,Escherichia coli
0.9972185,0.002781541,-1,RNLA_ECOLI,5.0,Escherichia coli
0.9984586,0.001541396,-1,GUAC_ECOLI,5.0,Escherichia coli
0.99802655,0.0019734642,-1,LIPA_ECOLI,5.0,Escherichia coli
0.9993906,0.00060934323,-1,PTHB_ECOLI,5.0,Escherichia coli
0.0046357578,0.9953642,-1,TRUB_ECOLI,5.0,Escherichia coli
0.998207,0.0017929988,-1,SPEB_ECOLI,5.0,Escherichia coli
0.9991221,0.0008779612,-1,LGT_ECOLI,5.0,Escherichia coli
0.007643008,0.992357,-1,RL2_ECOLI,5.0,Escherichia coli
0.998432,0.0015680357,-1,HIS6_ECOLI,5.0,Escherichia coli
0.9984957,0.0015043375,-1,UPPS_ECOLI,5.0,Escherichia coli
0.99851626,0.0014836804,-1,AQPZ_ECOLI,5.0,Escherichia coli
0.99795985,0.00204017,-1,LIPB_ECOLI,5.0,Escherichia coli
0.0038257479,0.9961743,-1,RL3_ECOLI,5.0,Escherichia coli
0.016807633,0.9831924,-1,RL4_ECOLI,5.0,Escherichia coli
0.9987853,0.0012146494,-1,HIS5_ECOLI,5.0,Escherichia coli
0.018280655,0.9817193,-1,RL24_ECOLI,5.0,Escherichia coli
0.9975007,0.0024993226,-1,BLR_ECOLI,5.0,Escherichia coli
0.99929976,0.0007002661,-1,CYDX_ECOLI,5.0,Escherichia coli
0.9989035,0.00109652,-1,CLPB_ECOLI,5.0,Escherichia coli
0.9994092,0.0005908503,-1,KUP_ECOLI,5.0,Escherichia coli
0.9995615,0.0004385074,-1,GADC_ECOLI,5.0,Escherichia coli
0.95580095,0.044199016,-1,AMIC_ECOLI,5.0,Escherichia coli
0.9981654,0.0018346509,-1,ISPG_ECOLI,5.0,Escherichia coli
0.99899167,0.001008319,-1,ZNTB_ECOLI,5.0,Escherichia coli
0.9990441,0.0009558858,-1,ISPH_ECOLI,5.0,Escherichia coli
0.9990637,0.00093640015,-1,MDH_ECOLI,5.0,Escherichia coli
0.99875104,0.0012489645,-1,RMLA2_ECOLI,5.0,Escherichia coli
0.99780935,0.0021906127,-1,MLAF_ECOLI,5.0,Escherichia coli
0.9986803,0.0013196905,-1,GPMA_ECOLI,5.0,Escherichia coli
0.99943167,0.000568273,-1,LOLB_ECOLI,5.0,Escherichia coli
0.99973506,0.00026491613,-1,LOLA_ECOLI,5.0,Escherichia coli
0.99877757,0.0012223868,-1,GMHA_ECOLI,5.0,Escherichia coli
0.9986558,0.0013442399,-1,NFUA_ECOLI,5.0,Escherichia coli
0.9986985,0.0013014958,-1,GMHBB_ECOLI,5.0,Escherichia coli
0.009341957,0.99065804,-1,RL5_ECOLI,5.0,Escherichia coli
0.9126274,0.08737258,-1,PROXY_ECOLI,5.0,Escherichia coli
0.99715877,0.002841235,-1,ISPF_ECOLI,5.0,Escherichia coli
0.0045404304,0.9954595,-1,RL22_ECOLI,5.0,Escherichia coli
0.98832303,0.011677017,-1,CCDB_ECOLI,5.0,Escherichia coli
0.9986842,0.0013158219,-1,LSRG_ECOLI,5.0,Escherichia coli
0.997844,0.002156059,-1,CCDA_ECOLI,5.0,Escherichia coli
0.9943163,0.0056837015,-1,CNU_ECOLI,5.0,Escherichia coli
0.9991007,0.00089930964,-1,MGRB_ECOLI,5.0,Escherichia coli
0.9966943,0.0033057008,-1,AMPA_ECOLI,5.0,Escherichia coli
0.99848527,0.0015147126,-1,BEPA_ECOLI,5.0,Escherichia coli
0.9988913,0.0011087839,-1,XANQ_ECOLI,5.0,Escherichia coli
0.99842656,0.0015734626,-1,DPAL_ECOLI,5.0,Escherichia coli
0.9983304,0.0016695439,-1,ZAPE_ECOLI,5.0,Escherichia coli
0.9983689,0.0016310842,-1,MALK_ECOLI,5.0,Escherichia coli
0.9990963,0.0009037045,-1,HLDD_ECOLI,5.0,Escherichia coli
0.99921477,0.0007852269,-1,MALG_ECOLI,5.0,Escherichia coli
0.99891424,0.0010858254,-1,MLAE_ECOLI,5.0,Escherichia coli
0.9960731,0.0039268346,-1,NFI_ECOLI,5.0,Escherichia coli
0.99794334,0.002056701,-1,YRFG_ECOLI,5.0,Escherichia coli
0.9890009,0.010999125,-1,YQJI_ECOLI,5.0,Escherichia coli
0.9988732,0.001126839,-1,NEMR_ECOLI,5.0,Escherichia coli
0.99877304,0.0012269993,-1,DIAA_ECOLI,5.0,Escherichia coli
0.9969298,0.0030701663,-1,DOLP_ECOLI,5.0,Escherichia coli
0.9995596,0.00044043426,-1,YFCE_ECOLI,5.0,Escherichia coli
0.9994673,0.0005327282,-1,MLAD_ECOLI,5.0,Escherichia coli
0.998437,0.0015629695,-1,TADA_ECOLI,5.0,Escherichia coli
0.87664795,0.12335208,-1,YHAV_ECOLI,5.0,Escherichia coli
0.9977465,0.0022533934,-1,CBTA_ECOLI,5.0,Escherichia coli
0.9940996,0.0059003686,-1,RCNB_ECOLI,5.0,Escherichia coli
0.9926327,0.007367296,-1,AC4CH_ECOLI,5.0,Escherichia coli
0.99868494,0.0013149987,-1,MLAB_ECOLI,5.0,Escherichia coli
0.9987078,0.0012922585,-1,GLRX1_ECOLI,5.0,Escherichia coli
0.9990933,0.00090675225,-1,ATPL_ECOLI,5.0,Escherichia coli
0.99705076,0.0029492078,-1,LCFA_ECOLI,5.0,Escherichia coli
0.999064,0.0009360156,-1,PTGCB_ECOLI,5.0,Escherichia coli
0.998589,0.0014110033,-1,AMTB_ECOLI,5.0,Escherichia coli
0.99904054,0.00095946575,-1,MBHS_ECOLI,5.0,Escherichia coli
0.9991186,0.000881399,-1,MBHT_ECOLI,5.0,Escherichia coli
0.9981536,0.0018463085,-1,PTNAB_ECOLI,5.0,Escherichia coli
0.99869967,0.001300343,-1,FIEF_ECOLI,5.0,Escherichia coli
0.9985518,0.0014481952,-1,PTNC_ECOLI,5.0,Escherichia coli
0.9988544,0.0011455962,-1,TATC_ECOLI,5.0,Escherichia coli
0.9981407,0.0018592859,-1,BAER_ECOLI,5.0,Escherichia coli
0.99821424,0.0017857592,-1,KAD_ECOLI,5.0,Escherichia coli
0.99778545,0.0022144816,-1,TATB_ECOLI,5.0,Escherichia coli
0.9984811,0.0015188651,-1,PTGA_ECOLI,5.0,Escherichia coli
0.998672,0.0013280609,-1,CCME_ECOLI,5.0,Escherichia coli
0.9980299,0.0019701123,-1,RCSF_ECOLI,5.0,Escherichia coli
0.9982936,0.0017064833,-1,DHSC_ECOLI,5.0,Escherichia coli
0.999426,0.000573966,-1,MDTJ_ECOLI,5.0,Escherichia coli
0.9989498,0.0010501986,-1,PTQA_ECOLI,5.0,Escherichia coli
0.99894124,0.0010587348,-1,MDTI_ECOLI,5.0,Escherichia coli
0.9994618,0.00053816254,-1,PTQB_ECOLI,5.0,Escherichia coli
0.0195589,0.9804411,-1,RL25_ECOLI,5.0,Escherichia coli
0.99894756,0.001052432,-1,TATA_ECOLI,5.0,Escherichia coli
0.6795282,0.32047188,-1,YOEB_ECOLI,5.0,Escherichia coli
0.9970632,0.002936777,-1,YEFM_ECOLI,5.0,Escherichia coli
0.9988086,0.0011913541,-1,LPP_ECOLI,5.0,Escherichia coli
0.9986527,0.0013472261,-1,MACB_ECOLI,5.0,Escherichia coli
0.9992568,0.0007431473,-1,FUCI_ECOLI,5.0,Escherichia coli
0.99893457,0.0010654873,-1,HCP_ECOLI,5.0,Escherichia coli
0.99854654,0.0014534828,-1,DCEA_ECOLI,5.0,Escherichia coli
0.99856204,0.0014379406,-1,DCEB_ECOLI,5.0,Escherichia coli
0.99893886,0.0010611967,-1,PTKC_ECOLI,5.0,Escherichia coli
0.99827623,0.0017237293,-1,FCTA_ECOLI,5.0,Escherichia coli
0.9989379,0.0010620638,-1,POTA_ECOLI,5.0,Escherichia coli
0.9993788,0.0006211829,-1,RIR2_ECOLI,5.0,Escherichia coli
0.99815685,0.001843132,-1,YLII_ECOLI,5.0,Escherichia coli
0.99862957,0.001370408,-1,MACA_ECOLI,5.0,Escherichia coli
0.99888176,0.0011182426,-1,YAHK_ECOLI,5.0,Escherichia coli
0.99774987,0.0022500984,-1,LTAE_ECOLI,5.0,Escherichia coli
0.9990716,0.00092835823,-1,YAGE_ECOLI,5.0,Escherichia coli
0.99934703,0.0006529169,-1,PTND_ECOLI,5.0,Escherichia coli
0.99680495,0.003195051,-1,AMID_ECOLI,5.0,Escherichia coli
0.99795604,0.002043981,-1,SUPH_ECOLI,5.0,Escherichia coli
0.99850583,0.0014941739,-1,YBJI_ECOLI,5.0,Escherichia coli
0.99930537,0.00069456914,-1,NANC_ECOLI,5.0,Escherichia coli
0.99773204,0.0022679046,-1,HDA_ECOLI,5.0,Escherichia coli
0.99890924,0.0010908096,-1,DMSD_ECOLI,5.0,Escherichia coli
0.99880826,0.0011917942,-1,PTKA_ECOLI,5.0,Escherichia coli
0.9983027,0.0016972446,-1,GDX_ECOLI,5.0,Escherichia coli
0.9993605,0.0006395305,-1,ULAB_ECOLI,5.0,Escherichia coli
0.8258306,0.17416944,-1,CSRA_ECOLI,5.0,Escherichia coli
0.13626361,0.8637364,-1,RLMKL_ECOLI,5.0,Escherichia coli
0.99909484,0.00090521574,-1,PGAB_ECOLI,5.0,Escherichia coli
0.9995577,0.00044225657,-1,PUUP_ECOLI,5.0,Escherichia coli
0.99937576,0.0006242863,-1,DGCT_ECOLI,5.0,Escherichia coli
0.99891233,0.0010876318,-1,RUTG_ECOLI,5.0,Escherichia coli
0.9979619,0.0020381098,-1,BLUF_ECOLI,5.0,Escherichia coli
0.12376845,0.87623155,-1,RLMI_ECOLI,5.0,Escherichia coli
0.9990243,0.00097567757,-1,RUTA_ECOLI,5.0,Escherichia coli
0.9990426,0.00095739326,-1,DHAK_ECOLI,5.0,Escherichia coli
0.8518258,0.14817421,-1,PAAE_ECOLI,5.0,Escherichia coli
0.9941962,0.005803764,-1,NAGZ_ECOLI,5.0,Escherichia coli
0.8791575,0.120842434,-1,TTCA_ECOLI,5.0,Escherichia coli
0.99772567,0.0022743214,-1,PAAA_ECOLI,5.0,Escherichia coli
0.99914205,0.0008579697,-1,LDCA_ECOLI,5.0,Escherichia coli
0.9991567,0.000843241,-1,NAGK_ECOLI,5.0,Escherichia coli
0.9994648,0.0005352394,-1,OMPG_ECOLI,5.0,Escherichia coli
0.9992994,0.00070063263,-1,NPD_ECOLI,5.0,Escherichia coli
0.99902415,0.00097588304,-1,PAAF_ECOLI,5.0,Escherichia coli
0.9991035,0.00089650863,-1,PUUD_ECOLI,5.0,Escherichia coli
0.99699044,0.0030094746,-1,YCDX_ECOLI,5.0,Escherichia coli
0.9955713,0.0044286903,-1,YCGR_ECOLI,5.0,Escherichia coli
0.99759066,0.0024093518,-1,LOLD_ECOLI,5.0,Escherichia coli
0.99870586,0.0012941466,-1,GLO22_ECOLI,5.0,Escherichia coli
0.9992576,0.0007424162,-1,DHAL_ECOLI,5.0,Escherichia coli
0.99749315,0.0025068528,-1,ZAPC_ECOLI,5.0,Escherichia coli
0.99845624,0.0015437719,-1,DOSP_ECOLI,5.0,Escherichia coli
0.9987362,0.0012638277,-1,WZC_ECOLI,5.0,Escherichia coli
0.9971962,0.0028037783,-1,RLHA_ECOLI,5.0,Escherichia coli
0.96904033,0.030959673,-1,YOAA_ECOLI,5.0,Escherichia coli
0.99883693,0.0011631276,-1,DGCQ_ECOLI,5.0,Escherichia coli
0.99890924,0.0010907883,-1,CDGI_ECOLI,5.0,Escherichia coli
0.9987204,0.0012795693,-1,SAD_ECOLI,5.0,Escherichia coli
0.9991128,0.0008871883,-1,HPRS_ECOLI,5.0,Escherichia coli
0.99909735,0.0009027236,-1,ASTB_ECOLI,5.0,Escherichia coli
0.9991872,0.0008127862,-1,YDCS_ECOLI,5.0,Escherichia coli
0.9988035,0.0011965032,-1,DMLA_ECOLI,5.0,Escherichia coli
0.9990797,0.0009202666,-1,CURA_ECOLI,5.0,Escherichia coli
0.977545,0.022454962,-1,YNHG_ECOLI,5.0,Escherichia coli
0.99723357,0.0027664693,-1,MSRP_ECOLI,5.0,Escherichia coli
0.9988462,0.0011538116,-1,DCYD_ECOLI,5.0,Escherichia coli
0.99282795,0.0071720546,-1,MTFA_ECOLI,5.0,Escherichia coli
0.9989644,0.0010356025,-1,TSAB_ECOLI,5.0,Escherichia coli
0.99195147,0.008048563,-1,YEDK_ECOLI,5.0,Escherichia coli
0.9986235,0.0013764892,-1,ZINT_ECOLI,5.0,Escherichia coli
0.9978855,0.0021144673,-1,MSRQ_ECOLI,5.0,Escherichia coli
0.9989349,0.0010651149,-1,PAAI_ECOLI,5.0,Escherichia coli
0.99561006,0.004389924,-1,SUFE_ECOLI,5.0,Escherichia coli
0.9989629,0.0010370865,-1,HIUH_ECOLI,5.0,Escherichia coli
0.9825549,0.017445056,-1,CBEA_ECOLI,5.0,Escherichia coli
0.9975254,0.0024745618,-1,DRPB_ECOLI,5.0,Escherichia coli
0.9995092,0.00049076515,-1,MDTC_ECOLI,5.0,Escherichia coli
0.99711597,0.0028840587,-1,LYSAC_ECOLI,5.0,Escherichia coli
0.9945985,0.005401497,-1,PBPC_ECOLI,5.0,Escherichia coli
0.9988292,0.0011708679,-1,MAO2_ECOLI,5.0,Escherichia coli
0.99886465,0.0011353429,-1,PDEF_ECOLI,5.0,Escherichia coli
0.9911452,0.008854758,-1,TMCA_ECOLI,5.0,Escherichia coli
0.9974119,0.0025880875,-1,HLDE_ECOLI,5.0,Escherichia coli
0.9972088,0.0027912625,-1,FADI_ECOLI,5.0,Escherichia coli
0.9988451,0.0011548849,-1,PRET_ECOLI,5.0,Escherichia coli
0.99904794,0.0009520996,-1,GLAH_ECOLI,5.0,Escherichia coli
0.9973355,0.0026644922,-1,YEGS_ECOLI,5.0,Escherichia coli
0.9987973,0.0012026264,-1,MURQ_ECOLI,5.0,Escherichia coli
0.99886215,0.0011378488,-1,MHPC_ECOLI,5.0,Escherichia coli
0.9990465,0.0009534362,-1,PDXY_ECOLI,5.0,Escherichia coli
0.9953666,0.0046334593,-1,RHMA_ECOLI,5.0,Escherichia coli
0.9992397,0.00076034514,-1,THID_ECOLI,5.0,Escherichia coli
0.9986467,0.0013533462,-1,LPXT_ECOLI,5.0,Escherichia coli
0.9987244,0.001275575,-1,PAOA_ECOLI,5.0,Escherichia coli
0.9988146,0.0011854558,-1,ATOD_ECOLI,5.0,Escherichia coli
0.99463874,0.0053612506,-1,EUTL_ECOLI,5.0,Escherichia coli
0.99820614,0.00179382,-1,ATOA_ECOLI,5.0,Escherichia coli
0.99890435,0.0010956884,-1,YFGM_ECOLI,5.0,Escherichia coli
0.99782616,0.0021737618,-1,5DNU_ECOLI,5.0,Escherichia coli
0.9990054,0.0009946071,-1,CSE2_ECOLI,5.0,Escherichia coli
0.99953306,0.00046701918,-1,ARNF_ECOLI,5.0,Escherichia coli
0.99585044,0.004149507,-1,FADJ_ECOLI,5.0,Escherichia coli
0.9975763,0.002423761,-1,MNMC_ECOLI,5.0,Escherichia coli
0.99761593,0.0023841155,-1,ARNA_ECOLI,5.0,Escherichia coli
0.9978002,0.0021998556,-1,MPPA_ECOLI,5.0,Escherichia coli
0.9990921,0.0009078532,-1,DTPA_ECOLI,5.0,Escherichia coli
0.9979955,0.00200453,-1,PRPD_ECOLI,5.0,Escherichia coli
0.9994949,0.0005050613,-1,CUSC_ECOLI,5.0,Escherichia coli
0.9987412,0.0012587669,-1,RCLA_ECOLI,5.0,Escherichia coli
0.9983341,0.0016659691,-1,ALAC_ECOLI,5.0,Escherichia coli
0.99910647,0.00089352985,-1,ALLC_ECOLI,5.0,Escherichia coli
0.9980835,0.0019165537,-1,DGCM_ECOLI,5.0,Escherichia coli
0.9990398,0.00096016435,-1,CUSB_ECOLI,5.0,Escherichia coli
0.9992901,0.00070981844,-1,RHMD_ECOLI,5.0,Escherichia coli
0.99922705,0.0007729524,-1,GLXK2_ECOLI,5.0,Escherichia coli
0.99846077,0.0015392707,-1,NEMA_ECOLI,5.0,Escherichia coli
0.9954727,0.004527234,-1,EUTD_ECOLI,5.0,Escherichia coli
0.99915683,0.0008431474,-1,ZIPA_ECOLI,5.0,Escherichia coli
0.999243,0.0007570136,-1,AKRMG_ECOLI,5.0,Escherichia coli
0.99397415,0.006025831,-1,PAOB_ECOLI,5.0,Escherichia coli
0.99897397,0.0010260937,-1,HLYE_ECOLI,5.0,Escherichia coli
0.9984397,0.001560236,-1,CNOX_ECOLI,5.0,Escherichia coli
0.9979754,0.0020245411,-1,DSBG_ECOLI,5.0,Escherichia coli
0.9982864,0.0017135651,-1,HXPB_ECOLI,5.0,Escherichia coli
0.9990575,0.00094257685,-1,PGMB_ECOLI,5.0,Escherichia coli
0.99871576,0.001284215,-1,CUSF_ECOLI,5.0,Escherichia coli
0.9977241,0.0022758953,-1,D2HDH_ECOLI,5.0,Escherichia coli
0.99610966,0.003890296,-1,PAOC_ECOLI,5.0,Escherichia coli
0.9972276,0.002772341,-1,PAAZ_ECOLI,5.0,Escherichia coli
0.99848676,0.0015132378,-1,DXS_ECOLI,5.0,Escherichia coli
0.99722147,0.0027785534,-1,DPIB_ECOLI,5.0,Escherichia coli
0.7762236,0.22377643,-1,THII_ECOLI,5.0,Escherichia coli
0.99790984,0.002090181,-1,CUSS_ECOLI,5.0,Escherichia coli
0.99913377,0.0008662284,-1,SELO_ECOLI,5.0,Escherichia coli
0.99841356,0.0015864664,-1,ABDH_ECOLI,5.0,Escherichia coli
0.9992686,0.00073136523,-1,TCYP_ECOLI,5.0,Escherichia coli
0.9985415,0.0014584976,-1,ALLB_ECOLI,5.0,Escherichia coli
0.99865675,0.0013432755,-1,SUFS_ECOLI,5.0,Escherichia coli
0.99827445,0.00172557,-1,ASTC_ECOLI,5.0,Escherichia coli
0.9988813,0.001118715,-1,MHPT_ECOLI,5.0,Escherichia coli
0.9994035,0.00059653906,-1,ALLD_ECOLI,5.0,Escherichia coli
0.99846005,0.0015399363,-1,GLSA1_ECOLI,5.0,Escherichia coli
0.99875295,0.0012469875,-1,PRPB_ECOLI,5.0,Escherichia coli
0.9994124,0.0005875888,-1,NHOA_ECOLI,5.0,Escherichia coli
0.9738211,0.026178898,-1,SUFC_ECOLI,5.0,Escherichia coli
0.9984016,0.0015983748,-1,HXPA_ECOLI,5.0,Escherichia coli
0.9985784,0.0014215551,-1,YFCG_ECOLI,5.0,Escherichia coli
0.9989453,0.0010547315,-1,YFCF_ECOLI,5.0,Escherichia coli
0.99623424,0.003765764,-1,SPY_ECOLI,5.0,Escherichia coli
0.9979565,0.002043455,-1,FADM_ECOLI,5.0,Escherichia coli
0.9988682,0.0011318416,-1,SUFA_ECOLI,5.0,Escherichia coli
0.9993781,0.00062193524,-1,ATOS_ECOLI,5.0,Escherichia coli
0.9992085,0.0007915315,-1,GLCA_ECOLI,5.0,Escherichia coli
0.99810755,0.0018924853,-1,FEAB_ECOLI,5.0,Escherichia coli
0.99907863,0.00092131674,-1,UACT_ECOLI,5.0,Escherichia coli
0.9992017,0.0007983281,-1,NORV_ECOLI,5.0,Escherichia coli
0.99917126,0.0008287413,-1,PUUA_ECOLI,5.0,Escherichia coli
0.99909484,0.000905189,-1,ATOC_ECOLI,5.0,Escherichia coli
0.99781334,0.0021866309,-1,PHYDA_ECOLI,5.0,Escherichia coli
0.9991379,0.0008620612,-1,BAMB_ECOLI,5.0,Escherichia coli
0.99873585,0.001264213,-1,YQHD_ECOLI,5.0,Escherichia coli
0.9981756,0.0018243461,-1,YBDL_ECOLI,5.0,Escherichia coli
0.99823904,0.0017609523,-1,SSUD_ECOLI,5.0,Escherichia coli
0.9976665,0.0023336066,-1,RNM_ECOLI,5.0,Escherichia coli
0.9981134,0.001886654,-1,YGHU_ECOLI,5.0,Escherichia coli
0.9984622,0.0015378423,-1,DKGA_ECOLI,5.0,Escherichia coli
0.9976019,0.0023981303,-1,YQJH_ECOLI,5.0,Escherichia coli
0.9675231,0.03247686,-1,ISPD_ECOLI,5.0,Escherichia coli
0.9983134,0.0016865802,-1,FSAA_ECOLI,5.0,Escherichia coli
0.99843985,0.0015601588,-1,MOCA_ECOLI,5.0,Escherichia coli
0.9992906,0.00070938497,-1,MAA_ECOLI,5.0,Escherichia coli
0.99873847,0.0012615251,-1,IDI_ECOLI,5.0,Escherichia coli
0.9981206,0.0018793213,-1,MENI_ECOLI,5.0,Escherichia coli
0.9990833,0.0009166847,-1,NUDG_ECOLI,5.0,Escherichia coli
0.99878365,0.0012163497,-1,MQSA_ECOLI,5.0,Escherichia coli
0.5286445,0.47135547,-1,MQSR_ECOLI,5.0,Escherichia coli
0.998417,0.0015829536,-1,COPA_ECOLI,5.0,Escherichia coli
0.99943393,0.00056605146,-1,NAPA_ECODH,4.0,Escherichia coli
0.9977615,0.0022385332,-1,FADE_ECOLI,5.0,Escherichia coli
0.99627644,0.003723512,-1,CSE1_ECOLI,5.0,Escherichia coli
0.9750039,0.024996076,-1,CYSG_ECODH,4.0,Escherichia coli
0.99850166,0.001498343,-1,CSDA_ECOLI,5.0,Escherichia coli
0.99858177,0.001418201,-1,DGOD_ECOLI,5.0,Escherichia coli
0.93908083,0.060919236,-1,CASC_ECOLI,5.0,Escherichia coli
0.9954111,0.004588899,-1,DPO4_ECOLI,5.0,Escherichia coli
0.348521,0.651479,-1,TRUD_ECOLI,5.0,Escherichia coli
0.9987355,0.0012644923,-1,CAS1_ECOLI,5.0,Escherichia coli
0.9990576,0.0009424161,-1,QUEF_ECOLI,5.0,Escherichia coli
0.9995017,0.0004983092,-1,KDUI_ECOLI,5.0,Escherichia coli
0.99483407,0.0051659904,-1,TCDA_ECOLI,5.0,Escherichia coli
0.977028,0.022971956,-1,TAPT_ECOLI,5.0,Escherichia coli
0.7098514,0.29014856,-1,CAS5_ECOLI,5.0,Escherichia coli
0.99809915,0.0019008158,-1,ADPP_ECOLI,5.0,Escherichia coli
0.99857676,0.0014232607,-1,DGOA_ECOLI,5.0,Escherichia coli
0.024143174,0.97585684,-1,CAS6_ECOLI,5.0,Escherichia coli
0.99899083,0.001009195,-1,YAJL_ECOLI,5.0,Escherichia coli
0.98816377,0.011836235,-1,RAYT_ECOLI,5.0,Escherichia coli
0.99944395,0.00055598625,-1,ARNE_ECOLI,5.0,Escherichia coli
0.96470624,0.035293777,-1,YAFQ_ECOLI,5.0,Escherichia coli
0.99882287,0.0011771034,-1,DINJ_ECOLI,5.0,Escherichia coli
0.9992269,0.0007730389,-1,TISB_ECOLI,4.0,Escherichia coli
0.99943393,0.00056605146,-1,NAPA_ECOBW,4.0,Escherichia coli
0.99732554,0.0026744732,-1,FADB_ECODH,4.0,Escherichia coli
0.99585044,0.004149499,-1,FADJ_ECODH,4.0,Escherichia coli
0.99585044,0.004149499,-1,FADJ_ECOBW,4.0,Escherichia coli
0.99761593,0.0023841155,-1,ARNA_ECODH,4.0,Escherichia coli
0.99761593,0.0023841155,-1,ARNA_ECOBW,4.0,Escherichia coli
0.9988223,0.0011777163,-1,PYRG_ECODH,4.0,Escherichia coli
0.9966943,0.0033057008,-1,AMPA_ECOBW,4.0,Escherichia coli
0.7762236,0.22377643,-1,THII_ECODH,4.0,Escherichia coli
0.7762236,0.22377643,-1,THII_ECOBW,4.0,Escherichia coli
0.9974119,0.00258809,-1,HLDE_ECODH,4.0,Escherichia coli
0.9974119,0.00258809,-1,HLDE_ECOBW,4.0,Escherichia coli
0.99848926,0.00151074,-1,PAT_ECODH,4.0,Escherichia coli
0.9750038,0.024996156,-1,CYSG_ECOBW,4.0,Escherichia coli
0.99643904,0.0035608993,-1,GLMU_ECODH,4.0,Escherichia coli
0.99643904,0.0035608993,-1,GLMU_ECOBW,4.0,Escherichia coli
0.1190558,0.8809442,-1,RLMN_ECODH,4.0,Escherichia coli
0.1190558,0.8809442,-1,RLMN_ECOBW,4.0,Escherichia coli
0.9986339,0.0013660501,-1,TPIS_ECODH,4.0,Escherichia coli
0.9972101,0.0027899074,-1,XGPT_ECODH,4.0,Escherichia coli
0.9972101,0.0027899074,-1,XGPT_ECOBW,4.0,Escherichia coli
0.999483,0.0005169831,-1,NUDI_ECODH,4.0,Escherichia coli
0.999483,0.0005169831,-1,NUDI_ECOBW,4.0,Escherichia coli
0.9992878,0.00071218587,-1,PPNP_ECODH,4.0,Escherichia coli
0.9992878,0.00071218587,-1,PPNP_ECOBW,4.0,Escherichia coli
0.99732554,0.0026744655,-1,FADB_ECOBW,4.0,Escherichia coli
0.9972796,0.0027204547,-1,SYGB_ECOLI,4.0,Escherichia coli
0.9988223,0.0011777163,-1,PYRG_ECOBW,4.0,Escherichia coli
0.9844504,0.015549603,-1,TRPE_ECOLI,4.0,Escherichia coli
0.9952088,0.004791184,-1,TRPC_ECOLI,4.0,Escherichia coli
0.9989704,0.0010296656,-1,XYLA_ECOLI,4.0,Escherichia coli
0.9984396,0.0015603586,-1,THRC_ECOLI,4.0,Escherichia coli
0.9989778,0.0010222119,-1,FRSA_ECOLI,4.0,Escherichia coli
0.9975649,0.002435101,-1,PDXB_ECOLI,4.0,Escherichia coli
0.9992574,0.0007425913,-1,LIVK_ECOLI,4.0,Escherichia coli
0.9986934,0.0013066267,-1,AROF_ECOLI,4.0,Escherichia coli
0.9993954,0.0006046572,-1,PHOE_ECOLI,4.0,Escherichia coli
0.9987525,0.0012475068,-1,AROH_ECOLI,4.0,Escherichia coli
0.9987709,0.0012291435,-1,GALR_ECOLI,4.0,Escherichia coli
0.99389243,0.0061076153,-1,SYW_ECOLI,4.0,Escherichia coli
0.9993755,0.0006244988,-1,ARAF_ECOLI,4.0,Escherichia coli
0.99800867,0.0019913528,-1,KHSE_ECOLI,4.0,Escherichia coli
0.9993994,0.0006006122,-1,SRLD_ECOLI,4.0,Escherichia coli
0.9964585,0.0035415252,-1,KDSB_ECOLI,4.0,Escherichia coli
0.9981832,0.0018168358,-1,3MG1_ECOLI,4.0,Escherichia coli
0.99466974,0.0053303065,-1,PINE_ECOLI,4.0,Escherichia coli
0.99848914,0.0015107816,-1,CYNS_ECOLI,4.0,Escherichia coli
0.9995689,0.00043107182,-1,MIOC_ECOLI,4.0,Escherichia coli
0.008445251,0.9915548,-1,RL15_ECOLI,4.0,Escherichia coli
0.99867177,0.0013282194,-1,PTHA_ECOLI,4.0,Escherichia coli
0.99827194,0.0017280556,-1,BGA2_ECOLI,4.0,Escherichia coli
0.99566334,0.0043366626,-1,SYL_ECOLI,4.0,Escherichia coli
0.99903935,0.0009606645,-1,GLGB_ECOLI,4.0,Escherichia coli
0.9988354,0.0011645693,-1,CPDB_ECOLI,4.0,Escherichia coli
0.9991523,0.0008476598,-1,ARAB_ECOLI,4.0,Escherichia coli
0.9982332,0.0017667394,-1,MCP4_ECOLI,4.0,Escherichia coli
0.99891293,0.0010871377,-1,ARAA_ECOLI,4.0,Escherichia coli
0.9985279,0.00147208,-1,CREC_ECOLI,4.0,Escherichia coli
0.9981681,0.0018319058,-1,T1SK_ECOLI,4.0,Escherichia coli
0.99928576,0.0007142427,-1,GLPT_ECOLI,4.0,Escherichia coli
0.9992887,0.0007113151,-1,AGAL_ECOLI,4.0,Escherichia coli
0.9977919,0.0022081323,-1,TYPH_ECOLI,4.0,Escherichia coli
0.9826424,0.01735758,-1,PHOR_ECOLI,4.0,Escherichia coli
0.998686,0.0013140435,-1,TYRA_ECOLI,4.0,Escherichia coli
0.99838936,0.0016106593,-1,HIS8_ECOLI,4.0,Escherichia coli
0.9963201,0.0036799072,-1,HIS7_ECOLI,4.0,Escherichia coli
0.9987411,0.0012589913,-1,PUR5_ECOLI,4.0,Escherichia coli
0.9947789,0.0052211653,-1,CHER_ECOLI,4.0,Escherichia coli
0.9970446,0.0029553343,-1,HISP_ECOLI,4.0,Escherichia coli
0.9992162,0.0007837355,-1,CREB_ECOLI,4.0,Escherichia coli
0.98960847,0.01039153,-1,HIS2_ECOLI,4.0,Escherichia coli
0.9993331,0.0006668306,-1,BTUE_ECOLI,4.0,Escherichia coli
0.9995209,0.00047914576,-1,FIMF_ECOLI,4.0,Escherichia coli
0.9994923,0.0005077285,-1,FIMG_ECOLI,4.0,Escherichia coli
0.9978206,0.0021793821,-1,CHPS_ECOLI,4.0,Escherichia coli
0.9986123,0.0013877234,-1,PTV3B_ECOLI,4.0,Escherichia coli
0.99843544,0.0015645674,-1,T1MK_ECOLI,4.0,Escherichia coli
0.9974261,0.0025738922,-1,LEU1_ECOLI,4.0,Escherichia coli
0.99884546,0.0011544821,-1,GSH1_ECOLI,4.0,Escherichia coli
0.9986972,0.0013027879,-1,GLGA_ECOLI,4.0,Escherichia coli
0.9985972,0.0014027794,-1,LEUC_ECOLI,4.0,Escherichia coli
0.9980888,0.0019112416,-1,ARGA_ECOLI,4.0,Escherichia coli
0.99914193,0.0008579933,-1,UHPC_ECOLI,4.0,Escherichia coli
0.9986979,0.0013020934,-1,AVTA_ECOLI,4.0,Escherichia coli
0.9966827,0.0033172427,-1,FLGI_ECOLI,4.0,Escherichia coli
0.99904245,0.000957478,-1,DDLA_ECOLI,4.0,Escherichia coli
0.9992507,0.00074929075,-1,GLK_ECOLI,4.0,Escherichia coli
0.9981743,0.0018256942,-1,COAA_ECOLI,4.0,Escherichia coli
0.99870884,0.0012911389,-1,RHAR_ECOLI,4.0,Escherichia coli
0.99845564,0.0015443239,-1,LPXA_ECOLI,4.0,Escherichia coli
0.99891436,0.0010856137,-1,ARGT_ECOLI,4.0,Escherichia coli
0.99436074,0.0056392387,-1,BIOD2_ECOLI,4.0,Escherichia coli
0.99830246,0.0016975177,-1,DEDD_ECOLI,4.0,Escherichia coli
0.9986706,0.0013294618,-1,COAE_ECOLI,4.0,Escherichia coli
0.9987348,0.001265229,-1,CYSC_ECOLI,4.0,Escherichia coli
0.9993136,0.00068644056,-1,HSCB_ECOLI,4.0,Escherichia coli
0.99902105,0.000978964,-1,VSR_ECOLI,4.0,Escherichia coli
0.9987966,0.0012033712,-1,GCSH_ECOLI,4.0,Escherichia coli
0.9989441,0.0010558642,-1,GLPE_ECOLI,4.0,Escherichia coli
0.998877,0.0011230187,-1,MINE_ECOLI,4.0,Escherichia coli
0.99828607,0.0017139617,-1,RF1_ECOLI,4.0,Escherichia coli
0.9963948,0.003605228,-1,RECF_ECOLI,4.0,Escherichia coli
0.9977315,0.002268512,-1,PSRP_ECOLI,4.0,Escherichia coli
0.9981065,0.0018935193,-1,TRPA_ECOLI,4.0,Escherichia coli
0.99699664,0.003003423,-1,RECO_ECOLI,4.0,Escherichia coli
0.99876523,0.0012348366,-1,PUR7_ECOLI,4.0,Escherichia coli
0.9988783,0.001121695,-1,LFTR_ECOLI,4.0,Escherichia coli
0.9986278,0.0013722104,-1,NANE_ECOLI,4.0,Escherichia coli
0.98191077,0.018089274,-1,NADD_ECOLI,4.0,Escherichia coli
0.99826765,0.0017323053,-1,URK_ECOLI,4.0,Escherichia coli
0.99170166,0.008298395,-1,PIMT_ECOLI,4.0,Escherichia coli
0.990586,0.009413976,-1,PTH_ECOLI,4.0,Escherichia coli
0.99867463,0.001325401,-1,RSXA_ECOLI,4.0,Escherichia coli
0.998324,0.001676002,-1,RRF_ECOLI,4.0,Escherichia coli
0.999081,0.0009190036,-1,KEFG_ECOLI,4.0,Escherichia coli
0.8767406,0.123259425,-1,YAJQ_ECOLI,4.0,Escherichia coli
0.99445856,0.0055414485,-1,PYRI_ECOLI,4.0,Escherichia coli
0.977723,0.022276964,-1,RIMP_ECOLI,4.0,Escherichia coli
0.0034878394,0.9965121,-1,NUSB_ECOLI,4.0,Escherichia coli
0.0018612706,0.99813867,-1,RNPA_ECOLI,4.0,Escherichia coli
0.9975375,0.0024624984,-1,TRPR_ECOLI,4.0,Escherichia coli
0.997834,0.0021659916,-1,RL31B_ECOLI,4.0,Escherichia coli
0.9986395,0.0013604134,-1,TATE_ECOLI,4.0,Escherichia coli
0.9982462,0.0017538746,-1,RL35_ECOLI,4.0,Escherichia coli
0.99935156,0.0006484242,-1,YACG_ECOLI,4.0,Escherichia coli
0.9971608,0.0028392177,-1,YBHF_ECOLI,4.0,Escherichia coli
0.9977356,0.0022643683,-1,GLPC_ECOLI,4.0,Escherichia coli
0.99599826,0.0040017082,-1,GALM_ECOLI,4.0,Escherichia coli
0.99912673,0.0008732345,-1,GATD_ECOLI,4.0,Escherichia coli
0.99874675,0.0012532413,-1,CYSB_ECOLI,4.0,Escherichia coli
0.9967204,0.0032796047,-1,CITE_ECOLI,4.0,Escherichia coli
0.9994388,0.00056121923,-1,TSX_ECOLI,4.0,Escherichia coli
0.99728286,0.0027171576,-1,PRMA_ECOLI,4.0,Escherichia coli
0.9981881,0.0018119696,-1,CYSE_ECOLI,4.0,Escherichia coli
0.99896777,0.0010322117,-1,P5CR_ECOLI,4.0,Escherichia coli
0.99898523,0.0010147531,-1,IDNO_ECOLI,4.0,Escherichia coli
0.99909616,0.0009039143,-1,ULAR_ECOLI,4.0,Escherichia coli
0.9936308,0.0063691684,-1,ZNUC_ECOLI,4.0,Escherichia coli
0.9984865,0.0015134765,-1,MIPA_ECOLI,4.0,Escherichia coli
0.99540967,0.004590284,-1,BTUR_ECOLI,4.0,Escherichia coli
0.99880517,0.0011947794,-1,MUG_ECOLI,4.0,Escherichia coli
0.9987954,0.0012045443,-1,MNTR_ECOLI,4.0,Escherichia coli
0.99912995,0.00087001367,-1,SLYA_ECOLI,4.0,Escherichia coli
0.97780585,0.02219419,-1,YBGC_ECOLI,4.0,Escherichia coli
0.998156,0.0018439392,-1,SOXS_ECOLI,4.0,Escherichia coli
0.99948907,0.0005109212,-1,CLPS_ECOLI,4.0,Escherichia coli
0.99893457,0.0010653988,-1,METJ_ECOLI,4.0,Escherichia coli
0.99841046,0.001589532,-1,PPIC_ECOLI,4.0,Escherichia coli
0.9989772,0.0010227903,-1,NAPD_ECOLI,4.0,Escherichia coli
0.9973792,0.0026208723,-1,IBAG_ECOLI,4.0,Escherichia coli
0.99866915,0.0013308642,-1,MDLB_ECOLI,4.0,Escherichia coli
0.9983644,0.00163557,-1,MGLA_ECOLI,4.0,Escherichia coli
0.9974419,0.002558122,-1,ARAG_ECOLI,4.0,Escherichia coli
0.99897385,0.0010261851,-1,GARP_ECOLI,4.0,Escherichia coli
0.9986197,0.0013802868,-1,WZXE_ECOLI,4.0,Escherichia coli
0.9984951,0.0015048526,-1,YBDG_ECOLI,4.0,Escherichia coli
0.99927574,0.00072428817,-1,MTR_ECOLI,4.0,Escherichia coli
0.9993962,0.000603821,-1,TYRP_ECOLI,4.0,Escherichia coli
0.9989796,0.0010203817,-1,DGCC_ECOLI,4.0,Escherichia coli
0.99930894,0.0006911004,-1,HYBA_ECOLI,4.0,Escherichia coli
0.0018175486,0.99818254,-1,RLUC_ECOLI,4.0,Escherichia coli
0.998691,0.0013089757,-1,USPE_ECOLI,4.0,Escherichia coli
0.99887794,0.001122052,-1,QMCA_ECOLI,4.0,Escherichia coli
0.9994393,0.0005607423,-1,RHTA_ECOLI,4.0,Escherichia coli
0.99780995,0.0021900367,-1,SAPF_ECOLI,4.0,Escherichia coli
0.99847084,0.0015291316,-1,ARTP_ECOLI,4.0,Escherichia coli
0.99819297,0.0018070186,-1,NAPG_ECOLI,4.0,Escherichia coli
0.99867094,0.0013291022,-1,YQJA_ECOLI,4.0,Escherichia coli
0.99884677,0.0011532228,-1,YGHB_ECOLI,4.0,Escherichia coli
0.9987784,0.0012215406,-1,HYCB_ECOLI,4.0,Escherichia coli
0.99940276,0.00059729663,-1,PQIC_ECOLI,4.0,Escherichia coli
0.9986399,0.0013600818,-1,DSBE_ECOLI,4.0,Escherichia coli
0.9983885,0.0016114784,-1,NAPF_ECOLI,4.0,Escherichia coli
0.8480351,0.15196489,-1,IOJAP_ECOLI,4.0,Escherichia coli
0.9994925,0.0005074268,-1,IRAP_ECOLI,4.0,Escherichia coli
0.99941456,0.00058545504,-1,BETT_ECOLI,4.0,Escherichia coli
0.99885976,0.0011402762,-1,PNTB_ECOLI,4.0,Escherichia coli
0.99945337,0.00054658216,-1,HCAE_ECOLI,4.0,Escherichia coli
0.9986578,0.0013421227,-1,ARSB_ECOLI,4.0,Escherichia coli
0.9988223,0.0011776899,-1,EFEO_ECOLI,4.0,Escherichia coli
0.9992156,0.0007843496,-1,CNTA_ECOLI,4.0,Escherichia coli
0.99844754,0.0015524625,-1,APBE_ECOLI,4.0,Escherichia coli
0.9991365,0.00086356007,-1,CCMH_ECOLI,4.0,Escherichia coli
0.99957496,0.00042509506,-1,HFLC_ECOLI,4.0,Escherichia coli
0.73405385,0.26594618,-1,DUSB_ECOLI,4.0,Escherichia coli
0.999438,0.00056196854,-1,YIJE_ECOLI,4.0,Escherichia coli
0.99802303,0.0019769608,-1,GARR_ECOLI,4.0,Escherichia coli
0.99924433,0.0007557469,-1,CDSA_ECOLI,4.0,Escherichia coli
0.9991009,0.0008991007,-1,CCMC_ECOLI,4.0,Escherichia coli
0.99917287,0.00082711776,-1,CYNT_ECOLI,4.0,Escherichia coli
0.9992662,0.000733736,-1,ELBB_ECOLI,4.0,Escherichia coli
0.99867994,0.0013200885,-1,FLHC_ECOLI,4.0,Escherichia coli
0.99890447,0.001095583,-1,NRFB_ECOLI,4.0,Escherichia coli
0.99795,0.0020499765,-1,PGSA_ECOLI,4.0,Escherichia coli
0.9983182,0.0016817803,-1,ATPF_ECOLI,4.0,Escherichia coli
0.997844,0.002156059,-1,TUSE_ECOLI,4.0,Escherichia coli
0.99955267,0.00044726528,-1,HCAC_ECOLI,4.0,Escherichia coli
0.9954775,0.0045225155,-1,EUTM_ECOLI,4.0,Escherichia coli
0.9986047,0.0013953288,-1,ACYP_ECOLI,4.0,Escherichia coli
0.99758303,0.0024169795,-1,BHSA_ECOLI,4.0,Escherichia coli
0.9983443,0.0016556608,-1,PHSG_ECOLI,4.0,Escherichia coli
0.99863106,0.0013688533,-1,GNTP_ECOLI,4.0,Escherichia coli
0.9989422,0.0010578107,-1,CRA_ECOLI,4.0,Escherichia coli
0.99867576,0.0013242097,-1,RBSR_ECOLI,4.0,Escherichia coli
0.99718577,0.0028141614,-1,LPXP_ECOLI,4.0,Escherichia coli
0.99906915,0.0009308657,-1,LLDR_ECOLI,4.0,Escherichia coli
0.999331,0.0006689923,-1,GLCC_ECOLI,4.0,Escherichia coli
0.99891615,0.0010838225,-1,FABR_ECOLI,4.0,Escherichia coli
0.9984457,0.0015543766,-1,CUSR_ECOLI,4.0,Escherichia coli
0.9988919,0.0011081472,-1,CECR_ECOLI,4.0,Escherichia coli
0.99912304,0.0008770177,-1,ACRR_ECOLI,4.0,Escherichia coli
0.99863106,0.0013688592,-1,SSPA_ECOLI,4.0,Escherichia coli
0.99826705,0.0017328709,-1,RUTR_ECOLI,4.0,Escherichia coli
0.99844736,0.0015527034,-1,GSTB_ECOLI,4.0,Escherichia coli
0.9984251,0.001574888,-1,EVGA_ECOLI,4.0,Escherichia coli
0.9979437,0.002056282,-1,KDSC_ECOLI,4.0,Escherichia coli
0.9952246,0.0047753537,-1,5FCL_ECOLI,4.0,Escherichia coli
0.9992493,0.00075072586,-1,MPRA_ECOLI,4.0,Escherichia coli
0.99903405,0.0009659956,-1,ZUR_ECOLI,4.0,Escherichia coli
0.99931073,0.000689277,-1,SOXR_ECOLI,4.0,Escherichia coli
0.99941385,0.00058610685,-1,ZNTR_ECOLI,4.0,Escherichia coli
0.9985195,0.0014804853,-1,MARA_ECOLI,4.0,Escherichia coli
0.9989064,0.0010935778,-1,LAPA_ECOLI,4.0,Escherichia coli
0.99856,0.0014400057,-1,GLRX3_ECOLI,4.0,Escherichia coli
0.99918264,0.0008172876,-1,HOKC_ECOLI,4.0,Escherichia coli
0.9989661,0.0010338498,-1,EDD_ECOLI,4.0,Escherichia coli
0.9985545,0.0014454314,-1,AMPG_ECOLI,4.0,Escherichia coli
0.9991258,0.00087419886,-1,LOLC_ECOLI,4.0,Escherichia coli
0.99810106,0.0018989703,-1,NLPD_ECOLI,4.0,Escherichia coli
0.9992066,0.0007934292,-1,LIVJ_ECOLI,4.0,Escherichia coli
0.6451589,0.3548411,-1,RLMM_ECOLI,4.0,Escherichia coli
0.99870646,0.0012935188,-1,LPTG_ECOLI,4.0,Escherichia coli
0.99802953,0.0019704395,-1,YNAI_ECOLI,4.0,Escherichia coli
0.9993038,0.00069616357,-1,BIOP_ECOLI,4.0,Escherichia coli
0.9979346,0.0020654434,-1,CYOE_ECOLI,4.0,Escherichia coli
0.99958485,0.00041514038,-1,CSGG_ECOLI,4.0,Escherichia coli
0.9990357,0.00096434914,-1,YJJP_ECOLI,4.0,Escherichia coli
0.99811184,0.0018881343,-1,DCUR_ECOLI,4.0,Escherichia coli
0.9986494,0.0013506113,-1,PGPC_ECOLI,4.0,Escherichia coli
0.99836224,0.0016378118,-1,MLAC_ECOLI,4.0,Escherichia coli
0.9983461,0.0016539634,-1,UBIJ_ECOLI,4.0,Escherichia coli
0.9990989,0.0009011345,-1,COBU_ECOLI,4.0,Escherichia coli
0.9993629,0.0006371281,-1,YJJB_ECOLI,4.0,Escherichia coli
0.9973617,0.0026382236,-1,KBP_ECOLI,4.0,Escherichia coli
0.9991437,0.00085625745,-1,ZAPG_ECOLI,4.0,Escherichia coli
0.9983956,0.0016043471,-1,YAJC_ECOLI,4.0,Escherichia coli
0.99847645,0.0015235599,-1,YGIN_ECOLI,4.0,Escherichia coli
0.99739045,0.0026095205,-1,ILVN_ECOLI,4.0,Escherichia coli
0.9971501,0.0028499053,-1,ILVM_ECOLI,4.0,Escherichia coli
0.993186,0.0068140337,-1,LPTN_ECOLI,4.0,Escherichia coli
0.99194837,0.008051564,-1,MLTD_ECOLI,4.0,Escherichia coli
0.9971111,0.0028889186,-1,RIMO_ECOLI,4.0,Escherichia coli
0.9991677,0.00083235855,-1,GLTS_ECOLI,4.0,Escherichia coli
0.9987369,0.0012631249,-1,LPTF_ECOLI,4.0,Escherichia coli
0.99890363,0.0010963774,-1,POTD_ECOLI,4.0,Escherichia coli
0.9991301,0.00086997385,-1,OPPB_ECOLI,4.0,Escherichia coli
0.99892825,0.0010717812,-1,OPPC_ECOLI,4.0,Escherichia coli
0.99837804,0.0016219582,-1,POTI_ECOLI,4.0,Escherichia coli
0.99924386,0.00075621303,-1,NIKC_ECOLI,4.0,Escherichia coli
0.9988802,0.0011198224,-1,POTB_ECOLI,4.0,Escherichia coli
0.9987664,0.0012335575,-1,POTC_ECOLI,4.0,Escherichia coli
0.99891055,0.0010894558,-1,HISJ_ECOLI,4.0,Escherichia coli
0.99874866,0.0012513184,-1,GLTJ_ECOLI,4.0,Escherichia coli
0.9983005,0.001699552,-1,NARJ_ECOLI,4.0,Escherichia coli
0.99631375,0.0036862972,-1,PHOB_ECOLI,4.0,Escherichia coli
0.9983199,0.0016801032,-1,DPIA_ECOLI,4.0,Escherichia coli
0.9988086,0.0011913837,-1,GLTK_ECOLI,4.0,Escherichia coli
0.99005556,0.009944418,-1,UVRY_ECOLI,4.0,Escherichia coli
0.9979665,0.0020335196,-1,MOG_ECOLI,4.0,Escherichia coli
0.93912214,0.060877893,-1,NUSG_ECOLI,4.0,Escherichia coli
0.99872106,0.0012788652,-1,OGT_ECOLI,4.0,Escherichia coli
0.9965587,0.0034412844,-1,MOAB_ECOLI,4.0,Escherichia coli
0.9987237,0.0012763407,-1,NUDJ_ECOLI,4.0,Escherichia coli
0.99837506,0.0016249492,-1,USPA_ECOLI,4.0,Escherichia coli
0.99671435,0.0032856173,-1,EUTN_ECOLI,4.0,Escherichia coli
0.93896466,0.06103531,-1,RELA_ECOLI,4.0,Escherichia coli
0.9975569,0.0024430496,-1,MLTF_ECOLI,4.0,Escherichia coli
0.9991905,0.0008095488,-1,TRKH_ECOLI,4.0,Escherichia coli
0.99914587,0.0008541315,-1,PQIA_ECOLI,4.0,Escherichia coli
0.99844044,0.0015595944,-1,SBCD_ECOLI,4.0,Escherichia coli
0.99927896,0.0007210902,-1,YBHS_ECOLI,4.0,Escherichia coli
0.9992305,0.00076947804,-1,YBHR_ECOLI,4.0,Escherichia coli
0.99921954,0.000780447,-1,WZZE_ECOLI,4.0,Escherichia coli
0.99854624,0.0014538447,-1,PSTS_ECOLI,4.0,Escherichia coli
0.9987644,0.0012356148,-1,TQSA_ECOLI,4.0,Escherichia coli
0.99881315,0.0011868355,-1,SUBI_ECOLI,4.0,Escherichia coli
0.10465244,0.89534754,-1,RIBF_ECOLI,4.0,Escherichia coli
0.9990915,0.00090855634,-1,YDCV_ECOLI,4.0,Escherichia coli
0.995413,0.0045869807,-1,BTSR_ECOLI,4.0,Escherichia coli
0.99787736,0.0021226034,-1,RISA_ECOLI,4.0,Escherichia coli
0.99763083,0.002369177,-1,UHPA_ECOLI,4.0,Escherichia coli
0.9967265,0.0032734221,-1,UBIX_ECOLI,4.0,Escherichia coli
0.99841356,0.0015863621,-1,RSD_ECOLI,4.0,Escherichia coli
0.99506617,0.00493375,-1,RNK_ECOLI,4.0,Escherichia coli
0.99726415,0.002735841,-1,ATL_ECOLI,4.0,Escherichia coli
0.92383677,0.076163165,-1,RL17_ECOLI,4.0,Escherichia coli
0.99921715,0.00078277563,-1,PSPC_ECOLI,4.0,Escherichia coli
0.07098298,0.92901707,-1,RL21_ECOLI,4.0,Escherichia coli
0.99851936,0.0014805931,-1,RL30_ECOLI,4.0,Escherichia coli
0.9799413,0.020058675,-1,RMF_ECOLI,4.0,Escherichia coli
0.999108,0.00089192385,-1,XANP_ECOLI,4.0,Escherichia coli
0.99939156,0.0006084461,-1,FADL_ECOLI,4.0,Escherichia coli
0.99814487,0.0018551277,-1,LPXB_ECOLI,4.0,Escherichia coli
0.9963659,0.003634033,-1,RLPA_ECOLI,4.0,Escherichia coli
0.9943243,0.0056757308,-1,MLTC_ECOLI,4.0,Escherichia coli
0.9992483,0.00075165357,-1,SAPB_ECOLI,4.0,Escherichia coli
0.9991479,0.00085212395,-1,LEUO_ECOLI,4.0,Escherichia coli
0.9653747,0.03462534,-1,RIMK_ECOLI,4.0,Escherichia coli
0.9987723,0.0012276862,-1,SAPC_ECOLI,4.0,Escherichia coli
0.9989814,0.0010185562,-1,GATY_ECOLI,4.0,Escherichia coli
0.99966955,0.00033045784,-1,HCAB_ECOLI,4.0,Escherichia coli
0.99890447,0.0010955589,-1,BCSQ_ECOLI,4.0,Escherichia coli
0.995824,0.004175997,-1,HIS4_ECOLI,4.0,Escherichia coli
0.04149325,0.9585068,-1,RSME_ECOLI,4.0,Escherichia coli
0.9965708,0.0034292028,-1,GLNQ_ECOLI,4.0,Escherichia coli
0.0054010767,0.99459887,-1,RNPH_ECOBW,4.0,Escherichia coli
0.9984139,0.0015860768,-1,RCSA_ECOLI,4.0,Escherichia coli
0.99769455,0.002305434,-1,EMTA_ECOLI,4.0,Escherichia coli
0.014063176,0.9859368,-1,RNH2_ECOLI,4.0,Escherichia coli
0.9984181,0.0015819435,-1,ISCR_ECOLI,4.0,Escherichia coli
0.99833053,0.0016694606,-1,RATA_ECOLI,4.0,Escherichia coli
0.99935466,0.00064531754,-1,THIO2_ECOLI,4.0,Escherichia coli
0.9977132,0.0022868293,-1,TDCF_ECOLI,4.0,Escherichia coli
0.9982634,0.0017366216,-1,ISCX_ECOLI,4.0,Escherichia coli
0.998831,0.0011689811,-1,SPFP_ECOLI,4.0,Escherichia coli
0.99516726,0.004832752,-1,RECE_ECOLI,4.0,Escherichia coli
0.9988174,0.0011825422,-1,CSTA_ECOLI,4.0,Escherichia coli
0.9959086,0.0040914156,-1,HELD_ECOLI,4.0,Escherichia coli
0.99880874,0.001191222,-1,CIRA_ECOLI,4.0,Escherichia coli
0.99931705,0.0006829733,-1,HYCC_ECOLI,4.0,Escherichia coli
0.9988772,0.0011227608,-1,HYCE_ECOLI,4.0,Escherichia coli
0.9994444,0.0005556213,-1,PANF_ECOLI,4.0,Escherichia coli
0.9992512,0.00074884214,-1,FUCK_ECOLI,4.0,Escherichia coli
0.9981495,0.0018504962,-1,SDHL_ECOLI,4.0,Escherichia coli
0.9991266,0.0008734004,-1,PTQC_ECOLI,4.0,Escherichia coli
0.9986259,0.0013741066,-1,GLPB_ECOLI,4.0,Escherichia coli
0.998085,0.0019149636,-1,CYSA_ECOLI,4.0,Escherichia coli
0.99910444,0.00089555926,-1,CYSP_ECOLI,4.0,Escherichia coli
0.99918216,0.0008178537,-1,HYCD_ECOLI,4.0,Escherichia coli
0.9983707,0.0016293133,-1,FECE_ECOLI,4.0,Escherichia coli
0.9993736,0.00062641624,-1,HYCG_ECOLI,4.0,Escherichia coli
0.9984182,0.0015817824,-1,PHNK_ECOLI,4.0,Escherichia coli
0.99915755,0.00084242865,-1,MNGR_ECOLI,4.0,Escherichia coli
0.9986162,0.0013837491,-1,PHNL_ECOLI,4.0,Escherichia coli
0.9984464,0.0015535916,-1,BETI_ECOLI,4.0,Escherichia coli
0.9988329,0.0011671124,-1,AMPD_ECOLI,4.0,Escherichia coli
0.9994313,0.00056865846,-1,HYCF_ECOLI,4.0,Escherichia coli
0.9985166,0.0014834009,-1,RIML_ECOLI,4.0,Escherichia coli
0.9986105,0.0013894371,-1,PHNG_ECOLI,4.0,Escherichia coli
0.9992119,0.0007880732,-1,PHNO_ECOLI,4.0,Escherichia coli
0.99864787,0.001352159,-1,DPO2_ECOLI,4.0,Escherichia coli
0.9990349,0.0009650834,-1,BISC_ECOLI,4.0,Escherichia coli
0.9983944,0.0016055607,-1,FHLA_ECOLI,4.0,Escherichia coli
0.9994823,0.00051765714,-1,HYFB_ECOLI,4.0,Escherichia coli
0.99903655,0.00096346467,-1,MALZ_ECOLI,4.0,Escherichia coli
0.99677294,0.0032270162,-1,SYD_ECOLI,4.0,Escherichia coli
0.9992047,0.00079538237,-1,PTOCB_ECOLI,4.0,Escherichia coli
0.9988134,0.0011865862,-1,TRKG_ECOLI,4.0,Escherichia coli
0.9985611,0.0014388754,-1,PSS_ECOLI,4.0,Escherichia coli
0.99898094,0.0010189802,-1,GLTP_ECOLI,4.0,Escherichia coli
0.9976203,0.0023797282,-1,RSTB_ECOLI,4.0,Escherichia coli
0.9992366,0.0007634101,-1,TNAB_ECOLI,4.0,Escherichia coli
0.99901056,0.000989427,-1,PNCB_ECOLI,4.0,Escherichia coli
0.9993851,0.0006148509,-1,GLXK1_ECOLI,4.0,Escherichia coli
0.91871274,0.081287265,-1,MUTY_ECOLI,4.0,Escherichia coli
0.99922955,0.00077040575,-1,MGLC_ECOLI,4.0,Escherichia coli
0.9983506,0.0016493746,-1,HEMH_ECOLI,4.0,Escherichia coli
0.9985891,0.0014108412,-1,ISPA_ECOLI,4.0,Escherichia coli
0.9996308,0.00036916597,-1,DMSC_ECOLI,4.0,Escherichia coli
0.9993519,0.0006480976,-1,MUKE_ECOLI,4.0,Escherichia coli
0.9976624,0.002337554,-1,KDPE_ECOLI,4.0,Escherichia coli
0.99742126,0.0025787444,-1,KITH_ECOLI,4.0,Escherichia coli
0.9993493,0.00065070915,-1,PRIC_ECOLI,4.0,Escherichia coli
0.99774677,0.0022532328,-1,PPIB_ECOLI,4.0,Escherichia coli
0.99880636,0.001193704,-1,MRAZ_ECOLI,4.0,Escherichia coli
0.999137,0.00086304924,-1,DCOS_ECOLI,4.0,Escherichia coli
0.9991424,0.0008575381,-1,PTRB_ECOLI,4.0,Escherichia coli
0.9978483,0.0021517577,-1,LIGB_ECOLI,4.0,Escherichia coli
0.998792,0.001207981,-1,FLIF_ECOLI,4.0,Escherichia coli
0.99961555,0.0003843954,-1,BGLH_ECOLI,4.0,Escherichia coli
0.9988188,0.0011812064,-1,RP54_ECOLI,4.0,Escherichia coli
0.99798405,0.0020158857,-1,FLID_ECOLI,4.0,Escherichia coli
0.9992718,0.0007281384,-1,ENTS_ECOLI,4.0,Escherichia coli
0.99883455,0.001165402,-1,WAAQ_ECOLI,4.0,Escherichia coli
0.99912184,0.00087813096,-1,WAAJ_ECOLI,4.0,Escherichia coli
0.99919564,0.00080433494,-1,FEPD_ECOLI,4.0,Escherichia coli
0.9991684,0.00083168584,-1,FEPG_ECOLI,4.0,Escherichia coli
0.9993917,0.00060825725,-1,TEHA_ECOLI,4.0,Escherichia coli
0.99744725,0.0025527983,-1,ACUI_ECOLI,4.0,Escherichia coli
0.99734265,0.0026573946,-1,LPXM_ECOLI,4.0,Escherichia coli
0.99887973,0.001120295,-1,MAK_ECOLI,4.0,Escherichia coli
0.99782866,0.002171318,-1,PDXI_ECOLI,4.0,Escherichia coli
0.99775654,0.002243461,-1,WAAZ_ECOLI,4.0,Escherichia coli
0.99857354,0.001426484,-1,FEPC_ECOLI,4.0,Escherichia coli
0.99888295,0.0011170724,-1,YGID_ECOLI,4.0,Escherichia coli
0.99587125,0.0041287867,-1,PLSC_ECOLI,4.0,Escherichia coli
0.99849117,0.0015088596,-1,END1_ECOLI,4.0,Escherichia coli
0.9975326,0.0024673312,-1,HFLD_ECOLI,4.0,Escherichia coli
0.9965927,0.0034072935,-1,HPPK_ECOLI,4.0,Escherichia coli
0.99823797,0.0017620389,-1,CRL_ECOLI,4.0,Escherichia coli
0.99907994,0.0009200576,-1,SCPA_ECOLI,4.0,Escherichia coli
0.9969303,0.00306972,-1,OPDA_ECOLI,4.0,Escherichia coli
0.9985997,0.0014002888,-1,NARQ_ECOLI,4.0,Escherichia coli
0.9989452,0.0010548229,-1,TREC_ECOLI,4.0,Escherichia coli
0.99832076,0.0016792556,-1,EPTA_ECOLI,4.0,Escherichia coli
0.9980076,0.0019924156,-1,SDHM_ECOLI,4.0,Escherichia coli
0.9971734,0.002826545,-1,GCST_ECOLI,4.0,Escherichia coli
0.9983298,0.0016702365,-1,WAAU_ECOLI,4.0,Escherichia coli
0.9902042,0.009795759,-1,PLSX_ECOLI,4.0,Escherichia coli
0.98787004,0.012129959,-1,ALR2_ECOLI,4.0,Escherichia coli
0.9973641,0.0026359,-1,DCUP_ECOLI,4.0,Escherichia coli
0.97888637,0.021113638,-1,ARGK_ECOLI,4.0,Escherichia coli
0.9922025,0.00779745,-1,LPXK_ECOLI,4.0,Escherichia coli
0.99845004,0.0015499102,-1,QOR1_ECOLI,4.0,Escherichia coli
0.9946208,0.005379174,-1,MENC_ECOLI,4.0,Escherichia coli
0.9577611,0.042238954,-1,GLUQ_ECOLI,4.0,Escherichia coli
0.99930346,0.00069651625,-1,METQ_ECOLI,4.0,Escherichia coli
0.99907947,0.0009205797,-1,ARTJ_ECOLI,4.0,Escherichia coli
0.039289095,0.96071094,-1,TRMO_ECOLI,4.0,Escherichia coli
0.99936026,0.0006397128,-1,BASR_ECOLI,4.0,Escherichia coli
0.9912373,0.008762732,-1,THIE_ECOLI,4.0,Escherichia coli
0.99871886,0.0012811567,-1,LEUD_ECOLI,4.0,Escherichia coli
0.9994487,0.0005512877,-1,CSGA_ECOLI,4.0,Escherichia coli
0.99924433,0.00075563445,-1,MARR_ECOLI,4.0,Escherichia coli
0.99944633,0.00055360637,-1,MLIC_ECOLI,4.0,Escherichia coli
0.9992617,0.0007382705,-1,HTRE_ECOLI,4.0,Escherichia coli
0.9935762,0.0064238007,-1,PTFX2_ECOLI,4.0,Escherichia coli
0.9989963,0.0010036577,-1,XYLS_ECOLI,4.0,Escherichia coli
0.99930394,0.0006960943,-1,MDTO_ECOLI,4.0,Escherichia coli
0.99709105,0.0029088678,-1,ADEC_ECOLI,4.0,Escherichia coli
0.99864835,0.0013517205,-1,ALSA_ECOLI,4.0,Escherichia coli
0.98495275,0.0150472205,-1,3PASE_ECOLI,4.0,Escherichia coli
0.9372584,0.062741555,-1,INTA_ECOLI,4.0,Escherichia coli
0.99954647,0.00045348555,-1,YADC_ECOLI,4.0,Escherichia coli
0.99919814,0.0008018156,-1,SETB_ECOLI,4.0,Escherichia coli
0.999146,0.00085404643,-1,SETA_ECOLI,4.0,Escherichia coli
0.999476,0.00052396813,-1,CHAA_ECOLI,4.0,Escherichia coli
0.99899715,0.0010028682,-1,MDTN_ECOLI,4.0,Escherichia coli
0.98852193,0.0114780925,-1,YEIR_ECOLI,4.0,Escherichia coli
0.9982064,0.0017936261,-1,POTH_ECOLI,4.0,Escherichia coli
0.9992817,0.00071826443,-1,ALSK_ECOLI,4.0,Escherichia coli
0.99895966,0.0010402887,-1,SQUT_ECOLI,4.0,Escherichia coli
0.99763095,0.002369042,-1,DJLA_ECOLI,4.0,Escherichia coli
0.9945604,0.0054395376,-1,DKGB_ECOLI,4.0,Escherichia coli
0.9988427,0.0011572641,-1,CSQR_ECOLI,4.0,Escherichia coli
0.99919635,0.0008036895,-1,FIMC_ECOLI,4.0,Escherichia coli
0.9987336,0.0012664527,-1,YIEH_ECOLI,4.0,Escherichia coli
0.998204,0.0017959385,-1,FSAB_ECOLI,4.0,Escherichia coli
0.9985812,0.0014188908,-1,MOBB_ECOLI,4.0,Escherichia coli
0.9994388,0.000561121,-1,SBMC_ECOLI,4.0,Escherichia coli
0.9970055,0.0029945124,-1,BGLX_ECOLI,4.0,Escherichia coli
0.9988689,0.0011310868,-1,TKT2_ECOLI,4.0,Escherichia coli
0.99876285,0.0012372106,-1,MQO_ECOLI,4.0,Escherichia coli
0.99859375,0.0014062183,-1,YOJI_ECOLI,4.0,Escherichia coli
0.99899524,0.0010047766,-1,PGM_ECOLI,4.0,Escherichia coli
0.9988965,0.0011035468,-1,NIKA_ECOLI,4.0,Escherichia coli
0.99817884,0.0018211465,-1,MENE_ECOLI,4.0,Escherichia coli
0.9987888,0.0012112585,-1,YEHY_ECOLI,4.0,Escherichia coli
0.97724754,0.02275242,-1,INTS_ECOLI,4.0,Escherichia coli
0.99934417,0.0006558416,-1,RIR4_ECOLI,4.0,Escherichia coli
0.99899524,0.0010047129,-1,TRER_ECOLI,4.0,Escherichia coli
0.9993814,0.00061850075,-1,NIKB_ECOLI,4.0,Escherichia coli
0.9968309,0.003169059,-1,YEHX_ECOLI,4.0,Escherichia coli
0.9987263,0.0012736424,-1,CBPA_ECOLI,4.0,Escherichia coli
0.99900764,0.0009923506,-1,NAPH_ECOLI,4.0,Escherichia coli
0.9977451,0.002254881,-1,RLMA_ECOLI,4.0,Escherichia coli
0.99899787,0.0010020945,-1,MENH_ECOLI,4.0,Escherichia coli
0.9988751,0.0011248585,-1,MLRA_ECOLI,4.0,Escherichia coli
0.99931586,0.0006840986,-1,YEHW_ECOLI,4.0,Escherichia coli
0.998961,0.001039001,-1,GLAR_ECOLI,4.0,Escherichia coli
0.9983931,0.0016069157,-1,CCMA_ECOLI,4.0,Escherichia coli
0.99884534,0.0011546478,-1,TORD_ECOLI,4.0,Escherichia coli
0.9992021,0.00079793565,-1,SLP_ECOLI,4.0,Escherichia coli
0.9903134,0.009686638,-1,ASR_ECOLI,4.0,Escherichia coli
0.9963415,0.0036584379,-1,RALR_ECOLI,4.0,Escherichia coli
0.9987826,0.0012174329,-1,DGCE_ECOLI,4.0,Escherichia coli
0.9985991,0.0014008476,-1,EPTB_ECOLI,4.0,Escherichia coli
0.9987668,0.0012332762,-1,BCSE_ECOLI,4.0,Escherichia coli
0.99730814,0.0026918934,-1,XYLG_ECOLI,4.0,Escherichia coli
0.9991036,0.00089631084,-1,YIAN_ECOLI,4.0,Escherichia coli
0.9990565,0.00094345235,-1,YHHS_ECOLI,4.0,Escherichia coli
0.9987251,0.0012748677,-1,MDTE_ECOLI,4.0,Escherichia coli
0.9976186,0.002381366,-1,NORW_ECOLI,4.0,Escherichia coli
0.99933976,0.0006602143,-1,GUN_ECOLI,4.0,Escherichia coli
0.9993036,0.000696452,-1,RMLB1_ECOLI,4.0,Escherichia coli
0.9974287,0.0025712345,-1,WAAF_ECOLI,4.0,Escherichia coli
0.99909854,0.0009014716,-1,WECH_ECOLI,4.0,Escherichia coli
0.99926883,0.0007311667,-1,XYLF_ECOLI,4.0,Escherichia coli
0.99909043,0.00090954796,-1,YIAO_ECOLI,4.0,Escherichia coli
0.99899095,0.0010090902,-1,GLTI_ECOLI,4.0,Escherichia coli
0.99919266,0.0008073743,-1,RMLD_ECOLI,4.0,Escherichia coli
0.003472239,0.99652773,-1,RLUB_ECOLI,4.0,Escherichia coli
0.99702734,0.002972677,-1,GADX_ECOLI,4.0,Escherichia coli
0.99902356,0.00097641675,-1,PDEH_ECOLI,4.0,Escherichia coli
0.9990089,0.0009910407,-1,SGBE_ECOLI,4.0,Escherichia coli
0.99934167,0.00065829477,-1,QPTR_ECOLI,4.0,Escherichia coli
0.9988306,0.00116944,-1,SGBH_ECOLI,4.0,Escherichia coli
0.9984301,0.0015698881,-1,YIAD_ECOLI,4.0,Escherichia coli
0.99920434,0.0007956825,-1,EAMB_ECOLI,4.0,Escherichia coli
0.9995135,0.0004865164,-1,YIAM_ECOLI,4.0,Escherichia coli
0.9987633,0.0012366503,-1,OPGB_ECOLI,4.0,Escherichia coli
0.9984041,0.0015959053,-1,ETK_ECOLI,4.0,Escherichia coli
0.99934477,0.0006552365,-1,YJHG_ECOLI,4.0,Escherichia coli
0.9990823,0.0009176565,-1,OPGD_ECOLI,4.0,Escherichia coli
0.9992274,0.00077263685,-1,GARD_ECOLI,4.0,Escherichia coli
0.9991665,0.00083352166,-1,LGOT_ECOLI,4.0,Escherichia coli
0.9989692,0.001030871,-1,QSEC_ECOLI,4.0,Escherichia coli
0.9988232,0.0011768107,-1,GNTT_ECOLI,4.0,Escherichia coli
0.99889886,0.0011011143,-1,GSPF_ECOLI,4.0,Escherichia coli
0.9968388,0.0031612285,-1,QUEG_ECOLI,4.0,Escherichia coli
0.99922395,0.00077605626,-1,ULAG_ECOLI,4.0,Escherichia coli
0.99882156,0.0011784396,-1,IDND_ECOLI,4.0,Escherichia coli
0.9947078,0.0052921665,-1,EPMB_ECOLI,4.0,Escherichia coli
0.9989747,0.0010253388,-1,LGOD_ECOLI,4.0,Escherichia coli
0.9986203,0.0013796889,-1,ADHP_ECOLI,4.0,Escherichia coli
0.99885786,0.0011420924,-1,NANS_ECOLI,4.0,Escherichia coli
0.99896085,0.0010391754,-1,YTFQ_ECOLI,4.0,Escherichia coli
0.99299604,0.0070039774,-1,PRMB_ECOLI,4.0,Escherichia coli
0.99896014,0.0010398021,-1,YJIE_ECOLI,4.0,Escherichia coli
0.9993799,0.00062013,-1,BDCA_ECOLI,4.0,Escherichia coli
0.9993711,0.00062890083,-1,TORR_ECOLI,4.0,Escherichia coli
0.9987546,0.0012454161,-1,ULAF_ECOLI,4.0,Escherichia coli
0.9986512,0.001348825,-1,BGLJ_ECOLI,4.0,Escherichia coli
0.9969309,0.0030691626,-1,YTFB_ECOLI,4.0,Escherichia coli
0.9993087,0.00069130125,-1,IRAD_ECOLI,4.0,Escherichia coli
0.86053157,0.13946845,-1,HRPA_ECOLI,4.0,Escherichia coli
0.99925166,0.0007482881,-1,YGJK_ECOLI,4.0,Escherichia coli
0.99934417,0.0006557628,-1,GSPD_ECOLI,4.0,Escherichia coli
0.9986619,0.001338152,-1,KEFB_ECOLI,4.0,Escherichia coli
0.99822694,0.0017730816,-1,AER_ECOLI,4.0,Escherichia coli
0.99841464,0.0015854011,-1,PITB_ECOLI,4.0,Escherichia coli
0.9990877,0.00091230805,-1,UXAA_ECOLI,4.0,Escherichia coli
0.9993679,0.0006321685,-1,DLST_ECOLI,4.0,Escherichia coli
0.99913883,0.0008611705,-1,YBHC_ECOLI,4.0,Escherichia coli
0.9986382,0.0013617252,-1,TORY_ECOLI,4.0,Escherichia coli
0.99873203,0.0012679747,-1,HCXA_ECOLI,4.0,Escherichia coli
0.9988141,0.0011859122,-1,HOA_ECOLI,4.0,Escherichia coli
0.9854719,0.014528053,-1,AEEP_ECOLI,4.0,Escherichia coli
0.99900216,0.0009978256,-1,PHP_ECOLI,4.0,Escherichia coli
0.9977831,0.0022168513,-1,SFGH1_ECOLI,4.0,Escherichia coli
0.99411243,0.0058875275,-1,FKBA_ECOLI,4.0,Escherichia coli
0.9994986,0.00050141866,-1,FRLD_ECOLI,4.0,Escherichia coli
0.9990355,0.0009645347,-1,SCPB_ECOLI,4.0,Escherichia coli
0.9985631,0.001436864,-1,YCAL_ECOLI,4.0,Escherichia coli
0.99830794,0.0016920334,-1,YHHW_ECOLI,4.0,Escherichia coli
0.99840647,0.0015935152,-1,NUDE_ECOLI,4.0,Escherichia coli
0.99845564,0.0015443689,-1,LUXS_ECOLI,4.0,Escherichia coli
0.99800473,0.0019952324,-1,RSEC_ECOLI,4.0,Escherichia coli
0.99894696,0.0010530428,-1,TUSD_ECOLI,4.0,Escherichia coli
0.9990978,0.00090214517,-1,MZRA_ECOLI,4.0,Escherichia coli
0.9987931,0.0012068867,-1,TREF_ECOLI,4.0,Escherichia coli
0.99922526,0.00077478203,-1,EMRY_ECOLI,4.0,Escherichia coli
0.99529785,0.0047021797,-1,FLII_ECOLI,4.0,Escherichia coli
0.9993855,0.0006144543,-1,MUKF_ECOLI,4.0,Escherichia coli
0.9921984,0.0078015868,-1,TILS_ECOLI,4.0,Escherichia coli
0.99013793,0.009862118,-1,SYH_ECOLI,4.0,Escherichia coli
0.99880207,0.0011979331,-1,EMRK_ECOLI,4.0,Escherichia coli
0.9989761,0.0010239067,-1,CAIA_ECOLI,4.0,Escherichia coli
0.99782735,0.0021726494,-1,HEMW_ECOLI,4.0,Escherichia coli
0.99819934,0.0018006301,-1,6PGL_ECOLI,4.0,Escherichia coli
0.9991966,0.00080343866,-1,LDHD_ECOLI,4.0,Escherichia coli
0.9768043,0.023195712,-1,RSMH_ECOLI,4.0,Escherichia coli
0.99896884,0.0010311591,-1,HIS1_ECOLI,4.0,Escherichia coli
0.9991571,0.0008428979,-1,UPPP_ECOLI,4.0,Escherichia coli
0.9990694,0.00093067816,-1,HISQ_ECOLI,4.0,Escherichia coli
0.9993228,0.0006772419,-1,CAN_ECOLI,4.0,Escherichia coli
0.998566,0.0014340733,-1,PRP1_ECOLI,4.0,Escherichia coli
0.9989791,0.0010209018,-1,PRP2_ECOLI,4.0,Escherichia coli
0.99835,0.0016500091,-1,KGUA_ECOLI,4.0,Escherichia coli
0.9989992,0.0010008427,-1,PLSY_ECOLI,4.0,Escherichia coli
0.9993079,0.00069208106,-1,FLAV_ECOLI,4.0,Escherichia coli
0.998587,0.001413031,-1,SECM_ECOLI,4.0,Escherichia coli
0.9987993,0.0012006233,-1,RISB_ECOLI,4.0,Escherichia coli
0.984065,0.015934972,-1,RNLB_ECOLI,4.0,Escherichia coli
0.99908197,0.000918079,-1,YMGF_ECOLI,4.0,Escherichia coli
0.9993154,0.0006846622,-1,PGAA_ECOLI,4.0,Escherichia coli
0.99740666,0.0025933415,-1,ISPE_ECOLI,4.0,Escherichia coli
0.89071333,0.10928671,-1,EUTT_ECOLI,4.0,Escherichia coli
0.98611414,0.013885843,-1,RSMJ_ECOLI,4.0,Escherichia coli
0.017044988,0.98295504,-1,RLMB_ECOLI,4.0,Escherichia coli
0.99871516,0.001284855,-1,GADW_ECOLI,4.0,Escherichia coli
0.9966798,0.003320186,-1,PLPHP_ECOLI,4.0,Escherichia coli
0.9985536,0.0014463606,-1,QUEE_ECOLI,4.0,Escherichia coli
0.99873763,0.0012623328,-1,APT_ECOLI,4.0,Escherichia coli
0.998901,0.0010989215,-1,ALAE_ECOLI,4.0,Escherichia coli
0.99891376,0.0010862226,-1,HICB_ECOLI,4.0,Escherichia coli
0.9979473,0.0020527723,-1,HIGA_ECOLI,4.0,Escherichia coli
0.9993007,0.0006992204,-1,PGAD_ECOLI,4.0,Escherichia coli
0.99924856,0.00075137854,-1,GRCA_ECOLI,4.0,Escherichia coli
0.9988636,0.0011364297,-1,QUED_ECOLI,4.0,Escherichia coli
0.9989901,0.0010099129,-1,CUTA_ECOLI,4.0,Escherichia coli
0.9972697,0.002730281,-1,EUTS_ECOLI,4.0,Escherichia coli
0.6031632,0.39683685,-1,HIGB_ECOLI,4.0,Escherichia coli
0.99691147,0.0030885523,-1,YQJD_ECOLI,4.0,Escherichia coli
0.99844617,0.0015539008,-1,CITD_ECOLI,4.0,Escherichia coli
0.9974969,0.002503064,-1,SDHE_ECOLI,4.0,Escherichia coli
0.01445859,0.9855414,-1,IF1_ECOLI,4.0,Escherichia coli
0.9986186,0.001381352,-1,RS21_ECOLI,4.0,Escherichia coli
0.9987392,0.0012608638,-1,GHOT_ECOLI,4.0,Escherichia coli
0.9798607,0.020139333,-1,SRA_ECOLI,4.0,Escherichia coli
0.9993204,0.00067959406,-1,FIU_ECOLI,4.0,Escherichia coli
0.9983858,0.0016141958,-1,YBIO_ECOLI,4.0,Escherichia coli
0.99927694,0.0007230209,-1,HYFR_ECOLI,4.0,Escherichia coli
0.99871707,0.0012829221,-1,GSIA_ECOLI,4.0,Escherichia coli
0.9987664,0.0012335817,-1,GSIB_ECOLI,4.0,Escherichia coli
0.9992949,0.0007051562,-1,CILA_ECOLI,4.0,Escherichia coli
0.9995116,0.0004884541,-1,ALLP_ECOLI,4.0,Escherichia coli
0.99866164,0.0013383585,-1,WCAJ_ECOLI,4.0,Escherichia coli
0.99848664,0.0015133367,-1,DGCI_ECOLI,4.0,Escherichia coli
0.9995509,0.00044907947,-1,PGAC_ECOLI,4.0,Escherichia coli
0.9965833,0.003416769,-1,UBIF_ECOLI,4.0,Escherichia coli
0.99177283,0.008227174,-1,PTFAH_ECOLI,4.0,Escherichia coli
0.99606615,0.003933831,-1,HCR_ECOLI,4.0,Escherichia coli
0.9987986,0.0012013864,-1,GHRA_ECOLI,4.0,Escherichia coli
0.9991543,0.00084565056,-1,GSIC_ECOLI,4.0,Escherichia coli
0.9992373,0.0007626724,-1,RUTD_ECOLI,4.0,Escherichia coli
0.9995198,0.00048022674,-1,ALLE_ECOLI,4.0,Escherichia coli
0.99924374,0.00075629156,-1,RUTB_ECOLI,4.0,Escherichia coli
0.9988877,0.0011122527,-1,YTFE_ECOLI,4.0,Escherichia coli
0.995981,0.0040190374,-1,SXY_ECOLI,4.0,Escherichia coli
0.9989945,0.001005517,-1,YBJG_ECOLI,4.0,Escherichia coli
0.99801636,0.0019835753,-1,RUTE_ECOLI,4.0,Escherichia coli
0.9972371,0.002762866,-1,RUTF_ECOLI,4.0,Escherichia coli
0.99149925,0.008500717,-1,PTSN_ECOLI,4.0,Escherichia coli
0.99881905,0.0011808863,-1,ULAC_ECOLI,4.0,Escherichia coli
0.99879694,0.0012029877,-1,PQQU_ECOLI,4.0,Escherichia coli
0.9968182,0.003181748,-1,DHAR_ECOLI,4.0,Escherichia coli
0.9991117,0.0008882643,-1,GGAP_ECOLI,4.0,Escherichia coli
0.9989085,0.0010914307,-1,ABGB_ECOLI,4.0,Escherichia coli
0.9975967,0.0024032998,-1,PAAH_ECOLI,4.0,Escherichia coli
0.9975061,0.0024938835,-1,CLSC_ECOLI,4.0,Escherichia coli
0.99862456,0.0013754034,-1,PAAK_ECOLI,4.0,Escherichia coli
0.99904627,0.00095368247,-1,LOLE_ECOLI,4.0,Escherichia coli
0.99875665,0.0012433953,-1,OPPD_ECOLI,4.0,Escherichia coli
0.9753264,0.02467355,-1,YCFS_ECOLI,4.0,Escherichia coli
0.99906164,0.0009383837,-1,LSRR_ECOLI,4.0,Escherichia coli
0.99850094,0.0014990658,-1,PAAX_ECOLI,4.0,Escherichia coli
0.99888986,0.0011100987,-1,DGCF_ECOLI,4.0,Escherichia coli
0.9989613,0.001038631,-1,LSRF_ECOLI,4.0,Escherichia coli
0.9988643,0.001135708,-1,YCJR_ECOLI,4.0,Escherichia coli
0.99915516,0.0008448025,-1,TAM_ECOLI,4.0,Escherichia coli
0.9989791,0.0010209914,-1,PAAC_ECOLI,4.0,Escherichia coli
0.99851006,0.0014899166,-1,BLUR_ECOLI,4.0,Escherichia coli
0.97659326,0.023406746,-1,YCGM_ECOLI,4.0,Escherichia coli
0.111720316,0.88827974,-1,RLUE_ECOLI,4.0,Escherichia coli
0.9993259,0.00067420426,-1,COMR_ECOLI,4.0,Escherichia coli
0.9986511,0.0013489813,-1,MNAT_ECOLI,4.0,Escherichia coli
0.9985006,0.0014994092,-1,ARIR_ECOLI,4.0,Escherichia coli
0.996953,0.0030470178,-1,SAFA_ECOLI,4.0,Escherichia coli
0.99911124,0.0008887197,-1,HICA_ECOLI,4.0,Escherichia coli
0.9994091,0.0005909413,-1,YEEJ_ECOLI,4.0,Escherichia coli
0.99940515,0.0005948704,-1,MDTB_ECOLI,4.0,Escherichia coli
0.9991744,0.00082551694,-1,YEBT_ECOLI,4.0,Escherichia coli
0.9988423,0.0011576924,-1,YEEO_ECOLI,4.0,Escherichia coli
0.9984925,0.0015075584,-1,DGCJ_ECOLI,4.0,Escherichia coli
0.9977379,0.002262078,-1,ASTD_ECOLI,4.0,Escherichia coli
0.99730885,0.0026911674,-1,TRHP_ECOLI,4.0,Escherichia coli
0.99872786,0.0012720942,-1,SHIA_ECOLI,4.0,Escherichia coli
0.99888724,0.0011128129,-1,MDTA_ECOLI,4.0,Escherichia coli
0.9992716,0.00072838896,-1,NIMT_ECOLI,4.0,Escherichia coli
0.9991316,0.0008683465,-1,UDG_ECOLI,4.0,Escherichia coli
0.9989511,0.0010488789,-1,RSXD_ECOLI,4.0,Escherichia coli
0.9990263,0.00097368605,-1,DGCP_ECOLI,4.0,Escherichia coli
0.9991867,0.0008133139,-1,CMOB_ECOLI,4.0,Escherichia coli
0.99834836,0.001651702,-1,ASTE_ECOLI,4.0,Escherichia coli
0.99905103,0.0009490118,-1,DMLR_ECOLI,4.0,Escherichia coli
0.9403217,0.05967835,-1,CHO_ECOLI,4.0,Escherichia coli
0.99875426,0.0012457827,-1,RCNA_ECOLI,4.0,Escherichia coli
0.9396603,0.060339674,-1,MEPH_ECOLI,4.0,Escherichia coli
0.9988657,0.0011343331,-1,THIM_ECOLI,4.0,Escherichia coli
0.9992206,0.00077942474,-1,PRP3_ECOLI,4.0,Escherichia coli
0.9985763,0.0014237724,-1,CMOA_ECOLI,4.0,Escherichia coli
0.9992073,0.0007927264,-1,HPRR_ECOLI,4.0,Escherichia coli
0.99934953,0.0006505182,-1,LEUE_ECOLI,4.0,Escherichia coli
0.9992329,0.00076709274,-1,MNTP_ECOLI,4.0,Escherichia coli
0.9990374,0.0009626136,-1,A2MG_ECOLI,4.0,Escherichia coli
0.9979777,0.002022392,-1,MSCK_ECOLI,4.0,Escherichia coli
0.9986051,0.0013949914,-1,KOJP_ECOLI,4.0,Escherichia coli
0.99788266,0.0021173065,-1,PDER_ECOLI,4.0,Escherichia coli
0.9992361,0.00076385,-1,YQIK_ECOLI,4.0,Escherichia coli
0.99888176,0.0011182069,-1,ARNT_ECOLI,4.0,Escherichia coli
0.9976973,0.0023027007,-1,LSRA_ECOLI,4.0,Escherichia coli
0.9992034,0.000796684,-1,PTYBC_ECOLI,4.0,Escherichia coli
0.9986664,0.0013336265,-1,GUAD_ECOLI,4.0,Escherichia coli
0.9988305,0.0011695095,-1,ABGA_ECOLI,4.0,Escherichia coli
0.99807465,0.0019253836,-1,EUTG_ECOLI,4.0,Escherichia coli
0.9991198,0.000880235,-1,ACOCT_ECOLI,4.0,Escherichia coli
0.9978485,0.0021515274,-1,YPDF_ECOLI,4.0,Escherichia coli
0.99946517,0.0005347937,-1,DDPB_ECOLI,4.0,Escherichia coli
0.9992537,0.00074631267,-1,YFEX_ECOLI,4.0,Escherichia coli
0.99899215,0.0010078248,-1,PGRR_ECOLI,4.0,Escherichia coli
0.99868137,0.0013186006,-1,GLXR_ECOLI,4.0,Escherichia coli
0.9991597,0.00084036787,-1,MURR_ECOLI,4.0,Escherichia coli
0.99899536,0.0010046647,-1,FETB_ECOLI,4.0,Escherichia coli
0.9990885,0.0009114501,-1,XYNR_ECOLI,4.0,Escherichia coli
0.99914145,0.00085856183,-1,OMPL_ECOLI,4.0,Escherichia coli
0.99854976,0.001450255,-1,FETA_ECOLI,4.0,Escherichia coli
0.9976701,0.002329913,-1,RSXG_ECOLI,4.0,Escherichia coli
0.998936,0.001064015,-1,RSXB_ECOLI,4.0,Escherichia coli
0.9992048,0.00079515105,-1,EPMC_ECOLI,4.0,Escherichia coli
0.9945486,0.005451313,-1,PTFX1_ECOLI,4.0,Escherichia coli
0.9991316,0.0008684504,-1,YNFE_ECOLI,4.0,Escherichia coli
0.9911288,0.008871171,-1,RSXC_ECOLI,4.0,Escherichia coli
0.9982944,0.0017056224,-1,MHPA_ECOLI,4.0,Escherichia coli
0.99764377,0.002356264,-1,PRPR_ECOLI,4.0,Escherichia coli
0.99874216,0.0012579052,-1,SUFB_ECOLI,4.0,Escherichia coli
0.99904543,0.0009545889,-1,YFEW_ECOLI,4.0,Escherichia coli
0.9982768,0.0017231845,-1,HCAD_ECOLI,4.0,Escherichia coli
0.9986632,0.0013368272,-1,ARNB_ECOLI,4.0,Escherichia coli
0.9992273,0.00077269494,-1,OMPN_ECOLI,4.0,Escherichia coli
0.9987464,0.0012535976,-1,ANMK_ECOLI,4.0,Escherichia coli
0.99919873,0.0008012405,-1,YCJS_ECOLI,4.0,Escherichia coli
0.9990558,0.0009441722,-1,YPDE_ECOLI,4.0,Escherichia coli
0.9987534,0.0012465761,-1,OPPF_ECOLI,4.0,Escherichia coli
0.9981184,0.0018816537,-1,YAJO_ECOLI,4.0,Escherichia coli
0.9991042,0.0008957781,-1,ARNC_ECOLI,4.0,Escherichia coli
0.99884415,0.0011558214,-1,ACDH_ECOLI,4.0,Escherichia coli
0.99907327,0.0009267507,-1,DDPC_ECOLI,4.0,Escherichia coli
0.99935216,0.00064779195,-1,RCLR_ECOLI,4.0,Escherichia coli
0.99913436,0.0008656307,-1,FOCB_ECOLI,4.0,Escherichia coli
0.9990839,0.00091616914,-1,MHPD_ECOLI,4.0,Escherichia coli
0.9987134,0.0012866072,-1,PAAG_ECOLI,4.0,Escherichia coli
0.997993,0.002007006,-1,YQAB_ECOLI,4.0,Escherichia coli
0.9990103,0.0009897037,-1,SUTR_ECOLI,4.0,Escherichia coli
0.99959975,0.0004003152,-1,ALLA_ECOLI,4.0,Escherichia coli
0.99909174,0.00090821006,-1,YNFF_ECOLI,4.0,Escherichia coli
0.9961718,0.0038282897,-1,XDHA_ECOLI,4.0,Escherichia coli
0.99911183,0.0008882008,-1,BGLA_ECOLI,4.0,Escherichia coli
0.99894613,0.0010538588,-1,GHXQ_ECOLI,4.0,Escherichia coli
0.99895287,0.0010471026,-1,GUDP_ECOLI,4.0,Escherichia coli
0.99951565,0.00048438966,-1,A0A1V1IFM5_ECOLI,3.0,Escherichia coli
0.9995189,0.0004811679,-1,A0A1V1IFN1_ECOLI,3.0,Escherichia coli
0.99952054,0.00047951794,-1,A0A1V1IFN2_ECOLI,3.0,Escherichia coli
0.9995347,0.00046535122,-1,A0A1V1IGJ0_ECOLI,3.0,Escherichia coli
0.010314368,0.9896856,-1,A0A0H2UKY9_ECOLI,3.0,Escherichia coli
0.10113908,0.89886093,-1,A0A0H2UKZ0_ECOLI,3.0,Escherichia coli
0.997837,0.002162969,-1,GPR_ECOLI,4.0,Escherichia coli
0.9988213,0.0011787012,-1,TAUA_ECOLI,4.0,Escherichia coli
0.99865496,0.0013450184,-1,MMUM_ECOLI,4.0,Escherichia coli
0.99884087,0.0011591811,-1,HCAR_ECOLI,4.0,Escherichia coli
0.9972722,0.002727823,-1,XDHB_ECOLI,4.0,Escherichia coli
0.9988225,0.0011774813,-1,TAUB_ECOLI,4.0,Escherichia coli
0.99837863,0.0016213467,-1,A0A0J9X1X4_ECOLI,3.0,Escherichia coli
0.99887174,0.001128268,-1,DDPX_ECOLI,4.0,Escherichia coli
0.99891245,0.0010875738,-1,SSUE_ECOLI,4.0,Escherichia coli
0.99880743,0.0011926106,-1,HCAF_ECOLI,4.0,Escherichia coli
0.99659306,0.0034068802,-1,LYSD_ECOLI,4.0,Escherichia coli
0.24334826,0.7566517,-1,YAFO_ECOLI,4.0,Escherichia coli
0.9978757,0.0021242753,-1,UBIK_ECOLI,4.0,Escherichia coli
0.99947184,0.000528219,-1,TORI_ECOLI,4.0,Escherichia coli
0.9986248,0.0013752168,-1,MALT_ECODH,3.0,Escherichia coli
0.99908566,0.000914381,-1,KDPB_ECODH,3.0,Escherichia coli
0.7397152,0.2602848,-1,SYQ_ECODH,3.0,Escherichia coli
0.9990608,0.00093914254,-1,PCKA_ECODH,3.0,Escherichia coli
0.99656194,0.0034380923,-1,MIAB_ECODH,3.0,Escherichia coli
0.9986395,0.0013604257,-1,OTSA_ECODH,3.0,Escherichia coli
0.9995098,0.000490166,-1,A0A1V1IGM6_ECOLI,3.0,Escherichia coli
0.99951744,0.0004825667,-1,A0A1V1IGN2_ECOLI,3.0,Escherichia coli
0.012465263,0.98753476,-1,RSMB_ECODH,3.0,Escherichia coli
0.9981111,0.0018888714,-1,SUCC_ECODH,3.0,Escherichia coli
0.9983766,0.0016234051,-1,AROB_ECODH,3.0,Escherichia coli
0.99896884,0.0010311591,-1,HIS1_ECODH,3.0,Escherichia coli
0.99741286,0.002587194,-1,AROE_ECODH,3.0,Escherichia coli
0.9985915,0.0014084994,-1,NAGB_ECODH,3.0,Escherichia coli
0.99282795,0.0071720546,-1,MTFA_ECODH,3.0,Escherichia coli
0.997919,0.0020810033,-1,END8_ECODH,3.0,Escherichia coli
0.998432,0.0015680357,-1,HIS6_ECODH,3.0,Escherichia coli
0.9993311,0.0006688762,-1,BIOH_ECODH,3.0,Escherichia coli
0.99925,0.0007499339,-1,COBS_ECODH,3.0,Escherichia coli
0.9990471,0.0009528387,-1,DCD_ECODH,3.0,Escherichia coli
0.992261,0.007739059,-1,TSAC_ECODH,3.0,Escherichia coli
0.999081,0.0009190036,-1,KEFG_ECODH,3.0,Escherichia coli
0.9986796,0.0013204027,-1,AROK_ECODH,3.0,Escherichia coli
0.9967223,0.0032777567,-1,RLMH_ECODH,3.0,Escherichia coli
0.99781585,0.0021840855,-1,YNHF_ECOLI,3.0,Escherichia coli
0.94625455,0.05374545,-1,SYM_ECODH,3.0,Escherichia coli
0.99823254,0.0017675371,-1,UVRB_ECODH,3.0,Escherichia coli
0.998514,0.0014860107,-1,GLGX_ECODH,3.0,Escherichia coli
0.99893457,0.0010654873,-1,HCP_ECODH,3.0,Escherichia coli
0.9987931,0.0012068839,-1,TREF_ECODH,3.0,Escherichia coli
0.9971111,0.002888905,-1,RIMO_ECODH,3.0,Escherichia coli
0.99866235,0.0013376143,-1,GLGC_ECODH,3.0,Escherichia coli
0.9953489,0.0046511567,-1,SYS_ECODH,3.0,Escherichia coli
0.9978452,0.0021547894,-1,AROA_ECODH,3.0,Escherichia coli
0.99772304,0.0022769307,-1,BIOF_ECODH,3.0,Escherichia coli
0.998599,0.0014010158,-1,SERC_ECODH,3.0,Escherichia coli
0.9963283,0.0036716834,-1,BIOB_ECODH,3.0,Escherichia coli
0.99421096,0.0057890844,-1,MOAA_ECODH,3.0,Escherichia coli
0.9988998,0.0011001701,-1,RIHB_ECODH,3.0,Escherichia coli
0.9653747,0.03462534,-1,RIMK_ECODH,3.0,Escherichia coli
0.9973355,0.0026644922,-1,YEGS_ECODH,3.0,Escherichia coli
0.99561864,0.004381363,-1,CDD_ECODH,3.0,Escherichia coli
0.9989814,0.0010185562,-1,GATY_ECODH,3.0,Escherichia coli
0.9988657,0.0011343342,-1,THIM_ECODH,3.0,Escherichia coli
0.9986803,0.0013196905,-1,GPMA_ECODH,3.0,Escherichia coli
0.996702,0.0032979217,-1,UBIG_ECODH,3.0,Escherichia coli
0.9988783,0.001121695,-1,LFTR_ECODH,3.0,Escherichia coli
0.99814785,0.0018521721,-1,GCH1_ECODH,3.0,Escherichia coli
0.99916136,0.0008386556,-1,DPS_ECODH,3.0,Escherichia coli
0.998672,0.0013280564,-1,CCME_ECODH,3.0,Escherichia coli
0.99875486,0.0012451279,-1,MUKB_ECODH,3.0,Escherichia coli
0.9975763,0.002423761,-1,MNMC_ECODH,3.0,Escherichia coli
0.99753165,0.0024682665,-1,NUOCD_ECODH,3.0,Escherichia coli
0.99685043,0.0031495534,-1,MEND_ECODH,3.0,Escherichia coli
0.99888176,0.0011182069,-1,ARNT_ECODH,3.0,Escherichia coli
0.9993351,0.00066489005,-1,RHMD_ECODH,3.0,Escherichia coli
0.99670714,0.003292865,-1,LLDD_ECODH,3.0,Escherichia coli
0.9986009,0.001399053,-1,ARNB_ECODH,3.0,Escherichia coli
0.9975649,0.0024351033,-1,PDXB_ECODH,3.0,Escherichia coli
0.9941644,0.0058355844,-1,PYRD_ECODH,3.0,Escherichia coli
0.9991454,0.00085462845,-1,DLGD_ECODH,3.0,Escherichia coli
0.9988211,0.0011788954,-1,NUOH_ECODH,3.0,Escherichia coli
0.9991786,0.00082142494,-1,GHRB_ECODH,3.0,Escherichia coli
0.9991042,0.0008957794,-1,ARNC_ECODH,3.0,Escherichia coli
0.9946208,0.005379174,-1,MENC_ECODH,3.0,Escherichia coli
0.9984213,0.0015786368,-1,ACCD_ECODH,3.0,Escherichia coli
0.9990539,0.00094606273,-1,ARND_ECODH,3.0,Escherichia coli
0.008285154,0.9917148,-1,TRUA_ECODH,3.0,Escherichia coli
0.9953666,0.0046334593,-1,RHMA_ECODH,3.0,Escherichia coli
0.99898607,0.0010138891,-1,NUOB_ECODH,3.0,Escherichia coli
0.99782616,0.0021737588,-1,5DNU_ECODH,3.0,Escherichia coli
0.9986953,0.0013046599,-1,FABA_ECODH,3.0,Escherichia coli
0.9993622,0.0006378602,-1,NUOA_ECODH,3.0,Escherichia coli
0.99944395,0.00055598596,-1,ARNE_ECODH,3.0,Escherichia coli
0.99884087,0.0011591369,-1,NUOK_ECODH,3.0,Escherichia coli
0.9974172,0.002582736,-1,YIDC_ECODH,3.0,Escherichia coli
0.9987614,0.0012386539,-1,ATPA_ECODH,3.0,Escherichia coli
0.9990363,0.0009637474,-1,ILVC_ECODH,3.0,Escherichia coli
0.09985648,0.90014344,-1,SYE_ECODH,3.0,Escherichia coli
0.9986909,0.0013091379,-1,ATPB_ECODH,3.0,Escherichia coli
0.9886361,0.0113639375,-1,MNME_ECODH,3.0,Escherichia coli
0.9972088,0.0027912715,-1,FADI_ECODH,3.0,Escherichia coli
0.6531142,0.3468858,-1,RHLB_ECODH,3.0,Escherichia coli
0.99858177,0.001418201,-1,DGOD_ECODH,3.0,Escherichia coli
0.96028566,0.039714325,-1,AROC_ECODH,3.0,Escherichia coli
0.9902042,0.009795759,-1,PLSX_ECODH,3.0,Escherichia coli
0.9980698,0.0019301467,-1,PYRC_ECODH,3.0,Escherichia coli
0.99849164,0.0015083366,-1,TDH_ECODH,3.0,Escherichia coli
0.99753064,0.0024694118,-1,GPDA_ECODH,3.0,Escherichia coli
0.9987986,0.0012013859,-1,GHRA_ECODH,3.0,Escherichia coli
0.9990963,0.0009037049,-1,HLDD_ECODH,3.0,Escherichia coli
0.9975261,0.0024739336,-1,MEPA_ECODH,3.0,Escherichia coli
0.99408853,0.0059115225,-1,FPG_ECODH,3.0,Escherichia coli
0.999038,0.0009621053,-1,SLMA_ECODH,3.0,Escherichia coli
0.9991235,0.0008765039,-1,NQOR_ECODH,3.0,Escherichia coli
0.9972371,0.002762866,-1,RUTF_ECODH,3.0,Escherichia coli
0.9975581,0.0024418551,-1,COAD_ECODH,3.0,Escherichia coli
0.99921453,0.0007854971,-1,DUT_ECODH,3.0,Escherichia coli
0.9993343,0.0006656667,-1,RBSD_ECODH,3.0,Escherichia coli
0.9990933,0.00090675225,-1,ATPL_ECODH,3.0,Escherichia coli
0.99793077,0.0020691785,-1,METE_ECODH,3.0,Escherichia coli
0.9866035,0.013396509,-1,DNLJ_ECODH,3.0,Escherichia coli
0.9977337,0.0022662187,-1,TREA_ECODH,3.0,Escherichia coli
0.9940918,0.005908217,-1,UBIB_ECODH,3.0,Escherichia coli
0.9979894,0.0020106279,-1,GUAA_ECODH,3.0,Escherichia coli
0.9904643,0.0095357075,-1,HEM1_ECODH,3.0,Escherichia coli
0.9985648,0.0014352928,-1,PEPT_ECODH,3.0,Escherichia coli
0.9982982,0.0017017571,-1,DAPE_ECODH,3.0,Escherichia coli
0.9981654,0.0018346526,-1,ISPG_ECODH,3.0,Escherichia coli
0.21653779,0.78346217,-1,MNMA_ECODH,3.0,Escherichia coli
0.9990108,0.0009892214,-1,WECF_ECODH,3.0,Escherichia coli
0.9941962,0.005803764,-1,NAGZ_ECODH,3.0,Escherichia coli
0.9963967,0.0036032447,-1,HEM3_ECODH,3.0,Escherichia coli
0.99920696,0.0007930997,-1,HEM6_ECODH,3.0,Escherichia coli
0.9987973,0.0012026264,-1,MURQ_ECODH,3.0,Escherichia coli
0.994146,0.005854038,-1,XERC_ECODH,3.0,Escherichia coli
0.99885297,0.0011469818,-1,EUTC_ECODH,3.0,Escherichia coli
0.9991597,0.00084036787,-1,MURR_ECODH,3.0,Escherichia coli
0.9992336,0.00076642196,-1,PDXK_ECODH,3.0,Escherichia coli
0.99740666,0.0025933436,-1,ISPE_ECODH,3.0,Escherichia coli
0.9973743,0.0026256954,-1,DAPF_ECODH,3.0,Escherichia coli
0.9976793,0.002320688,-1,UBIE_ECODH,3.0,Escherichia coli
0.99815565,0.001844306,-1,UPP_ECODH,3.0,Escherichia coli
0.99769455,0.0023054364,-1,EMTA_ECODH,3.0,Escherichia coli
0.99858403,0.0014159959,-1,NUDK_ECODH,3.0,Escherichia coli
0.25071463,0.7492854,-1,SYI_ECODH,3.0,Escherichia coli
0.9987925,0.0012074001,-1,KATG_ECODH,3.0,Escherichia coli
0.99468046,0.0053195013,-1,LEPA_ECODH,3.0,Escherichia coli
0.9975569,0.0024430496,-1,MLTF_ECODH,3.0,Escherichia coli
0.9986331,0.0013669168,-1,GLPK_ECODH,3.0,Escherichia coli
0.9994086,0.0005913556,-1,RHAB_ECODH,3.0,Escherichia coli
0.98611814,0.013881873,-1,HSLU_ECODH,3.0,Escherichia coli
0.99885917,0.0011408846,-1,PEPB_ECODH,3.0,Escherichia coli
0.9990087,0.0009913575,-1,RHAA_ECODH,3.0,Escherichia coli
0.9982126,0.0017874513,-1,GLYA_ECODH,3.0,Escherichia coli
0.9985183,0.001481718,-1,ISCS_ECODH,3.0,Escherichia coli
0.99880755,0.001192423,-1,ARGE_ECODH,3.0,Escherichia coli
0.9976816,0.002318363,-1,DNAJ_ECODH,3.0,Escherichia coli
0.99889946,0.0011005752,-1,RODZ_ECODH,3.0,Escherichia coli
0.9988192,0.0011808504,-1,PFKA_ECODH,3.0,Escherichia coli
0.005501961,0.9944981,-1,ERA_ECODH,3.0,Escherichia coli
0.99869967,0.001300343,-1,FIEF_ECODH,3.0,Escherichia coli
0.9991579,0.0008420427,-1,RHAD_ECODH,3.0,Escherichia coli
0.99966955,0.00033045784,-1,HCAB_ECODH,3.0,Escherichia coli
0.99763656,0.0023634895,-1,ARGB_ECODH,3.0,Escherichia coli
0.0054208054,0.9945792,-1,RNC_ECODH,3.0,Escherichia coli
0.99818367,0.0018163109,-1,HSLV_ECODH,3.0,Escherichia coli
0.032557886,0.9674421,-1,DTD_ECODH,3.0,Escherichia coli
0.9984225,0.0015774874,-1,NDK_ECODH,3.0,Escherichia coli
0.9992889,0.00071109674,-1,RHAM_ECODH,3.0,Escherichia coli
0.99829537,0.0017046963,-1,RPOC_ECODH,3.0,Escherichia coli
0.9976578,0.0023421724,-1,RPOB_ECODH,3.0,Escherichia coli
0.99825495,0.0017449923,-1,THIC_ECODH,3.0,Escherichia coli
0.99829215,0.0017079097,-1,ACEK_ECODH,3.0,Escherichia coli
0.99895847,0.0010415218,-1,G6PI_ECODH,3.0,Escherichia coli
0.99861336,0.0013866136,-1,PUR9_ECODH,3.0,Escherichia coli
0.9988399,0.0011601178,-1,CAIC_ECODH,3.0,Escherichia coli
0.99932253,0.00067746046,-1,LAMB_ECODH,3.0,Escherichia coli
0.9992834,0.0007166816,-1,CAIB_ECODH,3.0,Escherichia coli
0.99434906,0.0056510055,-1,TRMA_ECODH,3.0,Escherichia coli
0.9973641,0.0026359,-1,DCUP_ECODH,3.0,Escherichia coli
0.9990441,0.00095588487,-1,ISPH_ECODH,3.0,Escherichia coli
0.9991924,0.0008076059,-1,MHPB_ECODH,3.0,Escherichia coli
0.99919814,0.0008019319,-1,METAS_ECODH,3.0,Escherichia coli
0.9958841,0.0041158237,-1,NADK_ECODH,3.0,Escherichia coli
0.99776936,0.0022306743,-1,UBIA_ECODH,3.0,Escherichia coli
0.99886215,0.0011378488,-1,MHPC_ECODH,3.0,Escherichia coli
0.9985399,0.0014600485,-1,DAPB_ECODH,3.0,Escherichia coli
0.9987765,0.0012235297,-1,NUDC_ECODH,3.0,Escherichia coli
0.99811375,0.0018862588,-1,THIG_ECODH,3.0,Escherichia coli
0.9986583,0.0013417316,-1,PYRF_ECODH,3.0,Escherichia coli
0.9960731,0.0039268327,-1,NFI_ECODH,3.0,Escherichia coli
0.9972318,0.0027681666,-1,LEXA_ECODH,3.0,Escherichia coli
0.9988809,0.0011191111,-1,RIBA_ECODH,3.0,Escherichia coli
0.99902344,0.00097650796,-1,LSPA_ECODH,3.0,Escherichia coli
0.99871695,0.0012831251,-1,SECA_ECODH,3.0,Escherichia coli
0.5871196,0.41288042,-1,SYA_ECODH,3.0,Escherichia coli
0.9987545,0.0012454516,-1,KEFC_ECODH,3.0,Escherichia coli
0.9971625,0.00283742,-1,NORR_ECODH,3.0,Escherichia coli
0.9970221,0.0029778737,-1,MURC_ECODH,3.0,Escherichia coli
0.9992017,0.0007983281,-1,NORV_ECODH,3.0,Escherichia coli
0.9976186,0.0023813713,-1,NORW_ECODH,3.0,Escherichia coli
0.9985843,0.0014157789,-1,MRAY_ECODH,3.0,Escherichia coli
0.9977055,0.0022944629,-1,MURG_ECODH,3.0,Escherichia coli
0.348521,0.651479,-1,TRUD_ECODH,3.0,Escherichia coli
0.9984586,0.0015413968,-1,GUAC_ECODH,3.0,Escherichia coli
0.9981444,0.0018556223,-1,PDXA_ECODH,3.0,Escherichia coli
0.8791575,0.120842434,-1,TTCA_ECODH,3.0,Escherichia coli
0.9888122,0.011187784,-1,LPXC_ECODH,3.0,Escherichia coli
0.99790406,0.0020959247,-1,SPEE_ECODH,3.0,Escherichia coli
0.95932806,0.040671997,-1,PANC_ECODH,3.0,Escherichia coli
0.013224973,0.98677504,-1,RSMA_ECODH,3.0,Escherichia coli
0.9990127,0.0009872507,-1,SPED_ECODH,3.0,Escherichia coli
0.9985386,0.0014614493,-1,PANB_ECODH,3.0,Escherichia coli
0.98517054,0.014829425,-1,SURE_ECODH,3.0,Escherichia coli
0.99170166,0.008298395,-1,PIMT_ECODH,3.0,Escherichia coli
0.9987348,0.001265229,-1,CYSC_ECODH,3.0,Escherichia coli
0.9989052,0.0010948349,-1,KEFF_ECODH,3.0,Escherichia coli
0.99715877,0.002841235,-1,ISPF_ECODH,3.0,Escherichia coli
0.99863017,0.0013698927,-1,PAND_ECODH,3.0,Escherichia coli
0.9978551,0.0021448026,-1,GLND_ECODH,3.0,Escherichia coli
0.9952494,0.0047506075,-1,AAS_ECODH,3.0,Escherichia coli
0.9992568,0.0007431473,-1,FUCI_ECODH,3.0,Escherichia coli
0.99862874,0.0013712888,-1,CH60_ECODH,3.0,Escherichia coli
0.9987602,0.0012397763,-1,NRFA_ECODH,3.0,Escherichia coli
0.98402655,0.015973408,-1,CYSN_ECODH,3.0,Escherichia coli
0.99841356,0.0015864664,-1,ABDH_ECODH,3.0,Escherichia coli
0.9990945,0.00090548396,-1,CLCA_ECODH,3.0,Escherichia coli
0.9988206,0.0011793518,-1,ENO_ECODH,3.0,Escherichia coli
0.99872726,0.0012727487,-1,GSA_ECODH,3.0,Escherichia coli
0.6451561,0.3548439,-1,RLMM_ECODH,3.0,Escherichia coli
0.03758837,0.96241164,-1,RSGA_ECODH,3.0,Escherichia coli
0.9933652,0.0066347327,-1,EPMA_ECODH,3.0,Escherichia coli
0.99850035,0.0014996219,-1,PSD_ECODH,3.0,Escherichia coli
0.9985744,0.0014256107,-1,ACCA_ECODH,3.0,Escherichia coli
0.9860911,0.01390893,-1,MIAA_ECODH,3.0,Escherichia coli
0.9990576,0.0009424156,-1,QUEF_ECODH,3.0,Escherichia coli
0.9865911,0.013408886,-1,XNI_ECODH,3.0,Escherichia coli
0.9970305,0.002969496,-1,CYSH_ECODH,3.0,Escherichia coli
0.99878556,0.001214403,-1,MTNN_ECODH,3.0,Escherichia coli
0.014063256,0.9859367,-1,RNH2_ECODH,3.0,Escherichia coli
0.99877757,0.0012223868,-1,GMHA_ECODH,3.0,Escherichia coli
0.9985262,0.0014738068,-1,RNH_ECODH,3.0,Escherichia coli
0.99829704,0.0017030207,-1,FABZ_ECODH,3.0,Escherichia coli
0.999178,0.00082197343,-1,FUCM_ECODH,3.0,Escherichia coli
0.99848676,0.0015132366,-1,DXS_ECODH,3.0,Escherichia coli
0.99867487,0.0013251017,-1,MAO1_ECODH,3.0,Escherichia coli
0.99857664,0.0014233325,-1,BETA_ECODH,3.0,Escherichia coli
0.9966943,0.0033057008,-1,AMPA_ECODH,3.0,Escherichia coli
0.9986305,0.0013695452,-1,BETB_ECODH,3.0,Escherichia coli
0.99781334,0.002186635,-1,PHYDA_ECODH,3.0,Escherichia coli
0.9986331,0.0013668353,-1,PURA_ECODH,3.0,Escherichia coli
0.99885094,0.0011490859,-1,DEOB_ECODH,3.0,Escherichia coli
0.99848515,0.0015149126,-1,METK_ECODH,3.0,Escherichia coli
0.99752074,0.0024792003,-1,TGT_ECODH,3.0,Escherichia coli
0.09373076,0.9062692,-1,PROB_ECODH,3.0,Escherichia coli
0.9943243,0.0056757308,-1,MLTC_ECODH,3.0,Escherichia coli
0.99531555,0.0046844273,-1,E4PD_ECODH,3.0,Escherichia coli
0.9981243,0.0018757024,-1,ADD_ECODH,3.0,Escherichia coli
0.9993228,0.0006772575,-1,F16PA_ECODH,3.0,Escherichia coli
0.99880886,0.0011911028,-1,PYRB_ECODH,3.0,Escherichia coli
0.9995017,0.0004983092,-1,KDUI_ECODH,3.0,Escherichia coli
0.99851865,0.0014813202,-1,DEOC_ECODH,3.0,Escherichia coli
0.9987546,0.0012454161,-1,ULAF_ECODH,3.0,Escherichia coli
0.9968279,0.0031720884,-1,RPIA_ECODH,3.0,Escherichia coli
0.9988595,0.0011404977,-1,ULAD_ECODH,3.0,Escherichia coli
0.998936,0.001064015,-1,RSXB_ECODH,3.0,Escherichia coli
0.99873847,0.0012615226,-1,IDI_ECODH,3.0,Escherichia coli
0.998615,0.0013849012,-1,AROL_ECODH,3.0,Escherichia coli
0.9987993,0.0012006233,-1,RISB_ECODH,3.0,Escherichia coli
0.9987135,0.0012865239,-1,GLNE_ECODH,3.0,Escherichia coli
0.9911288,0.008871171,-1,RSXC_ECODH,3.0,Escherichia coli
0.99913377,0.0008662284,-1,SELO_ECODH,3.0,Escherichia coli
0.99362755,0.006372504,-1,TIG_ECODH,3.0,Escherichia coli
0.9982698,0.0017302434,-1,CLPX_ECODH,3.0,Escherichia coli
0.036598176,0.9634018,-1,SYY_ECODH,3.0,Escherichia coli
0.6947997,0.3052003,-1,CCA_ECODH,3.0,Escherichia coli
0.99865675,0.0013432761,-1,SUFS_ECODH,3.0,Escherichia coli
0.9987464,0.0012535976,-1,ANMK_ECODH,3.0,Escherichia coli
0.9898977,0.010102296,-1,SELU_ECODH,3.0,Escherichia coli
0.9881341,0.011865888,-1,LPLA_ECODH,3.0,Escherichia coli
0.5893701,0.41062996,-1,SYFA_ECODH,3.0,Escherichia coli
0.9983506,0.0016493746,-1,HEMH_ECODH,3.0,Escherichia coli
0.9979346,0.0020654416,-1,CYOE_ECODH,3.0,Escherichia coli
0.9976997,0.0023003332,-1,YDIB_ECODH,3.0,Escherichia coli
0.9977315,0.002268512,-1,PSRP_ECODH,3.0,Escherichia coli
0.997981,0.0020190044,-1,AROD_ECODH,3.0,Escherichia coli
0.99835676,0.001643241,-1,BTUD_ECODH,3.0,Escherichia coli
0.99899095,0.0010089867,-1,DEOD_ECODH,3.0,Escherichia coli
0.9976526,0.0023474735,-1,QUEC_ECODH,3.0,Escherichia coli
0.98932403,0.0106759425,-1,PDXH_ECODH,3.0,Escherichia coli
0.99889094,0.0011091052,-1,RIBB_ECODH,3.0,Escherichia coli
0.99821424,0.0017857592,-1,KAD_ECODH,3.0,Escherichia coli
0.9985208,0.0014792453,-1,NCPP_ECODH,3.0,Escherichia coli
0.99959975,0.0004003156,-1,ALLA_ECODH,3.0,Escherichia coli
0.79893506,0.20106496,-1,IF2_ECODH,3.0,Escherichia coli
0.0096478695,0.9903521,-1,PNP_ECODH,3.0,Escherichia coli
0.040503286,0.9594967,-1,SYT_ECODH,3.0,Escherichia coli
0.99677294,0.0032270085,-1,SYD_ECODH,3.0,Escherichia coli
0.9977379,0.002262078,-1,ASTD_ECODH,3.0,Escherichia coli
0.9985415,0.0014584948,-1,ALLB_ECODH,3.0,Escherichia coli
0.9989318,0.001068155,-1,ASSY_ECODH,3.0,Escherichia coli
0.99827445,0.00172557,-1,ASTC_ECODH,3.0,Escherichia coli
0.98413014,0.015869873,-1,PURT_ECODH,3.0,Escherichia coli
0.9845463,0.015453778,-1,OBG_ECODH,3.0,Escherichia coli
0.9988152,0.0011848491,-1,TSAD_ECODH,3.0,Escherichia coli
0.9983146,0.0016853942,-1,RUVB_ECODH,3.0,Escherichia coli
0.99834836,0.001651702,-1,ASTE_ECODH,3.0,Escherichia coli
0.9978249,0.0021751502,-1,FOLD_ECODH,3.0,Escherichia coli
0.99897325,0.0010268238,-1,KBAY_ECODH,3.0,Escherichia coli
0.9987675,0.0012325622,-1,NADE_ECODH,3.0,Escherichia coli
0.9991571,0.0008428979,-1,UPPP_ECODH,3.0,Escherichia coli
0.9980788,0.0019211674,-1,GARL_ECODH,3.0,Escherichia coli
0.9987213,0.0012786763,-1,CHBG_ECODH,3.0,Escherichia coli
0.99479634,0.005203675,-1,MTGA_ECODH,3.0,Escherichia coli
0.9988286,0.0011713508,-1,LPXH_ECODH,3.0,Escherichia coli
0.13151567,0.86848426,-1,RLME_ECODH,3.0,Escherichia coli
0.9989992,0.0010008427,-1,PLSY_ECODH,3.0,Escherichia coli
0.9951564,0.0048436024,-1,RUVA_ECODH,3.0,Escherichia coli
0.99012357,0.00987644,-1,RUVC_ECODH,3.0,Escherichia coli
0.9980837,0.0019162837,-1,B8LFD6_ECOLI,3.0,Escherichia coli
0.9966677,0.0033322629,-1,RAPA_ECOBW,3.0,Escherichia coli
0.25071463,0.7492854,-1,SYI_ECOBW,3.0,Escherichia coli
0.9987545,0.0012454516,-1,KEFC_ECOBW,3.0,Escherichia coli
0.9974261,0.0025738922,-1,LEU1_ECOBW,3.0,Escherichia coli
0.9988399,0.001160119,-1,CAIC_ECOBW,3.0,Escherichia coli
0.9985972,0.0014027813,-1,LEUC_ECOBW,3.0,Escherichia coli
0.9953489,0.0046511856,-1,SYS_ECOBW,3.0,Escherichia coli
0.9978452,0.0021547885,-1,AROA_ECOBW,3.0,Escherichia coli
0.9992834,0.0007166823,-1,CAIB_ECOBW,3.0,Escherichia coli
0.9977615,0.0022384734,-1,DNAJ_ECOBW,3.0,Escherichia coli
0.998599,0.0014010158,-1,SERC_ECOBW,3.0,Escherichia coli
0.9981444,0.0018556205,-1,PDXA_ECOBW,3.0,Escherichia coli
0.9990441,0.00095588487,-1,ISPH_ECOBW,3.0,Escherichia coli
0.9986436,0.0013564399,-1,NANA_ECODH,3.0,Escherichia coli
0.9991999,0.00080010603,-1,NANK_ECODH,3.0,Escherichia coli
0.9985399,0.0014600485,-1,DAPB_ECOBW,3.0,Escherichia coli
0.013224887,0.98677516,-1,RSMA_ECOBW,3.0,Escherichia coli
0.9988783,0.001121695,-1,LFTR_ECOBW,3.0,Escherichia coli
0.9989052,0.0010948349,-1,KEFF_ECOBW,3.0,Escherichia coli
0.99902344,0.0009765074,-1,LSPA_ECOBW,3.0,Escherichia coli
0.99679923,0.0032007925,-1,IBSA_ECOLI,3.0,Escherichia coli
0.99199694,0.008003032,-1,IBSC_ECOLI,3.0,Escherichia coli
0.9942601,0.005739958,-1,IBSD_ECOLI,3.0,Escherichia coli
0.9961694,0.0038305612,-1,IBSE_ECOLI,3.0,Escherichia coli
0.99875486,0.0012451279,-1,MUKB_ECOBW,3.0,Escherichia coli
0.9987135,0.0012865239,-1,GLNE_ECOBW,3.0,Escherichia coli
0.99677294,0.0032270085,-1,SYD_ECOBW,3.0,Escherichia coli
0.99848926,0.0015107413,-1,PAT_ECOBW,3.0,Escherichia coli
0.9986331,0.0013668353,-1,PURA_ECOBW,3.0,Escherichia coli
0.6947997,0.3052003,-1,CCA_ECOBW,3.0,Escherichia coli
0.9988152,0.0011848497,-1,TSAD_ECOBW,3.0,Escherichia coli
0.9941644,0.0058355844,-1,PYRD_ECOBW,3.0,Escherichia coli
0.9983146,0.00168539,-1,RUVB_ECOBW,3.0,Escherichia coli
0.9973266,0.0026733784,-1,MSRP_ECOBW,3.0,Escherichia coli
0.9860911,0.01390893,-1,MIAA_ECOBW,3.0,Escherichia coli
0.99897325,0.0010268238,-1,KBAY_ECOBW,3.0,Escherichia coli
0.9991571,0.0008428979,-1,UPPP_ECOBW,3.0,Escherichia coli
0.99282795,0.0071720546,-1,MTFA_ECOBW,3.0,Escherichia coli
0.9980788,0.0019211674,-1,GARL_ECOBW,3.0,Escherichia coli
0.99925,0.000749935,-1,COBS_ECOBW,3.0,Escherichia coli
0.9987546,0.0012454161,-1,ULAF_ECOBW,3.0,Escherichia coli
0.99889094,0.0011091062,-1,RIBB_ECOBW,3.0,Escherichia coli
0.9988595,0.0011404982,-1,ULAD_ECOBW,3.0,Escherichia coli
0.9989992,0.0010008427,-1,PLSY_ECOBW,3.0,Escherichia coli
0.9951564,0.0048436024,-1,RUVA_ECOBW,3.0,Escherichia coli
0.9991235,0.0008765039,-1,NQOR_ECOBW,3.0,Escherichia coli
0.99012357,0.00987644,-1,RUVC_ECOBW,3.0,Escherichia coli
0.9986953,0.0013046599,-1,FABA_ECOBW,3.0,Escherichia coli
0.9972371,0.002762866,-1,RUTF_ECOBW,3.0,Escherichia coli
0.99871695,0.0012831251,-1,SECA_ECOBW,3.0,Escherichia coli
0.9978551,0.0021448066,-1,GLND_ECOBW,3.0,Escherichia coli
0.9970221,0.0029778737,-1,MURC_ECOBW,3.0,Escherichia coli
0.9990945,0.00090548483,-1,CLCA_ECOBW,3.0,Escherichia coli
0.99872726,0.0012727487,-1,GSA_ECOBW,3.0,Escherichia coli
0.9985843,0.0014157776,-1,MRAY_ECOBW,3.0,Escherichia coli
0.9902042,0.009795787,-1,PLSX_ECOBW,3.0,Escherichia coli
0.9977055,0.0022944629,-1,MURG_ECOBW,3.0,Escherichia coli
0.9980698,0.0019301467,-1,PYRC_ECOBW,3.0,Escherichia coli
0.9984586,0.0015413968,-1,GUAC_ECOBW,3.0,Escherichia coli
0.9985744,0.0014256107,-1,ACCA_ECOBW,3.0,Escherichia coli
0.9987986,0.0012013859,-1,GHRA_ECOBW,3.0,Escherichia coli
0.99880886,0.0011911028,-1,PYRB_ECOBW,3.0,Escherichia coli
0.9888122,0.011187784,-1,LPXC_ECOBW,3.0,Escherichia coli
0.99790406,0.0020959247,-1,SPEE_ECOBW,3.0,Escherichia coli
0.95932806,0.040671997,-1,PANC_ECOBW,3.0,Escherichia coli
0.9963037,0.0036962752,-1,DAPD_ECOBW,3.0,Escherichia coli
0.9990127,0.0009872507,-1,SPED_ECOBW,3.0,Escherichia coli
0.9985386,0.0014614514,-1,PANB_ECOBW,3.0,Escherichia coli
0.99878556,0.001214403,-1,MTNN_ECOBW,3.0,Escherichia coli
0.014063241,0.9859367,-1,RNH2_ECOBW,3.0,Escherichia coli
0.99877757,0.001222384,-1,GMHA_ECOBW,3.0,Escherichia coli
0.9985262,0.0014738082,-1,RNH_ECOBW,3.0,Escherichia coli
0.99829704,0.0017030231,-1,FABZ_ECOBW,3.0,Escherichia coli
0.99863017,0.0013698927,-1,PAND_ECOBW,3.0,Escherichia coli
0.79893506,0.20106496,-1,IF2_ECOBW,3.0,Escherichia coli
0.0096478695,0.9903521,-1,PNP_ECOBW,3.0,Escherichia coli
0.94625473,0.053745218,-1,SYM_ECOBW,3.0,Escherichia coli
0.9989318,0.0010681531,-1,ASSY_ECOBW,3.0,Escherichia coli
0.99830997,0.0016900644,-1,MURA_ECOBW,3.0,Escherichia coli
0.9985648,0.0014352928,-1,PEPT_ECOBW,3.0,Escherichia coli
0.99885094,0.0011490864,-1,DEOB_ECOBW,3.0,Escherichia coli
0.09373062,0.9062694,-1,PROB_ECOBW,3.0,Escherichia coli
0.9941962,0.005803764,-1,NAGZ_ECOBW,3.0,Escherichia coli
0.9881342,0.011865854,-1,LPLA_ECOBW,3.0,Escherichia coli
0.99896884,0.0010311591,-1,HIS1_ECOBW,3.0,Escherichia coli
0.9973355,0.0026644922,-1,YEGS_ECOBW,3.0,Escherichia coli
0.9986436,0.0013564399,-1,NANA_ECOBW,3.0,Escherichia coli
0.99561864,0.004381363,-1,CDD_ECOBW,3.0,Escherichia coli
0.9984792,0.0015207791,-1,NLPI_ECOBW,3.0,Escherichia coli
0.9991999,0.00080010603,-1,NANK_ECOBW,3.0,Escherichia coli
0.9989814,0.0010185562,-1,GATY_ECOBW,3.0,Escherichia coli
0.9988657,0.0011343331,-1,THIM_ECOBW,3.0,Escherichia coli
0.99851865,0.0014813202,-1,DEOC_ECOBW,3.0,Escherichia coli
0.998432,0.0015680357,-1,HIS6_ECOBW,3.0,Escherichia coli
0.99479634,0.005203685,-1,MTGA_ECOBW,3.0,Escherichia coli
0.99899095,0.0010089893,-1,DEOD_ECOBW,3.0,Escherichia coli
0.13151577,0.86848426,-1,RLME_ECOBW,3.0,Escherichia coli
0.9990471,0.0009528387,-1,DCD_ECOBW,3.0,Escherichia coli
0.9985208,0.0014792453,-1,NCPP_ECOBW,3.0,Escherichia coli
0.99848676,0.0015132366,-1,DXS_ECOBW,3.0,Escherichia coli
0.9977337,0.0022662142,-1,TREA_ECOBW,3.0,Escherichia coli
0.99685043,0.0031495534,-1,MEND_ECOBW,3.0,Escherichia coli
0.99362755,0.006372504,-1,TIG_ECOBW,3.0,Escherichia coli
0.9982698,0.0017302434,-1,CLPX_ECOBW,3.0,Escherichia coli
0.9904643,0.0095357075,-1,HEM1_ECOBW,3.0,Escherichia coli
0.9993351,0.00066489005,-1,RHMD_ECOBW,3.0,Escherichia coli
0.9986009,0.001399053,-1,ARNB_ECOBW,3.0,Escherichia coli
0.99752074,0.0024792003,-1,TGT_ECOBW,3.0,Escherichia coli
0.9991042,0.0008957794,-1,ARNC_ECOBW,3.0,Escherichia coli
0.9946208,0.005379174,-1,MENC_ECOBW,3.0,Escherichia coli
0.99884415,0.0011558214,-1,ACDH_ECOBW,3.0,Escherichia coli
0.9988998,0.0011001701,-1,RIHB_ECOBW,3.0,Escherichia coli
0.99832994,0.0016701085,-1,RBN_ECOBW,3.0,Escherichia coli
0.99740666,0.0025933436,-1,ISPE_ECOBW,3.0,Escherichia coli
0.9953666,0.0046334593,-1,RHMA_ECOBW,3.0,Escherichia coli
0.9986583,0.0013417316,-1,PYRF_ECOBW,3.0,Escherichia coli
0.996702,0.0032979217,-1,UBIG_ECOBW,3.0,Escherichia coli
0.9976526,0.0023474735,-1,QUEC_ECOBW,3.0,Escherichia coli
0.99814785,0.0018521721,-1,GCH1_ECOBW,3.0,Escherichia coli
0.99769455,0.0023054364,-1,EMTA_ECOBW,3.0,Escherichia coli
0.9988809,0.0011191078,-1,RIBA_ECOBW,3.0,Escherichia coli
0.998615,0.0013849025,-1,AROL_ECOBW,3.0,Escherichia coli
0.998672,0.0013280596,-1,CCME_ECOBW,3.0,Escherichia coli
0.9987993,0.0012006211,-1,RISB_ECOBW,3.0,Escherichia coli
0.9990609,0.0009391418,-1,PCKA_ECOBW,3.0,Escherichia coli
0.9992756,0.00072443765,-1,NUON_ECOBW,3.0,Escherichia coli
0.99841356,0.0015864664,-1,ABDH_ECOBW,3.0,Escherichia coli
0.9985415,0.0014584948,-1,ALLB_ECOBW,3.0,Escherichia coli
0.9972088,0.0027912715,-1,FADI_ECOBW,3.0,Escherichia coli
0.012465215,0.98753476,-1,RSMB_ECOBW,3.0,Escherichia coli
0.9975649,0.0024351033,-1,PDXB_ECOBW,3.0,Escherichia coli
0.9898977,0.010102296,-1,SELU_ECOBW,3.0,Escherichia coli
0.9983766,0.0016234067,-1,AROB_ECOBW,3.0,Escherichia coli
0.96028566,0.039714325,-1,AROC_ECOBW,3.0,Escherichia coli
0.9988211,0.0011788954,-1,NUOH_ECOBW,3.0,Escherichia coli
0.9983506,0.0016493746,-1,HEMH_ECOBW,3.0,Escherichia coli
0.8791575,0.120842434,-1,TTCA_ECOBW,3.0,Escherichia coli
0.9978249,0.0021751502,-1,FOLD_ECOBW,3.0,Escherichia coli
0.9992336,0.00076642196,-1,PDXK_ECOBW,3.0,Escherichia coli
0.9975261,0.0024739336,-1,MEPA_ECOBW,3.0,Escherichia coli
0.99741286,0.002587194,-1,AROE_ECOBW,3.0,Escherichia coli
0.008285154,0.9917148,-1,TRUA_ECOBW,3.0,Escherichia coli
0.9993311,0.0006688762,-1,BIOH_ECOBW,3.0,Escherichia coli
0.9988286,0.0011713508,-1,LPXH_ECOBW,3.0,Escherichia coli
0.99898607,0.0010138891,-1,NUOB_ECOBW,3.0,Escherichia coli
0.99821424,0.0017857583,-1,KAD_ECOBW,3.0,Escherichia coli
0.99782616,0.0021737588,-1,5DNU_ECOBW,3.0,Escherichia coli
0.999081,0.0009190023,-1,KEFG_ECOBW,3.0,Escherichia coli
0.99884087,0.0011591369,-1,NUOK_ECOBW,3.0,Escherichia coli
0.9986248,0.0013752168,-1,MALT_ECOBW,3.0,Escherichia coli
0.99908566,0.000914381,-1,KDPB_ECOBW,3.0,Escherichia coli
0.998514,0.001486005,-1,GLGX_ECOBW,3.0,Escherichia coli
0.99867487,0.0013251023,-1,MAO1_ECOBW,3.0,Escherichia coli
0.7397152,0.2602848,-1,SYQ_ECOBW,3.0,Escherichia coli
0.9987931,0.0012068839,-1,TREF_ECOBW,3.0,Escherichia coli
0.9979894,0.0020106328,-1,GUAA_ECOBW,3.0,Escherichia coli
0.99866235,0.0013376143,-1,GLGC_ECOBW,3.0,Escherichia coli
0.99885917,0.0011408868,-1,PEPB_ECOBW,3.0,Escherichia coli
0.9985183,0.0014817194,-1,ISCS_ECOBW,3.0,Escherichia coli
0.9981111,0.0018888705,-1,SUCC_ECOBW,3.0,Escherichia coli
0.9982982,0.0017017603,-1,DAPE_ECOBW,3.0,Escherichia coli
0.9981654,0.0018346509,-1,ISPG_ECOBW,3.0,Escherichia coli
0.99889946,0.0011005768,-1,RODZ_ECOBW,3.0,Escherichia coli
0.99802655,0.0019734642,-1,LIPA_ECOBW,3.0,Escherichia coli
0.99920696,0.00079310045,-1,HEM6_ECOBW,3.0,Escherichia coli
0.9987973,0.0012026264,-1,MURQ_ECOBW,3.0,Escherichia coli
0.99885297,0.0011469823,-1,EUTC_ECOBW,3.0,Escherichia coli
0.9991597,0.0008403674,-1,MURR_ECOBW,3.0,Escherichia coli
0.99966955,0.00033045784,-1,HCAB_ECOBW,3.0,Escherichia coli
0.9985915,0.0014084987,-1,NAGB_ECOBW,3.0,Escherichia coli
0.997919,0.0020809972,-1,END8_ECOBW,3.0,Escherichia coli
0.99795985,0.0020401592,-1,LIPB_ECOBW,3.0,Escherichia coli
0.99815565,0.001844306,-1,UPP_ECOBW,3.0,Escherichia coli
0.9984225,0.0015774874,-1,NDK_ECOBW,3.0,Escherichia coli
0.9911289,0.008871078,-1,RSXC_ECOBW,3.0,Escherichia coli
0.99823254,0.0017675371,-1,UVRB_ECOBW,3.0,Escherichia coli
0.99893457,0.0010654873,-1,HCP_ECOBW,3.0,Escherichia coli
0.9596866,0.040313426,-1,SELA_ECOBW,3.0,Escherichia coli
0.036598176,0.9634018,-1,SYY_ECOBW,3.0,Escherichia coli
0.9982126,0.0017874513,-1,GLYA_ECOBW,3.0,Escherichia coli
0.99670714,0.003292865,-1,LLDD_ECOBW,3.0,Escherichia coli
0.9983999,0.0016000398,-1,GAL1_ECOBW,3.0,Escherichia coli
0.9987464,0.001253597,-1,ANMK_ECOBW,3.0,Escherichia coli
0.99849164,0.0015083366,-1,TDH_ECOBW,3.0,Escherichia coli
0.99753064,0.0024694118,-1,GPDA_ECOBW,3.0,Escherichia coli
0.9981243,0.0018757059,-1,ADD_ECOBW,3.0,Escherichia coli
0.9991454,0.00085462845,-1,DLGD_ECOBW,3.0,Escherichia coli
0.99421096,0.0057890764,-1,MOAA_ECOBW,3.0,Escherichia coli
0.9991786,0.00082142494,-1,GHRB_ECOBW,3.0,Escherichia coli
0.9990963,0.0009037049,-1,HLDD_ECOBW,3.0,Escherichia coli
0.9653747,0.03462534,-1,RIMK_ECOBW,3.0,Escherichia coli
0.99408853,0.0059115225,-1,FPG_ECOBW,3.0,Escherichia coli
0.9986803,0.0013196905,-1,GPMA_ECOBW,3.0,Escherichia coli
0.98932403,0.0106759425,-1,PDXH_ECOBW,3.0,Escherichia coli
0.99903786,0.0009621061,-1,SLMA_ECOBW,3.0,Escherichia coli
0.998936,0.0010640145,-1,RSXB_ECOBW,3.0,Escherichia coli
0.99916136,0.0008386563,-1,DPS_ECOBW,3.0,Escherichia coli
0.9975581,0.0024418551,-1,COAD_ECOBW,3.0,Escherichia coli
0.99921453,0.0007854971,-1,DUT_ECOBW,3.0,Escherichia coli
0.04050315,0.9594968,-1,SYT_ECOBW,3.0,Escherichia coli
0.99824274,0.0017572428,-1,ILVD_ECOBW,3.0,Escherichia coli
0.99468046,0.0053195013,-1,LEPA_ECOBW,3.0,Escherichia coli
0.9974172,0.0025827433,-1,YIDC_ECOBW,3.0,Escherichia coli
0.9987614,0.0012386539,-1,ATPA_ECOBW,3.0,Escherichia coli
0.9990363,0.0009637474,-1,ILVC_ECOBW,3.0,Escherichia coli
0.99913377,0.0008662284,-1,SELO_ECOBW,3.0,Escherichia coli
0.9986909,0.0013091373,-1,ATPB_ECOBW,3.0,Escherichia coli
0.9886361,0.011363888,-1,MNME_ECOBW,3.0,Escherichia coli
0.65311533,0.34688467,-1,RHLB_ECOBW,3.0,Escherichia coli
0.99865675,0.0013432755,-1,SUFS_ECOBW,3.0,Escherichia coli
0.99858177,0.001418201,-1,DGOD_ECOBW,3.0,Escherichia coli
0.9990108,0.0009892238,-1,WECF_ECOBW,3.0,Escherichia coli
0.9981981,0.0018019428,-1,RECA_ECOBW,3.0,Escherichia coli
0.5893701,0.41062996,-1,SYFA_ECOBW,3.0,Escherichia coli
0.9963967,0.0036032447,-1,HEM3_ECOBW,3.0,Escherichia coli
0.005501961,0.9944981,-1,ERA_ECOBW,3.0,Escherichia coli
0.9958841,0.0041158255,-1,NADK_ECOBW,3.0,Escherichia coli
0.9976997,0.0023003332,-1,YDIB_ECOBW,3.0,Escherichia coli
0.9977315,0.0022685153,-1,PSRP_ECOBW,3.0,Escherichia coli
0.997981,0.0020190044,-1,AROD_ECOBW,3.0,Escherichia coli
0.99835676,0.001643241,-1,BTUD_ECOBW,3.0,Escherichia coli
0.0054208054,0.9945792,-1,RNC_ECOBW,3.0,Escherichia coli
0.9993343,0.000665668,-1,RBSD_ECOBW,3.0,Escherichia coli
0.9990933,0.0009067531,-1,ATPL_ECOBW,3.0,Escherichia coli
0.9952494,0.0047505936,-1,AAS_ECOBW,3.0,Escherichia coli
0.9992568,0.0007431473,-1,FUCI_ECOBW,3.0,Escherichia coli
0.9983712,0.0016288961,-1,CYSI_ECOBW,3.0,Escherichia coli
0.9977379,0.002262078,-1,ASTD_ECOBW,3.0,Escherichia coli
0.98402655,0.015973408,-1,CYSN_ECOBW,3.0,Escherichia coli
0.9988206,0.0011793536,-1,ENO_ECOBW,3.0,Escherichia coli
0.99827445,0.0017255666,-1,ASTC_ECOBW,3.0,Escherichia coli
0.98413014,0.015869856,-1,PURT_ECOBW,3.0,Escherichia coli
0.6451561,0.3548439,-1,RLMM_ECOBW,3.0,Escherichia coli
0.3485205,0.65147954,-1,TRUD_ECOBW,3.0,Escherichia coli
0.99834836,0.001651702,-1,ASTE_ECOBW,3.0,Escherichia coli
0.994146,0.005854038,-1,XERC_ECOBW,3.0,Escherichia coli
0.9990576,0.0009424161,-1,QUEF_ECOBW,3.0,Escherichia coli
0.9987675,0.0012325622,-1,NADE_ECOBW,3.0,Escherichia coli
0.9973743,0.0026257003,-1,DAPF_ECOBW,3.0,Escherichia coli
0.9981634,0.0018366745,-1,TYSY_ECOBW,3.0,Escherichia coli
0.98517054,0.014829425,-1,SURE_ECOBW,3.0,Escherichia coli
0.9865911,0.013408886,-1,XNI_ECOBW,3.0,Escherichia coli
0.9976793,0.002320688,-1,UBIE_ECOBW,3.0,Escherichia coli
0.9987213,0.0012786763,-1,CHBG_ECOBW,3.0,Escherichia coli
0.9970305,0.0029695074,-1,CYSH_ECOBW,3.0,Escherichia coli
0.99170166,0.0082983645,-1,PIMT_ECOBW,3.0,Escherichia coli
0.9987348,0.001265229,-1,CYSC_ECOBW,3.0,Escherichia coli
0.99715877,0.002841235,-1,ISPF_ECOBW,3.0,Escherichia coli
0.999178,0.00082197343,-1,FUCM_ECOBW,3.0,Escherichia coli
0.9976578,0.0023421724,-1,RPOB_ECOBW,3.0,Escherichia coli
0.99825495,0.0017449923,-1,THIC_ECOBW,3.0,Escherichia coli
0.9940918,0.0059082336,-1,UBIB_ECOBW,3.0,Escherichia coli
0.9986331,0.0013669168,-1,GLPK_ECOBW,3.0,Escherichia coli
0.9994086,0.0005913556,-1,RHAB_ECOBW,3.0,Escherichia coli
0.99781334,0.002186635,-1,PHYDA_ECOBW,3.0,Escherichia coli
0.98611814,0.013881841,-1,HSLU_ECOBW,3.0,Escherichia coli
0.9990087,0.0009913575,-1,RHAA_ECOBW,3.0,Escherichia coli
0.99848515,0.0015149111,-1,METK_ECOBW,3.0,Escherichia coli
0.99880755,0.001192423,-1,ARGE_ECOBW,3.0,Escherichia coli
0.99434894,0.005651013,-1,TRMA_ECOBW,3.0,Escherichia coli
0.9943243,0.0056757308,-1,MLTC_ECOBW,3.0,Escherichia coli
0.99531555,0.0046844273,-1,E4PD_ECOBW,3.0,Escherichia coli
0.9988192,0.0011808504,-1,PFKA_ECOBW,3.0,Escherichia coli
0.99869967,0.0013003398,-1,FIEF_ECOBW,3.0,Escherichia coli
0.9995017,0.0004983092,-1,KDUI_ECOBW,3.0,Escherichia coli
0.9991579,0.0008420418,-1,RHAD_ECOBW,3.0,Escherichia coli
0.99778384,0.002216184,-1,ARGB_ECOBW,3.0,Escherichia coli
0.9987765,0.0012235297,-1,NUDC_ECOBW,3.0,Escherichia coli
0.99811375,0.0018862588,-1,THIG_ECOBW,3.0,Escherichia coli
0.9968279,0.0031720824,-1,RPIA_ECOBW,3.0,Escherichia coli
0.99873847,0.0012615226,-1,IDI_ECOBW,3.0,Escherichia coli
0.99818367,0.0018163109,-1,HSLV_ECOBW,3.0,Escherichia coli
0.03255817,0.96744186,-1,DTD_ECOBW,3.0,Escherichia coli
0.9992889,0.00071109674,-1,RHAM_ECOBW,3.0,Escherichia coli
0.9980837,0.0019162837,-1,G0ZKW2_ECOLI,3.0,Escherichia coli
0.99829215,0.0017079097,-1,ACEK_ECOBW,3.0,Escherichia coli
0.99895847,0.0010415218,-1,G6PI_ECOBW,3.0,Escherichia coli
0.99862874,0.0013712888,-1,CH60_ECOBW,3.0,Escherichia coli
0.99861336,0.0013866136,-1,PUR9_ECOBW,3.0,Escherichia coli
0.9987602,0.0012397763,-1,NRFA_ECOBW,3.0,Escherichia coli
0.99932253,0.00067746046,-1,LAMB_ECOBW,3.0,Escherichia coli
0.9973641,0.0026359025,-1,DCUP_ECOBW,3.0,Escherichia coli
0.037588235,0.96241176,-1,RSGA_ECOBW,3.0,Escherichia coli
0.99753064,0.0024694118,-1,D0VEX6_ECOLI,3.0,Escherichia coli
0.9933652,0.0066347485,-1,EPMA_ECOBW,3.0,Escherichia coli
0.99734265,0.0026574032,-1,D0VEY3_ECOLI,3.0,Escherichia coli
0.99850035,0.001499624,-1,PSD_ECOBW,3.0,Escherichia coli
0.99850035,0.001499624,-1,D0VEY8_ECOLI,3.0,Escherichia coli
0.9982843,0.0017156538,-1,D0VEX4_ECOLI,3.0,Escherichia coli
0.99919814,0.0008019319,-1,METAS_ECOBW,3.0,Escherichia coli
0.9888122,0.011187784,-1,D0VEY1_ECOLI,3.0,Escherichia coli
0.99852294,0.0014771255,-1,D0VEZ2_ECOLI,3.0,Escherichia coli
0.99776936,0.0022306743,-1,UBIA_ECOBW,3.0,Escherichia coli
0.9973023,0.0026976597,-1,D0VEX5_ECOLI,3.0,Escherichia coli
0.9960731,0.0039268327,-1,NFI_ECOBW,3.0,Escherichia coli
0.9972319,0.0027681617,-1,LEXA_ECOBW,3.0,Escherichia coli
0.9979437,0.002056282,-1,D0VEX9_ECOLI,3.0,Escherichia coli
0.9986953,0.0013046619,-1,D0VEX0_ECOLI,3.0,Escherichia coli
0.99829704,0.0017030265,-1,D0VEX8_ECOLI,3.0,Escherichia coli
0.99897754,0.00102246,-1,MASY_ECOLI,3.0,Escherichia coli
0.9983967,0.0016032584,-1,FLIC_ECOLI,3.0,Escherichia coli
0.99878186,0.0012181114,-1,DSDX_ECOLI,3.0,Escherichia coli
0.9674952,0.032504797,-1,RND_ECOLI,3.0,Escherichia coli
0.99912983,0.0008701517,-1,PLDB_ECOLI,3.0,Escherichia coli
0.9992071,0.0007929016,-1,EBGR_ECOLI,3.0,Escherichia coli
0.99897885,0.0010211432,-1,LYSR_ECOLI,3.0,Escherichia coli
0.9987608,0.0012391353,-1,SYGA_ECOLI,3.0,Escherichia coli
0.9990345,0.00096548075,-1,TTDA_ECOLI,3.0,Escherichia coli
0.99886984,0.0011301263,-1,ILVY_ECOLI,3.0,Escherichia coli
0.99845314,0.0015468014,-1,PSTA_ECOLI,3.0,Escherichia coli
0.9980381,0.0019619497,-1,REDF_ECOLI,3.0,Escherichia coli
0.9718695,0.028130515,-1,REPE1_ECOLI,3.0,Escherichia coli
0.99729234,0.0027076127,-1,CDH_ECOLI,3.0,Escherichia coli
0.9982973,0.0017027069,-1,APPY_ECOLI,3.0,Escherichia coli
0.99837565,0.0016243227,-1,HEM4_ECOLI,3.0,Escherichia coli
0.99906796,0.0009320754,-1,SDIA_ECOLI,3.0,Escherichia coli
0.999329,0.0006710817,-1,YGEA_ECOLI,3.0,Escherichia coli
0.9979557,0.0020442805,-1,TNR1_ECOLI,3.0,Escherichia coli
0.99943393,0.0005660887,-1,FIMA1_ECOLI,3.0,Escherichia coli
0.9977653,0.0022347046,-1,CVPA_ECOLI,3.0,Escherichia coli
0.99820364,0.0017963388,-1,YFJS_ECOLI,3.0,Escherichia coli
0.99928814,0.00071183103,-1,YJAB_ECOLI,3.0,Escherichia coli
0.99582785,0.0041720956,-1,GSPB_ECOLI,3.0,Escherichia coli
0.9994086,0.0005914388,-1,DICA_ECOLI,3.0,Escherichia coli
0.99898416,0.0010157996,-1,UXAB_ECOLI,3.0,Escherichia coli
0.99922025,0.00077977945,-1,UXAC_ECOLI,3.0,Escherichia coli
0.9988004,0.0011996267,-1,MTLD_ECOLI,3.0,Escherichia coli
0.9946951,0.005304883,-1,MODC_ECOLI,3.0,Escherichia coli
0.9988574,0.0011426099,-1,TALA_ECOLI,3.0,Escherichia coli
0.9982393,0.0017607604,-1,GLSA2_ECOLI,3.0,Escherichia coli
0.9987225,0.0012774968,-1,HDFR_ECOLI,3.0,Escherichia coli
0.9948277,0.0051723067,-1,YAAA_ECOLI,3.0,Escherichia coli
0.988735,0.011264968,-1,SFSA_ECOLI,3.0,Escherichia coli
0.9994454,0.000554666,-1,FLGH_ECOLI,3.0,Escherichia coli
0.999206,0.0007940646,-1,PEPE_ECOLI,3.0,Escherichia coli
0.9989537,0.001046238,-1,GPMB_ECOLI,3.0,Escherichia coli
0.9207047,0.07929527,-1,ENGB_ECOLI,3.0,Escherichia coli
0.9949496,0.005050383,-1,RECR_ECOLI,3.0,Escherichia coli
0.9979645,0.0020355422,-1,CITX_ECOLI,3.0,Escherichia coli
0.9984347,0.0015652722,-1,SYDP_ECOLI,3.0,Escherichia coli
0.9992192,0.0007807754,-1,PNCC_ECOLI,3.0,Escherichia coli
0.99840945,0.0015905699,-1,GREA_ECOLI,3.0,Escherichia coli
0.9986318,0.0013682329,-1,NRDR_ECOLI,3.0,Escherichia coli
0.9993469,0.0006531024,-1,USPB_ECOLI,3.0,Escherichia coli
0.99039614,0.009603825,-1,YBAB_ECOLI,3.0,Escherichia coli
0.99813026,0.001869759,-1,FETP_ECOLI,3.0,Escherichia coli
0.9995402,0.00045979102,-1,YIDD_ECOLI,3.0,Escherichia coli
0.99930453,0.0006954809,-1,RL34_ECOLI,3.0,Escherichia coli
0.99919826,0.00080172933,-1,RL36_ECOLI,3.0,Escherichia coli
0.9993237,0.00067627575,-1,PROY_ECOLI,3.0,Escherichia coli
0.99951565,0.00048434784,-1,CODB_ECOLI,3.0,Escherichia coli
0.9990533,0.0009466769,-1,WZA_ECOLI,3.0,Escherichia coli
0.99890983,0.0010901598,-1,GFCE_ECOLI,3.0,Escherichia coli
0.9983045,0.0016955149,-1,TAS_ECOLI,3.0,Escherichia coli
0.9995011,0.0004988548,-1,YHBE_ECOLI,3.0,Escherichia coli
0.99895525,0.0010447575,-1,METR_ECOLI,3.0,Escherichia coli
0.99862707,0.0013730066,-1,GCVA_ECOLI,3.0,Escherichia coli
0.9989015,0.0010985296,-1,NHAR_ECOLI,3.0,Escherichia coli
0.995513,0.004486927,-1,GALF_ECOLI,3.0,Escherichia coli
0.99647033,0.003529663,-1,SSUB_ECOLI,3.0,Escherichia coli
0.993859,0.006141057,-1,YAFK_ECOLI,3.0,Escherichia coli
0.99722445,0.0027756153,-1,GLTL_ECOLI,3.0,Escherichia coli
0.9992873,0.0007127128,-1,YEIL_ECOLI,3.0,Escherichia coli
0.99910223,0.0008978268,-1,OMPW_ECOLI,3.0,Escherichia coli
0.99853444,0.0014655886,-1,GCVR_ECOLI,3.0,Escherichia coli
0.99956125,0.0004387081,-1,PUUR_ECOLI,3.0,Escherichia coli
0.9984315,0.001568435,-1,BLC_ECOLI,3.0,Escherichia coli
0.9992138,0.0007861515,-1,OMPX_ECOLI,3.0,Escherichia coli
0.99923885,0.0007612177,-1,WZB_ECOLI,3.0,Escherichia coli
0.9986958,0.0013042437,-1,USPD_ECOLI,3.0,Escherichia coli
0.9749621,0.025037918,-1,YCIA_ECOLI,3.0,Escherichia coli
0.99891007,0.0010899339,-1,YOBA_ECOLI,3.0,Escherichia coli
0.9995982,0.0004018515,-1,NIRD_ECOLI,3.0,Escherichia coli
0.99926,0.0007400163,-1,PTSO_ECOLI,3.0,Escherichia coli
0.99952674,0.00047323678,-1,YEAV_ECOLI,3.0,Escherichia coli
0.99836844,0.001631628,-1,FABD_ECOLI,3.0,Escherichia coli
0.99853575,0.0014641893,-1,ELYC_ECOLI,3.0,Escherichia coli
0.9992543,0.0007457524,-1,NRFC_ECOLI,3.0,Escherichia coli
0.9994261,0.00057396083,-1,CCMB_ECOLI,3.0,Escherichia coli
0.99822825,0.0017717723,-1,DEDA_ECOLI,3.0,Escherichia coli
0.9958592,0.00414085,-1,PXPB_ECOLI,3.0,Escherichia coli
0.9992803,0.00071969983,-1,YNFG_ECOLI,3.0,Escherichia coli
0.998857,0.001143016,-1,NAPC_ECOLI,3.0,Escherichia coli
0.9995523,0.0004476765,-1,SFMA_ECOLI,3.0,Escherichia coli
0.9992514,0.0007485548,-1,YCED_ECOLI,3.0,Escherichia coli
0.99921334,0.0007866844,-1,MRED_ECOLI,3.0,Escherichia coli
0.99862444,0.0013755527,-1,YBJN_ECOLI,3.0,Escherichia coli
0.9981469,0.0018531757,-1,ARSC_ECOLI,3.0,Escherichia coli
0.9978701,0.0021298826,-1,FLGB_ECOLI,3.0,Escherichia coli
0.99936396,0.000636062,-1,ATPZ_ECOLI,3.0,Escherichia coli
0.99904555,0.0009544347,-1,TOMB_ECOLI,3.0,Escherichia coli
0.99875665,0.0012433591,-1,HSPQ_ECOLI,3.0,Escherichia coli
0.99253947,0.0074606007,-1,BOLA_ECOLI,3.0,Escherichia coli
0.9972662,0.0027338394,-1,FRMR_ECOLI,3.0,Escherichia coli
0.9981949,0.0018051042,-1,MCBA_ECOLI,3.0,Escherichia coli
0.99859387,0.0014061554,-1,BSSS_ECOLI,3.0,Escherichia coli
0.99933726,0.0006626733,-1,YFAE_ECOLI,3.0,Escherichia coli
0.0632447,0.9367553,-1,YBCJ_ECOLI,3.0,Escherichia coli
0.9989029,0.0010970492,-1,CCMD_ECOLI,3.0,Escherichia coli
0.998752,0.0012480494,-1,GNTU_ECOLI,3.0,Escherichia coli
0.9955129,0.004487059,-1,HEMY_ECOLI,3.0,Escherichia coli
0.9985574,0.0014426673,-1,CYTR_ECOLI,3.0,Escherichia coli
0.99869627,0.0013037525,-1,GNTR_ECOLI,3.0,Escherichia coli
0.9987483,0.0012516987,-1,MELR_ECOLI,3.0,Escherichia coli
0.9989532,0.0010467082,-1,AGAR_ECOLI,3.0,Escherichia coli
0.999303,0.0006969711,-1,NIRC_ECOLI,3.0,Escherichia coli
0.9973713,0.0026287267,-1,FLGG_ECOLI,3.0,Escherichia coli
0.99877805,0.0012219859,-1,PDHR_ECOLI,3.0,Escherichia coli
0.9990145,0.0009855165,-1,DEOR_ECOLI,3.0,Escherichia coli
0.99878234,0.0012176794,-1,GLPR_ECOLI,3.0,Escherichia coli
0.9984932,0.0015067847,-1,FLIP_ECOLI,3.0,Escherichia coli
0.9985821,0.0014178446,-1,FUCR_ECOLI,3.0,Escherichia coli
0.99888927,0.0011107217,-1,GLRX2_ECOLI,3.0,Escherichia coli
0.99898666,0.0010133049,-1,YIBF_ECOLI,3.0,Escherichia coli
0.99914825,0.0008516904,-1,TTDB_ECOLI,3.0,Escherichia coli
0.99942756,0.00057243847,-1,WCAF_ECOLI,3.0,Escherichia coli
0.9992343,0.00076570146,-1,WCAB_ECOLI,3.0,Escherichia coli
0.99861133,0.0013886832,-1,FLIL_ECOLI,3.0,Escherichia coli
0.9992017,0.000798276,-1,ASNC_ECOLI,3.0,Escherichia coli
0.9991111,0.00088892144,-1,DECR_ECOLI,3.0,Escherichia coli
0.9978542,0.0021457807,-1,FLGC_ECOLI,3.0,Escherichia coli
0.9987224,0.0012776501,-1,FLIQ_ECOLI,3.0,Escherichia coli
0.99876106,0.0012389725,-1,NRDH_ECOLI,3.0,Escherichia coli
0.9989059,0.0010940903,-1,GNSA_ECOLI,3.0,Escherichia coli
0.9951853,0.0048146574,-1,VIAA_ECOLI,3.0,Escherichia coli
0.99926656,0.0007333907,-1,YEBS_ECOLI,3.0,Escherichia coli
0.9986078,0.0013921604,-1,YGIC_ECOLI,3.0,Escherichia coli
0.9976031,0.0023969545,-1,FABY_ECOLI,3.0,Escherichia coli
0.9887211,0.011278977,-1,YGFZ_ECOLI,3.0,Escherichia coli
0.9991371,0.00086290936,-1,TDCA_ECOLI,3.0,Escherichia coli
0.9969317,0.0030683503,-1,YHCC_ECOLI,3.0,Escherichia coli
0.99928373,0.00071634905,-1,ALLS_ECOLI,3.0,Escherichia coli
0.99913424,0.0008657251,-1,RPIR_ECOLI,3.0,Escherichia coli
0.99922264,0.0007773464,-1,YFHG_ECOLI,3.0,Escherichia coli
0.9991731,0.00082682853,-1,ENVR_ECOLI,3.0,Escherichia coli
0.9971378,0.0028622178,-1,FIMB_ECOLI,3.0,Escherichia coli
0.9962534,0.003746593,-1,FIME_ECOLI,3.0,Escherichia coli
0.4634962,0.5365038,-1,RSMD_ECOLI,3.0,Escherichia coli
0.9993247,0.0006753757,-1,UIDR_ECOLI,3.0,Escherichia coli
0.99515814,0.004841819,-1,PINR_ECOLI,3.0,Escherichia coli
0.9965333,0.0034667063,-1,YDJA_ECOLI,3.0,Escherichia coli
0.9992113,0.0007886705,-1,ETP_ECOLI,3.0,Escherichia coli
0.9985623,0.0014377079,-1,YGIW_ECOLI,3.0,Escherichia coli
0.9508084,0.049191568,-1,YIFE_ECOLI,3.0,Escherichia coli
0.9978648,0.0021352689,-1,YGAM_ECOLI,3.0,Escherichia coli
0.998976,0.0010240356,-1,YDHR_ECOLI,3.0,Escherichia coli
0.9957573,0.0042426907,-1,FUMD_ECOLI,3.0,Escherichia coli
0.99867415,0.0013259199,-1,ECNB_ECOLI,3.0,Escherichia coli
0.99858874,0.0014112828,-1,ECNA_ECOLI,3.0,Escherichia coli
0.9924988,0.007501224,-1,DCM_ECOLI,3.0,Escherichia coli
0.9985238,0.0014762486,-1,GALP_ECOLI,3.0,Escherichia coli
0.99916196,0.0008380724,-1,PAEA_ECOLI,3.0,Escherichia coli
0.9985392,0.0014608093,-1,KGTP_ECOLI,3.0,Escherichia coli
0.998604,0.0013960586,-1,ASTA_ECOLI,3.0,Escherichia coli
0.99899536,0.0010046507,-1,ARAH_ECOLI,3.0,Escherichia coli
0.99901664,0.0009833926,-1,FEPB_ECOLI,3.0,Escherichia coli
0.9989229,0.0010771396,-1,CYSW_ECOLI,3.0,Escherichia coli
0.9991042,0.00089577085,-1,CPDA_ECOLI,3.0,Escherichia coli
0.9991462,0.0008537176,-1,GLNH_ECOLI,3.0,Escherichia coli
0.9977277,0.002272352,-1,YPDB_ECOLI,3.0,Escherichia coli
0.99911267,0.00088731264,-1,ARTQ_ECOLI,3.0,Escherichia coli
0.9992449,0.0007550903,-1,HISM_ECOLI,3.0,Escherichia coli
0.99894196,0.001058034,-1,ARTM_ECOLI,3.0,Escherichia coli
0.99070966,0.009290334,-1,EXOX_ECOLI,3.0,Escherichia coli
0.9988475,0.0011524385,-1,GLNP_ECOLI,3.0,Escherichia coli
0.99875927,0.0012407551,-1,HYFE_ECOLI,3.0,Escherichia coli
0.9994856,0.0005143436,-1,DCRB_ECOLI,3.0,Escherichia coli
0.9991786,0.0008213904,-1,CSGF_ECOLI,3.0,Escherichia coli
0.998874,0.0011259988,-1,CSGE_ECOLI,3.0,Escherichia coli
0.99792826,0.0020717657,-1,ELAB_ECOLI,3.0,Escherichia coli
0.9975489,0.002451177,-1,FLGM_ECOLI,3.0,Escherichia coli
0.99735045,0.0026495894,-1,CEDA_ECOLI,3.0,Escherichia coli
0.99511707,0.004882911,-1,FEOA_ECOLI,3.0,Escherichia coli
0.9968548,0.003145209,-1,BFD_ECOLI,3.0,Escherichia coli
0.99868923,0.0013107685,-1,NFRB_ECOLI,3.0,Escherichia coli
0.9979361,0.0020639207,-1,TLDD_ECOLI,3.0,Escherichia coli
0.99769115,0.0023088774,-1,PMBA_ECOLI,3.0,Escherichia coli
0.99880815,0.0011918042,-1,NAGC_ECOLI,3.0,Escherichia coli
0.96984977,0.030150216,-1,APBC_ECOLI,3.0,Escherichia coli
0.9990689,0.0009310519,-1,YEJB_ECOLI,3.0,Escherichia coli
0.99850106,0.0014989766,-1,SOHB_ECOLI,3.0,Escherichia coli
0.9994099,0.0005901122,-1,LSRD_ECOLI,3.0,Escherichia coli
0.9989273,0.0010726325,-1,PSTC_ECOLI,3.0,Escherichia coli
0.9987658,0.0012342116,-1,YGHA_ECOLI,3.0,Escherichia coli
0.9989685,0.0010315364,-1,YCJO_ECOLI,3.0,Escherichia coli
0.997004,0.002996046,-1,YCFH_ECOLI,3.0,Escherichia coli
0.999458,0.000541964,-1,PNUC_ECOLI,3.0,Escherichia coli
0.9981931,0.001806981,-1,SANA_ECOLI,3.0,Escherichia coli
0.99940956,0.00059043284,-1,MODB_ECOLI,3.0,Escherichia coli
0.99790025,0.0020997578,-1,YHID_ECOLI,3.0,Escherichia coli
0.9991178,0.00088217744,-1,RHTB_ECOLI,3.0,Escherichia coli
0.99953914,0.00046091445,-1,RHTC_ECOLI,3.0,Escherichia coli
0.99612397,0.0038760405,-1,OSMY_ECOLI,3.0,Escherichia coli
0.99864393,0.0013560244,-1,MTLR_ECOLI,3.0,Escherichia coli
0.99915266,0.0008473339,-1,TABA_ECOLI,3.0,Escherichia coli
0.99861324,0.0013867193,-1,NSRR_ECOLI,3.0,Escherichia coli
0.9979114,0.002088594,-1,YIJD_ECOLI,3.0,Escherichia coli
0.99886453,0.0011355164,-1,PSPB_ECOLI,3.0,Escherichia coli
0.99306035,0.0069397087,-1,PSPD_ECOLI,3.0,Escherichia coli
0.99881077,0.0011892397,-1,ACFD_ECOLI,3.0,Escherichia coli
0.99836665,0.0016333485,-1,EPTC_ECOLI,3.0,Escherichia coli
0.9954743,0.0045257434,-1,SYR_ECOLI,3.0,Escherichia coli
0.9991642,0.00083576597,-1,BGLB_ECOLI,3.0,Escherichia coli
0.99767226,0.0023277914,-1,TRKA_ECOLI,3.0,Escherichia coli
0.99942195,0.00057801313,-1,UIDB_ECOLI,3.0,Escherichia coli
0.9994282,0.000571728,-1,UIDB2_ECOLI,3.0,Escherichia coli
0.9989544,0.0010455076,-1,KBAZ_ECOLI,3.0,Escherichia coli
0.99887973,0.0011203164,-1,GATZ_ECOLI,3.0,Escherichia coli
0.99850273,0.0014972411,-1,XYLH_ECOLI,3.0,Escherichia coli
0.9789469,0.021053012,-1,INSI1_ECOLI,3.0,Escherichia coli
0.99640733,0.0035926942,-1,MCRC_ECOLI,3.0,Escherichia coli
0.9993311,0.00066889223,-1,IAP_ECOLI,3.0,Escherichia coli
0.9958984,0.0041015334,-1,ARGC_ECOLI,3.0,Escherichia coli
0.9992101,0.0007898008,-1,ILVGP_ECOLI,3.0,Escherichia coli
0.9987092,0.0012907933,-1,FDHE_ECOLI,3.0,Escherichia coli
0.9986487,0.0013512609,-1,LIT_ECOLI,3.0,Escherichia coli
0.08636583,0.9136342,-1,BGLG_ECOLI,3.0,Escherichia coli
0.9980046,0.0019953826,-1,ENVY_ECOLI,3.0,Escherichia coli
0.99789053,0.0021094216,-1,BIOC_ECOLI,3.0,Escherichia coli
0.10777936,0.8922207,-1,TRMH_ECOLI,3.0,Escherichia coli
0.9986399,0.001360074,-1,PHNE2_ECOLI,3.0,Escherichia coli
0.99938726,0.00061274786,-1,YJIP_ECOLI,3.0,Escherichia coli
0.3779039,0.62209606,-1,YHBY_ECOLI,3.0,Escherichia coli
0.9968983,0.0031017677,-1,MNTS_ECOLI,3.0,Escherichia coli
0.9991824,0.00081755477,-1,DCOR_ECOLI,3.0,Escherichia coli
0.99763155,0.0023683964,-1,MALQ_ECOLI,3.0,Escherichia coli
0.7821742,0.21782582,-1,RECJ_ECOLI,3.0,Escherichia coli
0.99861336,0.0013866109,-1,PUR9_ECOLI,3.0,Escherichia coli
0.99942845,0.00057151384,-1,CYNX_ECOLI,3.0,Escherichia coli
0.9983581,0.0016418851,-1,PHNM_ECOLI,3.0,Escherichia coli
0.99879277,0.0012072104,-1,MALI_ECOLI,3.0,Escherichia coli
0.9992894,0.0007105216,-1,PHND_ECOLI,3.0,Escherichia coli
0.59311545,0.40688455,-1,TUS_ECOLI,3.0,Escherichia coli
0.99941754,0.0005824845,-1,XAPR_ECOLI,3.0,Escherichia coli
0.9946721,0.005327925,-1,YICC_ECOLI,3.0,Escherichia coli
0.99561536,0.004384678,-1,INSK_ECOLI,3.0,Escherichia coli
0.99889165,0.001108317,-1,CHBR_ECOLI,3.0,Escherichia coli
0.99861634,0.0013836204,-1,CYST_ECOLI,3.0,Escherichia coli
0.9966852,0.0033148222,-1,PHNC_ECOLI,3.0,Escherichia coli
0.99836594,0.0016341155,-1,NARW_ECOLI,3.0,Escherichia coli
0.9985287,0.0014712736,-1,YCAC_ECOLI,3.0,Escherichia coli
0.9981863,0.0018136986,-1,FIC_ECOLI,3.0,Escherichia coli
0.9991284,0.00087156356,-1,HYAD_ECOLI,3.0,Escherichia coli
0.9968823,0.0031177087,-1,ACPH_ECOLI,3.0,Escherichia coli
0.9985361,0.001463877,-1,PHNN_ECOLI,3.0,Escherichia coli
0.9993057,0.0006942736,-1,SSBF_ECOLI,3.0,Escherichia coli
0.99898034,0.0010196543,-1,FLIN_ECOLI,3.0,Escherichia coli
0.99788135,0.0021186105,-1,FLIO_ECOLI,3.0,Escherichia coli
0.9983741,0.0016258219,-1,YBDZ_ECOLI,3.0,Escherichia coli
0.9994574,0.00054255634,-1,ACRF_ECOLI,3.0,Escherichia coli
0.9988438,0.0011561248,-1,PDEA_ECOLI,3.0,Escherichia coli
0.9990501,0.0009499481,-1,ASLA_ECOLI,3.0,Escherichia coli
0.99906856,0.0009314139,-1,AMY2_ECOLI,3.0,Escherichia coli
0.9989405,0.0010594965,-1,PTIBC_ECOLI,3.0,Escherichia coli
0.99635917,0.0036407725,-1,MANC_ECOLI,3.0,Escherichia coli
0.99896455,0.0010355009,-1,ASCB_ECOLI,3.0,Escherichia coli
0.99876946,0.0012304836,-1,MANB_ECOLI,3.0,Escherichia coli
0.9953069,0.004693034,-1,AMIB_ECOLI,3.0,Escherichia coli
0.9991266,0.0008733805,-1,MDTG_ECOLI,3.0,Escherichia coli
0.9990287,0.0009712965,-1,ARAJ_ECOLI,3.0,Escherichia coli
0.9766054,0.0233946,-1,INTD_ECOLI,3.0,Escherichia coli
0.9988895,0.0011104943,-1,ACRE_ECOLI,3.0,Escherichia coli
0.9993087,0.0006913257,-1,FEPE_ECOLI,3.0,Escherichia coli
0.99868566,0.0013143087,-1,GALS_ECOLI,3.0,Escherichia coli
0.9988549,0.0011450958,-1,ASCG_ECOLI,3.0,Escherichia coli
0.9990362,0.00096386403,-1,WAAS_ECOLI,3.0,Escherichia coli
0.99766076,0.0023392607,-1,MRR_ECOLI,3.0,Escherichia coli
0.999038,0.0009620159,-1,CYNR_ECOLI,3.0,Escherichia coli
0.9771968,0.022803243,-1,MCRA_ECOLI,3.0,Escherichia coli
0.9985226,0.0014774827,-1,WAAP_ECOLI,3.0,Escherichia coli
0.99902785,0.0009721246,-1,LEP4_ECOLI,3.0,Escherichia coli
0.9980451,0.0019548729,-1,NLPC_ECOLI,3.0,Escherichia coli
0.9974178,0.002582139,-1,GLGS_ECOLI,3.0,Escherichia coli
0.9994598,0.00054016564,-1,APPX_ECOLI,3.0,Escherichia coli
0.99889994,0.0011000381,-1,LHR_ECOLI,3.0,Escherichia coli
0.9992417,0.00075826806,-1,FIMD_ECOLI,3.0,Escherichia coli
0.99825495,0.0017449916,-1,THIC_ECOLI,3.0,Escherichia coli
0.9989712,0.0010288076,-1,ASMA_ECOLI,3.0,Escherichia coli
0.99766266,0.0023372937,-1,MODF_ECOLI,3.0,Escherichia coli
0.99941146,0.0005885426,-1,YIFK_ECOLI,3.0,Escherichia coli
0.99921703,0.00078294985,-1,WZYE_ECOLI,3.0,Escherichia coli
0.9989348,0.0010652223,-1,ADEQ_ECOLI,3.0,Escherichia coli
0.99912053,0.0008794829,-1,SOTB_ECOLI,3.0,Escherichia coli
0.9993691,0.0006309054,-1,YDEE_ECOLI,3.0,Escherichia coli
0.99934727,0.00065266923,-1,SETC_ECOLI,3.0,Escherichia coli
0.99927384,0.000726222,-1,EMRD_ECOLI,3.0,Escherichia coli
0.9991454,0.00085454696,-1,MDTL_ECOLI,3.0,Escherichia coli
0.9991456,0.0008543006,-1,PTXC_ECOLI,3.0,Escherichia coli
0.9991412,0.00085872534,-1,WAAB_ECOLI,3.0,Escherichia coli
0.99902594,0.00097406044,-1,PSUK_ECOLI,3.0,Escherichia coli
0.9993944,0.00060561637,-1,EAMA_ECOLI,3.0,Escherichia coli
0.9987651,0.0012349673,-1,YHDJ_ECOLI,3.0,Escherichia coli
0.9993303,0.0006697138,-1,DGOK_ECOLI,3.0,Escherichia coli
0.99887127,0.0011287594,-1,WECG_ECOLI,3.0,Escherichia coli
0.99912935,0.0008706365,-1,ARTI_ECOLI,3.0,Escherichia coli
0.99830604,0.0016940047,-1,WAAY_ECOLI,3.0,Escherichia coli
0.9313705,0.068629466,-1,FLIH_ECOLI,3.0,Escherichia coli
0.99802434,0.001975727,-1,WECD_ECOLI,3.0,Escherichia coli
0.9941281,0.005871881,-1,GREB_ECOLI,3.0,Escherichia coli
0.99918777,0.0008122296,-1,NFRA_ECOLI,3.0,Escherichia coli
0.999265,0.00073499884,-1,PQQL_ECOLI,3.0,Escherichia coli
0.99938726,0.0006127689,-1,YDDA_ECOLI,3.0,Escherichia coli
0.9992211,0.00077891164,-1,NRFE_ECOLI,3.0,Escherichia coli
0.99896693,0.0010330306,-1,THIP_ECOLI,3.0,Escherichia coli
0.99867237,0.0013277049,-1,PDEC_ECOLI,3.0,Escherichia coli
0.99935573,0.0006442124,-1,MDTP_ECOLI,3.0,Escherichia coli
0.99935013,0.0006498303,-1,PTFLB_ECOLI,3.0,Escherichia coli
0.9985436,0.00145642,-1,HSRA_ECOLI,3.0,Escherichia coli
0.99942243,0.0005775902,-1,YIHO_ECOLI,3.0,Escherichia coli
0.99914587,0.0008541021,-1,YIHP_ECOLI,3.0,Escherichia coli
0.99860066,0.0013992916,-1,PTFC2_ECOLI,3.0,Escherichia coli
0.999252,0.00074797304,-1,YIDZ_ECOLI,3.0,Escherichia coli
0.997874,0.0021260018,-1,FIXB_ECOLI,3.0,Escherichia coli
0.99815077,0.0018491613,-1,YIHG_ECOLI,3.0,Escherichia coli
0.9994868,0.00051313604,-1,RPNC_ECOLI,3.0,Escherichia coli
0.99816304,0.0018369401,-1,PFLC_ECOLI,3.0,Escherichia coli
0.99355596,0.0064440654,-1,TRMN6_ECOLI,3.0,Escherichia coli
0.9985795,0.0014205294,-1,THIQ_ECOLI,3.0,Escherichia coli
0.9990853,0.00091465545,-1,YIIM_ECOLI,3.0,Escherichia coli
0.9986582,0.0013417506,-1,NARP_ECOLI,3.0,Escherichia coli
0.9992403,0.0007597436,-1,PTFLA_ECOLI,3.0,Escherichia coli
0.9993315,0.0006685494,-1,NRFF_ECOLI,3.0,Escherichia coli
0.99873334,0.0012666759,-1,PTFB3_ECOLI,3.0,Escherichia coli
0.9976567,0.0023432602,-1,PSPG_ECOLI,3.0,Escherichia coli
0.99956447,0.0004354891,-1,TRAG1_ECOLI,3.0,Escherichia coli
0.99936634,0.0006336886,-1,YEHB_ECOLI,3.0,Escherichia coli
0.99862385,0.0013761326,-1,YEJA_ECOLI,3.0,Escherichia coli
0.997031,0.002968961,-1,SGRR_ECOLI,3.0,Escherichia coli
0.99750996,0.0024900578,-1,YEJF_ECOLI,3.0,Escherichia coli
0.999032,0.0009679763,-1,OPGG_ECOLI,3.0,Escherichia coli
0.9994956,0.0005043564,-1,MDTQ_ECOLI,3.0,Escherichia coli
0.99908555,0.0009144201,-1,NUPX_ECOLI,3.0,Escherichia coli
0.99911684,0.0008832057,-1,PSUT_ECOLI,3.0,Escherichia coli
0.99897337,0.0010266643,-1,YJFC_ECOLI,3.0,Escherichia coli
0.99945027,0.0005497778,-1,YEHA_ECOLI,3.0,Escherichia coli
0.9990539,0.0009460474,-1,YEJE_ECOLI,3.0,Escherichia coli
0.9995239,0.0004761247,-1,ALSC_ECOLI,3.0,Escherichia coli
0.99927026,0.00072968815,-1,YEHZ_ECOLI,3.0,Escherichia coli
0.9944699,0.005530108,-1,RECT_ECOLI,3.0,Escherichia coli
0.99848914,0.0015108449,-1,NIKE_ECOLI,3.0,Escherichia coli
0.99963593,0.00036405827,-1,FLIR_ECOLI,3.0,Escherichia coli
0.998771,0.0012289984,-1,NIKD_ECOLI,3.0,Escherichia coli
0.9983386,0.0016613541,-1,ADIY_ECOLI,3.0,Escherichia coli
0.999132,0.0008680073,-1,YADV_ECOLI,3.0,Escherichia coli
0.999215,0.0007849448,-1,YEHC_ECOLI,3.0,Escherichia coli
0.99955827,0.00044177036,-1,YEHD_ECOLI,3.0,Escherichia coli
0.5515172,0.44848284,-1,RECX_ECOLI,3.0,Escherichia coli
0.99920684,0.00079314417,-1,TSUB_ECOLI,3.0,Escherichia coli
0.9990043,0.0009957411,-1,RCBA_ECOLI,3.0,Escherichia coli
0.74754566,0.25245434,-1,HRPB_ECOLI,3.0,Escherichia coli
0.9984092,0.001590781,-1,AEGA_ECOLI,3.0,Escherichia coli
0.999188,0.0008120222,-1,CCMF_ECOLI,3.0,Escherichia coli
0.99934644,0.0006535445,-1,HOFQ_ECOLI,3.0,Escherichia coli
0.99943787,0.00056208164,-1,HYBB_ECOLI,3.0,Escherichia coli
0.9976987,0.002301326,-1,CDAR_ECOLI,3.0,Escherichia coli
0.99940515,0.0005948574,-1,COBT_ECOLI,3.0,Escherichia coli
0.9985555,0.0014444935,-1,FBPC_ECOLI,3.0,Escherichia coli
0.9993326,0.00066735764,-1,NDPA_ECOLI,3.0,Escherichia coli
0.9993155,0.0006844794,-1,OMPP_ECOLI,3.0,Escherichia coli
0.9989925,0.0010074705,-1,LRHA_ECOLI,3.0,Escherichia coli
0.99206245,0.007937576,-1,YADG_ECOLI,3.0,Escherichia coli
0.97923374,0.020766275,-1,RDGC_ECOLI,3.0,Escherichia coli
0.99946386,0.00053612323,-1,YAEI_ECOLI,3.0,Escherichia coli
0.99923694,0.0007630945,-1,WBBL_ECOLI,3.0,Escherichia coli
0.99925,0.000749935,-1,COBS_ECOLI,3.0,Escherichia coli
0.9997683,0.00023168087,-1,YADL_ECOLI,3.0,Escherichia coli
0.9997348,0.00026517946,-1,YADK_ECOLI,3.0,Escherichia coli
0.9997639,0.0002360588,-1,YADN_ECOLI,3.0,Escherichia coli
0.99971133,0.00028859376,-1,YADM_ECOLI,3.0,Escherichia coli
0.9993742,0.00062578486,-1,HYBD_ECOLI,3.0,Escherichia coli
0.99912554,0.0008745218,-1,FXSA_ECOLI,3.0,Escherichia coli
0.99946254,0.00053745793,-1,GSPM_ECOLI,3.0,Escherichia coli
0.9991549,0.0008450722,-1,PPDD_ECOLI,3.0,Escherichia coli
0.9979411,0.0020588755,-1,CSPB_ECOLI,3.0,Escherichia coli
0.9991898,0.00081014866,-1,BCSB_ECOLI,3.0,Escherichia coli
0.9984774,0.0015226288,-1,PDEK_ECOLI,3.0,Escherichia coli
0.9971041,0.0028959077,-1,RTCR_ECOLI,3.0,Escherichia coli
0.99930775,0.0006922737,-1,YDIF_ECOLI,3.0,Escherichia coli
0.9985024,0.001497602,-1,UXUB_ECOLI,3.0,Escherichia coli
0.9984804,0.0015196493,-1,YHJA_ECOLI,3.0,Escherichia coli
0.9986658,0.0013342109,-1,PUUB_ECOLI,3.0,Escherichia coli
0.998858,0.0011420284,-1,RFBX_ECOLI,3.0,Escherichia coli
0.9994112,0.0005888332,-1,YDHC_ECOLI,3.0,Escherichia coli
0.9991357,0.00086440385,-1,YHJX_ECOLI,3.0,Escherichia coli
0.9995283,0.00047167583,-1,TORT_ECOLI,3.0,Escherichia coli
0.99898285,0.0010171705,-1,YJFF_ECOLI,3.0,Escherichia coli
0.99915576,0.0008442915,-1,WBBI_ECOLI,3.0,Escherichia coli
0.99902487,0.0009751371,-1,YDDE_ECOLI,3.0,Escherichia coli
0.9989774,0.0010225897,-1,SGBU_ECOLI,3.0,Escherichia coli
0.99854773,0.0014522042,-1,YIAJ_ECOLI,3.0,Escherichia coli
0.9988475,0.0011524823,-1,BCSQP_ECOLI,3.0,Escherichia coli
0.99884605,0.0011539765,-1,WBBJ_ECOLI,3.0,Escherichia coli
0.9984909,0.0015090512,-1,ACPT_ECOLI,3.0,Escherichia coli
0.99747425,0.0025257077,-1,DCTR_ECOLI,3.0,Escherichia coli
0.9994809,0.0005190885,-1,SFMF_ECOLI,3.0,Escherichia coli
0.99898106,0.0010189721,-1,YIAC_ECOLI,3.0,Escherichia coli
0.99879503,0.0012049287,-1,ARSR_ECOLI,3.0,Escherichia coli
0.9860736,0.013926355,-1,PMRD_ECOLI,3.0,Escherichia coli
0.99555343,0.0044465847,-1,KILR_ECOLI,3.0,Escherichia coli
0.9982838,0.001716184,-1,MSCM_ECOLI,3.0,Escherichia coli
0.9986694,0.0013306208,-1,YBAL_ECOLI,3.0,Escherichia coli
0.9972619,0.002738086,-1,YJJJ_ECOLI,3.0,Escherichia coli
0.9985279,0.0014720631,-1,SGCC_ECOLI,3.0,Escherichia coli
0.9990355,0.00096449326,-1,NANX_ECOLI,3.0,Escherichia coli
0.9991387,0.0008612903,-1,LPLT_ECOLI,3.0,Escherichia coli
0.9930601,0.006939962,-1,INTB_ECOLI,3.0,Escherichia coli
0.9987704,0.0012295345,-1,YTFT_ECOLI,3.0,Escherichia coli
0.9993849,0.0006150739,-1,ALSB_ECOLI,3.0,Escherichia coli
0.99894005,0.0010600104,-1,LGOR_ECOLI,3.0,Escherichia coli
0.9989643,0.001035721,-1,YJHH_ECOLI,3.0,Escherichia coli
0.998637,0.0013629098,-1,YEAD_ECOLI,3.0,Escherichia coli
0.9982185,0.0017815465,-1,YJJW_ECOLI,3.0,Escherichia coli
0.99888295,0.0011170353,-1,ULAE_ECOLI,3.0,Escherichia coli
0.99922156,0.0007784227,-1,ZNUB_ECOLI,3.0,Escherichia coli
0.9916952,0.008304782,-1,YJJV_ECOLI,3.0,Escherichia coli
0.9994184,0.00058166235,-1,YJFP_ECOLI,3.0,Escherichia coli
0.9987276,0.0012723821,-1,CHAC_ECOLI,3.0,Escherichia coli
0.9985929,0.0014070608,-1,SGCE_ECOLI,3.0,Escherichia coli
0.99922264,0.0007773486,-1,BDCR_ECOLI,3.0,Escherichia coli
0.9992466,0.0007534544,-1,CAIE_ECOLI,3.0,Escherichia coli
0.99917656,0.000823428,-1,IDNK_ECOLI,3.0,Escherichia coli
0.9982559,0.001744055,-1,KPTA_ECOLI,3.0,Escherichia coli
0.9982577,0.0017422751,-1,SPRT_ECOLI,3.0,Escherichia coli
0.99894506,0.001055004,-1,BSMA_ECOLI,3.0,Escherichia coli
0.9990877,0.0009123242,-1,YRAJ_ECOLI,3.0,Escherichia coli
0.99827754,0.0017224989,-1,YHBX_ECOLI,3.0,Escherichia coli
0.99902225,0.0009777405,-1,DCUD_ECOLI,3.0,Escherichia coli
0.998268,0.0017319573,-1,TDCG_ECOLI,3.0,Escherichia coli
0.9995524,0.00044749983,-1,FRLA_ECOLI,3.0,Escherichia coli
0.9985864,0.001413665,-1,YHAM_ECOLI,3.0,Escherichia coli
0.99912816,0.00087183894,-1,AGAS_ECOLI,3.0,Escherichia coli
0.9502795,0.049720515,-1,RLMG_ECOLI,3.0,Escherichia coli
0.9992943,0.00070566236,-1,YRAK_ECOLI,3.0,Escherichia coli
0.9979942,0.002005846,-1,ALX_ECOLI,3.0,Escherichia coli
0.99906963,0.0009303576,-1,TTDR_ECOLI,3.0,Escherichia coli
0.9991303,0.0008696784,-1,PTPC1_ECOLI,3.0,Escherichia coli
0.9991136,0.00088636414,-1,PTPD_ECOLI,3.0,Escherichia coli
0.99831855,0.0016814809,-1,AGAI_ECOLI,3.0,Escherichia coli
0.998137,0.0018630063,-1,YHAK_ECOLI,3.0,Escherichia coli
0.9989017,0.0010982465,-1,YRAI_ECOLI,3.0,Escherichia coli
0.9994413,0.0005586265,-1,YRAH_ECOLI,3.0,Escherichia coli
0.9985637,0.001436321,-1,NUDL_ECOLI,3.0,Escherichia coli
0.9988575,0.0011425088,-1,GSPH_ECOLI,3.0,Escherichia coli
0.9833413,0.016658708,-1,PTPB1_ECOLI,3.0,Escherichia coli
0.99613744,0.0038625486,-1,PTPB2_ECOLI,3.0,Escherichia coli
0.99938154,0.00061840593,-1,GSPG_ECOLI,3.0,Escherichia coli
0.99820113,0.0017988371,-1,PTPC2_ECOLI,3.0,Escherichia coli
0.99714166,0.002858281,-1,TUSC_ECOLI,3.0,Escherichia coli
0.9953607,0.0046393303,-1,TUSB_ECOLI,3.0,Escherichia coli
0.919772,0.08022795,-1,YHGF_ECOLI,3.0,Escherichia coli
0.99725527,0.0027447962,-1,IGAA_ECOLI,3.0,Escherichia coli
0.999213,0.00078697974,-1,AAEB_ECOLI,3.0,Escherichia coli
0.9971949,0.0028051438,-1,GSPE_ECOLI,3.0,Escherichia coli
0.99938786,0.00061214785,-1,SCPC_ECOLI,3.0,Escherichia coli
0.9967541,0.0032459202,-1,GSPA_ECOLI,3.0,Escherichia coli
0.9976179,0.0023820954,-1,YHDX_ECOLI,3.0,Escherichia coli
0.9899294,0.010070576,-1,GSPL_ECOLI,3.0,Escherichia coli
0.9984073,0.001592712,-1,YHDY_ECOLI,3.0,Escherichia coli
0.99639434,0.0036057006,-1,GSPK_ECOLI,3.0,Escherichia coli
0.9992913,0.00070863694,-1,DSDC_ECOLI,3.0,Escherichia coli
0.9989531,0.0010468892,-1,AAEA_ECOLI,3.0,Escherichia coli
0.99902666,0.0009732904,-1,HEXR_ECOLI,3.0,Escherichia coli
0.9988116,0.001188417,-1,HOFM_ECOLI,3.0,Escherichia coli
0.9966421,0.0033579487,-1,YHDZ_ECOLI,3.0,Escherichia coli
0.99899,0.0010100116,-1,FRLR_ECOLI,3.0,Escherichia coli
0.9986578,0.0013421495,-1,GNTX_ECOLI,3.0,Escherichia coli
0.9984586,0.0015413873,-1,AIS_ECOLI,3.0,Escherichia coli
0.9994287,0.0005712726,-1,GSPJ_ECOLI,3.0,Escherichia coli
0.99895847,0.0010414786,-1,GNTK_ECOLI,3.0,Escherichia coli
0.99819785,0.0018022103,-1,AAAT_ECOLI,3.0,Escherichia coli
0.9994498,0.0005502228,-1,HOFO_ECOLI,3.0,Escherichia coli
0.99779993,0.0022000072,-1,USPC_ECOLI,3.0,Escherichia coli
0.99794525,0.0020547737,-1,HOFP_ECOLI,3.0,Escherichia coli
0.99918514,0.0008148762,-1,GSPI_ECOLI,3.0,Escherichia coli
0.99930704,0.0006929113,-1,YPJA_ECOLI,3.0,Escherichia coli
0.9990237,0.0009763629,-1,NIFJ_ECOLI,3.0,Escherichia coli
0.9992218,0.00077818305,-1,MNGB_ECOLI,3.0,Escherichia coli
0.9993549,0.0006450925,-1,OPGH_ECOLI,3.0,Escherichia coli
0.20655873,0.7934413,-1,YHES_ECOLI,3.0,Escherichia coli
0.99641055,0.0035894967,-1,ABPA_ECOLI,3.0,Escherichia coli
0.99894565,0.0010543574,-1,DIGH_ECOLI,3.0,Escherichia coli
0.9983919,0.0016080651,-1,FSR_ECOLI,3.0,Escherichia coli
0.999252,0.0007479776,-1,TSGA_ECOLI,3.0,Escherichia coli
0.50139475,0.49860528,-1,FLIK_ECOLI,3.0,Escherichia coli
0.9990108,0.0009892238,-1,WECF_ECOLI,3.0,Escherichia coli
0.9980597,0.0019402638,-1,FIXA_ECOLI,3.0,Escherichia coli
0.99840975,0.0015902156,-1,RSTA_ECOLI,3.0,Escherichia coli
0.99854624,0.001453844,-1,QSEB_ECOLI,3.0,Escherichia coli
0.99885404,0.001145971,-1,COBC_ECOLI,3.0,Escherichia coli
0.9995121,0.0004879047,-1,PTHC_ECOLI,3.0,Escherichia coli
0.99760205,0.0023979188,-1,FLIZ_ECOLI,3.0,Escherichia coli
0.9989496,0.0010503916,-1,GADE_ECOLI,3.0,Escherichia coli
0.99772197,0.0022779622,-1,UBIT_ECOLI,3.0,Escherichia coli
0.99875236,0.0012476887,-1,YHBS_ECOLI,3.0,Escherichia coli
0.99946827,0.00053180224,-1,FLIJ_ECOLI,3.0,Escherichia coli
0.9953093,0.0046906625,-1,RATB_ECOLI,3.0,Escherichia coli
0.9995727,0.00042727118,-1,SGCB_ECOLI,3.0,Escherichia coli
0.99942625,0.00057379,-1,YFHL_ECOLI,3.0,Escherichia coli
0.997282,0.0027179508,-1,ORTT_ECOLI,3.0,Escherichia coli
0.99923766,0.0007623959,-1,DTPD_ECOLI,3.0,Escherichia coli
0.9994517,0.0005483548,-1,CHIP_ECOLI,3.0,Escherichia coli
0.9921244,0.0078756185,-1,INTF_ECOLI,3.0,Escherichia coli
0.99929726,0.0007027289,-1,PTMCB_ECOLI,3.0,Escherichia coli
0.99917233,0.0008276933,-1,YAGG_ECOLI,3.0,Escherichia coli
0.99899334,0.0010066205,-1,MDTH_ECOLI,3.0,Escherichia coli
0.9989875,0.0010125093,-1,YBHG_ECOLI,3.0,Escherichia coli
0.99931514,0.00068487943,-1,SFMH_ECOLI,3.0,Escherichia coli
0.9988343,0.0011657297,-1,ZITB_ECOLI,3.0,Escherichia coli
0.9987399,0.0012601693,-1,PXPC_ECOLI,3.0,Escherichia coli
0.99916875,0.0008313293,-1,AAER_ECOLI,3.0,Escherichia coli
0.9484986,0.051501404,-1,RLMF_ECOLI,3.0,Escherichia coli
0.27722242,0.7227776,-1,RSMI_ECOLI,3.0,Escherichia coli
0.99842036,0.001579703,-1,YBFF_ECOLI,3.0,Escherichia coli
0.99869496,0.001305019,-1,PXPA_ECOLI,3.0,Escherichia coli
0.9991385,0.0008614828,-1,RCLC_ECOLI,3.0,Escherichia coli
0.9987257,0.0012742484,-1,ECPR_ECOLI,3.0,Escherichia coli
0.99866664,0.0013333407,-1,YFCD_ECOLI,3.0,Escherichia coli
0.9991141,0.00088591117,-1,HOFN_ECOLI,3.0,Escherichia coli
0.9995364,0.0004636492,-1,PTXB_ECOLI,3.0,Escherichia coli
0.9993678,0.00063224224,-1,YQCA_ECOLI,3.0,Escherichia coli
0.9991124,0.0008875312,-1,PTFB1_ECOLI,3.0,Escherichia coli
0.9978666,0.0021334374,-1,PTFB2_ECOLI,3.0,Escherichia coli
0.99815875,0.0018412204,-1,FEOC_ECOLI,3.0,Escherichia coli
0.9988268,0.0011731788,-1,RCLB_ECOLI,3.0,Escherichia coli
0.9991621,0.0008379558,-1,YCGV_ECOLI,3.0,Escherichia coli
0.99930644,0.00069350324,-1,ELFC_ECOLI,3.0,Escherichia coli
0.99898416,0.0010157948,-1,PDEI_ECOLI,3.0,Escherichia coli
0.9988582,0.0011418423,-1,YCAO_ECOLI,3.0,Escherichia coli
0.99874145,0.0012585847,-1,NHAP2_ECOLI,3.0,Escherichia coli
0.9985208,0.0014791938,-1,OPGE_ECOLI,3.0,Escherichia coli
0.9990996,0.0009004518,-1,OPGC_ECOLI,3.0,Escherichia coli
0.9896695,0.010330466,-1,RLMC_ECOLI,3.0,Escherichia coli
0.9917374,0.00826257,-1,INTE_ECOLI,3.0,Escherichia coli
0.99904186,0.00095809816,-1,ELFG_ECOLI,3.0,Escherichia coli
0.99899524,0.001004743,-1,SSUA_ECOLI,3.0,Escherichia coli
0.9980405,0.001959578,-1,FLGJ_ECOLI,3.0,Escherichia coli
0.9989532,0.0010467686,-1,GSID_ECOLI,3.0,Escherichia coli
0.99682826,0.0031716723,-1,PFLE_ECOLI,3.0,Escherichia coli
0.99911433,0.0008857019,-1,LYSO_ECOLI,3.0,Escherichia coli
0.99937767,0.0006224061,-1,EFEU_ECOLI,3.0,Escherichia coli
0.9995049,0.000495064,-1,THIK_ECOLI,3.0,Escherichia coli
0.9987435,0.0012565551,-1,SSUC_ECOLI,3.0,Escherichia coli
0.9986633,0.0013367196,-1,FLGF_ECOLI,3.0,Escherichia coli
0.999035,0.00096500205,-1,C56H2_ECOLI,3.0,Escherichia coli
0.9990357,0.00096435094,-1,YCDY_ECOLI,3.0,Escherichia coli
0.9997272,0.0002728522,-1,ELFA_ECOLI,3.0,Escherichia coli
0.9989911,0.0010088681,-1,RCDA_ECOLI,3.0,Escherichia coli
0.9992636,0.0007364467,-1,PLIG_ECOLI,3.0,Escherichia coli
0.9856208,0.014379123,-1,IRAM_ECOLI,3.0,Escherichia coli
0.99957746,0.00042259306,-1,YDHV_ECOLI,3.0,Escherichia coli
0.99755174,0.002448246,-1,FLHA_ECOLI,3.0,Escherichia coli
0.99894077,0.0010592428,-1,PDED_ECOLI,3.0,Escherichia coli
0.9983944,0.0016055239,-1,DDPA_ECOLI,3.0,Escherichia coli
0.9988901,0.0011099247,-1,YNJC_ECOLI,3.0,Escherichia coli
0.26214913,0.73785084,-1,RSMF_ECOLI,3.0,Escherichia coli
0.9991677,0.000832349,-1,YCJX_ECOLI,3.0,Escherichia coli
0.9987024,0.0012976112,-1,HGLS_ECOLI,3.0,Escherichia coli
0.9989191,0.0010809158,-1,CLCB_ECOLI,3.0,Escherichia coli
0.9739819,0.02601808,-1,INSQ_ECOLI,3.0,Escherichia coli
0.997156,0.002843972,-1,INTQ_ECOLI,3.0,Escherichia coli
0.99941754,0.0005824826,-1,YCJQ_ECOLI,3.0,Escherichia coli
0.9994373,0.0005626913,-1,LSRB_ECOLI,3.0,Escherichia coli
0.9963331,0.0036668146,-1,CNTB_ECOLI,3.0,Escherichia coli
0.99830747,0.0016925804,-1,YDHF_ECOLI,3.0,Escherichia coli
0.99958557,0.00041438657,-1,YNFH_ECOLI,3.0,Escherichia coli
0.9985684,0.0014315203,-1,NIMR_ECOLI,3.0,Escherichia coli
0.9987728,0.001227211,-1,KDGR_ECOLI,3.0,Escherichia coli
0.9974661,0.0025338982,-1,YDEO_ECOLI,3.0,Escherichia coli
0.9990526,0.00094740273,-1,YDIV_ECOLI,3.0,Escherichia coli
0.9990615,0.00093852275,-1,MCBR_ECOLI,3.0,Escherichia coli
0.99837154,0.0016284983,-1,LYSQ_ECOLI,3.0,Escherichia coli
0.99930525,0.00069479056,-1,PAAD_ECOLI,3.0,Escherichia coli
0.9987639,0.0012360862,-1,MSRC_ECOLI,3.0,Escherichia coli
0.9990683,0.0009317522,-1,PAAB_ECOLI,3.0,Escherichia coli
0.9994469,0.000553088,-1,YQIG_ECOLI,3.0,Escherichia coli
0.9987552,0.001244829,-1,YEGI_ECOLI,3.0,Escherichia coli
0.99890447,0.0010955139,-1,PDEN_ECOLI,3.0,Escherichia coli
0.99891853,0.0010814626,-1,EUTA_ECOLI,3.0,Escherichia coli
0.9990607,0.0009392974,-1,EUTH_ECOLI,3.0,Escherichia coli
0.95324874,0.04675123,-1,INTZ_ECOLI,3.0,Escherichia coli
0.9979011,0.0020989648,-1,ATOB_ECOLI,3.0,Escherichia coli
0.9986039,0.0013961536,-1,FLHB_ECOLI,3.0,Escherichia coli
0.99906665,0.0009333542,-1,WZZB_ECOLI,3.0,Escherichia coli
0.9988411,0.0011589774,-1,YDCU_ECOLI,3.0,Escherichia coli
0.9988404,0.0011596858,-1,YDCI_ECOLI,3.0,Escherichia coli
0.9990539,0.00094606273,-1,ARND_ECOLI,3.0,Escherichia coli
0.99731714,0.002682919,-1,YFCO_ECOLI,3.0,Escherichia coli
0.9985013,0.0014987496,-1,MPGP_ECOLI,3.0,Escherichia coli
0.9985661,0.0014339396,-1,MLAA_ECOLI,3.0,Escherichia coli
0.999218,0.0007820353,-1,EUTQ_ECOLI,3.0,Escherichia coli
0.9990933,0.00090670644,-1,YNJD_ECOLI,3.0,Escherichia coli
0.9953471,0.004652927,-1,PINQ_ECOLI,3.0,Escherichia coli
0.9995136,0.00048631744,-1,YFCP_ECOLI,3.0,Escherichia coli
0.9991253,0.0008746542,-1,C56H1_ECOLI,3.0,Escherichia coli
0.99963915,0.00036079183,-1,YFCR_ECOLI,3.0,Escherichia coli
0.998243,0.0017570195,-1,EUTK_ECOLI,3.0,Escherichia coli
0.9992945,0.00070544315,-1,YFCQ_ECOLI,3.0,Escherichia coli
0.9991454,0.0008546448,-1,SIXA_ECOLI,3.0,Escherichia coli
0.9980732,0.0019267014,-1,EUTP_ECOLI,3.0,Escherichia coli
0.99936026,0.000639803,-1,YFCU_ECOLI,3.0,Escherichia coli
0.99860746,0.0013926153,-1,MDLA_ECOLI,3.0,Escherichia coli
0.9993395,0.0006604647,-1,YDEN_ECOLI,3.0,Escherichia coli
0.9991744,0.0008255386,-1,HSCC_ECOLI,3.0,Escherichia coli
0.998922,0.0010779798,-1,HYFG_ECOLI,3.0,Escherichia coli
0.9991757,0.00082422,-1,LSRK_ECOLI,3.0,Escherichia coli
0.9992855,0.00071455655,-1,HYFF_ECOLI,3.0,Escherichia coli
0.99874794,0.0012520433,-1,WZXC_ECOLI,3.0,Escherichia coli
0.9993556,0.0006443419,-1,HYFD_ECOLI,3.0,Escherichia coli
0.9992046,0.0007954467,-1,YBAT_ECOLI,3.0,Escherichia coli
0.9992761,0.0007239559,-1,YDFJ_ECOLI,3.0,Escherichia coli
0.99911696,0.00088304747,-1,GCS2_ECOLI,3.0,Escherichia coli
0.86564195,0.13435803,-1,CITC_ECOLI,3.0,Escherichia coli
0.9987777,0.0012223322,-1,YPHD_ECOLI,3.0,Escherichia coli
0.99855274,0.0014472308,-1,DDPD_ECOLI,3.0,Escherichia coli
0.999549,0.00045095987,-1,YPHF_ECOLI,3.0,Escherichia coli
0.9982046,0.001795395,-1,PAOD_ECOLI,3.0,Escherichia coli
0.99916506,0.00083500944,-1,GTRB_ECOLI,3.0,Escherichia coli
0.9991792,0.00082082715,-1,CITG_ECOLI,3.0,Escherichia coli
0.99882454,0.0011754261,-1,RSXE_ECOLI,3.0,Escherichia coli
0.99939036,0.0006096302,-1,SFMC_ECOLI,3.0,Escherichia coli
0.9992841,0.0007159044,-1,YDHX_ECOLI,3.0,Escherichia coli
0.9996604,0.00033961292,-1,YFCV_ECOLI,3.0,Escherichia coli
0.99744296,0.002556982,-1,YBCL_ECOLI,3.0,Escherichia coli
0.9981571,0.0018428792,-1,YAFY_ECOLI,3.0,Escherichia coli
0.99924743,0.00075260113,-1,SFMD_ECOLI,3.0,Escherichia coli
0.998914,0.0010860199,-1,YDEP_ECOLI,3.0,Escherichia coli
0.99933904,0.0006609685,-1,YAGF_ECOLI,3.0,Escherichia coli
0.9989774,0.0010226063,-1,PDEB_ECOLI,3.0,Escherichia coli
0.99780387,0.0021961732,-1,YPHE_ECOLI,3.0,Escherichia coli
0.9994199,0.00058004685,-1,YDGA_ECOLI,3.0,Escherichia coli
0.99875927,0.0012407107,-1,EUTE_ECOLI,3.0,Escherichia coli
0.9982065,0.0017934485,-1,YNJE_ECOLI,3.0,Escherichia coli
0.99881834,0.0011816035,-1,SUFD_ECOLI,3.0,Escherichia coli
0.999148,0.0008519652,-1,PTFC1_ECOLI,3.0,Escherichia coli
0.9988921,0.0011078902,-1,YFCJ_ECOLI,3.0,Escherichia coli
0.9991485,0.00085152173,-1,YCJV_ECOLI,3.0,Escherichia coli
0.9989219,0.0010781088,-1,LSRC_ECOLI,3.0,Escherichia coli
0.9982309,0.001769126,-1,YDCT_ECOLI,3.0,Escherichia coli
0.99935645,0.00064353156,-1,HYFC_ECOLI,3.0,Escherichia coli
0.99892765,0.0010723321,-1,DDPF_ECOLI,3.0,Escherichia coli
0.99897146,0.0010285644,-1,ABGR_ECOLI,3.0,Escherichia coli
0.9994331,0.0005669159,-1,RPNB_ECOLI,3.0,Escherichia coli
0.9995474,0.00045253168,-1,YCJP_ECOLI,3.0,Escherichia coli
0.9984652,0.0015348652,-1,YGER_ECOLI,3.0,Escherichia coli
0.99941075,0.00058930175,-1,YFCS_ECOLI,3.0,Escherichia coli
0.9976526,0.0023474735,-1,QUEC_ECOLI,3.0,Escherichia coli
0.9989673,0.0010326671,-1,GTRA_ECOLI,3.0,Escherichia coli
0.99805355,0.0019464112,-1,YKFI_ECOLI,3.0,Escherichia coli
0.9988417,0.001158297,-1,HOKB_ECOLI,3.0,Escherichia coli
0.9988734,0.0011266093,-1,YGFK_ECOLI,3.0,Escherichia coli
0.9977875,0.0022125049,-1,XDHD_ECOLI,3.0,Escherichia coli
0.9989166,0.001083437,-1,UACF_ECOLI,3.0,Escherichia coli
0.99710363,0.0028963536,-1,UACR_ECOLI,3.0,Escherichia coli
0.9981127,0.0018873607,-1,FDRA_ECOLI,3.0,Escherichia coli
0.9982822,0.0017177834,-1,SAPA_ECOLI,3.0,Escherichia coli
0.9976362,0.002363813,-1,YGIS_ECOLI,3.0,Escherichia coli
0.99893135,0.0010685824,-1,YGCU_ECOLI,3.0,Escherichia coli
0.9990374,0.0009625874,-1,GUDX_ECOLI,3.0,Escherichia coli
0.9976882,0.0023118265,-1,ELAD_ECOLI,3.0,Escherichia coli
0.99918205,0.0008179882,-1,YGEW_ECOLI,3.0,Escherichia coli
0.99679655,0.0032034786,-1,YQEF_ECOLI,3.0,Escherichia coli
0.99911433,0.0008856182,-1,HCAT_ECOLI,3.0,Escherichia coli
0.99863535,0.001364688,-1,CBL_ECOLI,3.0,Escherichia coli
0.9987,0.0012999274,-1,NAC_ECOLI,3.0,Escherichia coli
0.99953175,0.00046832292,-1,FEAR_ECOLI,3.0,Escherichia coli
0.99910116,0.00089891994,-1,TAUC_ECOLI,3.0,Escherichia coli
0.9995183,0.00048177046,-1,PPPA_ECOLI,3.0,Escherichia coli
0.99380916,0.006190803,-1,YGCR_ECOLI,3.0,Escherichia coli
0.99906296,0.00093701447,-1,OTNI_ECOLI,3.0,Escherichia coli
0.99894816,0.0010519108,-1,OTNC_ECOLI,3.0,Escherichia coli
0.99818987,0.001810167,-1,XDHC_ECOLI,3.0,Escherichia coli
0.99941444,0.00058552594,-1,YGFX_ECOLI,3.0,Escherichia coli
0.9983095,0.0016904521,-1,YPJF_ECOLI,3.0,Escherichia coli
0.998728,0.0012720051,-1,YAFN_ECOLI,3.0,Escherichia coli
0.99632984,0.0036701576,-1,A0A8A4RZ36_ECOLI,2.0,Escherichia coli
0.99795246,0.002047553,-1,A0A223DQU8_ECOLI,2.0,Escherichia coli
0.9987664,0.0012335817,-1,A0A0G3HUT6_ECOLI,2.0,Escherichia coli
0.99657816,0.0034218403,-1,A0A8A4RX72_ECOLI,2.0,Escherichia coli
0.9967771,0.0032229037,-1,YTFR_ECOLI,3.0,Escherichia coli
0.9973443,0.0026556898,-1,A0A0G3HGF9_ECOLI,2.0,Escherichia coli
0.9993938,0.0006062123,-1,MMUP_ECOLI,3.0,Escherichia coli
0.99923396,0.0007660547,-1,UIDC_ECOLI,3.0,Escherichia coli
0.99901056,0.000989378,-1,A0A8A4RXG2_ECOLI,2.0,Escherichia coli
0.9975495,0.0024505064,-1,A0A0M3KKV1_ECODH,2.0,Escherichia coli
0.95375866,0.046241373,-1,A0A223DQX2_ECOLI,2.0,Escherichia coli
0.9989434,0.0010566092,-1,A0A223DQU6_ECOLI,2.0,Escherichia coli
0.9978283,0.0021716433,-1,INH21_ECOLI,2.0,Escherichia coli
0.9992268,0.00077320397,-1,PERR_ECOLI,3.0,Escherichia coli
0.9970993,0.0029007026,-1,A0A4D6FXD9_ECOLI,2.0,Escherichia coli
0.99667823,0.0033218262,-1,A0A8A4RVT4_ECOLI,2.0,Escherichia coli
0.9990823,0.0009176744,-1,A0A223DQY7_ECOLI,2.0,Escherichia coli
0.9990326,0.00096743566,-1,A0A4D6FVV9_ECOLI,2.0,Escherichia coli
0.997012,0.0029879152,-1,A0A8A4RYJ1_ECOLI,2.0,Escherichia coli
0.9989889,0.0010110716,-1,A0A8A4RZ31_ECOLI,2.0,Escherichia coli
0.9979855,0.0020144915,-1,INSB9_ECOLI,2.0,Escherichia coli
0.99875057,0.0012494004,-1,A0A8A4RYT0_ECOLI,2.0,Escherichia coli
0.9985428,0.0014572858,-1,A0A6D1P025_ECOW3,2.0,Escherichia coli
0.99258244,0.0074175014,-1,INSA9_ECOLI,2.0,Escherichia coli
0.98481464,0.01518539,-1,A0A8A4RYS4_ECOLI,2.0,Escherichia coli
0.99385405,0.006145968,-1,UVRC_ECODH,2.0,Escherichia coli
0.9967073,0.0032926598,-1,A0A8A4RZ90_ECOLI,2.0,Escherichia coli
0.9715892,0.028410746,-1,A0A8A4S283_ECOLI,2.0,Escherichia coli
0.9988462,0.0011538105,-1,DCYD_ECODH,2.0,Escherichia coli
0.9619723,0.03802772,-1,FMT_ECODH,2.0,Escherichia coli
0.997259,0.002740922,-1,A0A8A4RZE1_ECOLI,2.0,Escherichia coli
0.9985013,0.0014987554,-1,MPGP_ECODH,2.0,Escherichia coli
0.9963386,0.0036613906,-1,A0A8A4S2I4_ECOLI,2.0,Escherichia coli
0.9978855,0.0021144713,-1,MSRQ_ECODH,2.0,Escherichia coli
0.005797824,0.9942022,-1,RS4_ECODH,2.0,Escherichia coli
0.9994368,0.00056315464,-1,A0A8A4RZ69_ECOLI,2.0,Escherichia coli
0.99894756,0.0010525124,-1,A5PFK0_ECOLI,2.0,Escherichia coli
0.9902356,0.009764381,-1,DEF_ECODH,2.0,Escherichia coli
0.99802846,0.0019715792,-1,YKFM_ECOLI,2.0,Escherichia coli
0.9965036,0.003496372,-1,YBEY_ECODH,2.0,Escherichia coli
0.9982066,0.0017934222,-1,MSCL_ECODH,2.0,Escherichia coli
0.008593191,0.9914068,-1,RS11_ECODH,2.0,Escherichia coli
0.9238367,0.07616335,-1,RL17_ECODH,2.0,Escherichia coli
0.99948174,0.0005182347,-1,FLIT_ECODH,2.0,Escherichia coli
0.99835145,0.0016485809,-1,FLIE_ECODH,2.0,Escherichia coli
0.9989705,0.0010295577,-1,YJBT_ECOLI,2.0,Escherichia coli
0.9991691,0.00083094474,-1,YTCA_ECOLI,2.0,Escherichia coli
0.9985696,0.001430356,-1,YNCL_ECOLI,2.0,Escherichia coli
0.9990037,0.0009963124,-1,LPFUR_ECOLI,2.0,Escherichia coli
0.99924505,0.0007549597,-1,DINQ_ECOLI,2.0,Escherichia coli
0.99871147,0.0012885388,-1,EFG_ECODH,2.0,Escherichia coli
0.9986619,0.001338152,-1,KEFB_ECODH,2.0,Escherichia coli
0.007642983,0.992357,-1,RL2_ECODH,2.0,Escherichia coli
0.0038257316,0.9961743,-1,RL3_ECODH,2.0,Escherichia coli
0.016807614,0.9831924,-1,RL4_ECODH,2.0,Escherichia coli
0.009342001,0.99065804,-1,RL5_ECODH,2.0,Escherichia coli
0.023399077,0.9766009,-1,RS7_ECODH,2.0,Escherichia coli
0.0038825765,0.9961175,-1,RL6_ECODH,2.0,Escherichia coli
0.008445242,0.9915548,-1,RL15_ECODH,2.0,Escherichia coli
0.0060482523,0.99395174,-1,RL16_ECODH,2.0,Escherichia coli
0.0032029655,0.996797,-1,RS8_ECODH,2.0,Escherichia coli
0.99894696,0.0010530428,-1,TUSD_ECODH,2.0,Escherichia coli
0.0040680137,0.99593204,-1,RL14_ECODH,2.0,Escherichia coli
0.99714166,0.002858281,-1,TUSC_ECODH,2.0,Escherichia coli
0.004181584,0.99581844,-1,RL18_ECODH,2.0,Escherichia coli
0.00454042,0.9954595,-1,RL22_ECODH,2.0,Escherichia coli
0.018280635,0.9817193,-1,RL24_ECODH,2.0,Escherichia coli
0.012426616,0.9875733,-1,RS10_ECODH,2.0,Escherichia coli
0.02167235,0.9783277,-1,RS14_ECODH,2.0,Escherichia coli
0.9953607,0.0046393475,-1,TUSB_ECODH,2.0,Escherichia coli
0.0057985606,0.99420136,-1,RS19_ECODH,2.0,Escherichia coli
0.0072135935,0.99278635,-1,RS17_ECODH,2.0,Escherichia coli
0.92926306,0.07073698,-1,RL29_ECODH,2.0,Escherichia coli
0.99851936,0.0014805896,-1,RL30_ECODH,2.0,Escherichia coli
0.99919826,0.00080173084,-1,RL361_ECODH,2.0,Escherichia coli
0.99940515,0.0005948704,-1,MDTB_ECODH,2.0,Escherichia coli
0.9995092,0.00049076515,-1,MDTC_ECODH,2.0,Escherichia coli
0.9988788,0.0011211955,-1,KDPA_ECODH,2.0,Escherichia coli
0.9986972,0.0013027879,-1,GLGA_ECODH,2.0,Escherichia coli
0.9986753,0.0013247384,-1,MDTD_ECODH,2.0,Escherichia coli
0.9991941,0.0008058885,-1,TOLB_ECODH,2.0,Escherichia coli
0.99888724,0.0011128129,-1,MDTA_ECODH,2.0,Escherichia coli
0.999252,0.00074797834,-1,TSGA_ECODH,2.0,Escherichia coli
0.99940515,0.0005948574,-1,COBT_ECODH,2.0,Escherichia coli
0.99838936,0.0016106593,-1,HIS8_ECODH,2.0,Escherichia coli
0.998979,0.0010210166,-1,NADA_ECODH,2.0,Escherichia coli
0.9946749,0.005325078,-1,RTCA_ECODH,2.0,Escherichia coli
0.9989875,0.0010125088,-1,YBHG_ECODH,2.0,Escherichia coli
0.99819934,0.0018006301,-1,6PGL_ECODH,2.0,Escherichia coli
0.9484982,0.05150182,-1,RLMF_ECODH,2.0,Escherichia coli
0.9988752,0.001124782,-1,HSLO_ECODH,2.0,Escherichia coli
0.998492,0.0015079948,-1,GLPG_ECODH,2.0,Escherichia coli
0.995824,0.004175997,-1,HIS4_ECODH,2.0,Escherichia coli
0.99869496,0.001305019,-1,PXPA_ECODH,2.0,Escherichia coli
0.9968466,0.003153375,-1,YBIX_ECODH,2.0,Escherichia coli
0.9986558,0.0013442399,-1,NFUA_ECODH,2.0,Escherichia coli
0.9990578,0.0009421342,-1,KDPC_ECODH,2.0,Escherichia coli
0.98840326,0.011596771,-1,MOAC_ECODH,2.0,Escherichia coli
0.9989441,0.0010558646,-1,GLPE_ECODH,2.0,Escherichia coli
0.99815875,0.0018412204,-1,FEOC_ECODH,2.0,Escherichia coli
0.13626361,0.8637364,-1,RLMKL_ECODH,2.0,Escherichia coli
0.9972796,0.0027204547,-1,SYGB_ECODH,2.0,Escherichia coli
0.99910647,0.00089356303,-1,YBJL_ECODH,2.0,Escherichia coli
0.99876285,0.0012372106,-1,MQO_ECODH,2.0,Escherichia coli
0.9989704,0.0010296656,-1,XYLA_ECODH,2.0,Escherichia coli
0.9993855,0.0006144543,-1,MUKF_ECODH,2.0,Escherichia coli
0.9986259,0.0013741066,-1,GLPB_ECODH,2.0,Escherichia coli
0.99901056,0.000989425,-1,PNCB_ECODH,2.0,Escherichia coli
0.9988263,0.001173609,-1,YCAD_ECODH,2.0,Escherichia coli
0.9988004,0.0011996272,-1,MTLD_ECODH,2.0,Escherichia coli
0.99823904,0.0017609523,-1,SSUD_ECODH,2.0,Escherichia coli
0.9896695,0.010330541,-1,RLMC_ECODH,2.0,Escherichia coli
0.9928589,0.007141152,-1,LPXK_ECODH,2.0,Escherichia coli
0.9984933,0.0015066217,-1,END4_ECODH,2.0,Escherichia coli
0.9988722,0.0011277946,-1,SFGH2_ECODH,2.0,Escherichia coli
0.98611414,0.013885869,-1,RSMJ_ECODH,2.0,Escherichia coli
0.9964585,0.0035415068,-1,KDSB_ECODH,2.0,Escherichia coli
0.8124263,0.18757367,-1,KCY_ECODH,2.0,Escherichia coli
0.99973506,0.00026491613,-1,LOLA_ECODH,2.0,Escherichia coli
0.998965,0.0010349515,-1,ECOT_ECODH,2.0,Escherichia coli
0.9985158,0.0014842304,-1,NIKR_ECODH,2.0,Escherichia coli
0.99948907,0.0005109205,-1,CLPS_ECODH,2.0,Escherichia coli
0.9535891,0.046410855,-1,IHFB_ECODH,2.0,Escherichia coli
0.0195589,0.9804411,-1,RL25_ECODH,2.0,Escherichia coli
0.9985769,0.0014231203,-1,TUSA_ECODH,2.0,Escherichia coli
0.99709105,0.0029088734,-1,ADEC_ECODH,2.0,Escherichia coli
0.9978483,0.0021517442,-1,LIGB_ECODH,2.0,Escherichia coli
0.99914885,0.0008511173,-1,YIDE_ECODH,2.0,Escherichia coli
0.12376845,0.87623155,-1,RLMI_ECODH,2.0,Escherichia coli
0.9987263,0.001273643,-1,CBPA_ECODH,2.0,Escherichia coli
0.9992373,0.0007626724,-1,RUTD_ECODH,2.0,Escherichia coli
0.99899787,0.0010020945,-1,MENH_ECODH,2.0,Escherichia coli
0.99924374,0.0007562926,-1,RUTB_ECODH,2.0,Escherichia coli
0.99827254,0.0017274438,-1,YICR_ECODH,2.0,Escherichia coli
0.9978569,0.0021431309,-1,PYRE_ECODH,2.0,Escherichia coli
0.9984586,0.0015413887,-1,AIS_ECODH,2.0,Escherichia coli
0.99888223,0.0011177629,-1,TORD_ECODH,2.0,Escherichia coli
0.9980165,0.001983574,-1,RUTE_ECODH,2.0,Escherichia coli
0.99929225,0.00070776505,-1,SULA_ECODH,2.0,Escherichia coli
0.9987374,0.0012626733,-1,SECB_ECODH,2.0,Escherichia coli
0.9986187,0.0013813106,-1,MGSA_ECODH,2.0,Escherichia coli
0.863283,0.136717,-1,MATP_ECODH,2.0,Escherichia coli
0.9982395,0.0017604183,-1,IBPB_ECODH,2.0,Escherichia coli
0.9975867,0.0024132617,-1,IBPA_ECODH,2.0,Escherichia coli
0.99953306,0.00046701918,-1,ARNF_ECODH,2.0,Escherichia coli
0.9988213,0.0011786231,-1,RUTC_ECODH,2.0,Escherichia coli
0.99875665,0.0012433578,-1,HSPQ_ECODH,2.0,Escherichia coli
0.99829334,0.0017066149,-1,RPOZ_ECODH,2.0,Escherichia coli
0.99815995,0.0018400537,-1,RL28_ECODH,2.0,Escherichia coli
0.58739215,0.41260788,-1,RL33_ECODH,2.0,Escherichia coli
0.99961555,0.0003843959,-1,BGLH_ECODH,2.0,Escherichia coli
0.999032,0.0009679763,-1,OPGG_ECODH,2.0,Escherichia coli
0.9989502,0.001049856,-1,TNAA_ECODH,2.0,Escherichia coli
0.9982539,0.0017460876,-1,SDHD_ECODH,2.0,Escherichia coli
0.9990361,0.00096391083,-1,YFEO_ECODH,2.0,Escherichia coli
0.99827623,0.0017237293,-1,FCTA_ECODH,2.0,Escherichia coli
0.99916923,0.00083075673,-1,MNTH_ECODH,2.0,Escherichia coli
0.9991266,0.00087338005,-1,MDTG_ECODH,2.0,Escherichia coli
0.99899334,0.001006622,-1,MDTH_ECODH,2.0,Escherichia coli
0.9991454,0.00085454696,-1,MDTL_ECODH,2.0,Escherichia coli
0.9990996,0.00090045005,-1,OPGC_ECODH,2.0,Escherichia coli
0.9990243,0.00097567606,-1,RUTA_ECODH,2.0,Escherichia coli
0.9991103,0.00088969833,-1,MTOX_ECODH,2.0,Escherichia coli
0.9966827,0.0033172427,-1,FLGI_ECODH,2.0,Escherichia coli
0.9963948,0.003605235,-1,RECF_ECODH,2.0,Escherichia coli
0.9984041,0.0015959189,-1,TRHO_ECODH,2.0,Escherichia coli
0.9992507,0.00074929075,-1,GLK_ECODH,2.0,Escherichia coli
0.999252,0.00074797374,-1,YIDZ_ECODH,2.0,Escherichia coli
0.9981812,0.0018187895,-1,ATPG_ECODH,2.0,Escherichia coli
0.99699056,0.0030094704,-1,YCDX_ECODH,2.0,Escherichia coli
0.9994454,0.000554667,-1,FLGH_ECODH,2.0,Escherichia coli
0.99239373,0.00760621,-1,ATPD_ECODH,2.0,Escherichia coli
0.9988136,0.00118636,-1,ATPE_ECODH,2.0,Escherichia coli
0.0018612724,0.99813867,-1,RNPA_ECODH,2.0,Escherichia coli
0.99930453,0.00069548155,-1,RL34_ECODH,2.0,Escherichia coli
0.997165,0.0028349545,-1,MNMG_ECODH,2.0,Escherichia coli
0.9994092,0.0005908509,-1,KUP_ECODH,2.0,Escherichia coli
0.99874145,0.0012585841,-1,NHAP2_ECODH,2.0,Escherichia coli
0.99920446,0.00079554826,-1,NHAB_ECODH,2.0,Escherichia coli
0.99140865,0.008591381,-1,GPPA_ECODH,2.0,Escherichia coli
0.99707365,0.002926293,-1,DADA_ECODH,2.0,Escherichia coli
0.9987382,0.0012618358,-1,ASNA_ECODH,2.0,Escherichia coli
0.99915683,0.0008431474,-1,ZIPA_ECODH,2.0,Escherichia coli
0.9991567,0.000843243,-1,NAGK_ECODH,2.0,Escherichia coli
0.9987225,0.0012774954,-1,HDFR_ECODH,2.0,Escherichia coli
0.9995049,0.000495064,-1,THIK_ECODH,2.0,Escherichia coli
0.99807477,0.0019251744,-1,ATP6_ECODH,2.0,Escherichia coli
0.9992022,0.00079777103,-1,CYSZ_ECODH,2.0,Escherichia coli
0.998885,0.0011150173,-1,FADR_ECODH,2.0,Escherichia coli
0.9981515,0.0018484927,-1,MINC_ECODH,2.0,Escherichia coli
0.9978946,0.0021054277,-1,KTHY_ECODH,2.0,Escherichia coli
0.9975326,0.0024673312,-1,HFLD_ECODH,2.0,Escherichia coli
0.996829,0.0031709848,-1,RSMG_ECODH,2.0,Escherichia coli
0.9983182,0.0016817803,-1,ATPF_ECODH,2.0,Escherichia coli
0.9987237,0.0012763407,-1,NUDJ_ECODH,2.0,Escherichia coli
0.9856208,0.014379123,-1,IRAM_ECODH,2.0,Escherichia coli
0.9985006,0.0014994099,-1,ARIR_ECODH,2.0,Escherichia coli
0.9988844,0.0011155974,-1,ACP_ECODH,2.0,Escherichia coli
0.99921024,0.0007897278,-1,YPFN_ECODH,2.0,Escherichia coli
0.99952936,0.00047069314,-1,RL32_ECODH,2.0,Escherichia coli
0.99877745,0.0012225149,-1,HSCA_ECODH,2.0,Escherichia coli
0.887548,0.11245196,-1,DER_ECODH,2.0,Escherichia coli
0.99860615,0.0013938538,-1,CLSA_ECODH,2.0,Escherichia coli
0.9965293,0.0034707382,-1,EX7L_ECODH,2.0,Escherichia coli
0.99921703,0.00078294985,-1,WZYE_ECODH,2.0,Escherichia coli
0.9990397,0.00096028746,-1,PEPQ_ECODH,2.0,Escherichia coli
0.99013793,0.009862118,-1,SYH_ECODH,2.0,Escherichia coli
0.9982768,0.0017231797,-1,HCAD_ECODH,2.0,Escherichia coli
0.99828607,0.0017139617,-1,RF1_ECODH,2.0,Escherichia coli
0.9987411,0.0012589913,-1,PUR5_ECODH,2.0,Escherichia coli
0.998406,0.001594048,-1,KDSA_ECODH,2.0,Escherichia coli
0.9987091,0.0012908961,-1,RHAS_ECODH,2.0,Escherichia coli
0.99603915,0.0039608474,-1,FDHD_ECODH,2.0,Escherichia coli
0.99887127,0.001128761,-1,WECG_ECODH,2.0,Escherichia coli
0.99699664,0.003003423,-1,RECO_ECODH,2.0,Escherichia coli
0.99876523,0.0012348366,-1,PUR7_ECODH,2.0,Escherichia coli
0.99773204,0.0022679067,-1,HDA_ECODH,2.0,Escherichia coli
0.99943167,0.000568273,-1,LOLB_ECODH,2.0,Escherichia coli
0.990586,0.009413976,-1,PTH_ECODH,2.0,Escherichia coli
0.99880743,0.0011926106,-1,HCAF_ECODH,2.0,Escherichia coli
0.9993136,0.00068644056,-1,HSCB_ECODH,2.0,Escherichia coli
0.99552333,0.004476741,-1,YIHI_ECODH,2.0,Escherichia coli
0.9984181,0.0015819435,-1,ISCR_ECODH,2.0,Escherichia coli
0.99832815,0.0016718784,-1,ISCA_ECODH,2.0,Escherichia coli
0.9982716,0.0017284158,-1,CYAY_ECODH,2.0,Escherichia coli
0.9990169,0.0009831631,-1,CAPP_ECODH,2.0,Escherichia coli
0.029391946,0.97060806,-1,RNB_ECODH,2.0,Escherichia coli
0.9982944,0.0017056224,-1,MHPA_ECODH,2.0,Escherichia coli
0.999166,0.00083399395,-1,CAIT_ECODH,2.0,Escherichia coli
0.99826694,0.0017330576,-1,ARLY_ECODH,2.0,Escherichia coli
0.99856347,0.0014365563,-1,TRPB_ECODH,2.0,Escherichia coli
0.9989761,0.0010239067,-1,CAIA_ECODH,2.0,Escherichia coli
0.9993957,0.0006043167,-1,RHAT_ECODH,2.0,Escherichia coli
0.9991767,0.0008232848,-1,KDGT_ECODH,2.0,Escherichia coli
0.997874,0.0021260027,-1,FIXB_ECODH,2.0,Escherichia coli
0.99800867,0.0019913528,-1,KHSE_ECODH,2.0,Escherichia coli
0.99831235,0.0016876251,-1,RIHC_ECODH,2.0,Escherichia coli
0.9981065,0.0018935193,-1,TRPA_ECODH,2.0,Escherichia coli
0.9980597,0.0019402638,-1,FIXA_ECODH,2.0,Escherichia coli
0.99729234,0.0027076127,-1,CDH_ECODH,2.0,Escherichia coli
0.99355596,0.0064440654,-1,TRMN6_ECODH,2.0,Escherichia coli
0.9992466,0.0007534544,-1,CAIE_ECODH,2.0,Escherichia coli
0.9992467,0.00075327774,-1,YCIB_ECODH,2.0,Escherichia coli
0.9989845,0.0010154998,-1,RRAA_ECODH,2.0,Escherichia coli
0.99848914,0.0015107816,-1,CYNS_ECODH,2.0,Escherichia coli
0.99893457,0.0010653988,-1,METJ_ECODH,2.0,Escherichia coli
0.007250967,0.99274904,-1,RS20_ECODH,2.0,Escherichia coli
0.9990227,0.0009772655,-1,ZAPB_ECODH,2.0,Escherichia coli
0.007331369,0.9926686,-1,RL31_ECODH,2.0,Escherichia coli
0.9173852,0.08261475,-1,LPT_ECODH,2.0,Escherichia coli
0.9980987,0.001901318,-1,PLSB_ECODH,2.0,Escherichia coli
0.9981968,0.0018032693,-1,STHA_ECODH,2.0,Escherichia coli
0.99904794,0.0009521005,-1,GLAH_ECODH,2.0,Escherichia coli
0.9981743,0.0018256942,-1,COAA_ECODH,2.0,Escherichia coli
0.9768043,0.023195647,-1,RSMH_ECODH,2.0,Escherichia coli
0.99887687,0.0011230721,-1,MURI_ECODH,2.0,Escherichia coli
0.99879164,0.0012084282,-1,APAH_ECODH,2.0,Escherichia coli
0.99708325,0.0029167298,-1,TRMD_ECODH,2.0,Escherichia coli
0.0049702446,0.99502975,-1,RL1_ECODH,2.0,Escherichia coli
0.997695,0.0023050075,-1,UNG_ECODH,2.0,Escherichia coli
0.999206,0.0007940646,-1,PEPE_ECODH,2.0,Escherichia coli
0.9988024,0.0011975521,-1,FABR_ECODH,2.0,Escherichia coli
0.9979551,0.002044873,-1,GRPE_ECODH,2.0,Escherichia coli
0.7379431,0.26205686,-1,RIMM_ECODH,2.0,Escherichia coli
0.020083776,0.9799162,-1,RL10_ECODH,2.0,Escherichia coli
0.99911433,0.00088564446,-1,UBIC_ECODH,2.0,Escherichia coli
0.0036933015,0.99630666,-1,SSRP_ECODH,2.0,Escherichia coli
0.99841356,0.0015863613,-1,RSD_ECODH,2.0,Escherichia coli
0.9986833,0.0013167125,-1,MRAZ_ECODH,2.0,Escherichia coli
0.003148968,0.996851,-1,RL11_ECODH,2.0,Escherichia coli
0.99904364,0.0009563549,-1,PSIE_ECODH,2.0,Escherichia coli
0.99924856,0.00075137784,-1,GRCA_ECODH,2.0,Escherichia coli
0.99863833,0.001361702,-1,RL7_ECODH,2.0,Escherichia coli
0.9945029,0.0054971697,-1,RL19_ECODH,2.0,Escherichia coli
0.9977482,0.0022518258,-1,RS16_ECODH,2.0,Escherichia coli
0.99843377,0.0015661629,-1,MUTS_ECODH,2.0,Escherichia coli
0.998733,0.001267015,-1,BAMA_ECODH,2.0,Escherichia coli
0.9983139,0.0016860818,-1,SYP_ECODH,2.0,Escherichia coli
0.99919575,0.0008042821,-1,ACTP_ECODH,2.0,Escherichia coli
0.99884546,0.0011544832,-1,GSH1_ECODH,2.0,Escherichia coli
0.9923483,0.007651737,-1,DGTP_ECODH,2.0,Escherichia coli
0.99814487,0.0018551268,-1,LPXB_ECODH,2.0,Escherichia coli
0.99899167,0.0010083196,-1,ZNTB_ECODH,2.0,Escherichia coli
0.9971138,0.0028861535,-1,CYSD_ECODH,2.0,Escherichia coli
0.9983444,0.0016555695,-1,EFTS_ECODH,2.0,Escherichia coli
0.9963037,0.0036962752,-1,DAPD_ECODH,2.0,Escherichia coli
0.99845564,0.0015443239,-1,LPXA_ECODH,2.0,Escherichia coli
0.999097,0.0009030138,-1,ZAPD_ECODH,2.0,Escherichia coli
0.9971046,0.0028954146,-1,RS2_ECODH,2.0,Escherichia coli
0.9675231,0.03247686,-1,ISPD_ECODH,2.0,Escherichia coli
0.988735,0.011264925,-1,SFSA_ECODH,2.0,Escherichia coli
0.998324,0.001676002,-1,RRF_ECODH,2.0,Escherichia coli
0.99845564,0.0015443689,-1,LUXS_ECODH,2.0,Escherichia coli
0.998587,0.001413031,-1,SECM_ECODH,2.0,Escherichia coli
0.5515172,0.44848284,-1,RECX_ECODH,2.0,Escherichia coli
0.9987721,0.0012279311,-1,ERPA_ECODH,2.0,Escherichia coli
0.9989901,0.0010099125,-1,CUTA_ECODH,2.0,Escherichia coli
0.99882704,0.0011729845,-1,FTSB_ECODH,2.0,Escherichia coli
0.99935156,0.0006484239,-1,YACG_ECODH,2.0,Escherichia coli
0.8258306,0.17416944,-1,CSRA_ECODH,2.0,Escherichia coli
0.9910459,0.008954134,-1,MUTL_ECODH,2.0,Escherichia coli
0.9990823,0.0009176582,-1,OPGD_ECODH,2.0,Escherichia coli
0.99805754,0.0019424489,-1,PROA_ECODH,2.0,Escherichia coli
0.9989778,0.0010222119,-1,FRSA_ECODH,2.0,Escherichia coli
0.9991387,0.0008612903,-1,LPLT_ECODH,2.0,Escherichia coli
0.99922395,0.00077605696,-1,ULAG_ECODH,2.0,Escherichia coli
0.9991221,0.0008779612,-1,LGT_ECODH,2.0,Escherichia coli
0.99888295,0.0011170353,-1,ULAE_ECODH,2.0,Escherichia coli
0.99805415,0.0019458667,-1,GLO2_ECODH,2.0,Escherichia coli
0.99909616,0.0009039143,-1,ULAR_ECODH,2.0,Escherichia coli
0.9982509,0.0017491155,-1,MUTH_ECODH,2.0,Escherichia coli
0.9988877,0.0011122527,-1,YTFE_ECODH,2.0,Escherichia coli
0.99911636,0.0008836421,-1,MSRA_ECODH,2.0,Escherichia coli
0.99908435,0.0009156879,-1,EFP_ECODH,2.0,Escherichia coli
0.99724776,0.0027521777,-1,RPPH_ECODH,2.0,Escherichia coli
0.015337777,0.9846622,-1,RL9_ECODH,2.0,Escherichia coli
0.99861324,0.0013867193,-1,NSRR_ECODH,2.0,Escherichia coli
0.99823797,0.0017620389,-1,CRL_ECODH,2.0,Escherichia coli
0.999062,0.0009380391,-1,FRDC_ECODH,2.0,Escherichia coli
0.40455866,0.5954413,-1,RS6_ECODH,2.0,Escherichia coli
0.99893576,0.0010642653,-1,FRDD_ECODH,2.0,Escherichia coli
0.7390069,0.26099312,-1,HFQ_ECODH,2.0,Escherichia coli
0.9969452,0.0030547506,-1,CH10_ECODH,2.0,Escherichia coli
0.9991436,0.00085642515,-1,PPTA_ECODH,2.0,Escherichia coli
0.0059352787,0.99406475,-1,RS18_ECODH,2.0,Escherichia coli
0.99797076,0.0020291696,-1,GCSP_ECODH,2.0,Escherichia coli
0.9991757,0.00082422,-1,LSRK_ECODH,2.0,Escherichia coli
0.9976973,0.0023027007,-1,LSRA_ECODH,2.0,Escherichia coli
0.99912053,0.0008794821,-1,SOTB_ECODH,2.0,Escherichia coli
0.99793565,0.002064333,-1,RF2_ECODH,2.0,Escherichia coli
0.9989219,0.0010781103,-1,LSRC_ECODH,2.0,Escherichia coli
0.9994373,0.0005626916,-1,LSRB_ECODH,2.0,Escherichia coli
0.9994099,0.0005901122,-1,LSRD_ECODH,2.0,Escherichia coli
0.98872095,0.011279061,-1,YGFZ_ECODH,2.0,Escherichia coli
0.99906164,0.0009383837,-1,LSRR_ECODH,2.0,Escherichia coli
0.9991134,0.0008866332,-1,ARGP_ECODH,2.0,Escherichia coli
0.9989613,0.001038631,-1,LSRF_ECODH,2.0,Escherichia coli
0.99915516,0.0008448025,-1,TAM_ECODH,2.0,Escherichia coli
0.9994842,0.0005158357,-1,ECPB_ECODH,2.0,Escherichia coli
0.9986571,0.0013429014,-1,MARC_ECODH,2.0,Escherichia coli
0.9987257,0.0012742484,-1,ECPR_ECODH,2.0,Escherichia coli
0.99957854,0.00042146395,-1,ECPA_ECODH,2.0,Escherichia coli
0.9984464,0.0015535916,-1,BETI_ECODH,2.0,Escherichia coli
0.99445856,0.0055414485,-1,PYRI_ECODH,2.0,Escherichia coli
0.9987966,0.0012033707,-1,GCSH_ECODH,2.0,Escherichia coli
0.9965648,0.0034351784,-1,ZAPA_ECODH,2.0,Escherichia coli
0.9926327,0.0073673036,-1,AC4CH_ECODH,2.0,Escherichia coli
0.9986842,0.0013158219,-1,LSRG_ECODH,2.0,Escherichia coli
0.997834,0.0021659958,-1,RL31B_ECODH,2.0,Escherichia coli
0.9984983,0.0015016869,-1,RL362_ECODH,2.0,Escherichia coli
0.9618559,0.038144127,-1,RF3_ECODH,2.0,Escherichia coli
0.9977919,0.0022081344,-1,TYPH_ECODH,2.0,Escherichia coli
0.9989191,0.0010809167,-1,CLCB_ECODH,2.0,Escherichia coli
0.9867606,0.0132394,-1,QUEA_ECODH,2.0,Escherichia coli
0.9897378,0.010262231,-1,RSMC_ECODH,2.0,Escherichia coli
0.59311754,0.4068825,-1,TUS_ECODH,2.0,Escherichia coli
0.998207,0.0017930005,-1,SPEB_ECODH,2.0,Escherichia coli
0.97923356,0.020766413,-1,RDGC_ECODH,2.0,Escherichia coli
0.9977831,0.0022168513,-1,SFGH1_ECODH,2.0,Escherichia coli
0.9990829,0.0009171216,-1,YNFC_ECODH,2.0,Escherichia coli
0.9968823,0.0031177131,-1,ACPH_ECODH,2.0,Escherichia coli
0.99867463,0.0013253983,-1,RSXA_ECODH,2.0,Escherichia coli
0.9990926,0.0009074039,-1,DNAT_ECODH,2.0,Escherichia coli
0.9982577,0.0017422767,-1,SPRT_ECODH,2.0,Escherichia coli
0.9986318,0.0013682329,-1,NRDR_ECODH,2.0,Escherichia coli
0.0034878394,0.9965121,-1,NUSB_ECODH,2.0,Escherichia coli
0.99793905,0.0020609745,-1,YQGF_ECODH,2.0,Escherichia coli
0.999426,0.000573966,-1,MDTJ_ECODH,2.0,Escherichia coli
0.99894124,0.0010587348,-1,MDTI_ECODH,2.0,Escherichia coli
0.9993267,0.000673367,-1,YNFA_ECODH,2.0,Escherichia coli
0.9975375,0.0024624984,-1,TRPR_ECODH,2.0,Escherichia coli
0.9903134,0.009686651,-1,ASR_ECODH,2.0,Escherichia coli
0.99813026,0.001869759,-1,FETP_ECODH,2.0,Escherichia coli
0.9994925,0.00050742656,-1,IRAP_ECODH,2.0,Escherichia coli
0.9990395,0.0009605171,-1,EX7S_ECODH,2.0,Escherichia coli
0.99922025,0.0007797776,-1,UXAC_ECODH,2.0,Escherichia coli
0.995814,0.004185917,-1,SYC_ECODH,2.0,Escherichia coli
0.9981185,0.0018815132,-1,MDTK_ECODH,2.0,Escherichia coli
0.99909735,0.0009027236,-1,ASTB_ECODH,2.0,Escherichia coli
0.99924016,0.00075987144,-1,TDCC_ECODH,2.0,Escherichia coli
0.9502799,0.049720112,-1,RLMG_ECODH,2.0,Escherichia coli
0.9989511,0.0010488789,-1,RSXD_ECODH,2.0,Escherichia coli
0.998604,0.0013960586,-1,ASTA_ECODH,2.0,Escherichia coli
0.999012,0.0009879739,-1,BTUC_ECODH,2.0,Escherichia coli
0.99893683,0.0010632261,-1,AES_ECODH,2.0,Escherichia coli
0.9981304,0.0018695899,-1,COF_ECODH,2.0,Escherichia coli
0.9993974,0.0006026461,-1,ZUPT_ECODH,2.0,Escherichia coli
0.99882454,0.0011754261,-1,RSXE_ECODH,2.0,Escherichia coli
0.9989537,0.0010462386,-1,GPMB_ECODH,2.0,Escherichia coli
0.9949496,0.0050503947,-1,RECR_ECODH,2.0,Escherichia coli
0.99873763,0.0012623316,-1,APT_ECODH,2.0,Escherichia coli
0.99880517,0.0011947794,-1,MUG_ECODH,2.0,Escherichia coli
0.99912995,0.00087001367,-1,SLYA_ECODH,2.0,Escherichia coli
0.99561006,0.0043899347,-1,SUFE_ECODH,2.0,Escherichia coli
0.99931896,0.00068107503,-1,MSRB_ECODH,2.0,Escherichia coli
0.006723619,0.99327636,-1,RL20_ECODH,2.0,Escherichia coli
0.99039614,0.009603862,-1,YBAB_ECODH,2.0,Escherichia coli
0.97887117,0.021128839,-1,IHFA_ECODH,2.0,Escherichia coli
0.9986186,0.0013813487,-1,RS21_ECODH,2.0,Escherichia coli
0.9982462,0.0017538738,-1,RL35_ECODH,2.0,Escherichia coli
0.9954743,0.0045257434,-1,SYR_ECODH,2.0,Escherichia coli
0.9991357,0.00086434575,-1,NANT_ECODH,2.0,Escherichia coli
0.26214913,0.73785084,-1,RSMF_ECODH,2.0,Escherichia coli
0.99790096,0.0020990397,-1,GLMM_ECODH,2.0,Escherichia coli
0.9989544,0.0010455076,-1,KBAZ_ECODH,2.0,Escherichia coli
0.9991867,0.00081331586,-1,CMOB_ECODH,2.0,Escherichia coli
0.9984792,0.0015207827,-1,NLPI_ECODH,2.0,Escherichia coli
0.9984377,0.0015622429,-1,HTPX_ECODH,2.0,Escherichia coli
0.99805117,0.0019488009,-1,RAPZ_ECODH,2.0,Escherichia coli
0.9990963,0.00090377993,-1,NANR_ECODH,2.0,Escherichia coli
0.9985562,0.0014438218,-1,CUTC_ECODH,2.0,Escherichia coli
0.9985763,0.0014237724,-1,CMOA_ECODH,2.0,Escherichia coli
0.79272604,0.20727398,-1,PROQ_ECODH,2.0,Escherichia coli
0.9986278,0.0013722104,-1,NANE_ECODH,2.0,Escherichia coli
0.99877304,0.0012269999,-1,DIAA_ECODH,2.0,Escherichia coli
0.9985637,0.001436321,-1,NUDL_ECODH,2.0,Escherichia coli
0.9992329,0.00076709274,-1,MNTP_ECODH,2.0,Escherichia coli
0.977723,0.022277016,-1,RIMP_ECODH,2.0,Escherichia coli
0.9731035,0.026896395,-1,RBFA_ECODH,2.0,Escherichia coli
0.9958513,0.004148733,-1,RS9_ECODH,2.0,Escherichia coli
0.998933,0.0010669961,-1,FLHD_ECODH,2.0,Escherichia coli
0.07098298,0.92901707,-1,RL21_ECODH,2.0,Escherichia coli
0.0020872569,0.9979127,-1,RS15_ECODH,2.0,Escherichia coli
0.99793506,0.0020650083,-1,RL27_ECODH,2.0,Escherichia coli
0.9991007,0.00089930964,-1,MGRB_ECODH,2.0,Escherichia coli
0.999166,0.00083399477,-1,CAIT_ECOBW,2.0,Escherichia coli
0.9989761,0.0010239067,-1,CAIA_ECOBW,2.0,Escherichia coli
0.997874,0.0021260018,-1,FIXB_ECOBW,2.0,Escherichia coli
0.9990637,0.00093640015,-1,MDH_ECODH,2.0,Escherichia coli
0.9989531,0.0010468862,-1,AAEA_ECODH,2.0,Escherichia coli
0.99800867,0.001991351,-1,KHSE_ECOBW,2.0,Escherichia coli
0.99831235,0.0016876243,-1,RIHC_ECOBW,2.0,Escherichia coli
0.99728286,0.0027171576,-1,PRMA_ECODH,2.0,Escherichia coli
0.9980597,0.0019402666,-1,FIXA_ECOBW,2.0,Escherichia coli
0.9992466,0.0007534544,-1,CAIE_ECOBW,2.0,Escherichia coli
0.9984426,0.0015574337,-1,ARGR_ECODH,2.0,Escherichia coli
0.99704164,0.0029582863,-1,RL13_ECODH,2.0,Escherichia coli
0.99752563,0.0024743807,-1,FIS_ECODH,2.0,Escherichia coli
0.007250953,0.99274904,-1,RS20_ECOBW,2.0,Escherichia coli
0.99907875,0.00092121144,-1,RZOQ_ECOLI,2.0,Escherichia coli
0.99791425,0.0020857896,-1,SGRT_ECOLI,2.0,Escherichia coli
0.9978671,0.0021328817,-1,YKGR_ECOLI,2.0,Escherichia coli
0.9995484,0.0004516252,-1,YOAK_ECOLI,2.0,Escherichia coli
0.68569535,0.3143046,-1,AZUC_ECOLI,2.0,Escherichia coli
0.99912983,0.00087016786,-1,YOHP_ECOLI,2.0,Escherichia coli
0.99755174,0.0024482799,-1,SHOB_ECOLI,2.0,Escherichia coli
0.99939287,0.0006070665,-1,YOAJ_ECOLI,2.0,Escherichia coli
0.9989097,0.0010902708,-1,YPDK_ECOLI,2.0,Escherichia coli
0.91738653,0.082613446,-1,LPT_ECOBW,2.0,Escherichia coli
0.99622345,0.00377659,-1,IBSB_ECOLI,2.0,Escherichia coli
0.99910575,0.00089424616,-1,ARAB_ECOBW,2.0,Escherichia coli
0.99892586,0.0010741517,-1,ARAA_ECOBW,2.0,Escherichia coli
0.9993855,0.0006144543,-1,MUKF_ECOBW,2.0,Escherichia coli
0.99901056,0.000989427,-1,PNCB_ECOBW,2.0,Escherichia coli
0.12376845,0.87623155,-1,RLMI_ECOBW,2.0,Escherichia coli
0.9988263,0.0011736102,-1,YCAD_ECOBW,2.0,Escherichia coli
0.99823904,0.0017609523,-1,SSUD_ECOBW,2.0,Escherichia coli
0.9928589,0.007141149,-1,LPXK_ECOBW,2.0,Escherichia coli
0.9768043,0.023195647,-1,RSMH_ECOBW,2.0,Escherichia coli
0.9987263,0.0012736443,-1,CBPA_ECOBW,2.0,Escherichia coli
0.99879164,0.0012084304,-1,APAH_ECOBW,2.0,Escherichia coli
0.9992373,0.000762672,-1,RUTD_ECOBW,2.0,Escherichia coli
0.9964585,0.0035415068,-1,KDSB_ECOBW,2.0,Escherichia coli
0.8124263,0.18757367,-1,KCY_ECOBW,2.0,Escherichia coli
0.99973506,0.00026491613,-1,LOLA_ECOBW,2.0,Escherichia coli
0.99871886,0.0012811567,-1,LEUD_ECOBW,2.0,Escherichia coli
0.99888223,0.0011177633,-1,TORD_ECOBW,2.0,Escherichia coli
0.99801636,0.0019835753,-1,RUTE_ECOBW,2.0,Escherichia coli
0.99929225,0.00070776633,-1,SULA_ECOBW,2.0,Escherichia coli
0.9986833,0.0013167132,-1,MRAZ_ECOBW,2.0,Escherichia coli
0.9986187,0.0013813113,-1,MGSA_ECOBW,2.0,Escherichia coli
0.8632852,0.13671479,-1,MATP_ECOBW,2.0,Escherichia coli
0.9988213,0.0011786235,-1,RUTC_ECOBW,2.0,Escherichia coli
0.99875665,0.0012433572,-1,HSPQ_ECOBW,2.0,Escherichia coli
0.9535891,0.046410903,-1,IHFB_ECOBW,2.0,Escherichia coli
0.99385405,0.006145968,-1,UVRC_ECOBW,2.0,Escherichia coli
0.9954743,0.0045257434,-1,SYR_ECOBW,2.0,Escherichia coli
0.99922025,0.00077977835,-1,UXAC_ECOBW,2.0,Escherichia coli
0.99924016,0.00075987034,-1,TDCC_ECOBW,2.0,Escherichia coli
0.9989544,0.0010455076,-1,KBAZ_ECOBW,2.0,Escherichia coli
0.9990243,0.00097567757,-1,RUTA_ECOBW,2.0,Escherichia coli
0.99940515,0.0005948574,-1,COBT_ECOBW,2.0,Escherichia coli
0.99922395,0.00077605696,-1,ULAG_ECOBW,2.0,Escherichia coli
0.9988462,0.0011538105,-1,DCYD_ECOBW,2.0,Escherichia coli
0.9991867,0.00081331504,-1,CMOB_ECOBW,2.0,Escherichia coli
0.99888295,0.0011170353,-1,ULAE_ECOBW,2.0,Escherichia coli
0.9985013,0.0014987496,-1,MPGP_ECOBW,2.0,Escherichia coli
0.9993974,0.0006026461,-1,ZUPT_ECOBW,2.0,Escherichia coli
0.99909616,0.0009039147,-1,ULAR_ECOBW,2.0,Escherichia coli
0.9985562,0.0014438232,-1,CUTC_ECOBW,2.0,Escherichia coli
0.9985763,0.001423771,-1,CMOA_ECOBW,2.0,Escherichia coli
0.99924374,0.00075629156,-1,RUTB_ECOBW,2.0,Escherichia coli
0.9978855,0.0021144673,-1,MSRQ_ECOBW,2.0,Escherichia coli
0.99880517,0.0011947794,-1,MUG_ECOBW,2.0,Escherichia coli
0.99861324,0.0013867193,-1,NSRR_ECOBW,2.0,Escherichia coli
0.40455866,0.5954413,-1,RS6_ECOBW,2.0,Escherichia coli
0.99948174,0.000518234,-1,FLIT_ECOBW,2.0,Escherichia coli
0.99835145,0.0016485817,-1,FLIE_ECOBW,2.0,Escherichia coli
0.7390069,0.26099312,-1,HFQ_ECOBW,2.0,Escherichia coli
0.9986186,0.0013813487,-1,RS21_ECOBW,2.0,Escherichia coli
0.998733,0.001267015,-1,BAMA_ECOBW,2.0,Escherichia coli
0.9983139,0.0016860818,-1,SYP_ECOBW,2.0,Escherichia coli
0.999032,0.0009679763,-1,OPGG_ECOBW,2.0,Escherichia coli
0.9923483,0.007651737,-1,DGTP_ECOBW,2.0,Escherichia coli
0.9991266,0.00087338005,-1,MDTG_ECOBW,2.0,Escherichia coli
0.9990996,0.0009004518,-1,OPGC_ECOBW,2.0,Escherichia coli
0.99814487,0.0018551311,-1,LPXB_ECOBW,2.0,Escherichia coli
0.9577614,0.042238627,-1,GLUQ_ECOBW,2.0,Escherichia coli
0.9983444,0.0016555687,-1,EFTS_ECOBW,2.0,Escherichia coli
0.99845564,0.0015443225,-1,LPXA_ECOBW,2.0,Escherichia coli
0.99805415,0.0019458695,-1,GLO2_ECOBW,2.0,Escherichia coli
0.999097,0.0009030138,-1,ZAPD_ECOBW,2.0,Escherichia coli
0.99699044,0.0030094746,-1,YCDX_ECOBW,2.0,Escherichia coli
0.9971046,0.0028954146,-1,RS2_ECOBW,2.0,Escherichia coli
0.988735,0.011264925,-1,SFSA_ECOBW,2.0,Escherichia coli
0.9988877,0.0011122527,-1,YTFE_ECOBW,2.0,Escherichia coli
0.99911636,0.00088364165,-1,MSRA_ECOBW,2.0,Escherichia coli
0.998324,0.001676002,-1,RRF_ECOBW,2.0,Escherichia coli
0.998587,0.001413031,-1,SECM_ECOBW,2.0,Escherichia coli
0.99445856,0.0055414485,-1,PYRI_ECOBW,2.0,Escherichia coli
0.015337777,0.9846622,-1,RL9_ECOBW,2.0,Escherichia coli
0.9987721,0.0012279311,-1,ERPA_ECOBW,2.0,Escherichia coli
0.9480202,0.051979844,-1,PRIB_ECOBW,2.0,Escherichia coli
0.0059352787,0.99406475,-1,RS18_ECOBW,2.0,Escherichia coli
0.99935156,0.0006484239,-1,YACG_ECOBW,2.0,Escherichia coli
0.99940515,0.0005948704,-1,MDTB_ECOBW,2.0,Escherichia coli
0.9995092,0.00049076515,-1,MDTC_ECOBW,2.0,Escherichia coli
0.9986753,0.0013247366,-1,MDTD_ECOBW,2.0,Escherichia coli
0.99790096,0.0020990355,-1,GLMM_ECOBW,2.0,Escherichia coli
0.99887973,0.0011203164,-1,GATZ_ECOBW,2.0,Escherichia coli
0.99888724,0.0011128129,-1,MDTA_ECOBW,2.0,Escherichia coli
0.99899334,0.0010066205,-1,MDTH_ECOBW,2.0,Escherichia coli
0.9991103,0.00088969833,-1,MTOX_ECOBW,2.0,Escherichia coli
0.9966827,0.0033172427,-1,FLGI_ECOBW,2.0,Escherichia coli
0.99838936,0.0016106593,-1,HIS8_ECOBW,2.0,Escherichia coli
0.9984041,0.0015959189,-1,TRHO_ECOBW,2.0,Escherichia coli
0.9991567,0.000843241,-1,NAGK_ECOBW,2.0,Escherichia coli
0.9995049,0.000495064,-1,THIK_ECOBW,2.0,Escherichia coli
0.995824,0.004175997,-1,HIS4_ECOBW,2.0,Escherichia coli
0.9994454,0.00055466645,-1,FLGH_ECOBW,2.0,Escherichia coli
0.9981515,0.0018484927,-1,MINC_ECOBW,2.0,Escherichia coli
0.9978946,0.0021054277,-1,KTHY_ECOBW,2.0,Escherichia coli
0.9975326,0.0024673312,-1,HFLD_ECOBW,2.0,Escherichia coli
0.99877304,0.0012269993,-1,DIAA_ECOBW,2.0,Escherichia coli
0.9908791,0.009120956,-1,RIMP_ECOBW,2.0,Escherichia coli
0.9731035,0.026896395,-1,RBFA_ECOBW,2.0,Escherichia coli
0.9856208,0.014379123,-1,IRAM_ECOBW,2.0,Escherichia coli
0.0020872569,0.9979127,-1,RS15_ECOBW,2.0,Escherichia coli
0.9988844,0.0011155974,-1,ACP_ECOBW,2.0,Escherichia coli
0.99952936,0.00047069314,-1,RL32_ECOBW,2.0,Escherichia coli
0.9987633,0.0012366503,-1,OPGB_ECOBW,2.0,Escherichia coli
0.9992194,0.00078058575,-1,AAEB_ECOBW,2.0,Escherichia coli
0.9618557,0.038144298,-1,RF3_ECOBW,2.0,Escherichia coli
0.9991357,0.00086434575,-1,NANT_ECOBW,2.0,Escherichia coli
0.9989778,0.0010222119,-1,FRSA_ECOBW,2.0,Escherichia coli
0.99926287,0.0007371766,-1,UXUA_ECOBW,2.0,Escherichia coli
0.9990637,0.00093640015,-1,MDH_ECOBW,2.0,Escherichia coli
0.9989531,0.0010468862,-1,AAEA_ECOBW,2.0,Escherichia coli
0.99728286,0.0027171527,-1,PRMA_ECOBW,2.0,Escherichia coli
0.99805117,0.0019488026,-1,RAPZ_ECOBW,2.0,Escherichia coli
0.9990963,0.0009037808,-1,NANR_ECOBW,2.0,Escherichia coli
0.9986278,0.0013722104,-1,NANE_ECOBW,2.0,Escherichia coli
0.9989537,0.0010462386,-1,GPMB_ECOBW,2.0,Escherichia coli
0.99826753,0.001732424,-1,KPTA_ECOBW,2.0,Escherichia coli
0.9990926,0.00090740476,-1,DNAT_ECOBW,2.0,Escherichia coli
0.9993629,0.0006371281,-1,YJJB_ECOBW,2.0,Escherichia coli
0.9984426,0.0015574314,-1,ARGR_ECOBW,2.0,Escherichia coli
0.99704176,0.0029582768,-1,RL13_ECOBW,2.0,Escherichia coli
0.9958513,0.004148733,-1,RS9_ECOBW,2.0,Escherichia coli
0.9993087,0.00069130125,-1,IRAD_ECOBW,2.0,Escherichia coli
0.9926682,0.0073318197,-1,SYME_ECOBW,2.0,Escherichia coli
0.9975375,0.002462496,-1,TRPR_ECOBW,2.0,Escherichia coli
0.07098298,0.92901707,-1,RL21_ECOBW,2.0,Escherichia coli
0.99752563,0.0024743807,-1,FIS_ECOBW,2.0,Escherichia coli
0.99793506,0.0020650083,-1,RL27_ECOBW,2.0,Escherichia coli
0.029391969,0.97060806,-1,RNB_ECOBW,2.0,Escherichia coli
0.99874145,0.0012585847,-1,NHAP2_ECOBW,2.0,Escherichia coli
0.99920446,0.00079554867,-1,NHAB_ECOBW,2.0,Escherichia coli
0.99860615,0.0013938538,-1,CLSA_ECOBW,2.0,Escherichia coli
0.99707365,0.002926293,-1,DADA_ECOBW,2.0,Escherichia coli
0.99805754,0.0019424489,-1,PROA_ECOBW,2.0,Escherichia coli
0.99828607,0.0017139617,-1,RF1_ECOBW,2.0,Escherichia coli
0.9867606,0.0132394,-1,QUEA_ECOBW,2.0,Escherichia coli
0.9792336,0.020766376,-1,RDGC_ECOBW,2.0,Escherichia coli
0.9984933,0.0015066209,-1,END4_ECOBW,2.0,Escherichia coli
0.998406,0.001594048,-1,KDSA_ECOBW,2.0,Escherichia coli
0.9981304,0.0018695863,-1,COF_ECOBW,2.0,Escherichia coli
0.9981065,0.0018935176,-1,TRPA_ECOBW,2.0,Escherichia coli
0.998885,0.0011150173,-1,FADR_ECOBW,2.0,Escherichia coli
0.99943167,0.000568273,-1,LOLB_ECOBW,2.0,Escherichia coli
0.990586,0.009413976,-1,PTH_ECOBW,2.0,Escherichia coli
0.9968823,0.0031177087,-1,ACPH_ECOBW,2.0,Escherichia coli
0.9992467,0.00075327774,-1,YCIB_ECOBW,2.0,Escherichia coli
0.998965,0.0010349515,-1,ECOT_ECOBW,2.0,Escherichia coli
0.9986318,0.0013682368,-1,NRDR_ECOBW,2.0,Escherichia coli
0.003487828,0.99651223,-1,NUSB_ECOBW,2.0,Escherichia coli
0.99823797,0.0017620389,-1,CRL_ECOBW,2.0,Escherichia coli
0.019558812,0.9804412,-1,RL25_ECOBW,2.0,Escherichia coli
0.9994925,0.0005074273,-1,IRAP_ECOBW,2.0,Escherichia coli
0.9990395,0.0009605143,-1,EX7S_ECOBW,2.0,Escherichia coli
0.99876285,0.0012372101,-1,MQO_ECOBW,2.0,Escherichia coli
0.9986259,0.0013741066,-1,GLPB_ECOBW,2.0,Escherichia coli
0.9619723,0.03802772,-1,FMT_ECOBW,2.0,Escherichia coli
0.99899787,0.0010020945,-1,MENH_ECOBW,2.0,Escherichia coli
0.028014606,0.9719854,-1,RS3_ECOBW,2.0,Escherichia coli
0.005797824,0.9942022,-1,RS4_ECOBW,2.0,Escherichia coli
0.9984586,0.0015413887,-1,AIS_ECOBW,2.0,Escherichia coli
0.009342001,0.99065804,-1,RL5_ECOBW,2.0,Escherichia coli
0.0038825765,0.9961175,-1,RL6_ECOBW,2.0,Escherichia coli
0.9902356,0.00976441,-1,DEF_ECOBW,2.0,Escherichia coli
0.008445242,0.9915548,-1,RL15_ECOBW,2.0,Escherichia coli
0.9982066,0.0017934205,-1,MSCL_ECOBW,2.0,Escherichia coli
0.0060482523,0.99395174,-1,RL16_ECOBW,2.0,Escherichia coli
0.0032029655,0.996797,-1,RS8_ECOBW,2.0,Escherichia coli
0.008593191,0.9914068,-1,RS11_ECOBW,2.0,Escherichia coli
0.9238366,0.07616337,-1,RL17_ECOBW,2.0,Escherichia coli
0.0040680137,0.99593204,-1,RL14_ECOBW,2.0,Escherichia coli
0.004181584,0.99581844,-1,RL18_ECOBW,2.0,Escherichia coli
0.00454042,0.9954595,-1,RL22_ECOBW,2.0,Escherichia coli
0.018280635,0.9817193,-1,RL24_ECOBW,2.0,Escherichia coli
0.0057985606,0.99420136,-1,RS19_ECOBW,2.0,Escherichia coli
0.0072135935,0.99278635,-1,RS17_ECOBW,2.0,Escherichia coli
0.92926306,0.07073698,-1,RL29_ECOBW,2.0,Escherichia coli
0.99851936,0.0014805896,-1,RL30_ECOBW,2.0,Escherichia coli
0.99919826,0.00080173084,-1,RL36_ECOBW,2.0,Escherichia coli
0.99871147,0.0012885388,-1,EFG_ECOBW,2.0,Escherichia coli
0.9986619,0.001338152,-1,KEFB_ECOBW,2.0,Escherichia coli
0.9990823,0.0009176565,-1,OPGD_ECOBW,2.0,Escherichia coli
0.995814,0.004185911,-1,SYC_ECOBW,2.0,Escherichia coli
0.9982539,0.0017460876,-1,SDHD_ECOBW,2.0,Escherichia coli
0.9992718,0.0007281384,-1,ENTS_ECOBW,2.0,Escherichia coli
0.999252,0.00074797834,-1,TSGA_ECOBW,2.0,Escherichia coli
0.99911696,0.00088304747,-1,GCS2_ECOBW,2.0,Escherichia coli
0.99899167,0.0010083196,-1,ZNTB_ECOBW,2.0,Escherichia coli
0.99893683,0.0010632261,-1,AES_ECOBW,2.0,Escherichia coli
0.9988752,0.001124782,-1,HSLO_ECOBW,2.0,Escherichia coli
0.007643008,0.992357,-1,RL2_ECOBW,2.0,Escherichia coli
0.003825746,0.9961743,-1,RL3_ECOBW,2.0,Escherichia coli
0.01680765,0.9831924,-1,RL4_ECOBW,2.0,Escherichia coli
0.9949496,0.0050503947,-1,RECR_ECOBW,2.0,Escherichia coli
0.99873763,0.0012623316,-1,APT_ECOBW,2.0,Escherichia coli
0.023399148,0.9766009,-1,RS7_ECOBW,2.0,Escherichia coli
0.99959975,0.0004003152,-1,ALLA_ECOBW,2.0,Escherichia coli
0.99894696,0.0010530428,-1,TUSD_ECOBW,2.0,Escherichia coli
0.008911143,0.99108887,-1,RS12_ECOBW,2.0,Escherichia coli
0.99714166,0.002858281,-1,TUSC_ECOBW,2.0,Escherichia coli
0.99039614,0.009603862,-1,YBAB_ECOBW,2.0,Escherichia coli
0.012426705,0.9875733,-1,RS10_ECOBW,2.0,Escherichia coli
0.9953607,0.0046393303,-1,TUSB_ECOBW,2.0,Escherichia coli
0.99815875,0.0018412204,-1,FEOC_ECOBW,2.0,Escherichia coli
0.99566334,0.0043366626,-1,SYL_ECOBW,2.0,Escherichia coli
0.9986972,0.0013027879,-1,GLGA_ECOBW,2.0,Escherichia coli
0.99853027,0.0014697128,-1,DCTA_ECOBW,2.0,Escherichia coli
0.9990361,0.00096391083,-1,YFEO_ECOBW,2.0,Escherichia coli
0.99827623,0.0017237293,-1,FCTA_ECOBW,2.0,Escherichia coli
0.99916923,0.00083075673,-1,MNTH_ECOBW,2.0,Escherichia coli
0.9946749,0.0053250906,-1,RTCA_ECOBW,2.0,Escherichia coli
0.99915683,0.0008431474,-1,ZIPA_ECOBW,2.0,Escherichia coli
0.9992507,0.00074929,-1,GLK_ECOBW,2.0,Escherichia coli
0.9988526,0.0011473572,-1,RIHA_ECOBW,2.0,Escherichia coli
0.9991792,0.00082082715,-1,CITG_ECOBW,2.0,Escherichia coli
0.998492,0.0015079948,-1,GLPG_ECOBW,2.0,Escherichia coli
0.9992022,0.00079777103,-1,CYSZ_ECOBW,2.0,Escherichia coli
0.98611414,0.013885869,-1,RSMJ_ECOBW,2.0,Escherichia coli
0.9989184,0.0010815955,-1,LPTE_ECOBW,2.0,Escherichia coli
0.9986558,0.0013442399,-1,NFUA_ECOBW,2.0,Escherichia coli
0.9990578,0.0009421342,-1,KDPC_ECOBW,2.0,Escherichia coli
0.9979645,0.0020355384,-1,CITX_ECOBW,2.0,Escherichia coli
0.9967223,0.0032777567,-1,RLMH_ECOBW,2.0,Escherichia coli
0.9965036,0.0034963803,-1,YBEY_ECOBW,2.0,Escherichia coli
0.9985158,0.0014842275,-1,NIKR_ECOBW,2.0,Escherichia coli
0.99903995,0.00096001296,-1,FLUC_ECOBW,2.0,Escherichia coli
0.9989441,0.0010558646,-1,GLPE_ECOBW,2.0,Escherichia coli
0.99844617,0.0015539031,-1,CITD_ECOBW,2.0,Escherichia coli
0.9985769,0.001423119,-1,TUSA_ECOBW,2.0,Escherichia coli
0.9972796,0.0027204547,-1,SYGB_ECOBW,2.0,Escherichia coli
0.99877745,0.0012225149,-1,HSCA_ECOBW,2.0,Escherichia coli
0.9988788,0.0011211945,-1,KDPA_ECOBW,2.0,Escherichia coli
0.887548,0.11245196,-1,DER_ECOBW,2.0,Escherichia coli
0.99898416,0.0010157977,-1,UXAB_ECOBW,2.0,Escherichia coli
0.9965293,0.0034707382,-1,EX7L_ECOBW,2.0,Escherichia coli
0.9989704,0.0010296656,-1,XYLA_ECOBW,2.0,Escherichia coli
0.9991941,0.0008058862,-1,TOLB_ECOBW,2.0,Escherichia coli
0.99013793,0.009862094,-1,SYH_ECOBW,2.0,Escherichia coli
0.9982768,0.0017231845,-1,HCAD_ECOBW,2.0,Escherichia coli
0.99912053,0.0008794829,-1,SOTB_ECOBW,2.0,Escherichia coli
0.9987411,0.0012589913,-1,PUR5_ECOBW,2.0,Escherichia coli
0.998784,0.0012159859,-1,SYGA_ECOBW,2.0,Escherichia coli
0.99915516,0.0008448025,-1,TAM_ECOBW,2.0,Escherichia coli
0.99869496,0.001305019,-1,PXPA_ECOBW,2.0,Escherichia coli
0.99876523,0.0012348366,-1,PUR7_ECOBW,2.0,Escherichia coli
0.9990829,0.0009171194,-1,YNFC_ECOBW,2.0,Escherichia coli
0.99773204,0.0022679067,-1,HDA_ECOBW,2.0,Escherichia coli
0.99880743,0.0011926106,-1,HCAF_ECOBW,2.0,Escherichia coli
0.9993136,0.00068644056,-1,HSCB_ECOBW,2.0,Escherichia coli
0.9984181,0.0015819428,-1,ISCR_ECOBW,2.0,Escherichia coli
0.9993267,0.000673367,-1,YNFA_ECOBW,2.0,Escherichia coli
0.99832815,0.0016718727,-1,ISCA_ECOBW,2.0,Escherichia coli
0.9991436,0.0008564268,-1,PPTA_ECOBW,2.0,Escherichia coli
0.99921024,0.0007897297,-1,YPFN_ECOBW,2.0,Escherichia coli
0.99709105,0.0029088734,-1,ADEC_ECOBW,2.0,Escherichia coli
0.99910647,0.0008935618,-1,YBJL_ECOBW,2.0,Escherichia coli
0.9978483,0.0021517442,-1,LIGB_ECOBW,2.0,Escherichia coli
0.9989191,0.0010809167,-1,CLCB_ECOBW,2.0,Escherichia coli
0.9990958,0.00090423477,-1,NEPI_ECOBW,2.0,Escherichia coli
0.9988004,0.0011996267,-1,MTLD_ECOBW,2.0,Escherichia coli
0.9896695,0.010330466,-1,RLMC_ECOBW,2.0,Escherichia coli
0.998979,0.0010210166,-1,NADA_ECOBW,2.0,Escherichia coli
0.9989875,0.0010125093,-1,YBHG_ECOBW,2.0,Escherichia coli
0.99819934,0.0018006301,-1,6PGL_ECOBW,2.0,Escherichia coli
0.5931179,0.4068821,-1,TUS_ECOBW,2.0,Escherichia coli
0.9484982,0.05150182,-1,RLMF_ECOBW,2.0,Escherichia coli
0.9968466,0.003153375,-1,YBIX_ECOBW,2.0,Escherichia coli
0.99827254,0.0017274388,-1,YICR_ECOBW,2.0,Escherichia coli
0.9978568,0.0021431316,-1,PYRE_ECOBW,2.0,Escherichia coli
0.99867463,0.001325401,-1,RSXA_ECOBW,2.0,Escherichia coli
0.98840326,0.011596771,-1,MOAC_ECOBW,2.0,Escherichia coli
0.9987374,0.0012626726,-1,SECB_ECOBW,2.0,Escherichia coli
0.999426,0.0005739677,-1,MDTJ_ECOBW,2.0,Escherichia coli
0.99894124,0.0010587333,-1,MDTI_ECOBW,2.0,Escherichia coli
0.99948907,0.0005109212,-1,CLPS_ECOBW,2.0,Escherichia coli
0.9903134,0.009686638,-1,ASR_ECOBW,2.0,Escherichia coli
0.99829334,0.0017066157,-1,RPOZ_ECOBW,2.0,Escherichia coli
0.99815995,0.0018400493,-1,RL28_ECOBW,2.0,Escherichia coli
0.58739215,0.41260785,-1,RL33_ECOBW,2.0,Escherichia coli
0.99884546,0.0011544821,-1,GSH1_ECOBW,2.0,Escherichia coli
0.9981185,0.0018815168,-1,MDTK_ECOBW,2.0,Escherichia coli
0.9989511,0.0010488768,-1,RSXD_ECOBW,2.0,Escherichia coli
0.998735,0.001264942,-1,PURR_ECOBW,2.0,Escherichia coli
0.999012,0.0009879734,-1,BTUC_ECOBW,2.0,Escherichia coli
0.99904794,0.0009521005,-1,GLAH_ECOBW,2.0,Escherichia coli
0.99708325,0.0029167298,-1,TRMD_ECOBW,2.0,Escherichia coli
0.99355584,0.006444095,-1,TRMN6_ECOBW,2.0,Escherichia coli
0.99882454,0.0011754249,-1,RSXE_ECOBW,2.0,Escherichia coli
0.997695,0.0023050075,-1,UNG_ECOBW,2.0,Escherichia coli
0.9979551,0.0020448645,-1,GRPE_ECOBW,2.0,Escherichia coli
0.73794323,0.26205677,-1,RIMM_ECOBW,2.0,Escherichia coli
0.9834995,0.016500393,-1,IF3_ECOBW,2.0,Escherichia coli
0.99845564,0.0015443666,-1,LUXS_ECOBW,2.0,Escherichia coli
0.0036933015,0.99630666,-1,SSRP_ECOBW,2.0,Escherichia coli
0.99912995,0.00087001326,-1,SLYA_ECOBW,2.0,Escherichia coli
0.99561006,0.004389924,-1,SUFE_ECOBW,2.0,Escherichia coli
0.99924856,0.00075137784,-1,GRCA_ECOBW,2.0,Escherichia coli
0.9988617,0.0011384,-1,ACPS_ECOBW,2.0,Escherichia coli
0.006723625,0.99327636,-1,RL20_ECOBW,2.0,Escherichia coli
0.9945029,0.0054971697,-1,RL19_ECOBW,2.0,Escherichia coli
0.9788713,0.02112871,-1,IHFA_ECOBW,2.0,Escherichia coli
0.9977482,0.0022518258,-1,RS16_ECOBW,2.0,Escherichia coli
0.9982462,0.0017538746,-1,RL35_ECOBW,2.0,Escherichia coli
0.8258294,0.17417064,-1,CSRA_ECOBW,2.0,Escherichia coli
0.997165,0.0028349545,-1,MNMG_ECOBW,2.0,Escherichia coli
0.9994092,0.0005908509,-1,KUP_ECOBW,2.0,Escherichia coli
0.99914885,0.0008511173,-1,YIDE_ECOBW,2.0,Escherichia coli
0.9971625,0.00283742,-1,NORR_ECOBW,2.0,Escherichia coli
0.9979321,0.0020679473,-1,RAVA_ECOBW,2.0,Escherichia coli
0.99140865,0.008591381,-1,GPPA_ECOBW,2.0,Escherichia coli
0.9989502,0.001049856,-1,TNAA_ECOBW,2.0,Escherichia coli
0.9972723,0.0027276492,-1,DNAA_ECOBW,2.0,Escherichia coli
0.99921703,0.00078295055,-1,WZYE_ECOBW,2.0,Escherichia coli
0.9991454,0.0008545482,-1,MDTL_ECOBW,2.0,Escherichia coli
0.9976186,0.0023813671,-1,NORW_ECOBW,2.0,Escherichia coli
0.9963948,0.003605235,-1,RECF_ECOBW,2.0,Escherichia coli
0.9987382,0.0012618352,-1,ASNA_ECOBW,2.0,Escherichia coli
0.999252,0.00074797374,-1,YIDZ_ECOBW,2.0,Escherichia coli
0.9981812,0.0018187895,-1,ATPG_ECOBW,2.0,Escherichia coli
0.9987225,0.0012774968,-1,HDFR_ECOBW,2.0,Escherichia coli
0.99807477,0.001925178,-1,ATP6_ECOBW,2.0,Escherichia coli
0.996829,0.0031709848,-1,RSMG_ECOBW,2.0,Escherichia coli
0.99239373,0.00760621,-1,ATPD_ECOBW,2.0,Escherichia coli
0.55151826,0.4484817,-1,RECX_ECOBW,2.0,Escherichia coli
0.9982395,0.0017604183,-1,IBPB_ECOBW,2.0,Escherichia coli
0.9988136,0.0011863584,-1,ATPE_ECOBW,2.0,Escherichia coli
0.9975867,0.0024132617,-1,IBPA_ECOBW,2.0,Escherichia coli
0.0018612706,0.99813867,-1,RNPA_ECOBW,2.0,Escherichia coli
0.99930453,0.0006954809,-1,RL34_ECOBW,2.0,Escherichia coli
0.99843377,0.0015661629,-1,MUTS_ECOBW,2.0,Escherichia coli
0.26214913,0.73785084,-1,RSMF_ECOBW,2.0,Escherichia coli
0.99909735,0.0009027236,-1,ASTB_ECOBW,2.0,Escherichia coli
0.9990397,0.00096028746,-1,PEPQ_ECOBW,2.0,Escherichia coli
0.9991387,0.0008612903,-1,LPLT_ECOBW,2.0,Escherichia coli
0.998604,0.0013960573,-1,ASTA_ECOBW,2.0,Escherichia coli
0.9971138,0.002886162,-1,CYSD_ECOBW,2.0,Escherichia coli
0.9984377,0.0015622429,-1,HTPX_ECOBW,2.0,Escherichia coli
0.9991221,0.0008779612,-1,LGT_ECOBW,2.0,Escherichia coli
0.99870884,0.0012911359,-1,RHAR_ECOBW,2.0,Escherichia coli
0.9987091,0.0012908935,-1,RHAS_ECOBW,2.0,Escherichia coli
0.99603915,0.003960874,-1,FDHD_ECOBW,2.0,Escherichia coli
0.99887127,0.001128761,-1,WECG_ECOBW,2.0,Escherichia coli
0.9675231,0.03247686,-1,ISPD_ECOBW,2.0,Escherichia coli
0.7927248,0.2072752,-1,PROQ_ECOBW,2.0,Escherichia coli
0.9982509,0.0017491098,-1,MUTH_ECOBW,2.0,Escherichia coli
0.92070395,0.07929613,-1,ENGB_ECOBW,2.0,Escherichia coli
0.9985637,0.001436321,-1,NUDL_ECOBW,2.0,Escherichia coli
0.9992329,0.00076709274,-1,MNTP_ECOBW,2.0,Escherichia coli
0.99724776,0.0027521777,-1,RPPH_ECOBW,2.0,Escherichia coli
0.99552333,0.004476741,-1,YIHI_ECOBW,2.0,Escherichia coli
0.99931896,0.00068107503,-1,MSRB_ECOBW,2.0,Escherichia coli
0.9982716,0.0017284158,-1,CYAY_ECOBW,2.0,Escherichia coli
0.99882704,0.0011729845,-1,FTSB_ECOBW,2.0,Escherichia coli
0.9991007,0.00089930964,-1,MGRB_ECOBW,2.0,Escherichia coli
0.99797076,0.0020291696,-1,GCSP_ECOBW,2.0,Escherichia coli
0.9990169,0.0009831622,-1,CAPP_ECOBW,2.0,Escherichia coli
0.9981968,0.0018032693,-1,STHA_ECOBW,2.0,Escherichia coli
0.99826694,0.0017330576,-1,ARLY_ECOBW,2.0,Escherichia coli
0.99793565,0.002064333,-1,RF2_ECOBW,2.0,Escherichia coli
0.9971734,0.002826545,-1,GCST_ECOBW,2.0,Escherichia coli
0.9993957,0.0006043173,-1,RHAT_ECOBW,2.0,Escherichia coli
0.9991767,0.0008232848,-1,KDGT_ECOBW,2.0,Escherichia coli
0.98872095,0.011279061,-1,YGFZ_ECOBW,2.0,Escherichia coli
0.9981743,0.0018256942,-1,COAA_ECOBW,2.0,Escherichia coli
0.998207,0.0017929988,-1,SPEB_ECOBW,2.0,Escherichia coli
0.9991134,0.0008866332,-1,ARGP_ECOBW,2.0,Escherichia coli
0.99887687,0.0011230699,-1,MURI_ECOBW,2.0,Escherichia coli
0.99729234,0.0027076127,-1,CDH_ECOBW,2.0,Escherichia coli
0.99882704,0.0011729767,-1,FABR_ECOBW,2.0,Escherichia coli
0.9982577,0.0017422751,-1,SPRT_ECOBW,2.0,Escherichia coli
0.9989845,0.0010154998,-1,RRAA_ECOBW,2.0,Escherichia coli
0.99793905,0.0020609843,-1,YQGF_ECOBW,2.0,Escherichia coli
0.9987966,0.0012033707,-1,GCSH_ECOBW,2.0,Escherichia coli
0.9965648,0.0034351784,-1,ZAPA_ECOBW,2.0,Escherichia coli
0.99893457,0.0010653988,-1,METJ_ECOBW,2.0,Escherichia coli
0.9926327,0.0073673036,-1,AC4CH_ECOBW,2.0,Escherichia coli
0.99813026,0.0018697571,-1,FETP_ECOBW,2.0,Escherichia coli
0.9990227,0.0009772655,-1,ZAPB_ECOBW,2.0,Escherichia coli
0.007331369,0.9926686,-1,RL31_ECOBW,2.0,Escherichia coli
0.9980956,0.0019044152,-1,D0VE88_ECOLI,2.0,Escherichia coli
0.9980987,0.001901318,-1,PLSB_ECOBW,2.0,Escherichia coli
0.9910459,0.008954147,-1,MUTL_ECOBW,2.0,Escherichia coli
0.99919575,0.0008042821,-1,ACTP_ECOBW,2.0,Escherichia coli
0.99864775,0.0013523046,-1,D0VE85_ECOLI,2.0,Escherichia coli
0.99702317,0.002976832,-1,D0VEX2_ECOLI,2.0,Escherichia coli
0.99834573,0.0016542893,-1,D0VEX1_ECOLI,2.0,Escherichia coli
0.99840444,0.0015955511,-1,D0VE86_ECOLI,2.0,Escherichia coli
0.9979073,0.0020927186,-1,D0VEX7_ECOLI,2.0,Escherichia coli
0.998406,0.001594048,-1,D0VE87_ECOLI,2.0,Escherichia coli
0.9992366,0.0007634683,-1,D0VEW9_ECOLI,2.0,Escherichia coli
0.9979721,0.0020278916,-1,D0VEX3_ECOLI,2.0,Escherichia coli
0.0049702255,0.99502975,-1,RL1_ECOBW,2.0,Escherichia coli
0.999206,0.0007940657,-1,PEPE_ECOBW,2.0,Escherichia coli
0.99908435,0.0009156879,-1,EFP_ECOBW,2.0,Escherichia coli
0.020083835,0.9799162,-1,RL10_ECOBW,2.0,Escherichia coli
0.99911433,0.00088564615,-1,UBIC_ECOBW,2.0,Escherichia coli
0.99841356,0.0015863621,-1,RSD_ECOBW,2.0,Escherichia coli
0.003148962,0.996851,-1,RL11_ECOBW,2.0,Escherichia coli
0.99904364,0.0009563549,-1,PSIE_ECOBW,2.0,Escherichia coli
0.999062,0.0009380391,-1,FRDC_ECOBW,2.0,Escherichia coli
0.99863833,0.0013617034,-1,RL7_ECOBW,2.0,Escherichia coli
0.99893576,0.0010642653,-1,FRDD_ECOBW,2.0,Escherichia coli
0.9989901,0.0010099125,-1,CUTA_ECOBW,2.0,Escherichia coli
0.9969452,0.0030547506,-1,CH10_ECOBW,2.0,Escherichia coli
0.99960405,0.00039594335,-1,CRED_ECOLI,2.0,Escherichia coli
0.99843746,0.0015625241,-1,D0VEZ1_ECOLI,2.0,Escherichia coli
0.99796295,0.0020370753,-1,INSG_ECOLI,2.0,Escherichia coli
0.99886596,0.001134003,-1,G1E6H3_ECOLI,2.0,Escherichia coli
0.9977901,0.0022098979,-1,D0VEY0_ECOLI,2.0,Escherichia coli
0.9922025,0.0077974545,-1,D0VEY2_ECOLI,2.0,Escherichia coli
0.9985744,0.0014256107,-1,D0VEZ0_ECOLI,2.0,Escherichia coli
0.99920565,0.0007943544,-1,MALM_ECOLI,2.0,Escherichia coli
0.9992125,0.0007874216,-1,NLPA_ECOLI,2.0,Escherichia coli
0.9982591,0.0017408575,-1,D0VEY5_ECOLI,2.0,Escherichia coli
0.99587125,0.0041287867,-1,D0VEY7_ECOLI,2.0,Escherichia coli
0.99850464,0.0014953497,-1,TRAJ1_ECOLI,2.0,Escherichia coli
0.9987286,0.0012713892,-1,TRAE1_ECOLI,2.0,Escherichia coli
0.99947494,0.0005250219,-1,PPDB_ECOLI,2.0,Escherichia coli
0.99795,0.0020499765,-1,D0VEY6_ECOLI,2.0,Escherichia coli
0.99944955,0.00055047986,-1,D0VEY4_ECOLI,2.0,Escherichia coli
0.9990331,0.0009668679,-1,YFIB_ECOLI,2.0,Escherichia coli
0.9963983,0.003601667,-1,TRAY1_ECOLI,2.0,Escherichia coli
0.98608625,0.013913822,-1,YCIH_ECOLI,2.0,Escherichia coli
0.9986707,0.001329318,-1,YPDI_ECOLI,2.0,Escherichia coli
0.99882394,0.0011760532,-1,TRAL1_ECOLI,2.0,Escherichia coli
0.9851099,0.014890056,-1,DICC_ECOLI,2.0,Escherichia coli
0.9965874,0.003412566,-1,LPIV_ECOLI,2.0,Escherichia coli
0.9979049,0.002095096,-1,PMRR_ECOLI,2.0,Escherichia coli
0.9793154,0.020684635,-1,LPMG_ECOLI,2.0,Escherichia coli
0.99934465,0.0006553711,-1,HEMX_ECOLI,2.0,Escherichia coli
0.9984647,0.0015352715,-1,YCJF_ECOLI,2.0,Escherichia coli
0.99265563,0.0073443796,-1,USG_ECOLI,2.0,Escherichia coli
0.9992483,0.0007516113,-1,YIHY_ECOLI,2.0,Escherichia coli
0.99706334,0.0029366878,-1,YAFD_ECOLI,2.0,Escherichia coli
0.9840851,0.015914917,-1,YEBC_ECOLI,2.0,Escherichia coli
0.9973705,0.0026294957,-1,YEEN_ECOLI,2.0,Escherichia coli
0.99898845,0.0010115592,-1,TFAE_ECOLI,2.0,Escherichia coli
0.9983954,0.0016046283,-1,YGFB_ECOLI,2.0,Escherichia coli
0.9989636,0.0010364209,-1,EFPL_ECOLI,2.0,Escherichia coli
0.9983644,0.0016355864,-1,YQGE_ECOLI,2.0,Escherichia coli
0.98934364,0.010656324,-1,YFCN_ECOLI,2.0,Escherichia coli
0.99912983,0.0008701338,-1,YCFP_ECOLI,2.0,Escherichia coli
0.9988366,0.0011634056,-1,TRAS1_ECOLI,2.0,Escherichia coli
0.99514514,0.0048548593,-1,YAII_ECOLI,2.0,Escherichia coli
0.9941778,0.0058221724,-1,YFBV_ECOLI,2.0,Escherichia coli
0.9988502,0.0011497446,-1,NRDI_ECOLI,2.0,Escherichia coli
0.99904364,0.00095635396,-1,PSIE_ECOLI,2.0,Escherichia coli
0.99861336,0.001386648,-1,YJAA_ECOLI,2.0,Escherichia coli
0.9992944,0.00070562813,-1,YEEX_ECOLI,2.0,Escherichia coli
0.9994085,0.0005915541,-1,PPDC_ECOLI,2.0,Escherichia coli
0.9991435,0.00085655245,-1,YBJQ_ECOLI,2.0,Escherichia coli
0.99835145,0.0016485809,-1,FLIE_ECOLI,2.0,Escherichia coli
0.99882656,0.0011734001,-1,YBED_ECOLI,2.0,Escherichia coli
0.9836061,0.016393831,-1,DICB_ECOLI,2.0,Escherichia coli
0.27244824,0.72755176,-1,YBIT_ECOLI,2.0,Escherichia coli
0.99877995,0.0012200914,-1,YDIO_ECOLI,2.0,Escherichia coli
0.99727863,0.0027213627,-1,PHOH_ECOLI,2.0,Escherichia coli
0.9145569,0.08544302,-1,PHOL_ECOLI,2.0,Escherichia coli
0.99886286,0.0011371162,-1,YFDV_ECOLI,2.0,Escherichia coli
0.99913496,0.00086507946,-1,YEDA_ECOLI,2.0,Escherichia coli
0.99535865,0.0046413657,-1,YBBA_ECOLI,2.0,Escherichia coli
0.99916565,0.0008343624,-1,YCCT_ECOLI,2.0,Escherichia coli
0.9992205,0.0007794793,-1,YAGU_ECOLI,2.0,Escherichia coli
0.9990938,0.0009062176,-1,YQIA_ECOLI,2.0,Escherichia coli
0.9985954,0.0014045868,-1,YEAY_ECOLI,2.0,Escherichia coli
0.99793434,0.0020656793,-1,YCEI_ECOLI,2.0,Escherichia coli
0.99935085,0.0006492002,-1,YRDA_ECOLI,2.0,Escherichia coli
0.07894193,0.92105806,-1,YJGA_ECOLI,2.0,Escherichia coli
0.9993185,0.00068158534,-1,FTNB_ECOLI,2.0,Escherichia coli
0.9953826,0.004617411,-1,YFBU_ECOLI,2.0,Escherichia coli
0.9964629,0.0035371648,-1,SLYB_ECOLI,2.0,Escherichia coli
0.9978854,0.002114591,-1,YBAQ_ECOLI,2.0,Escherichia coli
0.9967926,0.003207379,-1,YIAG_ECOLI,2.0,Escherichia coli
0.99909043,0.0009096026,-1,YEDF_ECOLI,2.0,Escherichia coli
0.99836415,0.001635834,-1,ESSD_ECOLI,2.0,Escherichia coli
0.9953284,0.0046716123,-1,CSPF_ECOLI,2.0,Escherichia coli
0.9985739,0.001426033,-1,CSPG_ECOLI,2.0,Escherichia coli
0.98811394,0.011886094,-1,CSPH_ECOLI,2.0,Escherichia coli
0.9984006,0.0015993195,-1,CSPI_ECOLI,2.0,Escherichia coli
0.99928564,0.0007143291,-1,ARCD_ECOLI,2.0,Escherichia coli
0.9983885,0.0016114623,-1,YBHL_ECOLI,2.0,Escherichia coli
0.9995192,0.0004807268,-1,YDHY_ECOLI,2.0,Escherichia coli
0.9992236,0.0007763639,-1,IPRA_ECOLI,2.0,Escherichia coli
0.99957854,0.00042146395,-1,ECPA_ECOLI,2.0,Escherichia coli
0.999153,0.0008469844,-1,YCEB_ECOLI,2.0,Escherichia coli
0.9965509,0.0034491082,-1,YCBK_ECOLI,2.0,Escherichia coli
0.9975501,0.0024499062,-1,HYDN_ECOLI,2.0,Escherichia coli
0.99924636,0.0007536727,-1,HYBE_ECOLI,2.0,Escherichia coli
0.99917513,0.0008248824,-1,YBJO_ECOLI,2.0,Escherichia coli
0.99892056,0.0010794587,-1,YLAC_ECOLI,2.0,Escherichia coli
0.9976265,0.0023735745,-1,YBBJ_ECOLI,2.0,Escherichia coli
0.99823785,0.0017621211,-1,YCCF_ECOLI,2.0,Escherichia coli
0.99763346,0.0023664772,-1,YBHQ_ECOLI,2.0,Escherichia coli
0.9992931,0.00070684287,-1,BSSR_ECOLI,2.0,Escherichia coli
0.9991474,0.0008525532,-1,YBAN_ECOLI,2.0,Escherichia coli
0.9218529,0.078147076,-1,YBAV_ECOLI,2.0,Escherichia coli
0.9934906,0.0065094074,-1,YAJD_ECOLI,2.0,Escherichia coli
0.99859244,0.0014075668,-1,YAIY_ECOLI,2.0,Escherichia coli
0.998738,0.0012620612,-1,YBFE_ECOLI,2.0,Escherichia coli
0.99909997,0.00090001087,-1,YBGE_ECOLI,2.0,Escherichia coli
0.9964857,0.003514242,-1,YBIJ_ECOLI,2.0,Escherichia coli
0.99909234,0.00090764515,-1,YMCE_ECOLI,2.0,Escherichia coli
0.9979977,0.0020022523,-1,YCCJ_ECOLI,2.0,Escherichia coli
0.99863213,0.0013678917,-1,YAIZ_ECOLI,2.0,Escherichia coli
0.9993992,0.0006008375,-1,YEAG_ECOLI,2.0,Escherichia coli
0.9974995,0.002500519,-1,XYLR_ECOLI,2.0,Escherichia coli
0.9991196,0.00088038336,-1,YDHB_ECOLI,2.0,Escherichia coli
0.99828136,0.0017186487,-1,YFER_ECOLI,2.0,Escherichia coli
0.99858046,0.0014195943,-1,YEIE_ECOLI,2.0,Escherichia coli
0.998679,0.001321014,-1,ROB_ECOLI,2.0,Escherichia coli
0.9984627,0.0015373834,-1,EXUR_ECOLI,2.0,Escherichia coli
0.99840826,0.0015917904,-1,YEGW_ECOLI,2.0,Escherichia coli
0.99909484,0.0009052226,-1,YIHL_ECOLI,2.0,Escherichia coli
0.99897075,0.001029286,-1,RSPR_ECOLI,2.0,Escherichia coli
0.9993444,0.0006556366,-1,YJDC_ECOLI,2.0,Escherichia coli
0.9975497,0.0024502443,-1,YCFJ_ECOLI,2.0,Escherichia coli
0.9993074,0.0006926404,-1,FLAW_ECOLI,2.0,Escherichia coli
0.9990097,0.0009902824,-1,EBGC_ECOLI,2.0,Escherichia coli
0.99805284,0.0019471496,-1,YEAL_ECOLI,2.0,Escherichia coli
0.99948174,0.0005182347,-1,FLIT_ECOLI,2.0,Escherichia coli
0.9991578,0.00084221404,-1,YCHN_ECOLI,2.0,Escherichia coli
0.9987973,0.0012027359,-1,YDGC_ECOLI,2.0,Escherichia coli
0.9985728,0.0014271319,-1,YCII_ECOLI,2.0,Escherichia coli
0.9963201,0.003679886,-1,YEBG_ECOLI,2.0,Escherichia coli
0.99878746,0.0012125201,-1,YCHH_ECOLI,2.0,Escherichia coli
0.9973605,0.002639465,-1,SFSB_ECOLI,2.0,Escherichia coli
0.9980813,0.0019186984,-1,DINI_ECOLI,2.0,Escherichia coli
0.99630105,0.003698882,-1,YDIE_ECOLI,2.0,Escherichia coli
0.9992829,0.0007171496,-1,HOKD_ECOLI,2.0,Escherichia coli
0.99723923,0.0027608,-1,YEJM_ECOLI,2.0,Escherichia coli
0.9986394,0.0013606104,-1,YEEZ_ECOLI,2.0,Escherichia coli
0.9986261,0.0013739537,-1,YFCA_ECOLI,2.0,Escherichia coli
0.99853086,0.0014691056,-1,YJJQ_ECOLI,2.0,Escherichia coli
0.9991093,0.00089068484,-1,YOHK_ECOLI,2.0,Escherichia coli
0.9993278,0.00067228073,-1,YHHN_ECOLI,2.0,Escherichia coli
0.99918514,0.0008147907,-1,YOHC_ECOLI,2.0,Escherichia coli
0.99922085,0.00077912654,-1,YAJG_ECOLI,2.0,Escherichia coli
0.99874276,0.0012573183,-1,YECD_ECOLI,2.0,Escherichia coli
0.99423176,0.005768187,-1,YIAA_ECOLI,2.0,Escherichia coli
0.998697,0.0013030822,-1,YPHA_ECOLI,2.0,Escherichia coli
0.9992322,0.00076784973,-1,YFDO_ECOLI,2.0,Escherichia coli
0.9984413,0.0015587414,-1,OSME_ECOLI,2.0,Escherichia coli
0.99906486,0.00093512546,-1,YIAW_ECOLI,2.0,Escherichia coli
0.9989079,0.0010920796,-1,YEJL_ECOLI,2.0,Escherichia coli
0.9965648,0.0034352685,-1,OSMB_ECOLI,2.0,Escherichia coli
0.9680548,0.031945195,-1,YTFK_ECOLI,2.0,Escherichia coli
0.99900204,0.0009980014,-1,BCSF_ECOLI,2.0,Escherichia coli
0.99816376,0.0018362409,-1,YHJR_ECOLI,2.0,Escherichia coli
0.99955803,0.0004419637,-1,LPPY_ECOLI,2.0,Escherichia coli
0.9982951,0.001704926,-1,LPRH_ECOLI,2.0,Escherichia coli
0.9994618,0.0005381461,-1,LPL_ECOLI,2.0,Escherichia coli
0.9173852,0.08261475,-1,LPT_ECOLI,2.0,Escherichia coli
0.99121255,0.00878741,-1,LPF_ECOLI,2.0,Escherichia coli
0.9930369,0.00696308,-1,LPW_ECOLI,2.0,Escherichia coli
0.99813014,0.0018698641,-1,YOAE_ECOLI,2.0,Escherichia coli
0.997806,0.00219398,-1,CITT_ECOLI,2.0,Escherichia coli
0.998154,0.0018460073,-1,CORC_ECOLI,2.0,Escherichia coli
0.99908376,0.00091621676,-1,AMPE_ECOLI,2.0,Escherichia coli
0.9985367,0.0014632457,-1,YIBA_ECOLI,2.0,Escherichia coli
0.99890924,0.0010907373,-1,YIEE_ECOLI,2.0,Escherichia coli
0.9990252,0.00097471767,-1,YGGE_ECOLI,2.0,Escherichia coli
0.9993642,0.0006358341,-1,AROM_ECOLI,2.0,Escherichia coli
0.9979018,0.0020982027,-1,YGIB_ECOLI,2.0,Escherichia coli
0.99794954,0.002050527,-1,YGIM_ECOLI,2.0,Escherichia coli
0.99699163,0.003008333,-1,CREA_ECOLI,2.0,Escherichia coli
0.9977585,0.002241479,-1,ELAA_ECOLI,2.0,Escherichia coli
0.9994886,0.0005113978,-1,YHHA_ECOLI,2.0,Escherichia coli
0.99897456,0.0010253998,-1,YQAA_ECOLI,2.0,Escherichia coli
0.99943095,0.00056896644,-1,YGDD_ECOLI,2.0,Escherichia coli
0.9971589,0.002841092,-1,CAIF_ECOLI,2.0,Escherichia coli
0.99833614,0.0016638614,-1,YIDG_ECOLI,2.0,Escherichia coli
0.99790937,0.0020905747,-1,YIDH_ECOLI,2.0,Escherichia coli
0.9981523,0.0018476095,-1,YOAB_ECOLI,2.0,Escherichia coli
0.99897873,0.0010213153,-1,YTFP_ECOLI,2.0,Escherichia coli
0.9986211,0.0013789191,-1,YIDQ_ECOLI,2.0,Escherichia coli
0.4819673,0.51803267,-1,CHAB_ECOLI,2.0,Escherichia coli
0.9980185,0.0019814535,-1,YIIE_ECOLI,2.0,Escherichia coli
0.99933124,0.0006687794,-1,YIFL_ECOLI,2.0,Escherichia coli
0.9982799,0.001720118,-1,YQAE_ECOLI,2.0,Escherichia coli
0.99861073,0.0013892772,-1,YFBS_ECOLI,2.0,Escherichia coli
0.9986111,0.0013889094,-1,YJBB_ECOLI,2.0,Escherichia coli
0.9992423,0.00075766136,-1,YIBH_ECOLI,2.0,Escherichia coli
0.99770796,0.0022920421,-1,YDIK_ECOLI,2.0,Escherichia coli
0.99899906,0.0010009208,-1,PERM_ECOLI,2.0,Escherichia coli
0.9970193,0.002980681,-1,RSSA_ECOLI,2.0,Escherichia coli
0.99926645,0.00073357037,-1,KPPR_ECOLI,2.0,Escherichia coli
0.99840647,0.001593522,-1,YBBO_ECOLI,2.0,Escherichia coli
0.99912494,0.0008750068,-1,YADH_ECOLI,2.0,Escherichia coli
0.99961996,0.0003800508,-1,YJFJ_ECOLI,2.0,Escherichia coli
0.9986571,0.0013428988,-1,MARC_ECOLI,2.0,Escherichia coli
0.9980813,0.0019187159,-1,FIMZ_ECOLI,2.0,Escherichia coli
0.99870133,0.0012986305,-1,YADS_ECOLI,2.0,Escherichia coli
0.4546313,0.5453687,-1,YCIO_ECOLI,2.0,Escherichia coli
0.9974936,0.0025064405,-1,HDED_ECOLI,2.0,Escherichia coli
0.99904615,0.0009538533,-1,YJIG_ECOLI,2.0,Escherichia coli
0.99910897,0.0008909793,-1,HYCA_ECOLI,2.0,Escherichia coli
0.9840679,0.015932163,-1,HYCH_ECOLI,2.0,Escherichia coli
0.9987255,0.0012744633,-1,GLCG_ECOLI,2.0,Escherichia coli
0.99822634,0.0017736607,-1,YJFL_ECOLI,2.0,Escherichia coli
0.9993231,0.0006768909,-1,YJDM_ECOLI,2.0,Escherichia coli
0.998971,0.0010290546,-1,YJCH_ECOLI,2.0,Escherichia coli
0.9991698,0.00083016796,-1,YJFN_ECOLI,2.0,Escherichia coli
0.99810565,0.0018943325,-1,ROF_ECOLI,2.0,Escherichia coli
0.9987326,0.0012673341,-1,YJBE_ECOLI,2.0,Escherichia coli
0.99904734,0.0009525891,-1,RMUC_ECOLI,2.0,Escherichia coli
0.99913126,0.0008687388,-1,YHHJ_ECOLI,2.0,Escherichia coli
0.9987863,0.0012137461,-1,YHHT_ECOLI,2.0,Escherichia coli
0.006120814,0.9938792,-1,YFIF_ECOLI,2.0,Escherichia coli
0.9978283,0.0021716433,-1,INSH1_ECOLI,2.0,Escherichia coli
0.9978283,0.0021716433,-1,INSH2_ECOLI,2.0,Escherichia coli
0.9978283,0.0021716433,-1,INSH3_ECOLI,2.0,Escherichia coli
0.9978283,0.0021716433,-1,INSH4_ECOLI,2.0,Escherichia coli
0.99788135,0.002118667,-1,INSH6_ECOLI,2.0,Escherichia coli
0.9978283,0.0021716433,-1,INSH7_ECOLI,2.0,Escherichia coli
0.9978283,0.0021716433,-1,INSH8_ECOLI,2.0,Escherichia coli
0.9978283,0.0021716463,-1,INSH9_ECOLI,2.0,Escherichia coli
0.9978283,0.0021716463,-1,INH10_ECOLI,2.0,Escherichia coli
0.9978283,0.0021716463,-1,INH11_ECOLI,2.0,Escherichia coli
0.9978283,0.0021716463,-1,INH12_ECOLI,2.0,Escherichia coli
0.9978283,0.0021716463,-1,INH13_ECOLI,2.0,Escherichia coli
0.9978283,0.0021716463,-1,INH14_ECOLI,2.0,Escherichia coli
0.9978283,0.0021716463,-1,INH15_ECOLI,2.0,Escherichia coli
0.9978283,0.0021716463,-1,INH16_ECOLI,2.0,Escherichia coli
0.9978283,0.0021716463,-1,INH17_ECOLI,2.0,Escherichia coli
0.99863344,0.0013665907,-1,SIRB1_ECOLI,2.0,Escherichia coli
0.9986272,0.0013728025,-1,SSEB_ECOLI,2.0,Escherichia coli
0.9991129,0.0008870548,-1,SMP_ECOLI,2.0,Escherichia coli
0.99864334,0.0013566238,-1,YICG_ECOLI,2.0,Escherichia coli
0.9977806,0.002219432,-1,YIBN_ECOLI,2.0,Escherichia coli
0.9978283,0.0021716463,-1,INH18_ECOLI,2.0,Escherichia coli
0.9979855,0.0020144915,-1,INSB1_ECOLI,2.0,Escherichia coli
0.99798065,0.0020194175,-1,INSB2_ECOLI,2.0,Escherichia coli
0.99798065,0.0020194175,-1,INSB3_ECOLI,2.0,Escherichia coli
0.9979855,0.0020144915,-1,INSB5_ECOLI,2.0,Escherichia coli
0.9979855,0.0020144915,-1,INSB6_ECOLI,2.0,Escherichia coli
0.9979855,0.0020144915,-1,INSB8_ECOLI,2.0,Escherichia coli
0.9983896,0.0016103663,-1,INSC1_ECOLI,2.0,Escherichia coli
0.9983896,0.0016103663,-1,INSC2_ECOLI,2.0,Escherichia coli
0.9983896,0.0016103663,-1,INSC3_ECOLI,2.0,Escherichia coli
0.9983896,0.0016103663,-1,INSC4_ECOLI,2.0,Escherichia coli
0.9983896,0.0016103663,-1,INSC5_ECOLI,2.0,Escherichia coli
0.9983896,0.0016103663,-1,INSC6_ECOLI,2.0,Escherichia coli
0.9983896,0.0016103663,-1,INSC7_ECOLI,2.0,Escherichia coli
0.9983896,0.0016103663,-1,INSC8_ECOLI,2.0,Escherichia coli
0.9983896,0.0016103663,-1,INSC9_ECOLI,2.0,Escherichia coli
0.9983896,0.0016103663,-1,INC10_ECOLI,2.0,Escherichia coli
0.9983896,0.0016103663,-1,INC11_ECOLI,2.0,Escherichia coli
0.99258244,0.007417533,-1,INSA1_ECOLI,2.0,Escherichia coli
0.99402136,0.0059786513,-1,INSA2_ECOLI,2.0,Escherichia coli
0.99402136,0.0059786513,-1,INSA3_ECOLI,2.0,Escherichia coli
0.99402136,0.0059786513,-1,INSA4_ECOLI,2.0,Escherichia coli
0.99258244,0.007417533,-1,INSA5_ECOLI,2.0,Escherichia coli
0.99258244,0.007417533,-1,INSA6_ECOLI,2.0,Escherichia coli
0.99258244,0.007417533,-1,INSA8_ECOLI,2.0,Escherichia coli
0.9965513,0.0034487052,-1,INSD9_ECOLI,2.0,Escherichia coli
0.9965513,0.0034487052,-1,IND10_ECOLI,2.0,Escherichia coli
0.9965513,0.0034487052,-1,IND11_ECOLI,2.0,Escherichia coli
0.9965513,0.0034487052,-1,IND12_ECOLI,2.0,Escherichia coli
0.99616516,0.0038348048,-1,INSD1_ECOLI,2.0,Escherichia coli
0.99616516,0.0038348048,-1,INSD2_ECOLI,2.0,Escherichia coli
0.99616516,0.0038348048,-1,INSD3_ECOLI,2.0,Escherichia coli
0.99616516,0.0038348048,-1,INSD4_ECOLI,2.0,Escherichia coli
0.99616516,0.0038348048,-1,INSD5_ECOLI,2.0,Escherichia coli
0.99616516,0.0038348048,-1,INSD6_ECOLI,2.0,Escherichia coli
0.99616516,0.0038348048,-1,INSD7_ECOLI,2.0,Escherichia coli
0.9981014,0.0018985681,-1,INSF1_ECOLI,2.0,Escherichia coli
0.9981014,0.0018985681,-1,INSF2_ECOLI,2.0,Escherichia coli
0.9981014,0.0018985681,-1,INSF3_ECOLI,2.0,Escherichia coli
0.9981014,0.0018985681,-1,INSF4_ECOLI,2.0,Escherichia coli
0.9981014,0.0018985681,-1,INSF5_ECOLI,2.0,Escherichia coli
0.9981014,0.0018985681,-1,INSF6_ECOLI,2.0,Escherichia coli
0.99718434,0.0028156326,-1,INSD8_ECOLI,2.0,Escherichia coli
0.99840266,0.0015973707,-1,INSE1_ECOLI,2.0,Escherichia coli
0.99840266,0.0015973707,-1,INSE2_ECOLI,2.0,Escherichia coli
0.99840266,0.0015973707,-1,INSE3_ECOLI,2.0,Escherichia coli
0.99840266,0.0015973707,-1,INSE4_ECOLI,2.0,Escherichia coli
0.99840266,0.0015973707,-1,INSE5_ECOLI,2.0,Escherichia coli
0.99840266,0.0015973707,-1,INSE6_ECOLI,2.0,Escherichia coli
0.99840266,0.0015973707,-1,INSE7_ECOLI,2.0,Escherichia coli
0.9804333,0.019566633,-1,INSI3_ECOLI,2.0,Escherichia coli
0.9804333,0.019566633,-1,INSI4_ECOLI,2.0,Escherichia coli
0.99643195,0.0035680071,-1,INSL1_ECOLI,2.0,Escherichia coli
0.99643195,0.0035680071,-1,INSL2_ECOLI,2.0,Escherichia coli
0.99643195,0.0035680071,-1,INSL3_ECOLI,2.0,Escherichia coli
0.9993315,0.0006685991,-1,PHNE1_ECOLI,2.0,Escherichia coli
0.99933463,0.0006653264,-1,YBEM_ECOLI,2.0,Escherichia coli
0.9993998,0.0006002179,-1,YJIQ_ECOLI,2.0,Escherichia coli
0.9971673,0.0028327436,-1,YFJU_ECOLI,2.0,Escherichia coli
0.9971673,0.0028327436,-1,ARSCL_ECOLI,2.0,Escherichia coli
0.9629501,0.037049834,-1,YIBX_ECOLI,2.0,Escherichia coli
0.9992939,0.00070604176,-1,YBEH_ECOLI,2.0,Escherichia coli
0.9981331,0.0018668938,-1,GNDA_ECOLI,2.0,Escherichia coli
0.997957,0.0020430407,-1,YOAL_ECOLI,2.0,Escherichia coli
0.9929329,0.00706712,-1,RSED_ECOLI,2.0,Escherichia coli
0.9992047,0.00079532847,-1,YTID_ECOLI,2.0,Escherichia coli
0.9966781,0.0033218432,-1,TIMP_ECOLI,2.0,Escherichia coli
0.9986614,0.0013386146,-1,YNFT_ECOLI,2.0,Escherichia coli
0.99974185,0.00025808977,-1,LDRA_ECOLI,2.0,Escherichia coli
0.99974185,0.00025808977,-1,LDRC_ECOLI,2.0,Escherichia coli
0.9995023,0.00049773866,-1,YTIC_ECOLI,2.0,Escherichia coli
0.9858191,0.014180827,-1,ARGL_ECOLI,2.0,Escherichia coli
0.62467355,0.37532645,-1,IDLP_ECOLI,2.0,Escherichia coli
0.988257,0.011743011,-1,PSSL_ECOLI,2.0,Escherichia coli
0.9907811,0.00921885,-1,BAXL_ECOLI,2.0,Escherichia coli
0.9995253,0.00047473135,-1,RHSD_ECOLI,2.0,Escherichia coli
0.9994905,0.00050948974,-1,RHSB_ECOLI,2.0,Escherichia coli
0.99944514,0.0005549063,-1,RHSC_ECOLI,2.0,Escherichia coli
0.99932325,0.0006768174,-1,RHSA_ECOLI,2.0,Escherichia coli
0.99932563,0.000674372,-1,TRAC_ECOLI,2.0,Escherichia coli
0.99902284,0.000977139,-1,TRAH1_ECOLI,2.0,Escherichia coli
0.99826694,0.0017330576,-1,ARLY_ECOLI,2.0,Escherichia coli
0.9968334,0.0031666136,-1,PIFC_ECOLI,2.0,Escherichia coli
0.9993468,0.0006531908,-1,YIBD_ECOLI,2.0,Escherichia coli
0.9973556,0.0026444027,-1,FLK_ECOLI,2.0,Escherichia coli
0.99836236,0.0016376917,-1,SRLR_ECOLI,2.0,Escherichia coli
0.99910814,0.00089180993,-1,TRAF_ECOLI,2.0,Escherichia coli
0.9989427,0.0010573362,-1,TRAT1_ECOLI,2.0,Escherichia coli
0.99889463,0.0011054006,-1,PHNF_ECOLI,2.0,Escherichia coli
0.9988655,0.0011345227,-1,YGGC_ECOLI,2.0,Escherichia coli
0.9917922,0.00820786,-1,FUME_ECOLI,2.0,Escherichia coli
0.99956506,0.0004348797,-1,YZCX_ECOLI,2.0,Escherichia coli
0.9965701,0.0034298282,-1,YBHB_ECOLI,2.0,Escherichia coli
0.9991001,0.0008999015,-1,YJDN_ECOLI,2.0,Escherichia coli
0.993972,0.0060279914,-1,GUTM_ECOLI,2.0,Escherichia coli
0.99870205,0.0012979172,-1,YIAB_ECOLI,2.0,Escherichia coli
0.9984339,0.0015661116,-1,COPB1_ECOLI,2.0,Escherichia coli
0.9984811,0.0015188709,-1,TDCR_ECOLI,2.0,Escherichia coli
0.9980494,0.0019506474,-1,FLMC1_ECOLI,2.0,Escherichia coli
0.9612617,0.038738262,-1,SRNB_ECOLI,2.0,Escherichia coli
0.99868566,0.00131429,-1,ARPA_ECOLI,2.0,Escherichia coli
0.9995617,0.00043829845,-1,RHSE_ECOLI,2.0,Escherichia coli
0.9939699,0.0060300454,-1,YIFB_ECOLI,2.0,Escherichia coli
0.9991171,0.00088294566,-1,ASLB_ECOLI,2.0,Escherichia coli
0.9988263,0.0011736102,-1,YCAD_ECOLI,2.0,Escherichia coli
0.99928683,0.00071319216,-1,NMPC_ECOLI,2.0,Escherichia coli
0.99899644,0.0010035381,-1,TRAU_ECOLI,2.0,Escherichia coli
0.99851614,0.0014838898,-1,HYAF_ECOLI,2.0,Escherichia coli
0.99477464,0.0052254423,-1,DIND_ECOLI,2.0,Escherichia coli
0.99948573,0.00051427545,-1,TRAX1_ECOLI,2.0,Escherichia coli
0.998126,0.0018739997,-1,YCIC_ECOLI,2.0,Escherichia coli
0.99827254,0.0017274388,-1,YICR_ECOLI,2.0,Escherichia coli
0.997047,0.0029530127,-1,TRBC_ECOLI,2.0,Escherichia coli
0.99887925,0.0011207819,-1,TRAW_ECOLI,2.0,Escherichia coli
0.998552,0.0014479869,-1,HYFA_ECOLI,2.0,Escherichia coli
0.99644744,0.0035524783,-1,FINO_ECOLI,2.0,Escherichia coli
0.9989033,0.0010967012,-1,TRBB_ECOLI,2.0,Escherichia coli
0.99856645,0.0014335751,-1,YCIF_ECOLI,2.0,Escherichia coli
0.9970251,0.0029749589,-1,YJJA_ECOLI,2.0,Escherichia coli
0.99877065,0.0012293619,-1,HYAE_ECOLI,2.0,Escherichia coli
0.99956805,0.00043192803,-1,TRBI_ECOLI,2.0,Escherichia coli
0.98818624,0.011813827,-1,YFFB_ECOLI,2.0,Escherichia coli
0.99939835,0.000601599,-1,TRAQ_ECOLI,2.0,Escherichia coli
0.99441344,0.005586532,-1,INSA7_ECOLI,2.0,Escherichia coli
0.9829623,0.017037662,-1,YCIG_ECOLI,2.0,Escherichia coli
0.9993382,0.0006617857,-1,YAAJ_ECOLI,2.0,Escherichia coli
0.99744594,0.0025541028,-1,DINF_ECOLI,2.0,Escherichia coli
0.9990257,0.0009743473,-1,YEIB_ECOLI,2.0,Escherichia coli
0.99461454,0.0053854818,-1,YHHI_ECOLI,2.0,Escherichia coli
0.99492115,0.0050788946,-1,YDCC_ECOLI,2.0,Escherichia coli
0.992007,0.007992969,-1,SMF_ECOLI,2.0,Escherichia coli
0.9964729,0.003527051,-1,YBIB_ECOLI,2.0,Escherichia coli
0.9986927,0.0013072713,-1,FLGL_ECOLI,2.0,Escherichia coli
0.996451,0.0035489723,-1,INSZ_ECOLI,2.0,Escherichia coli
0.99930525,0.00069472834,-1,RARD_ECOLI,2.0,Escherichia coli
0.99524635,0.0047536697,-1,BAX_ECOLI,2.0,Escherichia coli
0.99933064,0.0006694458,-1,GLTF_ECOLI,2.0,Escherichia coli
0.9986595,0.0013404837,-1,YABI_ECOLI,2.0,Escherichia coli
0.99684995,0.003149989,-1,YBFD_ECOLI,2.0,Escherichia coli
0.9995561,0.0004438458,-1,YHCA_ECOLI,2.0,Escherichia coli
0.99874854,0.0012514318,-1,INAA_ECOLI,2.0,Escherichia coli
0.99915683,0.00084313535,-1,YCHE_ECOLI,2.0,Escherichia coli
0.9983374,0.0016625535,-1,YCEH_ECOLI,2.0,Escherichia coli
0.963044,0.03695606,-1,YIGZ_ECOLI,2.0,Escherichia coli
0.253264,0.746736,-1,YJAZ_ECOLI,2.0,Escherichia coli
0.9979316,0.002068396,-1,RFH_ECOLI,2.0,Escherichia coli
0.96112394,0.038876045,-1,MBIA_ECOLI,2.0,Escherichia coli
0.9991811,0.00081884593,-1,FLIS_ECOLI,2.0,Escherichia coli
0.99897647,0.0010236108,-1,YIGG_ECOLI,2.0,Escherichia coli
0.9991855,0.0008144632,-1,MSYB_ECOLI,2.0,Escherichia coli
0.9996762,0.00032374432,-1,YDEK_ECOLI,2.0,Escherichia coli
0.99933916,0.00066082296,-1,YDDB_ECOLI,2.0,Escherichia coli
0.9991768,0.00082317024,-1,YIDK_ECOLI,2.0,Escherichia coli
0.99933773,0.000662222,-1,YIDJ_ECOLI,2.0,Escherichia coli
0.9992322,0.00076785486,-1,YICJ_ECOLI,2.0,Escherichia coli
0.99921346,0.00078649767,-1,YAAU_ECOLI,2.0,Escherichia coli
0.9979108,0.0020892143,-1,YADE_ECOLI,2.0,Escherichia coli
0.998806,0.0011939666,-1,WCAI_ECOLI,2.0,Escherichia coli
0.9987703,0.0012296505,-1,YEDE_ECOLI,2.0,Escherichia coli
0.9983662,0.0016338604,-1,CBRA_ECOLI,2.0,Escherichia coli
0.9992654,0.00073467643,-1,YBEF_ECOLI,2.0,Escherichia coli
0.99916947,0.00083050894,-1,YICL_ECOLI,2.0,Escherichia coli
0.9989164,0.0010836418,-1,YAFC_ECOLI,2.0,Escherichia coli
0.99809855,0.0019014056,-1,YIDL_ECOLI,2.0,Escherichia coli
0.99928147,0.0007185866,-1,YCIK_ECOLI,2.0,Escherichia coli
0.9987715,0.0012284734,-1,YIEK_ECOLI,2.0,Escherichia coli
0.9994616,0.00053835975,-1,YIDP_ECOLI,2.0,Escherichia coli
0.9993488,0.00065122475,-1,YIEP_ECOLI,2.0,Escherichia coli
0.99879515,0.001204791,-1,GLVG_ECOLI,2.0,Escherichia coli
0.99905914,0.0009409196,-1,CBRC_ECOLI,2.0,Escherichia coli
0.9989347,0.0010653279,-1,NOHA_ECOLI,2.0,Escherichia coli
0.99897194,0.0010280369,-1,YDEJ_ECOLI,2.0,Escherichia coli
0.99834716,0.0016527959,-1,CBRB_ECOLI,2.0,Escherichia coli
0.9981504,0.0018495973,-1,YIDI_ECOLI,2.0,Escherichia coli
0.99838424,0.001615802,-1,YDEI_ECOLI,2.0,Escherichia coli
0.99918216,0.000817791,-1,GRE1_ECOLI,2.0,Escherichia coli
0.99631137,0.0036885813,-1,YEHM_ECOLI,2.0,Escherichia coli
0.9992712,0.0007288254,-1,YJBH_ECOLI,2.0,Escherichia coli
0.97636056,0.023639468,-1,YEHQ_ECOLI,2.0,Escherichia coli
0.9601841,0.039815914,-1,FRVR_ECOLI,2.0,Escherichia coli
0.998965,0.001034992,-1,YJCE_ECOLI,2.0,Escherichia coli
0.9987165,0.0012835308,-1,FLGK_ECOLI,2.0,Escherichia coli
0.9985495,0.0014504961,-1,YEIQ_ECOLI,2.0,Escherichia coli
0.9995041,0.000495891,-1,YIHN_ECOLI,2.0,Escherichia coli
0.9988065,0.0011934952,-1,YEII_ECOLI,2.0,Escherichia coli
0.998803,0.0011969625,-1,YEHL_ECOLI,2.0,Escherichia coli
0.9991571,0.0008429257,-1,FRVX_ECOLI,2.0,Escherichia coli
0.99865156,0.0013484847,-1,YEEA_ECOLI,2.0,Escherichia coli
0.9995435,0.00045644463,-1,NRFD_ECOLI,2.0,Escherichia coli
0.9991585,0.00084147515,-1,YIHR_ECOLI,2.0,Escherichia coli
0.9989083,0.001091687,-1,YIJO_ECOLI,2.0,Escherichia coli
0.9479974,0.05200262,-1,YEHF_ECOLI,2.0,Escherichia coli
0.99911124,0.0008887159,-1,YOHF_ECOLI,2.0,Escherichia coli
0.9969997,0.0030002547,-1,YEBE_ECOLI,2.0,Escherichia coli
0.9986368,0.0013632617,-1,YJBF_ECOLI,2.0,Escherichia coli
0.9994868,0.00051319844,-1,NRFG_ECOLI,2.0,Escherichia coli
0.99889344,0.001106568,-1,YOHD_ECOLI,2.0,Escherichia coli
0.99885106,0.0011488729,-1,PPDA_ECOLI,2.0,Escherichia coli
0.99945825,0.0005417445,-1,YEHR_ECOLI,2.0,Escherichia coli
0.9984604,0.0015396145,-1,MOKC_ECOLI,2.0,Escherichia coli
0.99946624,0.000533734,-1,YEJO_ECOLI,2.0,Escherichia coli
0.99854064,0.0014593479,-1,YDBA_ECOLI,2.0,Escherichia coli
0.99908614,0.00091387925,-1,YJJI_ECOLI,2.0,Escherichia coli
0.9994591,0.00054086634,-1,YUAR_ECOLI,2.0,Escherichia coli
0.9986753,0.0013247384,-1,MDTD_ECOLI,2.0,Escherichia coli
0.9992803,0.00071974384,-1,HOFB_ECOLI,2.0,Escherichia coli
0.9993579,0.0006421268,-1,YEGD_ECOLI,2.0,Escherichia coli
0.9993812,0.0006187599,-1,HOFC_ECOLI,2.0,Escherichia coli
0.9917693,0.008230638,-1,YAGA_ECOLI,2.0,Escherichia coli
0.9993857,0.000614274,-1,EUTR_ECOLI,2.0,Escherichia coli
0.9995074,0.0004926005,-1,YFDC_ECOLI,2.0,Escherichia coli
0.9994993,0.0005006567,-1,RPNE_ECOLI,2.0,Escherichia coli
0.9981851,0.0018148298,-1,ARCC_ECOLI,2.0,Escherichia coli
0.9994086,0.00059146085,-1,YBCH_ECOLI,2.0,Escherichia coli
0.9990102,0.0009898207,-1,EAEH_ECOLI,2.0,Escherichia coli
0.99915195,0.0008480625,-1,YFIE_ECOLI,2.0,Escherichia coli
0.9991528,0.00084726815,-1,YAEF_ECOLI,2.0,Escherichia coli
0.99794024,0.002059783,-1,YDCF_ECOLI,2.0,Escherichia coli
0.41562068,0.5843793,-1,LAST_ECOLI,2.0,Escherichia coli
0.9992544,0.00074559613,-1,YADI_ECOLI,2.0,Escherichia coli
0.9913721,0.00862793,-1,YAGB_ECOLI,2.0,Escherichia coli
0.9990308,0.00096913206,-1,GATR_ECOLI,2.0,Escherichia coli
0.9989015,0.0010984557,-1,OGRK_ECOLI,2.0,Escherichia coli
0.99809104,0.0019089543,-1,ALPA_ECOLI,2.0,Escherichia coli
0.99835724,0.0016427961,-1,HOKA_ECOLI,2.0,Escherichia coli
0.99892527,0.0010747367,-1,BCSC_ECOLI,2.0,Escherichia coli
0.9991761,0.00082389347,-1,YCAI_ECOLI,2.0,Escherichia coli
0.99864155,0.0013584157,-1,YHJG_ECOLI,2.0,Escherichia coli
0.99931145,0.0006885423,-1,BCSG_ECOLI,2.0,Escherichia coli
0.9945695,0.005430488,-1,YHIL_ECOLI,2.0,Escherichia coli
0.99862874,0.0013713038,-1,YHJJ_ECOLI,2.0,Escherichia coli
0.99891603,0.0010840012,-1,YHJE_ECOLI,2.0,Escherichia coli
0.99878794,0.0012121011,-1,YFJD_ECOLI,2.0,Escherichia coli
0.9994299,0.0005700977,-1,YHJV_ECOLI,2.0,Escherichia coli
0.99859077,0.0014092185,-1,WZY_ECOLI,2.0,Escherichia coli
0.9984854,0.0015145857,-1,ADH2_ECOLI,2.0,Escherichia coli
0.9993231,0.0006769432,-1,YIAV_ECOLI,2.0,Escherichia coli
0.9993235,0.00067652785,-1,WBBK_ECOLI,2.0,Escherichia coli
0.9989256,0.0010743364,-1,YHII_ECOLI,2.0,Escherichia coli
0.99859506,0.0014049854,-1,YHIM_ECOLI,2.0,Escherichia coli
0.99947244,0.00052753265,-1,YHJD_ECOLI,2.0,Escherichia coli
0.9991049,0.000895108,-1,YIAU_ECOLI,2.0,Escherichia coli
0.9988967,0.0011032125,-1,YHJC_ECOLI,2.0,Escherichia coli
0.99883455,0.0011655043,-1,YFHH_ECOLI,2.0,Escherichia coli
0.9996728,0.00032729085,-1,UCPA_ECOLI,2.0,Escherichia coli
0.99911946,0.0008805576,-1,YIAT_ECOLI,2.0,Escherichia coli
0.9995252,0.00047477233,-1,YHJY_ECOLI,2.0,Escherichia coli
0.9983742,0.0016257687,-1,YHJB_ECOLI,2.0,Escherichia coli
0.99911577,0.0008841874,-1,YIAL_ECOLI,2.0,Escherichia coli
0.9984225,0.0015775295,-1,USPF_ECOLI,2.0,Escherichia coli
0.59192663,0.4080734,-1,YJGL_ECOLI,2.0,Escherichia coli
0.99903834,0.0009617451,-1,YFCC_ECOLI,2.0,Escherichia coli
0.9994931,0.000506867,-1,YJEM_ECOLI,2.0,Escherichia coli
0.99906796,0.0009320638,-1,YCHO_ECOLI,2.0,Escherichia coli
0.9994248,0.0005751862,-1,YDJE_ECOLI,2.0,Escherichia coli
0.9984516,0.0015484277,-1,YJHF_ECOLI,2.0,Escherichia coli
0.99876344,0.0012366221,-1,RSPA_ECOLI,2.0,Escherichia coli
0.99926454,0.00073544553,-1,YJGN_ECOLI,2.0,Escherichia coli
0.9987043,0.0012956172,-1,RSPB_ECOLI,2.0,Escherichia coli
0.9989237,0.0010762401,-1,IDNR_ECOLI,2.0,Escherichia coli
0.9992976,0.0007024032,-1,YJHU_ECOLI,2.0,Escherichia coli
0.99949884,0.000501125,-1,YTFF_ECOLI,2.0,Escherichia coli
0.99877256,0.0012273751,-1,UXUR_ECOLI,2.0,Escherichia coli
0.998804,0.0011959743,-1,YJDF_ECOLI,2.0,Escherichia coli
0.9991867,0.00081324176,-1,YBGD_ECOLI,2.0,Escherichia coli
0.9988439,0.0011560494,-1,YTFJ_ECOLI,2.0,Escherichia coli
0.99940324,0.00059678615,-1,FIMI_ECOLI,2.0,Escherichia coli
0.9991032,0.00089687004,-1,YJGM_ECOLI,2.0,Escherichia coli
0.998648,0.0013520115,-1,SIEB_ECOLI,2.0,Escherichia coli
0.99914837,0.0008516401,-1,YJGH_ECOLI,2.0,Escherichia coli
0.99790037,0.0020996348,-1,YJGX_ECOLI,2.0,Escherichia coli
0.998781,0.001218986,-1,YGGL_ECOLI,2.0,Escherichia coli
0.99761605,0.0023839818,-1,YJEO_ECOLI,2.0,Escherichia coli
0.997869,0.0021309613,-1,INSN2_ECOLI,2.0,Escherichia coli
0.998451,0.001549002,-1,YJHE_ECOLI,2.0,Escherichia coli
0.99786794,0.0021319755,-1,YJIV_ECOLI,2.0,Escherichia coli
0.99955446,0.0004455334,-1,YGJI_ECOLI,2.0,Escherichia coli
0.99912935,0.0008707029,-1,TRAB1_ECOLI,2.0,Escherichia coli
0.9973398,0.0026601772,-1,YJIR_ECOLI,2.0,Escherichia coli
0.9987293,0.0012707459,-1,YJIM_ECOLI,2.0,Escherichia coli
0.9992594,0.0007405797,-1,SGCX_ECOLI,2.0,Escherichia coli
0.99874425,0.0012557731,-1,YJJU_ECOLI,2.0,Escherichia coli
0.9987935,0.0012065299,-1,YJHR_ECOLI,2.0,Escherichia coli
0.99908817,0.0009118022,-1,YFEH_ECOLI,2.0,Escherichia coli
0.99892694,0.0010730041,-1,YJIK_ECOLI,2.0,Escherichia coli
0.9993468,0.00065315596,-1,YJHI_ECOLI,2.0,Escherichia coli
0.9990275,0.00097247196,-1,SGCR_ECOLI,2.0,Escherichia coli
0.9990709,0.0009291344,-1,YJIL_ECOLI,2.0,Escherichia coli
0.99915516,0.000844821,-1,YJHP_ECOLI,2.0,Escherichia coli
0.996451,0.0035489723,-1,TRAK1_ECOLI,2.0,Escherichia coli
0.99930096,0.0006990039,-1,YCBF_ECOLI,2.0,Escherichia coli
0.9993794,0.0006205624,-1,YJIH_ECOLI,2.0,Escherichia coli
0.99950314,0.0004968024,-1,YGIL_ECOLI,2.0,Escherichia coli
0.9989084,0.001091634,-1,YJHQ_ECOLI,2.0,Escherichia coli
0.999206,0.00079405366,-1,TRAV_ECOLI,2.0,Escherichia coli
0.98849714,0.011502833,-1,UTPP_ECOLI,2.0,Escherichia coli
0.9990798,0.0009202101,-1,SGCA_ECOLI,2.0,Escherichia coli
0.003915229,0.9960848,-1,YGJH_ECOLI,2.0,Escherichia coli
0.99924743,0.0007525595,-1,YBII_ECOLI,2.0,Escherichia coli
0.9978898,0.0021102438,-1,YBFI_ECOLI,2.0,Escherichia coli
0.99875426,0.0012457506,-1,YHCD_ECOLI,2.0,Escherichia coli
0.999223,0.0007770556,-1,YHFK_ECOLI,2.0,Escherichia coli
0.9981974,0.0018025937,-1,YCIQ_ECOLI,2.0,Escherichia coli
0.99894017,0.0010598839,-1,YHFT_ECOLI,2.0,Escherichia coli
0.998887,0.0011129571,-1,YNFM_ECOLI,2.0,Escherichia coli
0.99905294,0.00094705884,-1,YHFW_ECOLI,2.0,Escherichia coli
0.7040447,0.29595527,-1,YHCG_ECOLI,2.0,Escherichia coli
0.9989926,0.0010074275,-1,YHFS_ECOLI,2.0,Escherichia coli
0.9992378,0.00076225726,-1,YRAQ_ECOLI,2.0,Escherichia coli
0.9986168,0.0013831859,-1,YHDW_ECOLI,2.0,Escherichia coli
0.99848324,0.0015167869,-1,YHET_ECOLI,2.0,Escherichia coli
0.9989397,0.0010603498,-1,YGJR_ECOLI,2.0,Escherichia coli
0.9993734,0.00062659767,-1,YRBG_ECOLI,2.0,Escherichia coli
0.99819416,0.0018059002,-1,GSPC_ECOLI,2.0,Escherichia coli
0.9989109,0.001089157,-1,YCAK_ECOLI,2.0,Escherichia coli
0.99936956,0.0006304389,-1,YGJV_ECOLI,2.0,Escherichia coli
0.9976718,0.0023282564,-1,YRDD_ECOLI,2.0,Escherichia coli
0.99937326,0.0006267524,-1,YBCI_ECOLI,2.0,Escherichia coli
0.9969607,0.0030392953,-1,AGAA_ECOLI,2.0,Escherichia coli
0.99921227,0.0007877049,-1,FLGN_ECOLI,2.0,Escherichia coli
0.9988576,0.0011423471,-1,YQJF_ECOLI,2.0,Escherichia coli
0.99872524,0.0012747335,-1,YGAH_ECOLI,2.0,Escherichia coli
0.46140257,0.5385974,-1,YHBQ_ECOLI,2.0,Escherichia coli
0.99884784,0.0011521504,-1,YBJC_ECOLI,2.0,Escherichia coli
0.99945635,0.0005436092,-1,YHDT_ECOLI,2.0,Escherichia coli
0.999411,0.000588992,-1,YHDP_ECOLI,2.0,Escherichia coli
0.999385,0.0006149974,-1,YGCE_ECOLI,2.0,Escherichia coli
0.9988657,0.0011342776,-1,YCCM_ECOLI,2.0,Escherichia coli
0.9986596,0.0013403547,-1,YHHX_ECOLI,2.0,Escherichia coli
0.99872273,0.0012772973,-1,YGGR_ECOLI,2.0,Escherichia coli
0.9987919,0.0012082078,-1,YBHD_ECOLI,2.0,Escherichia coli
0.99886453,0.001135485,-1,YEDI_ECOLI,2.0,Escherichia coli
0.9987685,0.0012314732,-1,YGFI_ECOLI,2.0,Escherichia coli
0.9982437,0.0017563751,-1,YGCG_ECOLI,2.0,Escherichia coli
0.9990513,0.0009486609,-1,YFJP_ECOLI,2.0,Escherichia coli
0.99929273,0.00070727314,-1,DLHH_ECOLI,2.0,Escherichia coli
0.9987074,0.0012925823,-1,YGBI_ECOLI,2.0,Escherichia coli
0.99928975,0.00071020616,-1,YGFF_ECOLI,2.0,Escherichia coli
0.9991591,0.00084095943,-1,YFJR_ECOLI,2.0,Escherichia coli
0.9990206,0.0009794197,-1,YECM_ECOLI,2.0,Escherichia coli
0.9993142,0.0006857967,-1,YAJI_ECOLI,2.0,Escherichia coli
0.989419,0.010580996,-1,YAIL_ECOLI,2.0,Escherichia coli
0.99900645,0.0009935207,-1,YGAP_ECOLI,2.0,Escherichia coli
0.9979791,0.0020209209,-1,X19F_ECOLI,2.0,Escherichia coli
0.9987835,0.0012165149,-1,YFJY_ECOLI,2.0,Escherichia coli
0.9979358,0.0020642695,-1,YSAA_ECOLI,2.0,Escherichia coli
0.9992305,0.0007695316,-1,CSGC_ECOLI,2.0,Escherichia coli
0.99898833,0.001011616,-1,YGBE_ECOLI,2.0,Escherichia coli
0.98381627,0.016183736,-1,YFJZ_ECOLI,2.0,Escherichia coli
0.9992582,0.00074178603,-1,AAEX_ECOLI,2.0,Escherichia coli
0.99910647,0.0008935618,-1,YBJL_ECOLI,2.0,Escherichia coli
0.99914885,0.0008511173,-1,YIDE_ECOLI,2.0,Escherichia coli
0.9993482,0.0006518072,-1,YQEG_ECOLI,2.0,Escherichia coli
0.9992273,0.0007727385,-1,SOPA_ECOLI,2.0,Escherichia coli
0.9994155,0.0005844398,-1,YEIH_ECOLI,2.0,Escherichia coli
0.99927825,0.0007217253,-1,SOPB_ECOLI,2.0,Escherichia coli
0.99887735,0.0011226122,-1,YPFJ_ECOLI,2.0,Escherichia coli
0.9992975,0.0007024514,-1,YPJD_ECOLI,2.0,Escherichia coli
0.99784446,0.0021555328,-1,INTM_ECOLI,2.0,Escherichia coli
0.99895287,0.0010470941,-1,YDJM_ECOLI,2.0,Escherichia coli
0.9980903,0.0019096012,-1,INSB4_ECOLI,2.0,Escherichia coli
0.99911743,0.00088254275,-1,YOHJ_ECOLI,2.0,Escherichia coli
0.9992324,0.0007675929,-1,YBJM_ECOLI,2.0,Escherichia coli
0.9938886,0.0061113792,-1,YEBY_ECOLI,2.0,Escherichia coli
0.99903655,0.0009634417,-1,CBPM_ECOLI,2.0,Escherichia coli
0.99675035,0.0032496555,-1,YEBV_ECOLI,2.0,Escherichia coli
0.9969279,0.0030720367,-1,YDCY_ECOLI,2.0,Escherichia coli
0.9996728,0.00032724184,-1,RZOR_ECOLI,2.0,Escherichia coli
0.9995443,0.0004556519,-1,RZOD_ECOLI,2.0,Escherichia coli
0.99442023,0.005579734,-1,YOAG_ECOLI,2.0,Escherichia coli
0.9835407,0.01645924,-1,YMDF_ECOLI,2.0,Escherichia coli
0.9987451,0.0012548979,-1,FLMA_ECOLI,2.0,Escherichia coli
0.99852705,0.0014729452,-1,YCEO_ECOLI,2.0,Escherichia coli
0.99686474,0.0031352707,-1,LPID_ECOLI,2.0,Escherichia coli
0.28849345,0.71150655,-1,LPHI_ECOLI,2.0,Escherichia coli
0.9990559,0.00094408856,-1,YGEY_ECOLI,2.0,Escherichia coli
0.99898976,0.0010102589,-1,YHAJ_ECOLI,2.0,Escherichia coli
0.99946886,0.0005311105,-1,YGHR_ECOLI,2.0,Escherichia coli
0.9980901,0.0019099194,-1,YGDQ_ECOLI,2.0,Escherichia coli
0.9990829,0.0009171194,-1,YNFC_ECOLI,2.0,Escherichia coli
0.9991666,0.0008333616,-1,YQFA_ECOLI,2.0,Escherichia coli
0.9983637,0.0016363403,-1,YHGN_ECOLI,2.0,Escherichia coli
0.99821186,0.0017882123,-1,YGGT_ECOLI,2.0,Escherichia coli
0.9983872,0.0016128231,-1,YFIR_ECOLI,2.0,Escherichia coli
0.9979747,0.002025365,-1,YFGH_ECOLI,2.0,Escherichia coli
0.9991757,0.00082420395,-1,YQHA_ECOLI,2.0,Escherichia coli
0.999233,0.0007669981,-1,YOBD_ECOLI,2.0,Escherichia coli
0.9991762,0.0008237466,-1,YQJE_ECOLI,2.0,Escherichia coli
0.9994198,0.0005802222,-1,YECN_ECOLI,2.0,Escherichia coli
0.9993704,0.00062958506,-1,YHAH_ECOLI,2.0,Escherichia coli
0.9994143,0.0005857018,-1,YHAI_ECOLI,2.0,Escherichia coli
0.99829155,0.0017084894,-1,RCNR_ECOLI,2.0,Escherichia coli
0.99665135,0.0033486467,-1,YHCN_ECOLI,2.0,Escherichia coli
0.999014,0.0009859209,-1,YQHH_ECOLI,2.0,Escherichia coli
0.99776256,0.002237426,-1,YODD_ECOLI,2.0,Escherichia coli
0.999281,0.00071905274,-1,YGDI_ECOLI,2.0,Escherichia coli
0.9993462,0.0006537719,-1,YGDR_ECOLI,2.0,Escherichia coli
0.9987048,0.0012952052,-1,YFGG_ECOLI,2.0,Escherichia coli
0.9992747,0.0007253813,-1,YOBF_ECOLI,2.0,Escherichia coli
0.9973067,0.002693285,-1,YQGB_ECOLI,2.0,Escherichia coli
0.9992478,0.0007522003,-1,WCAM_ECOLI,2.0,Escherichia coli
0.9984363,0.0015636812,-1,FIXC_ECOLI,2.0,Escherichia coli
0.99891376,0.0010862309,-1,WCAK_ECOLI,2.0,Escherichia coli
0.9990361,0.00096391083,-1,YFEO_ECOLI,2.0,Escherichia coli
0.9984219,0.0015780673,-1,WCAL_ECOLI,2.0,Escherichia coli
0.999079,0.0009209394,-1,WCAC_ECOLI,2.0,Escherichia coli
0.99812335,0.0018765826,-1,WCAD_ECOLI,2.0,Escherichia coli
0.9948048,0.0051951855,-1,YBFL_ECOLI,2.0,Escherichia coli
0.99942565,0.0005744274,-1,ABRB_ECOLI,2.0,Escherichia coli
0.9989139,0.0010861275,-1,YKFA_ECOLI,2.0,Escherichia coli
0.9985562,0.0014438232,-1,CUTC_ECOLI,2.0,Escherichia coli
0.9991227,0.00087734614,-1,WCAE_ECOLI,2.0,Escherichia coli
0.9993038,0.00069613074,-1,YAIX_ECOLI,2.0,Escherichia coli
0.9992894,0.00071052264,-1,YAHN_ECOLI,2.0,Escherichia coli
0.9995016,0.00049841945,-1,RZPD_ECOLI,2.0,Escherichia coli
0.9991468,0.00085313746,-1,PTMA_ECOLI,2.0,Escherichia coli
0.9842993,0.015700655,-1,INSO1_ECOLI,2.0,Escherichia coli
0.99858713,0.0014128655,-1,INSN1_ECOLI,2.0,Escherichia coli
0.9987764,0.0012236346,-1,AFUB_ECOLI,2.0,Escherichia coli
0.9962005,0.003799549,-1,CHIQ_ECOLI,2.0,Escherichia coli
0.9981939,0.0018060979,-1,YBCO_ECOLI,2.0,Escherichia coli
0.9991122,0.0008878201,-1,FIXX_ECOLI,2.0,Escherichia coli
0.9967912,0.0032088002,-1,YDDM_ECOLI,2.0,Escherichia coli
0.99771935,0.002280582,-1,YAHO_ECOLI,2.0,Escherichia coli
0.99782205,0.002177988,-1,YJBJ_ECOLI,2.0,Escherichia coli
0.99936074,0.0006392715,-1,YBGQ_ECOLI,2.0,Escherichia coli
0.9992778,0.0007222524,-1,GRE2_ECOLI,2.0,Escherichia coli
0.99909854,0.00090152834,-1,YBHJ_ECOLI,2.0,Escherichia coli
0.9989497,0.0010502867,-1,YCCS_ECOLI,2.0,Escherichia coli
0.9992754,0.00072460395,-1,GFCD_ECOLI,2.0,Escherichia coli
0.9979101,0.0020898646,-1,LONH_ECOLI,2.0,Escherichia coli
0.99863005,0.0013699279,-1,YBJD_ECOLI,2.0,Escherichia coli
0.9975414,0.0024585528,-1,YBHI_ECOLI,2.0,Escherichia coli
0.99779546,0.0022045106,-1,YBJT_ECOLI,2.0,Escherichia coli
0.9995129,0.000487095,-1,YCAM_ECOLI,2.0,Escherichia coli
0.9981534,0.0018466199,-1,YCAQ_ECOLI,2.0,Escherichia coli
0.99928004,0.0007199805,-1,YBJJ_ECOLI,2.0,Escherichia coli
0.9988783,0.0011216629,-1,YBIR_ECOLI,2.0,Escherichia coli
0.9868188,0.013181275,-1,YCBX_ECOLI,2.0,Escherichia coli
0.9992225,0.0007774464,-1,YBGO_ECOLI,2.0,Escherichia coli
0.99857306,0.0014269241,-1,YBHN_ECOLI,2.0,Escherichia coli
0.9972499,0.0027501145,-1,GNGF_ECOLI,2.0,Escherichia coli
0.9989932,0.0010067888,-1,YCAN_ECOLI,2.0,Escherichia coli
0.9985067,0.0014932979,-1,GFCC_ECOLI,2.0,Escherichia coli
0.99948657,0.00051341514,-1,YBGP_ECOLI,2.0,Escherichia coli
0.99935764,0.0006423407,-1,ELFD_ECOLI,2.0,Escherichia coli
0.9968466,0.003153375,-1,YBIX_ECOLI,2.0,Escherichia coli
0.99872714,0.0012728535,-1,GFCB_ECOLI,2.0,Escherichia coli
0.9995993,0.00040070308,-1,YCBU_ECOLI,2.0,Escherichia coli
0.9993337,0.0006662697,-1,YCBV_ECOLI,2.0,Escherichia coli
0.998811,0.001188949,-1,PDEG_ECOLI,2.0,Escherichia coli
0.9993037,0.00069631386,-1,YCJN_ECOLI,2.0,Escherichia coli
0.9961731,0.0038269549,-1,INTR_ECOLI,2.0,Escherichia coli
0.99922967,0.0007703379,-1,FLGE_ECOLI,2.0,Escherichia coli
0.9984861,0.0015138922,-1,YCFT_ECOLI,2.0,Escherichia coli
0.99876773,0.0012322862,-1,YCEM_ECOLI,2.0,Escherichia coli
0.99932635,0.0006737168,-1,YCJY_ECOLI,2.0,Escherichia coli
0.99436754,0.0056323865,-1,JAYE_ECOLI,2.0,Escherichia coli
0.9985898,0.0014101166,-1,YCFZ_ECOLI,2.0,Escherichia coli
0.9985121,0.0014878841,-1,YCIT_ECOLI,2.0,Escherichia coli
0.99923706,0.0007629584,-1,FLGD_ECOLI,2.0,Escherichia coli
0.995542,0.0044580447,-1,FLGA_ECOLI,2.0,Escherichia coli
0.9898425,0.010157598,-1,SMRA_ECOLI,2.0,Escherichia coli
0.99913555,0.0008645151,-1,YCDZ_ECOLI,2.0,Escherichia coli
0.99925524,0.000744751,-1,RACR_ECOLI,2.0,Escherichia coli
0.99947506,0.0005249857,-1,YMFA_ECOLI,2.0,Escherichia coli
0.9987147,0.0012853286,-1,YCGI_ECOLI,2.0,Escherichia coli
0.9993998,0.0006002337,-1,YMDA_ECOLI,2.0,Escherichia coli
0.9981768,0.0018232195,-1,YMFH_ECOLI,2.0,Escherichia coli
0.9984604,0.0015395992,-1,GFCA_ECOLI,2.0,Escherichia coli
0.9819564,0.018043555,-1,YMGA_ECOLI,2.0,Escherichia coli
0.9966859,0.0033141102,-1,YMGE_ECOLI,2.0,Escherichia coli
0.99882346,0.0011765552,-1,VXIS_ECOLI,2.0,Escherichia coli
0.9986211,0.0013788784,-1,YCGZ_ECOLI,2.0,Escherichia coli
0.997454,0.0025460129,-1,YDAQ_ECOLI,2.0,Escherichia coli
0.99943393,0.0005660301,-1,STFR_ECOLI,2.0,Escherichia coli
0.9988605,0.0011394996,-1,YNBC_ECOLI,2.0,Escherichia coli
0.9989183,0.0010817853,-1,YNBD_ECOLI,2.0,Escherichia coli
0.99888295,0.0011170495,-1,YDCO_ECOLI,2.0,Escherichia coli
0.9988908,0.0011091451,-1,YDEM_ECOLI,2.0,Escherichia coli
0.9991208,0.0008792387,-1,YDET_ECOLI,2.0,Escherichia coli
0.9975605,0.002439439,-1,YNCE_ECOLI,2.0,Escherichia coli
0.9977209,0.0022791354,-1,INSH5_ECOLI,2.0,Escherichia coli
0.9992403,0.0007597313,-1,YDCK_ECOLI,2.0,Escherichia coli
0.99911135,0.0008886762,-1,YNEE_ECOLI,2.0,Escherichia coli
0.9989242,0.0010758163,-1,YNBB_ECOLI,2.0,Escherichia coli
0.9990361,0.00096393476,-1,YDHJ_ECOLI,2.0,Escherichia coli
0.9989058,0.001094268,-1,YDGD_ECOLI,2.0,Escherichia coli
0.9971253,0.0028747234,-1,REQ2_ECOLI,2.0,Escherichia coli
0.9958967,0.004103375,-1,YNCI_ECOLI,2.0,Escherichia coli
0.9989022,0.0010977915,-1,YNCG_ECOLI,2.0,Escherichia coli
0.9994535,0.00054654834,-1,YNBA_ECOLI,2.0,Escherichia coli
0.99909616,0.0009038152,-1,YDCZ_ECOLI,2.0,Escherichia coli
0.99925965,0.0007403083,-1,YDGK_ECOLI,2.0,Escherichia coli
0.9987733,0.0012266616,-1,YNFB_ECOLI,2.0,Escherichia coli
0.9993267,0.0006733663,-1,YNFA_ECOLI,2.0,Escherichia coli
0.9983341,0.0016659555,-1,YNFD_ECOLI,2.0,Escherichia coli
0.9974649,0.002535116,-1,BDM_ECOLI,2.0,Escherichia coli
0.99685884,0.003141124,-1,YNEL_ECOLI,2.0,Escherichia coli
0.92931163,0.07068835,-1,YDFW_ECOLI,2.0,Escherichia coli
0.999148,0.0008519623,-1,YDHK_ECOLI,2.0,Escherichia coli
0.9963582,0.003641804,-1,YEGH_ECOLI,2.0,Escherichia coli
0.9982849,0.0017150928,-1,YEER_ECOLI,2.0,Escherichia coli
0.9991999,0.00080010254,-1,YDJK_ECOLI,2.0,Escherichia coli
0.99885666,0.0011433957,-1,YEBQ_ECOLI,2.0,Escherichia coli
0.99944395,0.0005560666,-1,YDIN_ECOLI,2.0,Escherichia coli
0.99912554,0.0008744576,-1,YDIM_ECOLI,2.0,Escherichia coli
0.99959224,0.00040779248,-1,YNJB_ECOLI,2.0,Escherichia coli
0.9993297,0.00067030796,-1,YNJI_ECOLI,2.0,Escherichia coli
0.9988476,0.0011523969,-1,YEEY_ECOLI,2.0,Escherichia coli
0.9994869,0.00051302527,-1,YEBZ_ECOLI,2.0,Escherichia coli
0.9977301,0.0022699337,-1,YEAE_ECOLI,2.0,Escherichia coli
0.99867636,0.0013235913,-1,YDIQ_ECOLI,2.0,Escherichia coli
0.9989687,0.001031304,-1,YDJX_ECOLI,2.0,Escherichia coli
0.9990446,0.00095541775,-1,YEEP_ECOLI,2.0,Escherichia coli
0.9991221,0.0008779176,-1,YDJZ_ECOLI,2.0,Escherichia coli
0.9788562,0.021143826,-1,YDJY_ECOLI,2.0,Escherichia coli
0.99928063,0.0007194017,-1,YNJF_ECOLI,2.0,Escherichia coli
0.9995951,0.00040486627,-1,VES_ECOLI,2.0,Escherichia coli
0.99896336,0.0010365896,-1,YEDS_ECOLI,2.0,Escherichia coli
0.99904436,0.0009556481,-1,YEDL_ECOLI,2.0,Escherichia coli
0.99829537,0.0017045843,-1,YEES_ECOLI,2.0,Escherichia coli
0.9995858,0.00041418005,-1,FLHE_ECOLI,2.0,Escherichia coli
0.99844885,0.0015511325,-1,YOEA_ECOLI,2.0,Escherichia coli
0.99723023,0.0027697836,-1,INTG_ECOLI,2.0,Escherichia coli
0.9991997,0.00080033095,-1,A2MGH_ECOLI,2.0,Escherichia coli
0.99905354,0.00094643375,-1,YGAQ_ECOLI,2.0,Escherichia coli
0.99875355,0.0012464068,-1,YGEH_ECOLI,2.0,Escherichia coli
0.9991689,0.00083118473,-1,ATOE_ECOLI,2.0,Escherichia coli
0.9988869,0.0011131517,-1,RHMT_ECOLI,2.0,Escherichia coli
0.9993191,0.0006809224,-1,YEGT_ECOLI,2.0,Escherichia coli
0.9991849,0.000815103,-1,YGAY_ECOLI,2.0,Escherichia coli
0.9989895,0.0010105049,-1,YQII_ECOLI,2.0,Escherichia coli
0.99909794,0.0009020201,-1,YFBL_ECOLI,2.0,Escherichia coli
0.99912363,0.00087642245,-1,YPHB_ECOLI,2.0,Escherichia coli
0.99648464,0.003515356,-1,YEGX_ECOLI,2.0,Escherichia coli
0.99922454,0.0007754811,-1,YGCW_ECOLI,2.0,Escherichia coli
0.9993774,0.0006225484,-1,YGAZ_ECOLI,2.0,Escherichia coli
0.99892163,0.0010783393,-1,YPFH_ECOLI,2.0,Escherichia coli
0.9969247,0.0030752614,-1,YFDX_ECOLI,2.0,Escherichia coli
0.99896,0.0010400013,-1,YFAZ_ECOLI,2.0,Escherichia coli
0.99886775,0.0011323359,-1,YFGI_ECOLI,2.0,Escherichia coli
0.99740905,0.0025909,-1,YFDR_ECOLI,2.0,Escherichia coli
0.9981597,0.001840313,-1,YFBM_ECOLI,2.0,Escherichia coli
0.99823475,0.0017652314,-1,YFEZ_ECOLI,2.0,Escherichia coli
0.99897206,0.0010279425,-1,YPEA_ECOLI,2.0,Escherichia coli
0.9976412,0.0023588086,-1,YFGD_ECOLI,2.0,Escherichia coli
0.997053,0.0029469174,-1,YEGP_ECOLI,2.0,Escherichia coli
0.99555874,0.0044412646,-1,YFDM_ECOLI,2.0,Escherichia coli
0.9989511,0.0010489087,-1,PINH_ECOLI,2.0,Escherichia coli
0.99962294,0.0003770084,-1,YAIT_ECOLI,2.0,Escherichia coli
0.9988921,0.0011079034,-1,YAHF_ECOLI,2.0,Escherichia coli
0.99869674,0.0013032536,-1,YDFI_ECOLI,2.0,Escherichia coli
0.993425,0.0065749665,-1,DJLC_ECOLI,2.0,Escherichia coli
0.99926835,0.0007317007,-1,YBBY_ECOLI,2.0,Escherichia coli
0.9987257,0.0012742721,-1,YDIS_ECOLI,2.0,Escherichia coli
0.99942136,0.00057862385,-1,YQCE_ECOLI,2.0,Escherichia coli
0.99931407,0.00068599265,-1,YBDR_ECOLI,2.0,Escherichia coli
0.9989489,0.0010511208,-1,YDJJ_ECOLI,2.0,Escherichia coli
0.99950874,0.00049129035,-1,YBEQ_ECOLI,2.0,Escherichia coli
0.99893814,0.0010618044,-1,YNEJ_ECOLI,2.0,Escherichia coli
0.9987268,0.0012732046,-1,EUTJ_ECOLI,2.0,Escherichia coli
0.99827075,0.0017292519,-1,YAGJ_ECOLI,2.0,Escherichia coli
0.99898213,0.0010178452,-1,YKGE_ECOLI,2.0,Escherichia coli
0.9991491,0.0008508651,-1,ECPE_ECOLI,2.0,Escherichia coli
0.9994842,0.0005158357,-1,ECPB_ECOLI,2.0,Escherichia coli
0.9986241,0.0013759729,-1,YQIJ_ECOLI,2.0,Escherichia coli
0.99904877,0.0009511815,-1,PAAY_ECOLI,2.0,Escherichia coli
0.9995828,0.00041713432,-1,YDER_ECOLI,2.0,Escherichia coli
0.99725926,0.002740682,-1,YAFU_ECOLI,2.0,Escherichia coli
0.99871004,0.0012900092,-1,YGAV_ECOLI,2.0,Escherichia coli
0.9974853,0.0025146834,-1,BORD_ECOLI,2.0,Escherichia coli
0.9986185,0.0013814558,-1,ESSQ_ECOLI,2.0,Escherichia coli
0.99714905,0.0028509516,-1,TFAX_ECOLI,2.0,Escherichia coli
0.9980799,0.0019200979,-1,HOKE_ECOLI,2.0,Escherichia coli
0.99899536,0.0010045847,-1,YBBP_ECOLI,2.0,Escherichia coli
0.997995,0.0020049782,-1,PRPE_ECOLI,2.0,Escherichia coli
0.9977823,0.0022177151,-1,YKGF_ECOLI,2.0,Escherichia coli
0.9984308,0.0015692045,-1,YAHJ_ECOLI,2.0,Escherichia coli
0.9990416,0.0009584073,-1,YDHQ_ECOLI,2.0,Escherichia coli
0.9987657,0.0012343251,-1,YDHP_ECOLI,2.0,Escherichia coli
0.99754673,0.0024532834,-1,YAIW_ECOLI,2.0,Escherichia coli
0.9991726,0.0008273369,-1,YDJL_ECOLI,2.0,Escherichia coli
0.99906796,0.0009320838,-1,YPHC_ECOLI,2.0,Escherichia coli
0.9990846,0.000915455,-1,YDGJ_ECOLI,2.0,Escherichia coli
0.99965835,0.00034171552,-1,STFQ_ECOLI,2.0,Escherichia coli
0.9995696,0.00043039658,-1,YDJH_ECOLI,2.0,Escherichia coli
0.99863833,0.001361641,-1,YDIR_ECOLI,2.0,Escherichia coli
0.9994086,0.0005913542,-1,YDIP_ECOLI,2.0,Escherichia coli
0.99872607,0.0012738582,-1,YNFL_ECOLI,2.0,Escherichia coli
0.9993981,0.00060192886,-1,YPDC_ECOLI,2.0,Escherichia coli
0.9995141,0.0004858972,-1,YFHR_ECOLI,2.0,Escherichia coli
0.99922264,0.000777333,-1,WCAA_ECOLI,2.0,Escherichia coli
0.99844813,0.0015518344,-1,MHPR_ECOLI,2.0,Escherichia coli
0.99908507,0.00091497536,-1,YDHU_ECOLI,2.0,Escherichia coli
0.9977452,0.0022547115,-1,YKGG_ECOLI,2.0,Escherichia coli
0.99939096,0.00060904946,-1,HYFH_ECOLI,2.0,Escherichia coli
0.9995807,0.00041931594,-1,RZPR_ECOLI,2.0,Escherichia coli
0.9979303,0.00206972,-1,YDDL_ECOLI,2.0,Escherichia coli
0.9952304,0.0047696144,-1,PEAD_ECOLI,2.0,Escherichia coli
0.9991679,0.0008321083,-1,ECPD_ECOLI,2.0,Escherichia coli
0.9989525,0.0010474459,-1,YAGH_ECOLI,2.0,Escherichia coli
0.99785846,0.0021415458,-1,YBCK_ECOLI,2.0,Escherichia coli
0.99924266,0.00075735024,-1,ANSP_ECOLI,2.0,Escherichia coli
0.999213,0.00078703085,-1,YBFO_ECOLI,2.0,Escherichia coli
0.9974177,0.0025823012,-1,YDCR_ECOLI,2.0,Escherichia coli
0.99860543,0.0013945643,-1,YAJR_ECOLI,2.0,Escherichia coli
0.9994886,0.0005113275,-1,YCJW_ECOLI,2.0,Escherichia coli
0.9983966,0.0016033958,-1,ARCM_ECOLI,2.0,Escherichia coli
0.99917537,0.0008246034,-1,YAHB_ECOLI,2.0,Escherichia coli
0.99935406,0.000645981,-1,YDEQ_ECOLI,2.0,Escherichia coli
0.9992316,0.00076838105,-1,YBDO_ECOLI,2.0,Escherichia coli
0.9994466,0.0005533811,-1,KT3K_ECOLI,2.0,Escherichia coli
0.99882334,0.0011766225,-1,YDJI_ECOLI,2.0,Escherichia coli
0.99854726,0.0014526759,-1,YBCM_ECOLI,2.0,Escherichia coli
0.9992582,0.0007417316,-1,RHMR_ECOLI,2.0,Escherichia coli
0.99922276,0.0007772382,-1,HYFI_ECOLI,2.0,Escherichia coli
0.9988569,0.0011431401,-1,YDJF_ECOLI,2.0,Escherichia coli
0.99958044,0.00041956265,-1,YQIH_ECOLI,2.0,Escherichia coli
0.9987845,0.0012155343,-1,YKGA_ECOLI,2.0,Escherichia coli
0.9993717,0.00062827807,-1,YBAY_ECOLI,2.0,Escherichia coli
0.999313,0.0006870545,-1,TFAD_ECOLI,2.0,Escherichia coli
0.99744344,0.0025565529,-1,FLXA_ECOLI,2.0,Escherichia coli
0.9992061,0.0007938913,-1,YDIT_ECOLI,2.0,Escherichia coli
0.9978873,0.0021126892,-1,GNSB_ECOLI,2.0,Escherichia coli
0.9990865,0.00091355504,-1,TNPA_ECOLI,2.0,Escherichia coli
0.99930465,0.0006953278,-1,ECPC_ECOLI,2.0,Escherichia coli
0.9309742,0.06902587,-1,PIFA_ECOLI,2.0,Escherichia coli
0.9969478,0.0030522267,-1,Q2A0L0_ECOLI,2.0,Escherichia coli
0.9969885,0.0030115945,-1,Q2A0K9_ECOLI,2.0,Escherichia coli
0.99865496,0.0013450556,-1,SSNA_ECOLI,2.0,Escherichia coli
0.99162924,0.00837079,-1,CINAL_ECOLI,2.0,Escherichia coli
0.99880993,0.0011900248,-1,Q0PWM5_ECOW3,2.0,Escherichia coli
0.99898416,0.0010158316,-1,ARCL_ECOLI,2.0,Escherichia coli
0.9995364,0.00046362242,-1,YGEQ_ECOLI,2.0,Escherichia coli
0.996126,0.0038740472,-1,Q1PI72_ECOLI,2.0,Escherichia coli
0.9994223,0.00057767384,-1,YDES_ECOLI,2.0,Escherichia coli
0.99862146,0.0013785082,-1,Q1PI83_ECOLI,2.0,Escherichia coli
0.99878746,0.0012125983,-1,YGFS_ECOLI,2.0,Escherichia coli
0.998346,0.0016540625,-1,PBL_ECOLI,2.0,Escherichia coli
0.99753666,0.0024633806,-1,YGEK_ECOLI,2.0,Escherichia coli
0.9834969,0.01650308,-1,YGEO_ECOLI,2.0,Escherichia coli
0.99883264,0.0011673253,-1,SIRB2_ECOLI,2.0,Escherichia coli
0.9993339,0.0006660186,-1,TRBE_ECOLI,2.0,Escherichia coli
0.99921024,0.0007897278,-1,YPFN_ECOLI,2.0,Escherichia coli
0.9958436,0.0041563674,-1,YTJA_ECOLI,2.0,Escherichia coli
0.9984983,0.0015016869,-1,RL362_ECOLI,2.0,Escherichia coli
0.9985998,0.0014002101,-1,YPDJ_ECOLI,2.0,Escherichia coli
0.99851507,0.0014849067,-1,YNID_ECOLI,2.0,Escherichia coli
0.9994925,0.0005074858,-1,YOHO_ECOLI,2.0,Escherichia coli
0.9948383,0.005161672,-1,YGIQ_ECOLI,2.0,Escherichia coli
0.9991358,0.0008642103,-1,LFHA_ECOLI,2.0,Escherichia coli
0.9987551,0.001244912,-1,YGBN_ECOLI,2.0,Escherichia coli
0.998492,0.0015079551,-1,YGCS_ECOLI,2.0,Escherichia coli
0.99837923,0.0016207107,-1,YGCN_ECOLI,2.0,Escherichia coli
0.99872476,0.0012751808,-1,YGHO_ECOLI,2.0,Escherichia coli
0.9980678,0.0019321686,-1,OTNK_ECOLI,2.0,Escherichia coli
0.9992105,0.0007895518,-1,YGHQ_ECOLI,2.0,Escherichia coli
0.9981306,0.0018694085,-1,YGHF_ECOLI,2.0,Escherichia coli
0.9992073,0.00079275435,-1,YQHC_ECOLI,2.0,Escherichia coli
0.9987834,0.0012166173,-1,LTND_ECOLI,2.0,Escherichia coli
0.9744221,0.02557786,-1,YGHE_ECOLI,2.0,Escherichia coli
0.9986841,0.001315828,-1,YGCQ_ECOLI,2.0,Escherichia coli
0.9979862,0.002013841,-1,YQEI_ECOLI,2.0,Escherichia coli
0.9993512,0.0006487796,-1,YAFJ_ECOLI,2.0,Escherichia coli
0.99792707,0.0020729455,-1,YAFL_ECOLI,2.0,Escherichia coli
0.9990214,0.0009786151,-1,YGHT_ECOLI,2.0,Escherichia coli
0.9982147,0.0017852816,-1,LAFU_ECOLI,2.0,Escherichia coli
0.9985066,0.0014933412,-1,YGHD_ECOLI,2.0,Escherichia coli
0.999119,0.0008809573,-1,YGIV_ECOLI,2.0,Escherichia coli
0.52164054,0.4783595,-1,YBCN_ECOLI,2.0,Escherichia coli
0.9986187,0.0013812184,-1,YAFP_ECOLI,2.0,Escherichia coli
0.99953926,0.0004607246,-1,YGHG_ECOLI,2.0,Escherichia coli
0.99926573,0.0007342638,-1,YGIZ_ECOLI,2.0,Escherichia coli
0.9993799,0.0006201282,-1,YGCO_ECOLI,2.0,Escherichia coli
0.99917066,0.0008294184,-1,YUAO_ECOLI,2.0,Escherichia coli
0.99939,0.00061002775,-1,YUBM_ECOLI,2.0,Escherichia coli
0.99917126,0.0008287413,-1,A0A0G3HHZ6_ECOLI,1.0,Escherichia coli
0.99886346,0.001136565,-1,A0A0G3HVX2_ECOLI,1.0,Escherichia coli
0.9994134,0.00058665435,-1,YAIP_ECOLI,2.0,Escherichia coli
0.9975889,0.002411099,-1,YKFC_ECOLI,2.0,Escherichia coli
0.9985393,0.0014606235,-1,YUAB_ECOLI,2.0,Escherichia coli
0.95187795,0.04812209,-1,REPB_ECOLI,2.0,Escherichia coli
0.9991831,0.0008168493,-1,A0A0A6YVN8_ECOLI,1.0,Escherichia coli
0.99821043,0.0017895345,-1,INSF7_ECOLI,2.0,Escherichia coli
0.9994986,0.0005014184,-1,A0A0G3I6S6_ECOLI,1.0,Escherichia coli
0.999062,0.0009380387,-1,YAIO_ECOLI,2.0,Escherichia coli
0.99909115,0.00090891303,-1,YAFV_ECOLI,2.0,Escherichia coli
0.9991035,0.00089650863,-1,A0A0G3HLV0_ECOLI,1.0,Escherichia coli
0.9982937,0.0017062655,-1,YUBD_ECOLI,2.0,Escherichia coli
0.99924636,0.0007537137,-1,A0A0G3HK66_ECOLI,1.0,Escherichia coli
0.99332374,0.0066762087,-1,INSO2_ECOLI,2.0,Escherichia coli
0.99956125,0.0004387081,-1,A0A0G3HZV6_ECOLI,1.0,Escherichia coli
0.998401,0.0015990135,-1,YKFG_ECOLI,2.0,Escherichia coli
0.9985933,0.0014067735,-1,REQ1_ECOLI,2.0,Escherichia coli
0.99779737,0.0022026813,-1,YKGN_ECOLI,2.0,Escherichia coli
0.9492747,0.050725255,-1,YAFW_ECOLI,2.0,Escherichia coli
0.99984396,0.00015601507,-1,LDRD_ECOLI,2.0,Escherichia coli
0.9997546,0.00024534605,-1,LDRB_ECOLI,2.0,Escherichia coli
0.9985096,0.0014903805,-1,IROK_ECOLI,2.0,Escherichia coli
0.99941695,0.0005830558,-1,A0A223DQR8_ECOLI,1.0,Escherichia coli
0.99726295,0.0027370017,-1,A0A223DQQ9_ECOLI,1.0,Escherichia coli
0.99877375,0.0012262705,-1,A0A223DQS0_ECOLI,1.0,Escherichia coli
0.9991917,0.0008082803,-1,A0A223DQQ7_ECOLI,1.0,Escherichia coli
0.99914324,0.0008567815,-1,A0A1Z1W292_ECOW3,1.0,Escherichia coli
0.9991899,0.0008100645,-1,A0A223DQR9_ECOLI,1.0,Escherichia coli
0.9983954,0.0016046568,-1,A0A223DQR0_ECOLI,1.0,Escherichia coli
0.99780303,0.002196958,-1,A0A223DQS1_ECOLI,1.0,Escherichia coli
0.99906343,0.0009365656,-1,A0A223DQS5_ECOLI,1.0,Escherichia coli
0.99953127,0.00046875817,-1,A0A223DQR3_ECOLI,1.0,Escherichia coli
0.9987307,0.0012693014,-1,A0A223DQS8_ECOLI,1.0,Escherichia coli
0.9962534,0.0037466004,-1,A0A0N9YI43_ECOLI,1.0,Escherichia coli
0.9962921,0.0037078972,-1,A0A0S2ZYI3_ECOLI,1.0,Escherichia coli
0.9965341,0.0034659093,-1,A0A0S2ZZ78_ECOLI,1.0,Escherichia coli
0.9993136,0.0006864592,-1,A0A223DQS7_ECOLI,1.0,Escherichia coli
0.99863005,0.0013699344,-1,A0A0T7C0U2_ECOLI,1.0,Escherichia coli
0.99916923,0.0008308169,-1,A0A1Y0KLF2_ECOW3,1.0,Escherichia coli
0.76526093,0.23473907,-1,A0A223DQS2_ECOLI,1.0,Escherichia coli
0.96781486,0.03218508,-1,A0A223DQQ4_ECOLI,1.0,Escherichia coli
0.99850273,0.0014973097,-1,A0A223DQR1_ECOLI,1.0,Escherichia coli
0.99913305,0.00086697005,-1,A0A223DQR7_ECOLI,1.0,Escherichia coli
0.79160994,0.20839006,-1,A0A223DQS4_ECOLI,1.0,Escherichia coli
0.9986071,0.0013929124,-1,A0A223DQQ5_ECOLI,1.0,Escherichia coli
0.99943215,0.0005678731,-1,A0A0S1EZS3_ECOLI,1.0,Escherichia coli
0.99875665,0.0012433323,-1,A0A223DQS3_ECOLI,1.0,Escherichia coli
0.98774815,0.01225183,-1,A0A223DQV2_ECOLI,1.0,Escherichia coli
0.99946636,0.000533619,-1,A0A223DQT2_ECOLI,1.0,Escherichia coli
0.9953312,0.0046686996,-1,A0A223DQV4_ECOLI,1.0,Escherichia coli
0.9995728,0.00042714554,-1,A0A223DQU7_ECOLI,1.0,Escherichia coli
0.9993906,0.00060940767,-1,A0A223DQS9_ECOLI,1.0,Escherichia coli
0.82596207,0.17403793,-1,A0A223DQU2_ECOLI,1.0,Escherichia coli
0.9973212,0.0026787831,-1,A0A223DQT0_ECOLI,1.0,Escherichia coli
0.9992544,0.0007455823,-1,A0A223DQT4_ECOLI,1.0,Escherichia coli
0.9989759,0.0010241253,-1,A0A223DQU4_ECOLI,1.0,Escherichia coli
0.9929396,0.007060404,-1,A0A223DQT3_ECOLI,1.0,Escherichia coli
0.9864798,0.013520199,-1,A0A223DQT5_ECOLI,1.0,Escherichia coli
0.9982609,0.001739115,-1,A0A223DQU1_ECOLI,1.0,Escherichia coli
0.998395,0.0016049308,-1,A0A223DQU5_ECOLI,1.0,Escherichia coli
0.998047,0.0019529649,-1,A0A223DQT1_ECOLI,1.0,Escherichia coli
0.9995053,0.00049471087,-1,A0A223DQT8_ECOLI,1.0,Escherichia coli
0.99841726,0.0015826853,-1,A0A223DQV1_ECOLI,1.0,Escherichia coli
0.99844104,0.0015590028,-1,A0A223DQU3_ECOLI,1.0,Escherichia coli
0.99867743,0.0013225216,-1,A0A223DQT6_ECOLI,1.0,Escherichia coli
0.9980236,0.0019763475,-1,A0A223DQU0_ECOLI,1.0,Escherichia coli
0.96912,0.030879952,-1,A0A223DQV3_ECOLI,1.0,Escherichia coli
0.99803597,0.0019640126,-1,A0A223DQV0_ECOLI,1.0,Escherichia coli
0.9986563,0.0013436894,-1,A0A223DQT9_ECOLI,1.0,Escherichia coli
0.99864584,0.0013541892,-1,A0A223DQU9_ECOLI,1.0,Escherichia coli
0.9951546,0.004845442,-1,A0A223DQV5_ECOLI,1.0,Escherichia coli
0.9987638,0.001236234,-1,A0A223DQT7_ECOLI,1.0,Escherichia coli
0.99933356,0.00066642434,-1,A0A223DQV8_ECOLI,1.0,Escherichia coli
0.9937151,0.0062848516,-1,A0A223DQX9_ECOLI,1.0,Escherichia coli
0.9991689,0.00083119416,-1,A0A223DQW4_ECOLI,1.0,Escherichia coli
0.99926656,0.0007334837,-1,A0A223DQW6_ECOLI,1.0,Escherichia coli
0.9979189,0.0020811555,-1,A0A223DQV9_ECOLI,1.0,Escherichia coli
0.9990243,0.00097575097,-1,A0A223DQW0_ECOLI,1.0,Escherichia coli
0.9989839,0.0010160484,-1,A0A223DQX5_ECOLI,1.0,Escherichia coli
0.99896324,0.0010367314,-1,A0A223DQX0_ECOLI,1.0,Escherichia coli
0.99734336,0.0026566843,-1,A0A223DQX6_ECOLI,1.0,Escherichia coli
0.997212,0.0027879684,-1,A0A223DQW9_ECOLI,1.0,Escherichia coli
0.999108,0.00089198846,-1,A0A223DQX8_ECOLI,1.0,Escherichia coli
0.99581003,0.0041900235,-1,A0A223DQW7_ECOLI,1.0,Escherichia coli
0.99867356,0.0013264972,-1,A0A223DQW3_ECOLI,1.0,Escherichia coli
0.998073,0.0019269417,-1,A0A223DQW8_ECOLI,1.0,Escherichia coli
0.99680376,0.00319623,-1,A0A223DQW1_ECOLI,1.0,Escherichia coli
0.9964294,0.0035706358,-1,A0A223DQV7_ECOLI,1.0,Escherichia coli
0.9975198,0.0024802373,-1,A0A223DQV6_ECOLI,1.0,Escherichia coli
0.99703336,0.0029666764,-1,A0A223DQX3_ECOLI,1.0,Escherichia coli
0.99837506,0.001624936,-1,A0A223DQX1_ECOLI,1.0,Escherichia coli
0.8975393,0.10246066,-1,A0A223DQY0_ECOLI,1.0,Escherichia coli
0.99872416,0.0012758407,-1,A0A223DQW2_ECOLI,1.0,Escherichia coli
0.99819106,0.0018089534,-1,A0A223DQW5_ECOLI,1.0,Escherichia coli
0.9980508,0.0019492118,-1,A0A223DQX7_ECOLI,1.0,Escherichia coli
0.9850257,0.014974336,-1,A0A223DQY1_ECOLI,1.0,Escherichia coli
0.9991986,0.0008014406,-1,A0A223DQX4_ECOLI,1.0,Escherichia coli
0.99886405,0.0011359471,-1,A0A4D6FVL5_ECOLI,1.0,Escherichia coli
0.99895704,0.0010429779,-1,A0A223DQY6_ECOLI,1.0,Escherichia coli
0.6973822,0.30261776,-1,A0A223DR00_ECOLI,1.0,Escherichia coli
0.9983789,0.0016211569,-1,A0A4D6FVK6_ECOLI,1.0,Escherichia coli
0.99800974,0.0019902464,-1,A0A223DR06_ECOLI,1.0,Escherichia coli
0.9956527,0.0043472704,-1,A0A223DQY2_ECOLI,1.0,Escherichia coli
0.10190811,0.8980919,-1,A0A223DQZ1_ECOLI,1.0,Escherichia coli
0.9985103,0.0014896733,-1,A0A223DQZ5_ECOLI,1.0,Escherichia coli
0.99742943,0.0025705672,-1,A0A223DQZ0_ECOLI,1.0,Escherichia coli
0.99921656,0.0007834615,-1,A0A223DQZ2_ECOLI,1.0,Escherichia coli
0.98591274,0.01408729,-1,A0A223DR02_ECOLI,1.0,Escherichia coli
0.84390974,0.1560903,-1,A0A223DQY4_ECOLI,1.0,Escherichia coli
0.9983057,0.0016943652,-1,A0A223DQY8_ECOLI,1.0,Escherichia coli
0.6499476,0.35005245,-1,A0A223DQY5_ECOLI,1.0,Escherichia coli
0.99934703,0.0006529499,-1,A0A223DR03_ECOLI,1.0,Escherichia coli
0.9981292,0.0018708558,-1,A0A223DQY9_ECOLI,1.0,Escherichia coli
0.36557013,0.6344299,-1,A0A3G0QC22_ECOLI,1.0,Escherichia coli
0.99857736,0.0014226162,-1,A0A223DQZ4_ECOLI,1.0,Escherichia coli
0.70167714,0.29832286,-1,A0A223DR15_ECOLI,1.0,Escherichia coli
0.9992224,0.00077757525,-1,A0A223DR37_ECOLI,1.0,Escherichia coli
0.9982333,0.00176662,-1,A0A223DR27_ECOLI,1.0,Escherichia coli
0.99805,0.001950083,-1,A0A223DQY3_ECOLI,1.0,Escherichia coli
0.9988564,0.001143542,-1,A0A223DQZ7_ECOLI,1.0,Escherichia coli
0.9995764,0.00042357892,-1,YGDT_ECOLI,1.0,Escherichia coli
0.9991122,0.0008877854,-1,YPAB_ECOLI,1.0,Escherichia coli
0.99625325,0.0037467014,-1,A0A8A4RV57_ECOLI,1.0,Escherichia coli
0.9984692,0.0015308252,-1,A0A8A4RVA2_ECOLI,1.0,Escherichia coli
0.9990778,0.0009221467,-1,A0A6G6FTN6_ECOLI,1.0,Escherichia coli
0.71653,0.28346997,-1,A0A8A4RV45_ECOLI,1.0,Escherichia coli
0.9979856,0.002014361,-1,A0A8A4RV34_ECOLI,1.0,Escherichia coli
0.99934167,0.00065830984,-1,A0A4D6FVN4_ECOLI,1.0,Escherichia coli
0.9993338,0.0006661446,-1,A0A4D6FYT2_ECOLI,1.0,Escherichia coli
0.9987179,0.0012820787,-1,A0A4D6FVZ7_ECOLI,1.0,Escherichia coli
0.99867576,0.0013242097,-1,A0A4D6FVT4_ECOLI,1.0,Escherichia coli
0.9985727,0.0014273062,-1,A0A8A4RV92_ECOLI,1.0,Escherichia coli
0.9921014,0.00789867,-1,A0A8A4RVA7_ECOLI,1.0,Escherichia coli
0.9989309,0.0010691712,-1,A0A6G6FTV1_ECOLI,1.0,Escherichia coli
0.99256706,0.007432976,-1,A0A4D6FW43_ECOLI,1.0,Escherichia coli
0.9930276,0.006972357,-1,A0A8A4RVB5_ECOLI,1.0,Escherichia coli
0.997449,0.002550951,-1,A0A8A4RV67_ECOLI,1.0,Escherichia coli
0.999471,0.00052905874,-1,A0A4D6FXC7_ECOLI,1.0,Escherichia coli
0.9990232,0.0009767661,-1,A0A8A4RV05_ECOLI,1.0,Escherichia coli
0.9990601,0.00093991554,-1,A0A8A4RV79_ECOLI,1.0,Escherichia coli
0.99861777,0.0013821842,-1,A0A7S8ZWG7_ECOW3,1.0,Escherichia coli
0.9949786,0.0050213593,-1,A0A8A4RVB7_ECOLI,1.0,Escherichia coli
0.9971495,0.0028505125,-1,A0A8A4RVC5_ECOLI,1.0,Escherichia coli
0.9983046,0.0016953647,-1,A0A6D1P133_ECOW3,1.0,Escherichia coli
0.9977591,0.0022408261,-1,A0A8A4RVC9_ECOLI,1.0,Escherichia coli
0.9985488,0.0014511163,-1,A0A8A4RV23_ECOLI,1.0,Escherichia coli
0.9969404,0.0030596498,-1,A0A6D1P2M9_ECOW3,1.0,Escherichia coli
0.9992811,0.00071886356,-1,A0A8A4RVH1_ECOLI,1.0,Escherichia coli
0.99818146,0.0018185774,-1,A0A8A4RVH9_ECOLI,1.0,Escherichia coli
0.99843365,0.0015662934,-1,A0A8A4RVN5_ECOLI,1.0,Escherichia coli
0.99880767,0.0011922999,-1,A0A8A4RVI1_ECOLI,1.0,Escherichia coli
0.9987301,0.0012699272,-1,A0A8A4RVP4_ECOLI,1.0,Escherichia coli
0.9991347,0.0008652963,-1,A0A8A4RVL2_ECOLI,1.0,Escherichia coli
0.06456743,0.9354326,-1,A0A8A4RVF6_ECOLI,1.0,Escherichia coli
0.9888965,0.011103509,-1,A0A8A4RVR5_ECOLI,1.0,Escherichia coli
0.99798787,0.0020121182,-1,A0A8A4RWV6_ECOLI,1.0,Escherichia coli
0.9684529,0.03154711,-1,A0A8A4RVD8_ECOLI,1.0,Escherichia coli
0.97323686,0.026763119,-1,A0A8A4RWU5_ECOLI,1.0,Escherichia coli
0.9990018,0.0009982088,-1,A0A8A4RVG8_ECOLI,1.0,Escherichia coli
0.9979505,0.002049527,-1,A0A8A4RVQ5_ECOLI,1.0,Escherichia coli
0.85588276,0.14411725,-1,A0A8A4RVS5_ECOLI,1.0,Escherichia coli
0.9986314,0.0013685417,-1,A0A8A4RVE7_ECOLI,1.0,Escherichia coli
0.998703,0.0012970237,-1,A0A8A4RVF8_ECOLI,1.0,Escherichia coli
0.9976544,0.0023456772,-1,A0A8A4RVJ2_ECOLI,1.0,Escherichia coli
0.98518974,0.0148103,-1,A0A8A4RVK1_ECOLI,1.0,Escherichia coli
0.9984378,0.0015621737,-1,A0A8A4RWV7_ECOLI,1.0,Escherichia coli
0.9967372,0.003262798,-1,A0A8A4RVM6_ECOLI,1.0,Escherichia coli
0.998863,0.0011370677,-1,A0A8A4RVJ3_ECOLI,1.0,Escherichia coli
0.99887985,0.0011201499,-1,A0A8A4RVE2_ECOLI,1.0,Escherichia coli
0.9979169,0.0020831518,-1,A0A8A4RVL4_ECOLI,1.0,Escherichia coli
0.9985702,0.0014297896,-1,A0A8A4RVK3_ECOLI,1.0,Escherichia coli
0.9981452,0.0018547339,-1,A0A8A4RWU6_ECOLI,1.0,Escherichia coli
0.9995646,0.00043542046,-1,A0A8A4RX74_ECOLI,1.0,Escherichia coli
0.9014475,0.098552525,-1,A0A8A4RX46_ECOLI,1.0,Escherichia coli
0.998776,0.0012240256,-1,A0A8A4RX18_ECOLI,1.0,Escherichia coli
0.9950552,0.004944772,-1,A0A8A4RX00_ECOLI,1.0,Escherichia coli
0.9991885,0.00081148185,-1,A0A8A4RX11_ECOLI,1.0,Escherichia coli
0.9981718,0.0018281952,-1,A0A8A4RX21_ECOLI,1.0,Escherichia coli
0.94216853,0.05783148,-1,A0A8A4RX93_ECOLI,1.0,Escherichia coli
0.9944975,0.005502553,-1,A0A8A4RWW5_ECOLI,1.0,Escherichia coli
0.99893576,0.0010642018,-1,A0A8A4RWY6_ECOLI,1.0,Escherichia coli
0.99625945,0.0037405803,-1,A0A8A4RX10_ECOLI,1.0,Escherichia coli
0.99843055,0.001569478,-1,A0A8A4RWZ0_ECOLI,1.0,Escherichia coli
0.9969693,0.003030712,-1,A0A8A4RX62_ECOLI,1.0,Escherichia coli
0.9991886,0.00081139716,-1,A0A8A4RX01_ECOLI,1.0,Escherichia coli
0.9993412,0.0006587717,-1,A0A8A4RX63_ECOLI,1.0,Escherichia coli
0.999348,0.0006519637,-1,A0A8A4RX94_ECOLI,1.0,Escherichia coli
0.99799204,0.002008015,-1,A0A8A4RX32_ECOLI,1.0,Escherichia coli
0.8635366,0.13646339,-1,A0A8A4RX51_ECOLI,1.0,Escherichia coli
0.9557217,0.04427828,-1,A0A8A4RX30_ECOLI,1.0,Escherichia coli
0.9952303,0.0047697024,-1,A0A8A4RX81_ECOLI,1.0,Escherichia coli
0.9977908,0.0022092264,-1,A0A8A4RX83_ECOLI,1.0,Escherichia coli
0.9959389,0.004061148,-1,A0A8A4RWX6_ECOLI,1.0,Escherichia coli
0.99236465,0.007635356,-1,A0A8A4RX54_ECOLI,1.0,Escherichia coli
0.9970394,0.0029606463,-1,A0A8A4RX44_ECOLI,1.0,Escherichia coli
0.9991748,0.0008252158,-1,A0A8A4RWY1_ECOLI,1.0,Escherichia coli
0.99589986,0.0041001877,-1,A0A8A4RWW8_ECOLI,1.0,Escherichia coli
0.9996045,0.0003954884,-1,A0A8A4RXI8_ECOLI,1.0,Escherichia coli
0.9901389,0.0098611675,-1,A0A8A4RXV9_ECOLI,1.0,Escherichia coli
0.9986998,0.0013001838,-1,A0A8A4RXK8_ECOLI,1.0,Escherichia coli
0.99923646,0.0007635928,-1,A0A8A4RXR3_ECOLI,1.0,Escherichia coli
0.9970368,0.0029632174,-1,A0A8A4RXB7_ECOLI,1.0,Escherichia coli
0.99494225,0.005057696,-1,A0A8A4RXJ9_ECOLI,1.0,Escherichia coli
0.99716127,0.002838729,-1,A0A8A4RXL6_ECOLI,1.0,Escherichia coli
0.6411982,0.35880175,-1,A0A8A4RXH8_ECOLI,1.0,Escherichia coli
0.99860734,0.0013926643,-1,A0A8A4RXT2_ECOLI,1.0,Escherichia coli
0.99818355,0.0018164199,-1,A0A8A4RY97_ECOLI,1.0,Escherichia coli
0.9509708,0.049029127,-1,A0A8A4RXN4_ECOLI,1.0,Escherichia coli
0.98885125,0.011148732,-1,A0A8A4RXS2_ECOLI,1.0,Escherichia coli
0.9795273,0.020472683,-1,A0A8A4RXU9_ECOLI,1.0,Escherichia coli
0.9983328,0.0016671867,-1,A0A8A4RXA7_ECOLI,1.0,Escherichia coli
0.99448615,0.0055138394,-1,A0A8A4RYA6_ECOLI,1.0,Escherichia coli
0.99932706,0.00067299034,-1,A0A8A4RXU0_ECOLI,1.0,Escherichia coli
0.98669225,0.013307704,-1,A0A8A4RXP3_ECOLI,1.0,Escherichia coli
0.99917775,0.0008222017,-1,A0A8A4RXB4_ECOLI,1.0,Escherichia coli
0.99853647,0.0014634755,-1,A0A8A4RXF3_ECOLI,1.0,Escherichia coli
0.9991178,0.00088219845,-1,A0A8A4RXC3_ECOLI,1.0,Escherichia coli
0.999223,0.00077696337,-1,A0A8A4RXQ3_ECOLI,1.0,Escherichia coli
0.9827817,0.017218243,-1,A0A8A4RYB6_ECOLI,1.0,Escherichia coli
0.9970601,0.0029398212,-1,A0A8A4RXH0_ECOLI,1.0,Escherichia coli
0.99903995,0.000960045,-1,A0A8A4RXA6_ECOLI,1.0,Escherichia coli
0.99922407,0.0007759561,-1,A0A8A4RXM5_ECOLI,1.0,Escherichia coli
0.9986437,0.0013563333,-1,A0A8A4RYE2_ECOLI,1.0,Escherichia coli
0.9985637,0.0014363463,-1,A0A8A4RYK6_ECOLI,1.0,Escherichia coli
0.999193,0.00080696004,-1,A0A8A4RYF9_ECOLI,1.0,Escherichia coli
0.99544734,0.0045526456,-1,A0A8A4RYP5_ECOLI,1.0,Escherichia coli
0.9972824,0.0027175413,-1,A0A8A4RYF1_ECOLI,1.0,Escherichia coli
0.5038409,0.49615902,-1,A0A8A4RYN9_ECOLI,1.0,Escherichia coli
0.9979905,0.0020094963,-1,A0A8A4RYH7_ECOLI,1.0,Escherichia coli
0.988794,0.011205967,-1,A0A8A4RYL7_ECOLI,1.0,Escherichia coli
0.99564666,0.0043532783,-1,A0A8A4RYG8_ECOLI,1.0,Escherichia coli
0.9980108,0.001989274,-1,A0A8A4RYH4_ECOLI,1.0,Escherichia coli
0.99907684,0.000923159,-1,A0A8A4RYE8_ECOLI,1.0,Escherichia coli
0.9933918,0.006608189,-1,A0A8A4RYD2_ECOLI,1.0,Escherichia coli
0.9985965,0.0014035578,-1,A0A8A4RYQ4_ECOLI,1.0,Escherichia coli
0.88347644,0.11652355,-1,A0A8A4RYL6_ECOLI,1.0,Escherichia coli
0.3390711,0.6609289,-1,A0A8A4RYK7_ECOLI,1.0,Escherichia coli
0.998838,0.0011620134,-1,A0A8A4RYK0_ECOLI,1.0,Escherichia coli
0.99734867,0.0026512973,-1,A0A8A4RYM7_ECOLI,1.0,Escherichia coli
0.9330837,0.06691633,-1,A0A8A4RYJ7_ECOLI,1.0,Escherichia coli
0.9981341,0.0018659363,-1,A0A8A4RYG2_ECOLI,1.0,Escherichia coli
0.9989826,0.0010173803,-1,A0A8A4RYM9_ECOLI,1.0,Escherichia coli
0.99438924,0.0056107193,-1,A0A8A4RYC2_ECOLI,1.0,Escherichia coli
0.9994041,0.0005959254,-1,A0A8A4RYG6_ECOLI,1.0,Escherichia coli
0.99734396,0.0026560184,-1,A0A8A4RYN5_ECOLI,1.0,Escherichia coli
0.99877924,0.0012207452,-1,A0A8A4RYI4_ECOLI,1.0,Escherichia coli
0.99944955,0.0005504833,-1,A0A8A4RYI7_ECOLI,1.0,Escherichia coli
0.99912196,0.0008779824,-1,A0A8A4RZ79_ECOLI,1.0,Escherichia coli
0.9993839,0.0006160158,-1,A0A8A4RZ47_ECOLI,1.0,Escherichia coli
0.9987342,0.0012657954,-1,A0A8A4RZ56_ECOLI,1.0,Escherichia coli
0.9840948,0.015905213,-1,A0A8A4RYR2_ECOLI,1.0,Escherichia coli
0.9994623,0.00053768203,-1,A0A8A4RYR7_ECOLI,1.0,Escherichia coli
0.9794774,0.020522606,-1,A0A8A4RZ84_ECOLI,1.0,Escherichia coli
0.99883276,0.0011671996,-1,A0A8A4RZ61_ECOLI,1.0,Escherichia coli
0.9993912,0.0006088367,-1,A0A8A4RZ35_ECOLI,1.0,Escherichia coli
0.99904877,0.00095127546,-1,A0A8A4RZ14_ECOLI,1.0,Escherichia coli
0.9797468,0.020253135,-1,A0A8A4RZ40_ECOLI,1.0,Escherichia coli
0.98565406,0.014345981,-1,A0A8A4RZ51_ECOLI,1.0,Escherichia coli
0.9257167,0.074283294,-1,A0A8A4RZ72_ECOLI,1.0,Escherichia coli
0.9884205,0.011579506,-1,A0A8A4RZ60_ECOLI,1.0,Escherichia coli
0.9957385,0.0042614886,-1,A0A8A4RZ97_ECOLI,1.0,Escherichia coli
0.9984749,0.0015251348,-1,A0A8A4RZ75_ECOLI,1.0,Escherichia coli
0.9960937,0.0039062793,-1,A0A8A4RZ82_ECOLI,1.0,Escherichia coli
0.9980095,0.001990485,-1,A0A8A4RZ41_ECOLI,1.0,Escherichia coli
0.9858255,0.014174523,-1,A0A8A4RZ22_ECOLI,1.0,Escherichia coli
0.91832584,0.08167413,-1,A0A8A4RZ28_ECOLI,1.0,Escherichia coli
0.9971756,0.0028243589,-1,A0A8A4RZ67_ECOLI,1.0,Escherichia coli
0.89958775,0.10041225,-1,A0A8A4RZ99_ECOLI,1.0,Escherichia coli
0.98511815,0.014881805,-1,A0A8A4RZ92_ECOLI,1.0,Escherichia coli
0.9987596,0.0012403491,-1,A0A8A4RZ46_ECOLI,1.0,Escherichia coli
0.99546283,0.0045372252,-1,A0A8A4RZ18_ECOLI,1.0,Escherichia coli
0.99889743,0.0011025685,-1,A0A8A4RZ52_ECOLI,1.0,Escherichia coli
0.9873377,0.012662229,-1,A0A8A4S1X4_ECOLI,1.0,Escherichia coli
0.9991604,0.0008396471,-1,A0A8A4RZA9_ECOLI,1.0,Escherichia coli
0.9987821,0.0012178648,-1,A0A8A4S295_ECOLI,1.0,Escherichia coli
0.9988777,0.0011222443,-1,A4UR75_ECOLI,1.0,Escherichia coli
0.9988819,0.0011181249,-1,A4UR76_ECOLI,1.0,Escherichia coli
0.99847835,0.0015216569,-1,A0A8A4S1Z8_ECOLI,1.0,Escherichia coli
0.99416083,0.00583911,-1,A0A8A4S223_ECOLI,1.0,Escherichia coli
0.9985241,0.0014758374,-1,A0A8A4S2D0_ECOLI,1.0,Escherichia coli
0.7239936,0.27600637,-1,A0A8A4RZC2_ECOLI,1.0,Escherichia coli
0.9979146,0.0020853407,-1,A0A8A4RZC8_ECOLI,1.0,Escherichia coli
0.995631,0.0043690098,-1,A0A8A4S211_ECOLI,1.0,Escherichia coli
0.99841464,0.0015853264,-1,A0A8A4S273_ECOLI,1.0,Escherichia coli
0.9984434,0.0015566413,-1,A0A8A4S2C0_ECOLI,1.0,Escherichia coli
0.9987967,0.0012032773,-1,A0A8A4S2E3_ECOLI,1.0,Escherichia coli
0.9964014,0.0035986172,-1,A0A8A4S2G0_ECOLI,1.0,Escherichia coli
0.9382077,0.0617923,-1,A0A8A4RZB2_ECOLI,1.0,Escherichia coli
0.9986846,0.0013153707,-1,A0A8A4S246_ECOLI,1.0,Escherichia coli
0.99846786,0.0015321632,-1,A0A8A4S2H0_ECOLI,1.0,Escherichia coli
0.9735911,0.02640893,-1,A0A8A4RZB6_ECOLI,1.0,Escherichia coli
0.99852043,0.0014795347,-1,A0A8A4S235_ECOLI,1.0,Escherichia coli
0.93942,0.060579985,-1,A0A8A4RZA6_ECOLI,1.0,Escherichia coli
0.9986803,0.0013196585,-1,A0A8A4S1Y8_ECOLI,1.0,Escherichia coli
0.99743086,0.002569137,-1,A0A8A4S2A7_ECOLI,1.0,Escherichia coli
0.9973073,0.002692643,-1,A0A8A4RZD4_ECOLI,1.0,Escherichia coli
0.9976751,0.002324835,-1,A0A8A4S259_ECOLI,1.0,Escherichia coli
0.9975926,0.0024073848,-1,A5PFJ9_ECOLI,1.0,Escherichia coli
0.99888784,0.0011121504,-1,A4UR77_ECOLI,1.0,Escherichia coli
0.9988959,0.0011040842,-1,A4UR78_ECOLI,1.0,Escherichia coli
0.9989016,0.0010983899,-1,A4UR79_ECOLI,1.0,Escherichia coli
0.99893576,0.0010642892,-1,A4UR80_ECOLI,1.0,Escherichia coli
0.9989034,0.0010966298,-1,A4UR81_ECOLI,1.0,Escherichia coli
0.9988833,0.0011166745,-1,A4UR83_ECOLI,1.0,Escherichia coli
0.99888486,0.0011151864,-1,A4UR84_ECOLI,1.0,Escherichia coli
0.99886227,0.0011377056,-1,A4UR86_ECOLI,1.0,Escherichia coli
0.99681133,0.0031886657,-1,SMG_ECODH,1.0,Escherichia coli
0.7472417,0.25275832,-1,YIBV_ECOLI,1.0,Escherichia coli
0.998546,0.0014540108,-1,SLYX_ECODH,1.0,Escherichia coli
0.99915004,0.00084994984,-1,YHEU_ECODH,1.0,Escherichia coli
0.9987451,0.0012549171,-1,A5PFJ8_ECOLI,1.0,Escherichia coli
0.995001,0.0049989433,-1,YLCI_ECOLI,1.0,Escherichia coli
0.9985941,0.0014059211,-1,DSRB_ECODH,1.0,Escherichia coli
0.99502844,0.004971596,-1,YMGJ_ECOLI,1.0,Escherichia coli
0.9802105,0.019789457,-1,YMGI_ECOLI,1.0,Escherichia coli
0.994752,0.005248061,-1,YCIY_ECOLI,1.0,Escherichia coli
0.99953365,0.0004663481,-1,YCIZ_ECOLI,1.0,Escherichia coli
0.9927999,0.007200114,-1,YOJO_ECOLI,1.0,Escherichia coli
0.99931824,0.0006817172,-1,YTHA_ECOLI,1.0,Escherichia coli
0.9994925,0.0005074858,-1,YOHO_ECODH,1.0,Escherichia coli
0.9968438,0.0031562152,-1,YDGU_ECOLI,1.0,Escherichia coli
0.9632122,0.03678784,-1,YPFM_ECOLI,1.0,Escherichia coli
0.9951853,0.0048146574,-1,VIAA_ECODH,1.0,Escherichia coli
0.99162924,0.008370773,-1,CINAL_ECODH,1.0,Escherichia coli
0.9993326,0.0006673592,-1,NDPA_ECODH,1.0,Escherichia coli
0.9987092,0.0012907939,-1,FDHE_ECODH,1.0,Escherichia coli
0.9992483,0.0007516113,-1,YIHY_ECODH,1.0,Escherichia coli
0.99916565,0.0008343624,-1,YCCT_ECODH,1.0,Escherichia coli
0.9983374,0.0016625552,-1,YCEH_ECODH,1.0,Escherichia coli
0.9989636,0.0010364209,-1,EFPL_ECODH,1.0,Escherichia coli
0.98934364,0.01065636,-1,YFCN_ECODH,1.0,Escherichia coli
0.99912983,0.0008701346,-1,YCFP_ECODH,1.0,Escherichia coli
0.9953826,0.004617403,-1,YFBU_ECODH,1.0,Escherichia coli
0.999482,0.00051801937,-1,YCGN_ECODH,1.0,Escherichia coli
0.9961499,0.003850166,-1,YCHJ_ECODH,1.0,Escherichia coli
0.9941778,0.005822178,-1,YFBV_ECODH,1.0,Escherichia coli
0.99911743,0.00088254275,-1,YOHJ_ECODH,1.0,Escherichia coli
0.9987703,0.0012297209,-1,YMGG_ECODH,1.0,Escherichia coli
0.9993469,0.00065310055,-1,USPB_ECODH,1.0,Escherichia coli
0.99875224,0.0012476991,-1,YCIU_ECODH,1.0,Escherichia coli
0.99821436,0.0017856895,-1,YCGL_ECODH,1.0,Escherichia coli
0.9991435,0.00085655367,-1,YBJQ_ECODH,1.0,Escherichia coli
0.99903655,0.0009634417,-1,CBPM_ECODH,1.0,Escherichia coli
0.998877,0.0011230198,-1,MINE_ECODH,1.0,Escherichia coli
0.9995402,0.00045979014,-1,YIDD_ECODH,1.0,Escherichia coli
0.9989079,0.001092078,-1,YEJL_ECODH,1.0,Escherichia coli
0.99968374,0.00031633858,-1,YCAR_ECODH,1.0,Escherichia coli
0.9989507,0.0010492506,-1,YEAH_ECODH,1.0,Escherichia coli
0.9984647,0.0015352715,-1,YCJF_ECODH,1.0,Escherichia coli
0.9990797,0.0009202666,-1,B1XDG0_ECODH,1.0,Escherichia coli
0.99706334,0.0029366878,-1,YAFD_ECODH,1.0,Escherichia coli
0.9948277,0.0051723267,-1,YAAA_ECODH,1.0,Escherichia coli
0.998126,0.0018740033,-1,YCIC_ECODH,1.0,Escherichia coli
0.9983954,0.0016046283,-1,YGFB_ECODH,1.0,Escherichia coli
0.9995951,0.00040486627,-1,VES_ECODH,1.0,Escherichia coli
0.9983644,0.0016355864,-1,YQGE_ECODH,1.0,Escherichia coli
0.07894055,0.9210595,-1,YJGA_ECODH,1.0,Escherichia coli
0.9984347,0.001565267,-1,SYDP_ECODH,1.0,Escherichia coli
0.9991757,0.00082420395,-1,YQHA_ECODH,1.0,Escherichia coli
0.8767406,0.123259425,-1,YAJQ_ECODH,1.0,Escherichia coli
0.99514514,0.0048548593,-1,YAII_ECODH,1.0,Escherichia coli
0.9988502,0.0011497446,-1,NRDI_ECODH,1.0,Escherichia coli
0.9980117,0.0019882603,-1,YAAI_ECODH,1.0,Escherichia coli
0.99755067,0.0024492838,-1,YAEH_ECODH,1.0,Escherichia coli
0.9993087,0.00069130654,-1,APAG_ECODH,1.0,Escherichia coli
0.99956113,0.00043884298,-1,YACL_ECODH,1.0,Escherichia coli
0.9987733,0.0012266639,-1,YNFB_ECODH,1.0,Escherichia coli
0.9953093,0.00469066,-1,RNFH_ECODH,1.0,Escherichia coli
0.8512872,0.14871275,-1,YGGU_ECODH,1.0,Escherichia coli
0.9977852,0.002214744,-1,YJHX_ECODH,1.0,Escherichia coli
0.9986935,0.0013064686,-1,YAEP_ECODH,1.0,Escherichia coli
0.9974178,0.0025821403,-1,GLGS_ECODH,1.0,Escherichia coli
0.9987025,0.0012974734,-1,B8YM76_ECOLI,1.0,Escherichia coli
0.9985864,0.001413665,-1,YHAM_ECODH,1.0,Escherichia coli
0.9992048,0.00079515256,-1,B8LFD7_ECOLI,1.0,Escherichia coli
0.99886024,0.0011397656,-1,B8LFD5_ECOLI,1.0,Escherichia coli
0.999233,0.0007669981,-1,YOBD_ECODH,1.0,Escherichia coli
0.0056449478,0.9943551,-1,C3UPD1_ECOLI,1.0,Escherichia coli
0.99805284,0.0019471516,-1,YEAL_ECODH,1.0,Escherichia coli
0.99869823,0.0013017624,-1,YHBP_ECODH,1.0,Escherichia coli
0.9984713,0.001528614,-1,YRAN_ECODH,1.0,Escherichia coli
0.9701452,0.029854756,-1,C0Z3Y0_ECOLI,1.0,Escherichia coli
0.46140257,0.5385974,-1,YHBQ_ECODH,1.0,Escherichia coli
0.9985139,0.0014861311,-1,C0Z3X9_ECOLI,1.0,Escherichia coli
0.9992582,0.00074178603,-1,AAEX_ECODH,1.0,Escherichia coli
0.998042,0.0019579427,-1,YOAH_ECODH,1.0,Escherichia coli
0.99886525,0.001134754,-1,YQCG_ECOLI,1.0,Escherichia coli
0.99880874,0.0011912299,-1,YQFG_ECOLI,1.0,Escherichia coli
0.99734086,0.002659121,-1,YSHB_ECOLI,1.0,Escherichia coli
0.998176,0.0018239944,-1,YMIB_ECOLI,1.0,Escherichia coli
0.998387,0.0016130842,-1,YQEL_ECOLI,1.0,Escherichia coli
0.9976325,0.002367468,-1,YRBN_ECOLI,1.0,Escherichia coli
0.98583394,0.014166078,-1,YNBG_ECOLI,1.0,Escherichia coli
0.9996723,0.00032773547,-1,YOBI_ECOLI,1.0,Escherichia coli
0.9987029,0.0012971337,-1,YOEI_ECOLI,1.0,Escherichia coli
0.9970221,0.0029778678,-1,YJEV_ECOLI,1.0,Escherichia coli
0.9928744,0.0071256235,-1,ILVX_ECOLI,1.0,Escherichia coli
0.9985864,0.0014136657,-1,YHAM_ECOBW,1.0,Escherichia coli
0.99706334,0.0029366878,-1,YAFD_ECOBW,1.0,Escherichia coli
0.9948277,0.0051723267,-1,YAAA_ECOBW,1.0,Escherichia coli
0.9979018,0.0020982006,-1,YGIB_ECOBW,1.0,Escherichia coli
0.99916565,0.00083436037,-1,YCCT_ECOBW,1.0,Escherichia coli
0.9983374,0.0016625543,-1,YCEH_ECOBW,1.0,Escherichia coli
0.07894055,0.9210595,-1,YJGA_ECOBW,1.0,Escherichia coli
0.99912983,0.0008701338,-1,YCFP_ECOBW,1.0,Escherichia coli
0.9991757,0.00082420395,-1,YQHA_ECOBW,1.0,Escherichia coli
0.9980117,0.0019882603,-1,YAAI_ECOBW,1.0,Escherichia coli
0.99911743,0.0008825398,-1,YOHJ_ECOBW,1.0,Escherichia coli
0.99755067,0.0024492838,-1,YAEH_ECOBW,1.0,Escherichia coli
0.9993087,0.00069130654,-1,APAG_ECOBW,1.0,Escherichia coli
0.99956113,0.00043884298,-1,YACL_ECOBW,1.0,Escherichia coli
0.9987703,0.0012297215,-1,YMGG_ECOBW,1.0,Escherichia coli
0.9992944,0.00070562714,-1,YEEX_ECOBW,1.0,Escherichia coli
0.99903655,0.00096344075,-1,CBPM_ECOBW,1.0,Escherichia coli
0.998877,0.0011230176,-1,MINE_ECOBW,1.0,Escherichia coli
0.9977852,0.002214744,-1,YJHX_ECOBW,1.0,Escherichia coli
0.9974178,0.002582139,-1,GLGS_ECOBW,1.0,Escherichia coli
0.9986935,0.0013064698,-1,YAEP_ECOBW,1.0,Escherichia coli
0.9985941,0.0014059211,-1,DSRB_ECOBW,1.0,Escherichia coli
0.99968374,0.00031633917,-1,YCAR_ECOBW,1.0,Escherichia coli
0.9994925,0.0005074858,-1,YOHO_ECOBW,1.0,Escherichia coli
0.010380066,0.9896199,-1,C3UPD2_ECOLI,1.0,Escherichia coli
0.99162924,0.008370778,-1,CINAL_ECOBW,1.0,Escherichia coli
0.9984647,0.0015352715,-1,YCJF_ECOBW,1.0,Escherichia coli
0.9993326,0.0006673582,-1,NDPA_ECOBW,1.0,Escherichia coli
0.998126,0.0018740033,-1,YCIC_ECOBW,1.0,Escherichia coli
0.98934364,0.010656324,-1,YFCN_ECOBW,1.0,Escherichia coli
0.9953826,0.0046173627,-1,YFBU_ECOBW,1.0,Escherichia coli
0.8767406,0.123259425,-1,YAJQ_ECOBW,1.0,Escherichia coli
0.99681133,0.0031886657,-1,SMG_ECOBW,1.0,Escherichia coli
0.999482,0.00051801966,-1,YCGN_ECOBW,1.0,Escherichia coli
0.99514514,0.0048548593,-1,YAII_ECOBW,1.0,Escherichia coli
0.9961499,0.003850166,-1,YCHJ_ECOBW,1.0,Escherichia coli
0.9941778,0.0058221724,-1,YFBV_ECOBW,1.0,Escherichia coli
0.99869823,0.0013017624,-1,YHBP_ECOBW,1.0,Escherichia coli
0.9984713,0.001528614,-1,YRAN_ECOBW,1.0,Escherichia coli
0.9993469,0.0006531015,-1,USPB_ECOBW,1.0,Escherichia coli
0.99875224,0.001247701,-1,YCIU_ECOBW,1.0,Escherichia coli
0.99821436,0.0017856922,-1,YCGL_ECOBW,1.0,Escherichia coli
0.46140257,0.5385974,-1,YHBQ_ECOBW,1.0,Escherichia coli
0.99882656,0.0011733957,-1,YBED_ECOBW,1.0,Escherichia coli
0.9989079,0.0010920791,-1,YEJL_ECOBW,1.0,Escherichia coli
0.998546,0.0014540108,-1,SLYX_ECOBW,1.0,Escherichia coli
0.99915004,0.00084994984,-1,YHEU_ECOBW,1.0,Escherichia coli
0.9992582,0.00074178603,-1,AAEX_ECOBW,1.0,Escherichia coli
0.99953365,0.0004663481,-1,YCIZ_ECOBW,1.0,Escherichia coli
0.9958436,0.0041563674,-1,YTJA_ECOBW,1.0,Escherichia coli
0.9951853,0.0048146574,-1,VIAA_ECOBW,1.0,Escherichia coli
0.99863786,0.0013621318,-1,D0VEY9_ECOLI,1.0,Escherichia coli
0.9989507,0.0010492515,-1,YEAH_ECOBW,1.0,Escherichia coli
0.9973961,0.002603871,-1,G0ZKW3_ECOLI,1.0,Escherichia coli
0.9987092,0.0012907939,-1,FDHE_ECOBW,1.0,Escherichia coli
0.9992483,0.0007516113,-1,YIHY_ECOBW,1.0,Escherichia coli
0.99847955,0.0015205091,-1,F2X7N5_ECOLI,1.0,Escherichia coli
0.9983954,0.0016046268,-1,YGFB_ECOBW,1.0,Escherichia coli
0.9995951,0.00040486606,-1,VES_ECOBW,1.0,Escherichia coli
0.9983644,0.0016355856,-1,YQGE_ECOBW,1.0,Escherichia coli
0.9984347,0.0015652662,-1,SYDP_ECOBW,1.0,Escherichia coli
0.999233,0.00076699705,-1,YOBD_ECOBW,1.0,Escherichia coli
0.99805284,0.0019471535,-1,YEAL_ECOBW,1.0,Escherichia coli
0.9988502,0.0011497446,-1,NRDI_ECOBW,1.0,Escherichia coli
0.9987733,0.0012266645,-1,YNFB_ECOBW,1.0,Escherichia coli
0.9991435,0.00085655367,-1,YBJQ_ECOBW,1.0,Escherichia coli
0.9981127,0.0018873734,-1,K0JFS6_ECOLI,1.0,Escherichia coli
0.9953093,0.004690665,-1,RNFH_ECOBW,1.0,Escherichia coli
0.85128623,0.14871372,-1,YGGU_ECOBW,1.0,Escherichia coli
0.9995402,0.00045979014,-1,YIDD_ECOBW,1.0,Escherichia coli
0.99592835,0.0040716296,-1,REM_ECOLI,1.0,Escherichia coli
0.99735045,0.0026495857,-1,CEDA_ECOBW,1.0,Escherichia coli
0.998042,0.001957936,-1,YOAH_ECOBW,1.0,Escherichia coli
0.99829274,0.0017072796,-1,K0JFQ9_ECOLI,1.0,Escherichia coli
0.99702805,0.0029719886,-1,PRTL_ECOLI,1.0,Escherichia coli
0.99840826,0.001591826,-1,YBHH_ECOLI,1.0,Escherichia coli
0.9904336,0.009566408,-1,YLBF_ECOLI,1.0,Escherichia coli
0.9928762,0.007123904,-1,YBHP_ECOLI,1.0,Escherichia coli
0.9981925,0.0018074954,-1,YAEQ_ECOLI,1.0,Escherichia coli
0.9992174,0.0007826049,-1,YBEL_ECOLI,1.0,Escherichia coli
0.99681133,0.0031886657,-1,SMG_ECOLI,1.0,Escherichia coli
0.999482,0.00051801966,-1,YCGN_ECOLI,1.0,Escherichia coli
0.99928135,0.00071872456,-1,YMFS_ECOLI,1.0,Escherichia coli
0.99925,0.00074995786,-1,YGDB_ECOLI,1.0,Escherichia coli
0.99863535,0.0013646327,-1,YIDB_ECOLI,1.0,Escherichia coli
0.9993051,0.0006948542,-1,YBGS_ECOLI,1.0,Escherichia coli
0.9988857,0.0011143017,-1,YBDF_ECOLI,1.0,Escherichia coli
0.99956113,0.00043884298,-1,YACL_ECOLI,1.0,Escherichia coli
0.99826825,0.001731758,-1,YBAA_ECOLI,1.0,Escherichia coli
0.9976991,0.0023009179,-1,YACC_ECOLI,1.0,Escherichia coli
0.99875224,0.001247701,-1,YCIU_ECOLI,1.0,Escherichia coli
0.9993643,0.0006357354,-1,YKGJ_ECOLI,1.0,Escherichia coli
0.9974256,0.0025743255,-1,YBFB_ECOLI,1.0,Escherichia coli
0.9989166,0.0010833647,-1,YBJH_ECOLI,1.0,Escherichia coli
0.9993079,0.0006921682,-1,YUAZ_ECOLI,1.0,Escherichia coli
0.998546,0.0014540108,-1,SLYX_ECOLI,1.0,Escherichia coli
0.998599,0.0014010418,-1,YBFA_ECOLI,1.0,Escherichia coli
0.9986935,0.0013064698,-1,YAEP_ECOLI,1.0,Escherichia coli
0.99846244,0.0015375905,-1,YBDD_ECOLI,1.0,Escherichia coli
0.9991134,0.0008865884,-1,YAIA_ECOLI,1.0,Escherichia coli
0.99922943,0.00077060744,-1,YCBJ_ECOLI,1.0,Escherichia coli
0.9969097,0.0030903795,-1,YECA_ECOLI,1.0,Escherichia coli
0.9986173,0.0013826636,-1,YTFH_ECOLI,1.0,Escherichia coli
0.99833703,0.0016629302,-1,YEJG_ECOLI,1.0,Escherichia coli
0.9857918,0.0142082255,-1,YFEC_ECOLI,1.0,Escherichia coli
0.99604493,0.003955069,-1,YGAC_ECOLI,1.0,Escherichia coli
0.99745554,0.0025444634,-1,YMGD_ECOLI,1.0,Escherichia coli
0.99821436,0.0017856922,-1,YCGL_ECOLI,1.0,Escherichia coli
0.99854666,0.0014532536,-1,YFCZ_ECOLI,1.0,Escherichia coli
0.9986927,0.0013073462,-1,YDBJ_ECOLI,1.0,Escherichia coli
0.97790897,0.022091048,-1,YCIN_ECOLI,1.0,Escherichia coli
0.99896264,0.001037342,-1,YECJ_ECOLI,1.0,Escherichia coli
0.99859923,0.0014007649,-1,YMJA_ECOLI,1.0,Escherichia coli
0.99908304,0.0009169363,-1,YCEK_ECOLI,1.0,Escherichia coli
0.99845517,0.0015447724,-1,YDCH_ECOLI,1.0,Escherichia coli
0.99953735,0.00046270477,-1,YECF_ECOLI,1.0,Escherichia coli
0.99717915,0.0028208725,-1,YPEB_ECOLI,1.0,Escherichia coli
0.99834836,0.0016516957,-1,YJIX_ECOLI,1.0,Escherichia coli
0.99968374,0.00031633917,-1,YCAR_ECOLI,1.0,Escherichia coli
0.9981712,0.0018287529,-1,YDCA_ECOLI,1.0,Escherichia coli
0.99861205,0.0013878791,-1,YDAF_ECOLI,1.0,Escherichia coli
0.9986242,0.0013757716,-1,YDFA_ECOLI,1.0,Escherichia coli
0.99826473,0.0017352797,-1,YJJY_ECOLI,1.0,Escherichia coli
0.9987425,0.0012575507,-1,LPFS_ECOLI,1.0,Escherichia coli
0.9572435,0.04275654,-1,LPF2_ECOLI,1.0,Escherichia coli
0.9986545,0.0013454412,-1,YHBW_ECOLI,1.0,Escherichia coli
0.99887973,0.0011202727,-1,YGGN_ECOLI,1.0,Escherichia coli
0.99906904,0.00093097123,-1,YIAF_ECOLI,1.0,Escherichia coli
0.9990646,0.0009353724,-1,YJCO_ECOLI,1.0,Escherichia coli
0.9972205,0.002779518,-1,YIDX_ECOLI,1.0,Escherichia coli
0.9991303,0.0008696651,-1,YICN_ECOLI,1.0,Escherichia coli
0.99931264,0.00068731373,-1,YIIR_ECOLI,1.0,Escherichia coli
0.9989951,0.0010049351,-1,YQIB_ECOLI,1.0,Escherichia coli
0.9987431,0.001256952,-1,YUBJ_ECOLI,1.0,Escherichia coli
0.9988294,0.00117055,-1,YJBQ_ECOLI,1.0,Escherichia coli
0.9988606,0.0011394041,-1,YHFA_ECOLI,1.0,Escherichia coli
0.99897003,0.0010299553,-1,YJFI_ECOLI,1.0,Escherichia coli
0.99377173,0.0062283333,-1,YIBL_ECOLI,1.0,Escherichia coli
0.99897325,0.0010267145,-1,YJBR_ECOLI,1.0,Escherichia coli
0.99829406,0.0017059374,-1,YJEI_ECOLI,1.0,Escherichia coli
0.63270926,0.36729074,-1,PSIF_ECOLI,1.0,Escherichia coli
0.9981262,0.0018737724,-1,YJFY_ECOLI,1.0,Escherichia coli
0.9981589,0.0018410934,-1,YIHD_ECOLI,1.0,Escherichia coli
0.9996371,0.00036290736,-1,YEIW_ECOLI,1.0,Escherichia coli
0.99949753,0.0005024147,-1,YJDI_ECOLI,1.0,Escherichia coli
0.999315,0.00068495906,-1,YIIF_ECOLI,1.0,Escherichia coli
0.9991246,0.00087539415,-1,YHEV_ECOLI,1.0,Escherichia coli
0.9986738,0.0013262464,-1,YJET_ECOLI,1.0,Escherichia coli
0.9985941,0.0014059211,-1,DSRB_ECOLI,1.0,Escherichia coli
0.9954457,0.0045542843,-1,YHFG_ECOLI,1.0,Escherichia coli
0.9987564,0.0012436066,-1,YTIA_ECOLI,1.0,Escherichia coli
0.9985448,0.0014551722,-1,YKGV_ECOLI,1.0,Escherichia coli
0.99931836,0.00068159116,-1,YMGM_ECOLI,1.0,Escherichia coli
0.9990821,0.0009179416,-1,YMCF_ECOLI,1.0,Escherichia coli
0.9986211,0.0013788645,-1,YNFQ_ECOLI,1.0,Escherichia coli
0.9989926,0.0010073367,-1,YNAL_ECOLI,1.0,Escherichia coli
0.99920684,0.00079323765,-1,YMJE_ECOLI,1.0,Escherichia coli
0.99911445,0.00088554574,-1,YLCJ_ECOLI,1.0,Escherichia coli
0.9991628,0.0008372574,-1,YMIA_ECOLI,1.0,Escherichia coli
0.9950492,0.004950754,-1,YKGS_ECOLI,1.0,Escherichia coli
0.9924529,0.0075471085,-1,YKIC_ECOLI,1.0,Escherichia coli
0.9986614,0.0013386133,-1,YNAM_ECOLI,1.0,Escherichia coli
0.9997907,0.00020934027,-1,YMGL_ECOLI,1.0,Escherichia coli
0.9985512,0.0014488228,-1,YBGU_ECOLI,1.0,Escherichia coli
0.99906117,0.0009387982,-1,YMIC_ECOLI,1.0,Escherichia coli
0.996222,0.003777959,-1,YLDA_ECOLI,1.0,Escherichia coli
0.7171215,0.28287855,-1,YKID_ECOLI,1.0,Escherichia coli
0.9909491,0.009050926,-1,YAHV_ECOLI,1.0,Escherichia coli
0.9926565,0.007343455,-1,YMJD_ECOLI,1.0,Escherichia coli
0.99936134,0.00063865917,-1,YADW_ECOLI,1.0,Escherichia coli
0.9848172,0.015182808,-1,YLIM_ECOLI,1.0,Escherichia coli
0.9663176,0.033682425,-1,YABR_ECOLI,1.0,Escherichia coli
0.0013707697,0.9986292,-1,YACM_ECOLI,1.0,Escherichia coli
0.9893301,0.010669871,-1,YMGK_ECOLI,1.0,Escherichia coli
0.94490427,0.055095747,-1,YMDG_ECOLI,1.0,Escherichia coli
0.9990682,0.0009317841,-1,YNCO_ECOLI,1.0,Escherichia coli
0.9990521,0.0009479134,-1,YECU_ECOLI,1.0,Escherichia coli
0.9991672,0.00083287427,-1,YQID_ECOLI,1.0,Escherichia coli
0.9986265,0.0013735676,-1,YNFU_ECOLI,1.0,Escherichia coli
0.9989938,0.0010061665,-1,YQHI_ECOLI,1.0,Escherichia coli
0.99879056,0.001209487,-1,YMID_ECOLI,1.0,Escherichia coli
0.9975994,0.0024005382,-1,YNEP_ECOLI,1.0,Escherichia coli
0.9988939,0.0011061244,-1,YNFP_ECOLI,1.0,Escherichia coli
0.9977429,0.0022571532,-1,MGTT_ECOLI,1.0,Escherichia coli
0.9973551,0.0026448795,-1,YDGV_ECOLI,1.0,Escherichia coli
0.9948862,0.005113748,-1,YNFS_ECOLI,1.0,Escherichia coli
0.25295296,0.74704707,-1,YQFI_ECOLI,1.0,Escherichia coli
0.99712616,0.002873838,-1,YSDD_ECOLI,1.0,Escherichia coli
0.99786323,0.002136724,-1,YLJB_ECOLI,1.0,Escherichia coli
0.99899894,0.0010011247,-1,YQFH_ECOLI,1.0,Escherichia coli
0.9994087,0.0005912589,-1,YNCP_ECOLI,1.0,Escherichia coli
0.999464,0.0005360369,-1,YNFR_ECOLI,1.0,Escherichia coli
0.9979013,0.002098629,-1,YBIE_ECOLI,1.0,Escherichia coli
0.9972579,0.0027421997,-1,YTIB_ECOLI,1.0,Escherichia coli
0.999263,0.0007369856,-1,YCHT_ECOLI,1.0,Escherichia coli
0.9980299,0.0019700392,-1,YADX_ECOLI,1.0,Escherichia coli
0.00443338,0.99556667,-1,YNAN_ECOLI,1.0,Escherichia coli
0.9707027,0.029297253,-1,YECV_ECOLI,1.0,Escherichia coli
0.99907935,0.0009205954,-1,YDDY_ECOLI,1.0,Escherichia coli
0.99629116,0.003708877,-1,YBGV_ECOLI,1.0,Escherichia coli
0.99905425,0.00094576454,-1,YNHH_ECOLI,1.0,Escherichia coli
0.9982503,0.0017496235,-1,YODE_ECOLI,1.0,Escherichia coli
0.9995334,0.00046663627,-1,YQGG_ECOLI,1.0,Escherichia coli
0.9989243,0.0010756041,-1,YHIY_ECOLI,1.0,Escherichia coli
0.95318764,0.046812322,-1,YIBY_ECOLI,1.0,Escherichia coli
0.9937736,0.006226436,-1,YTHB_ECOLI,1.0,Escherichia coli
0.996192,0.003808045,-1,YQGH_ECOLI,1.0,Escherichia coli
0.9981153,0.001884692,-1,YQIM_ECOLI,1.0,Escherichia coli
0.9979387,0.0020612255,-1,YRIA_ECOLI,1.0,Escherichia coli
0.9979894,0.0020106328,-1,YSDE_ECOLI,1.0,Escherichia coli
0.99683774,0.0031622339,-1,YSAE_ECOLI,1.0,Escherichia coli
0.9973902,0.0026098469,-1,YKIE_ECOLI,1.0,Escherichia coli
0.99044037,0.009559606,-1,YFIS_ECOLI,1.0,Escherichia coli
0.9939057,0.006094268,-1,YQHJ_ECOLI,1.0,Escherichia coli
0.012723667,0.9872764,-1,YICU_ECOLI,1.0,Escherichia coli
0.99456704,0.005432987,-1,YMGN_ECOLI,1.0,Escherichia coli
0.9925202,0.0074798544,-1,YSGD_ECOLI,1.0,Escherichia coli
0.997843,0.0021569969,-1,YRIB_ECOLI,1.0,Escherichia coli
0.99268216,0.0073178643,-1,YTGA_ECOLI,1.0,Escherichia coli
0.99860954,0.0013904001,-1,YOEJ_ECOLI,1.0,Escherichia coli
0.99706477,0.0029351956,-1,YHGO_ECOLI,1.0,Escherichia coli
0.9989686,0.0010313846,-1,YOAM_ECOLI,1.0,Escherichia coli
0.9962482,0.0037518686,-1,YKFO_ECOLI,1.0,Escherichia coli
0.9955231,0.00447687,-1,EVGL_ECOLI,1.0,Escherichia coli
0.99349433,0.006505671,-1,YHGP_ECOLI,1.0,Escherichia coli
0.9988954,0.0011045049,-1,YFAA_ECOLI,1.0,Escherichia coli
0.99145657,0.008543412,-1,YHAC_ECOLI,1.0,Escherichia coli
0.99934834,0.00065164163,-1,YUBP_ECOLI,1.0,Escherichia coli
0.9964192,0.0035808468,-1,PSIA1_ECOLI,1.0,Escherichia coli
0.99741286,0.0025871522,-1,TRBH_ECOLI,1.0,Escherichia coli
0.99073166,0.009268344,-1,YHAB_ECOLI,1.0,Escherichia coli
0.9985103,0.0014896733,-1,INSJ_ECOLI,1.0,Escherichia coli
0.99901104,0.0009889783,-1,YCIE_ECOLI,1.0,Escherichia coli
0.98595214,0.014047885,-1,PSIB1_ECOLI,1.0,Escherichia coli
0.9982749,0.0017251133,-1,CYSX_ECOLI,1.0,Escherichia coli
0.99927145,0.0007285897,-1,TRBF_ECOLI,1.0,Escherichia coli
0.99718285,0.002817135,-1,YFIL_ECOLI,1.0,Escherichia coli
0.9992003,0.0007997439,-1,TRBA_ECOLI,1.0,Escherichia coli
0.9986064,0.001393666,-1,TRBJ_ECOLI,1.0,Escherichia coli
0.9989478,0.0010522376,-1,ARTA_ECOLI,1.0,Escherichia coli
0.99923134,0.00076865865,-1,REA1_ECOLI,1.0,Escherichia coli
0.9974329,0.0025671485,-1,RACC_ECOLI,1.0,Escherichia coli
0.99488574,0.0051142285,-1,YPFU_ECOLI,1.0,Escherichia coli
0.9985753,0.0014246247,-1,YDFC_ECOLI,1.0,Escherichia coli
0.9992243,0.0007756703,-1,YPED_ECOLI,1.0,Escherichia coli
0.99952877,0.00047126733,-1,YTCB_ECOLI,1.0,Escherichia coli
0.9943348,0.005665159,-1,YTGB_ECOLI,1.0,Escherichia coli
0.99064237,0.009357595,-1,YRFJ_ECOLI,1.0,Escherichia coli
0.9760484,0.023951614,-1,YTJE_ECOLI,1.0,Escherichia coli
0.99416804,0.0058319564,-1,YTIE_ECOLI,1.0,Escherichia coli
0.99009377,0.009906226,-1,YDBD_ECOLI,1.0,Escherichia coli
0.9994179,0.00058208546,-1,YICH_ECOLI,1.0,Escherichia coli
0.9990802,0.000919777,-1,YCGB_ECOLI,1.0,Escherichia coli
0.998904,0.0010960553,-1,YIDR_ECOLI,1.0,Escherichia coli
0.9977744,0.0022255192,-1,YIEL_ECOLI,1.0,Escherichia coli
0.99785453,0.0021454038,-1,HTRL_ECOLI,1.0,Escherichia coli
0.9988431,0.0011568671,-1,YIGE_ECOLI,1.0,Escherichia coli
0.99890065,0.0010993686,-1,YIGA_ECOLI,1.0,Escherichia coli
0.99940634,0.0005937195,-1,YAFE_ECOLI,1.0,Escherichia coli
0.9987025,0.0012974882,-1,YEBB_ECOLI,1.0,Escherichia coli
0.9932667,0.006733252,-1,YBFC_ECOLI,1.0,Escherichia coli
0.99902487,0.0009751041,-1,NOHD_ECOLI,1.0,Escherichia coli
0.9984119,0.0015881184,-1,YBGA_ECOLI,1.0,Escherichia coli
0.9993893,0.0006107026,-1,BICB_ECOLI,1.0,Escherichia coli
0.9993286,0.00067139865,-1,YIDF_ECOLI,1.0,Escherichia coli
0.9981567,0.0018432318,-1,YDCD_ECOLI,1.0,Escherichia coli
0.99928147,0.0007185061,-1,YEDD_ECOLI,1.0,Escherichia coli
0.9980117,0.001988263,-1,YAAI_ECOLI,1.0,Escherichia coli
0.9981061,0.0018938455,-1,YFED_ECOLI,1.0,Escherichia coli
0.9991103,0.00088968605,-1,YHHH_ECOLI,1.0,Escherichia coli
0.9991271,0.0008729549,-1,YIGF_ECOLI,1.0,Escherichia coli
0.9984584,0.0015415625,-1,YGBA_ECOLI,1.0,Escherichia coli
0.9988457,0.0011542249,-1,MARB_ECOLI,1.0,Escherichia coli
0.9991059,0.0008940735,-1,YDFD_ECOLI,1.0,Escherichia coli
0.99887043,0.0011294849,-1,YDFB_ECOLI,1.0,Escherichia coli
0.99555945,0.0044405772,-1,YEHI_ECOLI,1.0,Escherichia coli
0.99933463,0.0006653096,-1,YIHF_ECOLI,1.0,Escherichia coli
0.97913307,0.020866958,-1,YJBI_ECOLI,1.0,Escherichia coli
0.9972518,0.0027481508,-1,YJCF_ECOLI,1.0,Escherichia coli
0.998398,0.0016019645,-1,YEHP_ECOLI,1.0,Escherichia coli
0.99885166,0.0011483358,-1,YIIG_ECOLI,1.0,Escherichia coli
0.9992525,0.0007474208,-1,YIHM_ECOLI,1.0,Escherichia coli
0.9982504,0.0017495961,-1,YJBG_ECOLI,1.0,Escherichia coli
0.99357444,0.0064255227,-1,YJBM_ECOLI,1.0,Escherichia coli
0.9990006,0.000999443,-1,YIBJ_ECOLI,1.0,Escherichia coli
0.99889165,0.0011083921,-1,YJAH_ECOLI,1.0,Escherichia coli
0.9988254,0.0011746151,-1,YIJF_ECOLI,1.0,Escherichia coli
0.99894494,0.0010550732,-1,YIIX_ECOLI,1.0,Escherichia coli
0.9993637,0.0006362633,-1,YIIQ_ECOLI,1.0,Escherichia coli
0.99636495,0.0036349862,-1,YJAG_ECOLI,1.0,Escherichia coli
0.9996568,0.00034318742,-1,STFE_ECOLI,1.0,Escherichia coli
0.992067,0.007933054,-1,YEHS_ECOLI,1.0,Escherichia coli
0.99942493,0.0005751489,-1,YIBG_ECOLI,1.0,Escherichia coli
0.9993143,0.000685752,-1,YIBI_ECOLI,1.0,Escherichia coli
0.99794203,0.0020579714,-1,YEHK_ECOLI,1.0,Escherichia coli
0.9919852,0.008014791,-1,YIIS_ECOLI,1.0,Escherichia coli
0.99801457,0.0019853557,-1,YJCB_ECOLI,1.0,Escherichia coli
0.99964345,0.00035655126,-1,YEHE_ECOLI,1.0,Escherichia coli
0.94846505,0.051534906,-1,YJBD_ECOLI,1.0,Escherichia coli
0.9980654,0.0019346052,-1,YJBL_ECOLI,1.0,Escherichia coli
0.9976108,0.0023892347,-1,YACH_ECOLI,1.0,Escherichia coli
0.9967355,0.0032645015,-1,YHIJ_ECOLI,1.0,Escherichia coli
0.99743456,0.0025654237,-1,YCCE_ECOLI,1.0,Escherichia coli
0.97626,0.023739932,-1,YHIN_ECOLI,1.0,Escherichia coli
0.9971655,0.0028344558,-1,YIBQ_ECOLI,1.0,Escherichia coli
0.9913522,0.008647798,-1,YJCZ_ECOLI,1.0,Escherichia coli
0.9944706,0.0055294717,-1,YJEJ_ECOLI,1.0,Escherichia coli
0.99362046,0.0063795885,-1,YECE_ECOLI,1.0,Escherichia coli
0.99885345,0.0011465591,-1,YJFZ_ECOLI,1.0,Escherichia coli
0.9969687,0.0030313635,-1,YHIS_ECOLI,1.0,Escherichia coli
0.99852115,0.0014788832,-1,YJFK_ECOLI,1.0,Escherichia coli
0.9987644,0.0012356384,-1,YBFG_ECOLI,1.0,Escherichia coli
0.9950553,0.0049446975,-1,YABP_ECOLI,1.0,Escherichia coli
0.99742776,0.0025722682,-1,YJFM_ECOLI,1.0,Escherichia coli
0.9961499,0.0038501697,-1,YCHJ_ECOLI,1.0,Escherichia coli
0.9990571,0.00094283547,-1,YBBC_ECOLI,1.0,Escherichia coli
0.9986172,0.0013827893,-1,YHDN_ECOLI,1.0,Escherichia coli
0.9993616,0.0006383783,-1,YHHM_ECOLI,1.0,Escherichia coli
0.9993862,0.0006138029,-1,YTFA_ECOLI,1.0,Escherichia coli
0.99739,0.002610048,-1,YJEN_ECOLI,1.0,Escherichia coli
0.9988065,0.0011935026,-1,YJDJ_ECOLI,1.0,Escherichia coli
0.9984849,0.0015150835,-1,YHHL_ECOLI,1.0,Escherichia coli
0.9994103,0.0005897509,-1,YBBD_ECOLI,1.0,Escherichia coli
0.99692565,0.003074336,-1,YDAE_ECOLI,1.0,Escherichia coli
0.80379415,0.19620587,-1,YABQ_ECOLI,1.0,Escherichia coli
0.9974638,0.0025361178,-1,YJIT_ECOLI,1.0,Escherichia coli
0.9967186,0.0032813898,-1,YJGR_ECOLI,1.0,Escherichia coli
0.9979322,0.0020677957,-1,YJIN_ECOLI,1.0,Escherichia coli
0.99911696,0.0008830281,-1,YJIJ_ECOLI,1.0,Escherichia coli
0.99913824,0.0008617796,-1,YHFX_ECOLI,1.0,Escherichia coli
0.9995598,0.00044013688,-1,YGJJ_ECOLI,1.0,Escherichia coli
0.93523496,0.064765036,-1,YTFI_ECOLI,1.0,Escherichia coli
0.99729425,0.0027056858,-1,YJIC_ECOLI,1.0,Escherichia coli
0.99923,0.0007699276,-1,SGCQ_ECOLI,1.0,Escherichia coli
0.99956435,0.0004355923,-1,YHCF_ECOLI,1.0,Escherichia coli
0.9968304,0.0031696046,-1,YGJQ_ECOLI,1.0,Escherichia coli
0.9992755,0.0007245053,-1,YRAR_ECOLI,1.0,Escherichia coli
0.998706,0.0012940647,-1,TRAP_ECOLI,1.0,Escherichia coli
0.9995803,0.00041969825,-1,YHCE_ECOLI,1.0,Escherichia coli
0.9984713,0.0015286169,-1,YRAN_ECOLI,1.0,Escherichia coli
0.9981939,0.0018060866,-1,YQJC_ECOLI,1.0,Escherichia coli
0.9713468,0.028653251,-1,YHFY_ECOLI,1.0,Escherichia coli
0.99613625,0.003863782,-1,YJGZ_ECOLI,1.0,Escherichia coli
0.8698573,0.13014267,-1,TRBG_ECOLI,1.0,Escherichia coli
0.9991364,0.0008636888,-1,YJHD_ECOLI,1.0,Escherichia coli
0.9992011,0.00079886493,-1,TRAR_ECOLI,1.0,Escherichia coli
0.9990823,0.0009177025,-1,YFAH_ECOLI,1.0,Escherichia coli
0.9966125,0.003387556,-1,TRBD_ECOLI,1.0,Escherichia coli
0.9986268,0.0013732145,-1,YJIS_ECOLI,1.0,Escherichia coli
0.99708086,0.0029191175,-1,YHAL_ECOLI,1.0,Escherichia coli
0.99880946,0.0011906027,-1,YHGE_ECOLI,1.0,Escherichia coli
0.9965576,0.0034424555,-1,YBAE_ECOLI,1.0,Escherichia coli
0.9989442,0.0010558064,-1,YFJI_ECOLI,1.0,Escherichia coli
0.99955195,0.00044804387,-1,YGGP_ECOLI,1.0,Escherichia coli
0.99837613,0.0016238642,-1,YHHZ_ECOLI,1.0,Escherichia coli
0.99843496,0.0015650025,-1,YGGM_ECOLI,1.0,Escherichia coli
0.8122418,0.1877582,-1,YFJH_ECOLI,1.0,Escherichia coli
0.9976866,0.0023134118,-1,YHFZ_ECOLI,1.0,Escherichia coli
0.9994411,0.00055894506,-1,YFJQ_ECOLI,1.0,Escherichia coli
0.9989178,0.001082213,-1,YFEN_ECOLI,1.0,Escherichia coli
0.99748516,0.0025148652,-1,YEDJ_ECOLI,1.0,Escherichia coli
0.99952304,0.00047698597,-1,STFP_ECOLI,1.0,Escherichia coli
0.99307126,0.006928778,-1,YFJJ_ECOLI,1.0,Escherichia coli
0.99920064,0.00079936715,-1,YRHA_ECOLI,1.0,Escherichia coli
0.9986708,0.0013292009,-1,YAER_ECOLI,1.0,Escherichia coli
0.9977131,0.0022869436,-1,YCJD_ECOLI,1.0,Escherichia coli
0.99796283,0.0020371496,-1,YFIM_ECOLI,1.0,Escherichia coli
0.8512848,0.1487152,-1,YGGU_ECOLI,1.0,Escherichia coli
0.99873894,0.0012610398,-1,YRHB_ECOLI,1.0,Escherichia coli
0.9989188,0.001081269,-1,YFJM_ECOLI,1.0,Escherichia coli
0.99814475,0.0018552991,-1,YRDB_ECOLI,1.0,Escherichia coli
0.99969697,0.00030306698,-1,YQGD_ECOLI,1.0,Escherichia coli
0.98338634,0.016613638,-1,YECH_ECOLI,1.0,Escherichia coli
0.9983803,0.0016197267,-1,YPJK_ECOLI,1.0,Escherichia coli
0.999114,0.0008860019,-1,YBAM_ECOLI,1.0,Escherichia coli
0.999236,0.00076401344,-1,YDBH_ECOLI,1.0,Escherichia coli
0.99731135,0.002688705,-1,YFJW_ECOLI,1.0,Escherichia coli
0.9940515,0.005948516,-1,CSIE_ECOLI,1.0,Escherichia coli
0.99862003,0.0013799102,-1,YDCL_ECOLI,1.0,Escherichia coli
0.9990522,0.00094775035,-1,YFJT_ECOLI,1.0,Escherichia coli
0.9994764,0.00052360713,-1,YFJX_ECOLI,1.0,Escherichia coli
0.99432915,0.0056709237,-1,YIFN_ECOLI,1.0,Escherichia coli
0.9990945,0.0009055703,-1,HSLJ_ECOLI,1.0,Escherichia coli
0.99755067,0.0024492838,-1,YAEH_ECOLI,1.0,Escherichia coli
0.9993087,0.00069130585,-1,APAG_ECOLI,1.0,Escherichia coli
0.99912494,0.00087505515,-1,YCEQ_ECOLI,1.0,Escherichia coli
0.99218583,0.007814124,-1,YPJI_ECOLI,1.0,Escherichia coli
0.9974554,0.0025445842,-1,YNAJ_ECOLI,1.0,Escherichia coli
0.9992224,0.0007776201,-1,YJJZ_ECOLI,1.0,Escherichia coli
0.99928206,0.000717977,-1,YDHI_ECOLI,1.0,Escherichia coli
0.9867024,0.013297628,-1,YNCJ_ECOLI,1.0,Escherichia coli
0.99869967,0.0013003622,-1,YKGL_ECOLI,1.0,Escherichia coli
0.9966995,0.0033005236,-1,YBCW_ECOLI,1.0,Escherichia coli
0.99709356,0.0029064822,-1,YJBS_ECOLI,1.0,Escherichia coli
0.9958389,0.004161129,-1,YDFZ_ECOLI,1.0,Escherichia coli
0.99583817,0.004161822,-1,YPJJ_ECOLI,1.0,Escherichia coli
0.99925774,0.00074225134,-1,YNBE_ECOLI,1.0,Escherichia coli
0.9988972,0.001102788,-1,YCIX_ECOLI,1.0,Escherichia coli
0.9933169,0.006683119,-1,YRHD_ECOLI,1.0,Escherichia coli
0.9991321,0.0008679445,-1,REPL1_ECOLI,1.0,Escherichia coli
0.9932922,0.0067077884,-1,YGFM_ECOLI,1.0,Escherichia coli
0.9979886,0.0020113937,-1,YHEO_ECOLI,1.0,Escherichia coli
0.99868757,0.0013123924,-1,YRBL_ECOLI,1.0,Escherichia coli
0.99913317,0.00086690893,-1,YEAR_ECOLI,1.0,Escherichia coli
0.99849796,0.0015020415,-1,YHFU_ECOLI,1.0,Escherichia coli
0.9913566,0.008643418,-1,YPEC_ECOLI,1.0,Escherichia coli
0.99478865,0.0052113347,-1,YOAC_ECOLI,1.0,Escherichia coli
0.9985411,0.0014588853,-1,YDIZ_ECOLI,1.0,Escherichia coli
0.999388,0.00061194994,-1,YEBO_ECOLI,1.0,Escherichia coli
0.99251163,0.0074883336,-1,YGHW_ECOLI,1.0,Escherichia coli
0.9996257,0.0003742686,-1,YFCL_ECOLI,1.0,Escherichia coli
0.9994004,0.0005996441,-1,YHCO_ECOLI,1.0,Escherichia coli
0.99818784,0.0018121022,-1,YOAF_ECOLI,1.0,Escherichia coli
0.99528235,0.004717603,-1,YEAQ_ECOLI,1.0,Escherichia coli
0.9976544,0.0023456146,-1,YDHL_ECOLI,1.0,Escherichia coli
0.9995415,0.00045850992,-1,YEIS_ECOLI,1.0,Escherichia coli
0.99929714,0.0007028613,-1,YQFE_ECOLI,1.0,Escherichia coli
0.6680288,0.33197117,-1,YEET_ECOLI,1.0,Escherichia coli
0.99948287,0.0005170747,-1,YHDV_ECOLI,1.0,Escherichia coli
0.9975061,0.0024939524,-1,YQGC_ECOLI,1.0,Escherichia coli
0.99914885,0.0008511242,-1,YEEW_ECOLI,1.0,Escherichia coli
0.99898857,0.0010114146,-1,YDIH_ECOLI,1.0,Escherichia coli
0.99794906,0.0020509053,-1,YODC_ECOLI,1.0,Escherichia coli
0.99853635,0.001463594,-1,YHDU_ECOLI,1.0,Escherichia coli
0.99877816,0.0012218724,-1,YHFL_ECOLI,1.0,Escherichia coli
0.99917656,0.00082338566,-1,YBIU_ECOLI,1.0,Escherichia coli
0.99826306,0.0017369109,-1,YBJS_ECOLI,1.0,Escherichia coli
0.79836076,0.2016393,-1,YAGM_ECOLI,1.0,Escherichia coli
0.99824023,0.0017597079,-1,YAFS_ECOLI,1.0,Escherichia coli
0.9972415,0.0027585416,-1,YAAW_ECOLI,1.0,Escherichia coli
0.999316,0.00068403897,-1,YBHM_ECOLI,1.0,Escherichia coli
0.9980184,0.001981663,-1,YAIS_ECOLI,1.0,Escherichia coli
0.9990339,0.00096610835,-1,YBJP_ECOLI,1.0,Escherichia coli
0.99567884,0.0043211426,-1,YBFP_ECOLI,1.0,Escherichia coli
0.9994836,0.0005164125,-1,YAFX_ECOLI,1.0,Escherichia coli
0.99869823,0.0013017624,-1,YHBP_ECOLI,1.0,Escherichia coli
0.99685633,0.0031436007,-1,YAGN_ECOLI,1.0,Escherichia coli
0.99908364,0.00091639353,-1,YAGP_ECOLI,1.0,Escherichia coli
0.99188715,0.008112816,-1,YAAX_ECOLI,1.0,Escherichia coli
0.9989151,0.0010849661,-1,YKIA_ECOLI,1.0,Escherichia coli
0.996933,0.0030669633,-1,YBBV_ECOLI,1.0,Escherichia coli
0.99707735,0.0029226532,-1,YKFJ_ECOLI,1.0,Escherichia coli
0.99836355,0.0016363894,-1,EXOD_ECOLI,1.0,Escherichia coli
0.9994246,0.0005755021,-1,YAHM_ECOLI,1.0,Escherichia coli
0.8364707,0.16352922,-1,YKFF_ECOLI,1.0,Escherichia coli
0.99915004,0.00084994984,-1,YHEU_ECOLI,1.0,Escherichia coli
0.9997845,0.00021544799,-1,YAAY_ECOLI,1.0,Escherichia coli
0.9990409,0.0009591276,-1,Y309_ECOLI,1.0,Escherichia coli
0.96224463,0.037755415,-1,REND_ECOLI,1.0,Escherichia coli
0.998042,0.0019579427,-1,YOAH_ECOLI,1.0,Escherichia coli
0.99891675,0.0010832832,-1,YMFN_ECOLI,1.0,Escherichia coli
0.99873215,0.0012677948,-1,YCIW_ECOLI,1.0,Escherichia coli
0.99770844,0.0022915362,-1,YBJX_ECOLI,1.0,Escherichia coli
0.9988055,0.0011945165,-1,YCDU_ECOLI,1.0,Escherichia coli
0.99371225,0.0062877564,-1,YMFE_ECOLI,1.0,Escherichia coli
0.9991037,0.00089619774,-1,YCAP_ECOLI,1.0,Escherichia coli
0.9993449,0.0006551091,-1,COHE_ECOLI,1.0,Escherichia coli
0.998386,0.0016139928,-1,YMFD_ECOLI,1.0,Escherichia coli
0.9982496,0.0017504125,-1,YMFQ_ECOLI,1.0,Escherichia coli
0.9983753,0.001624632,-1,YMFL_ECOLI,1.0,Escherichia coli
0.9994947,0.00050526933,-1,BEEE_ECOLI,1.0,Escherichia coli
0.996077,0.0039229556,-1,YCGY_ECOLI,1.0,Escherichia coli
0.99878865,0.0012113925,-1,YCCU_ECOLI,1.0,Escherichia coli
0.9967302,0.0032697683,-1,YCGX_ECOLI,1.0,Escherichia coli
0.9988949,0.0011051401,-1,YCFL_ECOLI,1.0,Escherichia coli
0.9963224,0.0036775682,-1,YCGJ_ECOLI,1.0,Escherichia coli
0.99920315,0.0007968802,-1,YMFI_ECOLI,1.0,Escherichia coli
0.9853603,0.014639683,-1,YMFM_ECOLI,1.0,Escherichia coli
0.99784625,0.0021537396,-1,YMFJ_ECOLI,1.0,Escherichia coli
0.99836975,0.0016302264,-1,YDAS_ECOLI,1.0,Escherichia coli
0.9944127,0.005587295,-1,YCHS_ECOLI,1.0,Escherichia coli
0.9977724,0.0022275925,-1,YMGC_ECOLI,1.0,Escherichia coli
0.9949714,0.005028597,-1,CROE_ECOLI,1.0,Escherichia coli
0.99912244,0.0008775811,-1,YMFR_ECOLI,1.0,Escherichia coli
0.99802643,0.001973545,-1,YDAG_ECOLI,1.0,Escherichia coli
0.992125,0.007875052,-1,YNEK_ECOLI,1.0,Escherichia coli
0.9986504,0.0013496507,-1,YDFU_ECOLI,1.0,Escherichia coli
0.99593157,0.004068423,-1,YDDK_ECOLI,1.0,Escherichia coli
0.9981748,0.0018252721,-1,YDGH_ECOLI,1.0,Escherichia coli
0.96365875,0.036341235,-1,YDAU_ECOLI,1.0,Escherichia coli
0.99936956,0.0006304011,-1,TFAQ_ECOLI,1.0,Escherichia coli
0.9986326,0.0013674162,-1,YDDH_ECOLI,1.0,Escherichia coli
0.9990465,0.0009535226,-1,YDAW_ECOLI,1.0,Escherichia coli
0.99942577,0.0005742763,-1,RZPQ_ECOLI,1.0,Escherichia coli
0.99391276,0.0060871844,-1,YDAT_ECOLI,1.0,Escherichia coli
0.9925659,0.0074341013,-1,YDFO_ECOLI,1.0,Escherichia coli
0.9995111,0.00048892386,-1,YDAY_ECOLI,1.0,Escherichia coli
0.94409907,0.055901002,-1,YNEG_ECOLI,1.0,Escherichia coli
0.9988513,0.0011486717,-1,YDIL_ECOLI,1.0,Escherichia coli
0.9928973,0.007102693,-1,YDDJ_ECOLI,1.0,Escherichia coli
0.9986431,0.0013568654,-1,YDBL_ECOLI,1.0,Escherichia coli
0.9974934,0.002506594,-1,YDFR_ECOLI,1.0,Escherichia coli
0.99851376,0.0014861863,-1,YDFV_ECOLI,1.0,Escherichia coli
0.9935268,0.006473157,-1,YDFX_ECOLI,1.0,Escherichia coli
0.99134713,0.008652894,-1,YNAK_ECOLI,1.0,Escherichia coli
0.9984946,0.0015054281,-1,YNAE_ECOLI,1.0,Escherichia coli
0.99876827,0.0012317371,-1,YDFK_ECOLI,1.0,Escherichia coli
0.99956053,0.00043945145,-1,YNCH_ECOLI,1.0,Escherichia coli
0.9986344,0.0013655922,-1,MOKB_ECOLI,1.0,Escherichia coli
0.9942965,0.005703573,-1,YNFN_ECOLI,1.0,Escherichia coli
0.99902594,0.0009740168,-1,YFBK_ECOLI,1.0,Escherichia coli
0.99803144,0.0019685829,-1,YFAQ_ECOLI,1.0,Escherichia coli
0.9989507,0.0010492506,-1,YEAH_ECOLI,1.0,Escherichia coli
0.99855703,0.0014429461,-1,YEGU_ECOLI,1.0,Escherichia coli
0.9992005,0.00079949596,-1,YEGV_ECOLI,1.0,Escherichia coli
0.9285317,0.07146827,-1,YDJO_ECOLI,1.0,Escherichia coli
0.99894863,0.0010513908,-1,YFAP_ECOLI,1.0,Escherichia coli
0.99926716,0.0007328772,-1,YDIY_ECOLI,1.0,Escherichia coli
0.99779475,0.0022052554,-1,YEEL_ECOLI,1.0,Escherichia coli
0.9989881,0.0010119259,-1,YEGL_ECOLI,1.0,Escherichia coli
0.9994628,0.00053727534,-1,YOBB_ECOLI,1.0,Escherichia coli
0.99905485,0.00094511366,-1,YFAT_ECOLI,1.0,Escherichia coli
0.9982337,0.0017662728,-1,YNJA_ECOLI,1.0,Escherichia coli
0.99927264,0.0007273079,-1,YNIB_ECOLI,1.0,Escherichia coli
0.9988927,0.0011072718,-1,YECT_ECOLI,1.0,Escherichia coli
0.6824008,0.3175992,-1,ARPB_ECOLI,1.0,Escherichia coli
0.9993042,0.0006958502,-1,YEGJ_ECOLI,1.0,Escherichia coli
0.9983191,0.0016808952,-1,YEDM_ECOLI,1.0,Escherichia coli
0.98532885,0.0146711655,-1,YEAO_ECOLI,1.0,Escherichia coli
0.99902344,0.0009765033,-1,YECR_ECOLI,1.0,Escherichia coli
0.999158,0.00084193307,-1,YEGR_ECOLI,1.0,Escherichia coli
0.99819463,0.001805394,-1,YNJH_ECOLI,1.0,Escherichia coli
0.99317837,0.006821683,-1,YEAC_ECOLI,1.0,Escherichia coli
0.999032,0.0009679712,-1,YEBW_ECOLI,1.0,Escherichia coli
0.99822694,0.0017730207,-1,YOAI_ECOLI,1.0,Escherichia coli
0.99875224,0.0012477105,-1,YPHG_ECOLI,1.0,Escherichia coli
0.9990195,0.0009805055,-1,YFDI_ECOLI,1.0,Escherichia coli
0.99937904,0.0006208913,-1,YPHH_ECOLI,1.0,Escherichia coli
0.8402867,0.15971333,-1,YFDF_ECOLI,1.0,Escherichia coli
0.99888474,0.0011152788,-1,YPFG_ECOLI,1.0,Escherichia coli
0.99883837,0.001161615,-1,YFBP_ECOLI,1.0,Escherichia coli
0.99096864,0.009031333,-1,YFDQ_ECOLI,1.0,Escherichia coli
0.99887604,0.0011239969,-1,YFFS_ECOLI,1.0,Escherichia coli
0.99774796,0.002252012,-1,YFBN_ECOLI,1.0,Escherichia coli
0.8560106,0.14398937,-1,YFFL_ECOLI,1.0,Escherichia coli
0.9969175,0.0030825695,-1,YFFP_ECOLI,1.0,Escherichia coli
0.9981717,0.0018283153,-1,YFEY_ECOLI,1.0,Escherichia coli
0.99933463,0.0006653401,-1,YFDL_ECOLI,1.0,Escherichia coli
0.99807906,0.001920883,-1,YFDN_ECOLI,1.0,Escherichia coli
0.9979373,0.0020627384,-1,YFBO_ECOLI,1.0,Escherichia coli
0.9981585,0.0018415266,-1,YFFO_ECOLI,1.0,Escherichia coli
0.9910981,0.008901913,-1,YFFR_ECOLI,1.0,Escherichia coli
0.98589224,0.014107808,-1,YFFQ_ECOLI,1.0,Escherichia coli
0.9912354,0.008764563,-1,YFFN_ECOLI,1.0,Escherichia coli
0.998971,0.0010290522,-1,YFDP_ECOLI,1.0,Escherichia coli
0.99910057,0.0008994408,-1,YFDS_ECOLI,1.0,Escherichia coli
0.99857247,0.001427542,-1,YFDT_ECOLI,1.0,Escherichia coli
0.998086,0.0019140133,-1,YFFM_ECOLI,1.0,Escherichia coli
0.9991333,0.0008667685,-1,YFDY_ECOLI,1.0,Escherichia coli
0.99961996,0.00037996564,-1,YFGJ_ECOLI,1.0,Escherichia coli
0.998678,0.0013219606,-1,YDHS_ECOLI,1.0,Escherichia coli
0.9946802,0.0053197336,-1,DJLB_ECOLI,1.0,Escherichia coli
0.9993579,0.00064211024,-1,YAHG_ECOLI,1.0,Escherichia coli
0.9993625,0.00063750584,-1,YDEU_ECOLI,1.0,Escherichia coli
0.999169,0.000830991,-1,YLBE_ECOLI,1.0,Escherichia coli
0.99883467,0.0011653856,-1,YBDN_ECOLI,1.0,Escherichia coli
0.9969319,0.0030680846,-1,YAHE_ECOLI,1.0,Escherichia coli
0.99945337,0.0005466603,-1,YAFZ_ECOLI,1.0,Escherichia coli
0.9232131,0.0767869,-1,YAHL_ECOLI,1.0,Escherichia coli
0.99907863,0.00092132954,-1,YDHT_ECOLI,1.0,Escherichia coli
0.99789906,0.002100904,-1,YBAP_ECOLI,1.0,Escherichia coli
0.99496424,0.005035798,-1,YPJB_ECOLI,1.0,Escherichia coli
0.99921286,0.00078716053,-1,YAFT_ECOLI,1.0,Escherichia coli
0.99829215,0.0017078656,-1,YBEU_ECOLI,1.0,Escherichia coli
0.99919873,0.0008013021,-1,YKGH_ECOLI,1.0,Escherichia coli
0.99676895,0.0032310602,-1,YBDM_ECOLI,1.0,Escherichia coli
0.99936587,0.00063414447,-1,TFAR_ECOLI,1.0,Escherichia coli
0.9992642,0.0007358406,-1,YBET_ECOLI,1.0,Escherichia coli
0.99902165,0.0009783229,-1,YAHC_ECOLI,1.0,Escherichia coli
0.9594764,0.04052366,-1,YPJC_ECOLI,1.0,Escherichia coli
0.99907804,0.0009219904,-1,YKFB_ECOLI,1.0,Escherichia coli
0.8738727,0.12612727,-1,YQEK_ECOLI,1.0,Escherichia coli
0.9991136,0.00088641443,-1,TFAS_ECOLI,1.0,Escherichia coli
0.9965431,0.0034568594,-1,YZGL_ECOLI,1.0,Escherichia coli
0.9990947,0.0009053206,-1,LOMR_ECOLI,1.0,Escherichia coli
0.99858165,0.0014183833,-1,TNPX_ECOLI,1.0,Escherichia coli
0.99883634,0.0011636695,-1,YNAA_ECOLI,1.0,Escherichia coli
0.9986299,0.0013701132,-1,YFCH_ECOLI,1.0,Escherichia coli
0.99874866,0.0012513053,-1,Q1PI90_ECOLI,1.0,Escherichia coli
0.9992466,0.0007534846,-1,YDAV_ECOLI,1.0,Escherichia coli
0.9948843,0.0051156897,-1,YFES_ECOLI,1.0,Escherichia coli
0.99763787,0.0023621516,-1,YLBH_ECOLI,1.0,Escherichia coli
0.9986528,0.0013471786,-1,YBER_ECOLI,1.0,Escherichia coli
0.99615306,0.0038469154,-1,YAGL_ECOLI,1.0,Escherichia coli
0.9983903,0.0016096551,-1,YDHW_ECOLI,1.0,Escherichia coli
0.9957463,0.0042537097,-1,YAGK_ECOLI,1.0,Escherichia coli
0.999308,0.0006919525,-1,YAHD_ECOLI,1.0,Escherichia coli
0.99847454,0.0015254078,-1,YBCY_ECOLI,1.0,Escherichia coli
0.99939644,0.00060354767,-1,YFDK_ECOLI,1.0,Escherichia coli
0.99871576,0.0012843155,-1,Q1PI59_ECOLI,1.0,Escherichia coli
0.99911934,0.0008806175,-1,Q1PI54_ECOLI,1.0,Escherichia coli
0.9697184,0.030281667,-1,HYFJ_ECOLI,1.0,Escherichia coli
0.9981705,0.0018294905,-1,YBCV_ECOLI,1.0,Escherichia coli
0.99677014,0.0032299152,-1,YLBG_ECOLI,1.0,Escherichia coli
0.98667777,0.013322225,-1,YAHH_ECOLI,1.0,Escherichia coli
0.9915371,0.008462906,-1,YUBO_ECOLI,1.0,Escherichia coli
0.99201363,0.007986441,-1,Q1PH25_ECOLI,1.0,Escherichia coli
0.9875129,0.012487153,-1,YBFQ_ECOLI,1.0,Escherichia coli
0.998445,0.0015550939,-1,YBDJ_ECOLI,1.0,Escherichia coli
0.9941697,0.005830256,-1,YAFF_ECOLI,1.0,Escherichia coli
0.9985838,0.0014161915,-1,Q38J80_ECOW3,1.0,Escherichia coli
0.9966329,0.0033670827,-1,YQEB_ECOLI,1.0,Escherichia coli
0.99863976,0.0013602042,-1,YQHG_ECOLI,1.0,Escherichia coli
0.9965603,0.003439764,-1,YDFE_ECOLI,1.0,Escherichia coli
0.9983949,0.0016051305,-1,YQEC_ECOLI,1.0,Escherichia coli
0.99898845,0.0010115659,-1,YGHS_ECOLI,1.0,Escherichia coli
0.997299,0.002701008,-1,YGEN_ECOLI,1.0,Escherichia coli
0.9990277,0.00097229326,-1,YQGA_ECOLI,1.0,Escherichia coli
0.9988458,0.0011541161,-1,YQEH_ECOLI,1.0,Escherichia coli
0.9883859,0.011614098,-1,YGCP_ECOLI,1.0,Escherichia coli
0.99924743,0.0007526026,-1,YGEG_ECOLI,1.0,Escherichia coli
0.99931574,0.00068423944,-1,YQEJ_ECOLI,1.0,Escherichia coli
0.6238179,0.37618208,-1,YGEF_ECOLI,1.0,Escherichia coli
0.99938345,0.0006164757,-1,YOEF_ECOLI,1.0,Escherichia coli
0.9995459,0.00045411586,-1,YQCC_ECOLI,1.0,Escherichia coli
0.9983133,0.0016866516,-1,YSAB_ECOLI,1.0,Escherichia coli
0.9982716,0.0017283723,-1,YGEP_ECOLI,1.0,Escherichia coli
0.99761957,0.0023803802,-1,YICS_ECOLI,1.0,Escherichia coli
0.9977852,0.002214741,-1,YJHX_ECOLI,1.0,Escherichia coli
0.99870086,0.0012991417,-1,YOBH_ECOLI,1.0,Escherichia coli
0.98929626,0.01070375,-1,YNFO_ECOLI,1.0,Escherichia coli
0.9990792,0.00092072523,-1,YGEI_ECOLI,1.0,Escherichia coli
0.9942967,0.005703234,-1,YIBT_ECOLI,1.0,Escherichia coli
0.99878687,0.0012131573,-1,YMJC_ECOLI,1.0,Escherichia coli
0.520623,0.47937703,-1,Q47042_ECOLI,1.0,Escherichia coli
0.9995196,0.00048045724,-1,Q5H778_ECOLI,1.0,Escherichia coli
0.99844813,0.0015518389,-1,YUAY_ECOLI,1.0,Escherichia coli
0.9993333,0.0006666575,-1,YUBH_ECOLI,1.0,Escherichia coli
0.9985979,0.001402133,-1,YJHV_ECOLI,1.0,Escherichia coli
0.9985845,0.0014155632,-1,YUBK_ECOLI,1.0,Escherichia coli
0.9990324,0.00096765265,-1,YFEK_ECOLI,1.0,Escherichia coli
0.9986308,0.0013692067,-1,YGHX_ECOLI,1.0,Escherichia coli
0.9987703,0.0012297215,-1,YMGG_ECOLI,1.0,Escherichia coli
0.99859256,0.0014073938,-1,YJDP_ECOLI,1.0,Escherichia coli
0.9864938,0.013506139,-1,Q79DJ0_ECOLI,1.0,Escherichia coli
0.99838674,0.0016132685,-1,YMDE_ECOLI,1.0,Escherichia coli
0.9992884,0.0007116363,-1,YUBN_ECOLI,1.0,Escherichia coli
0.99757725,0.0024227626,-1,YQJK_ECOLI,1.0,Escherichia coli
0.9989152,0.0010847783,-1,YUAX_ECOLI,1.0,Escherichia coli
0.9947083,0.0052916235,-1,YUBL1_ECOLI,1.0,Escherichia coli
0.9948303,0.00516965,-1,YUAW_ECOLI,1.0,Escherichia coli
0.99512464,0.004875331,-1,Q57049_ECOLI,1.0,Escherichia coli
0.92392355,0.07607646,-1,NINE_ECOLI,1.0,Escherichia coli
0.98819286,0.011807171,-1,Q47711_ECOLI,1.0,Escherichia coli
0.9996886,0.0003113683,-1,Q47715_ECOLI,1.0,Escherichia coli
0.99906,0.000940006,-1,YLCG_ECOLI,1.0,Escherichia coli
0.9994646,0.0005354155,-1,YLCH_ECOLI,1.0,Escherichia coli
0.9990344,0.000965638,-1,Q47712_ECOLI,1.0,Escherichia coli
0.8011332,0.19886678,-1,Q9F5L1_ECOLI,1.0,Escherichia coli
0.9981823,0.0018176972,-1,Q47556_ECOLI,1.0,Escherichia coli
0.9993901,0.00060982665,-1,YUAQ_ECOLI,1.0,Escherichia coli
0.9193262,0.08067384,-1,YUBG_ECOLI,1.0,Escherichia coli
0.998389,0.0016109813,-1,YUAM_ECOLI,1.0,Escherichia coli
0.99796426,0.002035802,-1,YUAU_ECOLI,1.0,Escherichia coli
0.99711156,0.0028883857,-1,YUAF_ECOLI,1.0,Escherichia coli
0.99877495,0.0012250141,-1,YUAD_ECOLI,1.0,Escherichia coli
0.9972249,0.0027751073,-1,YUBA_ECOLI,1.0,Escherichia coli
0.99880075,0.0011992495,-1,YUAT_ECOLI,1.0,Escherichia coli
0.99745005,0.002549954,-1,YUAA_ECOLI,1.0,Escherichia coli
0.99963045,0.00036955738,-1,YUBB_ECOLI,1.0,Escherichia coli
0.9976956,0.002304408,-1,YUBF_ECOLI,1.0,Escherichia coli
0.99930346,0.0006965389,-1,YUBI_ECOLI,1.0,Escherichia coli
0.9988908,0.0011091806,-1,YUAE_ECOLI,1.0,Escherichia coli
0.9942555,0.0057445318,-1,YUAC_ECOLI,1.0,Escherichia coli
0.99813724,0.0018627766,-1,YUAH_ECOLI,1.0,Escherichia coli
0.9978042,0.0021957553,-1,YUBC_ECOLI,1.0,Escherichia coli
0.99939454,0.0006054397,-1,YUAS_ECOLI,1.0,Escherichia coli
0.9985998,0.0014001708,-1,YUAK_ECOLI,1.0,Escherichia coli
0.9996562,0.0003437411,-1,YUAP_ECOLI,1.0,Escherichia coli
0.997235,0.0027649896,-1,Q9XB48_ECOW3,1.0,Escherichia coli
0.9966718,0.0033282181,-1,YUAN_ECOLI,1.0,Escherichia coli
0.9992335,0.00076655607,-1,YUAV_ECOLI,1.0,Escherichia coli
0.997256,0.0027440125,-1,YUBE_ECOLI,1.0,Escherichia coli
0.9944291,0.005570941,-1,YKFH_ECOLI,1.0,Escherichia coli
0.9947909,0.00520911,-1,YUAL_ECOLI,1.0,Escherichia coli
0.9988751,0.0011248612,-1,V9PPD8_ECOLI,1.0,Escherichia coli
0.9994617,0.0005383403,-1,V5N4F1_ECOLI,1.0,Escherichia coli
0.9989755,0.0010244658,-1,YJGW_ECOLI,1.0,Escherichia coli
0.9985348,0.0014651475,-1,YPAA_ECOLI,1.0,Escherichia coli
0.010380066,0.9896199,-1,V6BBU1_ECODH,1.0,Escherichia coli
0.010380066,0.9896199,-1,V6BBZ6_ECOLI,1.0,Escherichia coli
0.010380066,0.9896199,-1,V6BC34_ECOBW,1.0,Escherichia coli
0.010380066,0.9896199,-1,V6BC57_ECOLI,1.0,Escherichia coli
0.010380066,0.9896199,-1,V6C6H7_ECOLI,1.0,Escherichia coli
0.010380066,0.9896199,-1,V6C7F2_ECOW3,1.0,Escherichia coli
