0,1,Label,Entry Name,Annotation,Species
0.9996146,0.00038536478,-1,XBS28394.1,Unavailable,Clostridium autoethanogenum
0.9994842,0.00051582645,-1,XBS28396.1,Unavailable,Clostridium autoethanogenum
0.9998368,0.0001631623,-1,XBS30420.1,Unavailable,Clostridium autoethanogenum
0.99886984,0.0011301122,-1,XBS28410.1,Unavailable,Clostridium autoethanogenum
0.99944156,0.000558456,-1,XBS28393.1,Unavailable,Clostridium autoethanogenum
0.9992067,0.000793269,-1,XBS28395.1,Unavailable,Clostridium autoethanogenum
0.99750215,0.0024978803,-1,XBS28398.1,Unavailable,Clostridium autoethanogenum
0.9997836,0.00021639153,-1,XBS28392.1,Unavailable,Clostridium autoethanogenum
0.99942636,0.00057365495,-1,XBS28401.1,Unavailable,Clostridium autoethanogenum
0.9815491,0.018450871,-1,XBS28408.1,Unavailable,Clostridium autoethanogenum
0.9998678,0.00013224107,-1,XBS28407.1,Unavailable,Clostridium autoethanogenum
0.9992761,0.00072387455,-1,XBS28406.1,Unavailable,Clostridium autoethanogenum
0.9999063,9.363681e-05,-1,XBS28409.1,Unavailable,Clostridium autoethanogenum
0.9998115,0.00018853608,-1,XBS28397.1,Unavailable,Clostridium autoethanogenum
0.9996817,0.0003182892,-1,XBS28400.1,Unavailable,Clostridium autoethanogenum
0.9996966,0.00030336826,-1,XBS28399.1,Unavailable,Clostridium autoethanogenum
0.9994665,0.000533525,-1,XBS28404.1,Unavailable,Clostridium autoethanogenum
0.9995047,0.0004952989,-1,XBS28411.1,Unavailable,Clostridium autoethanogenum
0.9997899,0.00021006326,-1,XBS28391.1,Unavailable,Clostridium autoethanogenum
0.99927443,0.00072554796,-1,XBS28405.1,Unavailable,Clostridium autoethanogenum
0.99990165,9.8290235e-05,-1,XBS28403.1,Unavailable,Clostridium autoethanogenum
0.99974424,0.00025575393,-1,XBS28390.1,Unavailable,Clostridium autoethanogenum
0.99725586,0.002744102,-1,XBS28389.1,Unavailable,Clostridium autoethanogenum
0.99900997,0.0009899493,-1,XBS28402.1,Unavailable,Clostridium autoethanogenum
0.9996215,0.00037841705,-1,XBS30421.1,Unavailable,Clostridium autoethanogenum
0.9996014,0.00039862332,-1,XBS28422.1,Unavailable,Clostridium autoethanogenum
0.9995902,0.0004097557,-1,XBS28425.1,Unavailable,Clostridium autoethanogenum
0.99983215,0.00016776675,-1,XBS28436.1,Unavailable,Clostridium autoethanogenum
0.9997123,0.000287662,-1,XBS28421.1,Unavailable,Clostridium autoethanogenum
0.9996996,0.00030048942,-1,XBS28428.1,Unavailable,Clostridium autoethanogenum
0.99949265,0.0005073703,-1,XBS28431.1,Unavailable,Clostridium autoethanogenum
0.99936515,0.00063487806,-1,XBS28416.1,Unavailable,Clostridium autoethanogenum
0.99658585,0.0034141934,-1,XBS28435.1,Unavailable,Clostridium autoethanogenum
0.9998517,0.00014829026,-1,XBS28429.1,Unavailable,Clostridium autoethanogenum
0.99979824,0.00020182692,-1,XBS28430.1,Unavailable,Clostridium autoethanogenum
0.9991366,0.0008633845,-1,XBS28423.1,Unavailable,Clostridium autoethanogenum
0.9974597,0.0025403525,-1,XBS28413.1,Unavailable,Clostridium autoethanogenum
0.99920064,0.00079939206,-1,XBS28434.1,Unavailable,Clostridium autoethanogenum
0.9999113,8.871083e-05,-1,XBS28433.1,Unavailable,Clostridium autoethanogenum
0.9986994,0.0013005157,-1,XBS28427.1,Unavailable,Clostridium autoethanogenum
0.99989927,0.00010071611,-1,XBS28426.1,Unavailable,Clostridium autoethanogenum
0.9992342,0.000765849,-1,XBS28432.1,Unavailable,Clostridium autoethanogenum
0.99969566,0.00030439443,-1,XBS28419.1,Unavailable,Clostridium autoethanogenum
0.9990951,0.0009049226,-1,XBS28415.1,Unavailable,Clostridium autoethanogenum
0.99941814,0.0005819048,-1,XBS28424.1,Unavailable,Clostridium autoethanogenum
0.9972262,0.0027738118,-1,XBS28418.1,Unavailable,Clostridium autoethanogenum
0.99901044,0.000989476,-1,XBS28414.1,Unavailable,Clostridium autoethanogenum
0.9993919,0.00060803856,-1,XBS28417.1,Unavailable,Clostridium autoethanogenum
0.99449193,0.005508038,-1,XBS28412.1,Unavailable,Clostridium autoethanogenum
0.9973882,0.002611834,-1,XBS28420.1,Unavailable,Clostridium autoethanogenum
0.9996748,0.000325224,-1,XBS28459.1,Unavailable,Clostridium autoethanogenum
0.9969861,0.0030139165,-1,XBS28438.1,Unavailable,Clostridium autoethanogenum
0.9999106,8.945736e-05,-1,XBS28443.1,Unavailable,Clostridium autoethanogenum
0.99593914,0.0040609096,-1,XBS28437.1,Unavailable,Clostridium autoethanogenum
0.9994592,0.00054074166,-1,XBS28447.1,Unavailable,Clostridium autoethanogenum
0.99936646,0.00063360896,-1,XBS28448.1,Unavailable,Clostridium autoethanogenum
0.99964094,0.0003590252,-1,XBS28439.1,Unavailable,Clostridium autoethanogenum
0.99964285,0.00035713063,-1,XBS28455.1,Unavailable,Clostridium autoethanogenum
0.9995995,0.0004004868,-1,XBS28457.1,Unavailable,Clostridium autoethanogenum
0.998917,0.0010829835,-1,XBS28460.1,Unavailable,Clostridium autoethanogenum
0.99985003,0.00014995846,-1,XBS28440.1,Unavailable,Clostridium autoethanogenum
0.99911755,0.00088241167,-1,XBS28461.1,Unavailable,Clostridium autoethanogenum
0.99839777,0.001602195,-1,XBS28456.1,Unavailable,Clostridium autoethanogenum
0.99956506,0.0004349084,-1,XBS28445.1,Unavailable,Clostridium autoethanogenum
0.99935883,0.0006412193,-1,XBS28441.1,Unavailable,Clostridium autoethanogenum
0.99953437,0.0004656774,-1,XBS28451.1,Unavailable,Clostridium autoethanogenum
0.99763596,0.002364011,-1,XBS28458.1,Unavailable,Clostridium autoethanogenum
0.999859,0.00014103283,-1,XBS28442.1,Unavailable,Clostridium autoethanogenum
0.99982363,0.00017642691,-1,XBS28450.1,Unavailable,Clostridium autoethanogenum
0.082117856,0.9178821,-1,XBS28444.1,Unavailable,Clostridium autoethanogenum
0.99976,0.00024005897,-1,XBS28449.1,Unavailable,Clostridium autoethanogenum
0.9989881,0.0010118528,-1,XBS28446.1,Unavailable,Clostridium autoethanogenum
0.99973184,0.00026815519,-1,XBS28452.1,Unavailable,Clostridium autoethanogenum
0.9998253,0.00017467503,-1,XBS28454.1,Unavailable,Clostridium autoethanogenum
0.9999336,6.6417735e-05,-1,XBS28453.1,Unavailable,Clostridium autoethanogenum
0.9990459,0.00095412025,-1,XBS28465.1,Unavailable,Clostridium autoethanogenum
0.9988372,0.0011628708,-1,XBS28479.1,Unavailable,Clostridium autoethanogenum
0.99936825,0.00063174905,-1,XBS28474.1,Unavailable,Clostridium autoethanogenum
0.9990588,0.00094125286,-1,XBS28484.1,Unavailable,Clostridium autoethanogenum
0.99983513,0.00016483424,-1,XBS28472.1,Unavailable,Clostridium autoethanogenum
0.9997235,0.00027651383,-1,XBS28481.1,Unavailable,Clostridium autoethanogenum
0.9986994,0.0013005462,-1,XBS28473.1,Unavailable,Clostridium autoethanogenum
0.9961837,0.0038162735,-1,XBS28478.1,Unavailable,Clostridium autoethanogenum
0.99948347,0.0005165487,-1,XBS28470.1,Unavailable,Clostridium autoethanogenum
0.9998246,0.00017545995,-1,XBS28469.1,Unavailable,Clostridium autoethanogenum
0.9992743,0.00072563783,-1,XBS28475.1,Unavailable,Clostridium autoethanogenum
0.9996019,0.00039809657,-1,XBS28468.1,Unavailable,Clostridium autoethanogenum
0.9994641,0.00053586584,-1,XBS28477.1,Unavailable,Clostridium autoethanogenum
0.9988721,0.001127919,-1,XBS28483.1,Unavailable,Clostridium autoethanogenum
0.99909544,0.000904583,-1,XBS28467.1,Unavailable,Clostridium autoethanogenum
0.99970967,0.00029027287,-1,XBS28476.1,Unavailable,Clostridium autoethanogenum
0.9995995,0.00040048434,-1,XBS28464.1,Unavailable,Clostridium autoethanogenum
0.99864525,0.0013547093,-1,XBS30422.1,Unavailable,Clostridium autoethanogenum
0.99949825,0.00050168636,-1,XBS28462.1,Unavailable,Clostridium autoethanogenum
0.984038,0.015962021,-1,XBS28485.1,Unavailable,Clostridium autoethanogenum
0.9971194,0.002880566,-1,XBS28480.1,Unavailable,Clostridium autoethanogenum
0.99966204,0.0003379746,-1,XBS28471.1,Unavailable,Clostridium autoethanogenum
0.99643445,0.0035655878,-1,XBS28466.1,Unavailable,Clostridium autoethanogenum
0.99699223,0.0030078131,-1,XBS28482.1,Unavailable,Clostridium autoethanogenum
0.9997968,0.00020317381,-1,XBS28463.1,Unavailable,Clostridium autoethanogenum
0.9997664,0.0002336528,-1,XBS28492.1,Unavailable,Clostridium autoethanogenum
0.99829227,0.0017077578,-1,XBS28488.1,Unavailable,Clostridium autoethanogenum
0.9990707,0.0009293354,-1,XBS28503.1,Unavailable,Clostridium autoethanogenum
0.9991811,0.00081893813,-1,XBS28497.1,Unavailable,Clostridium autoethanogenum
0.9976548,0.0023451755,-1,XBS28500.1,Unavailable,Clostridium autoethanogenum
0.9994343,0.0005656829,-1,XBS28501.1,Unavailable,Clostridium autoethanogenum
0.99946016,0.00053982664,-1,XBS28495.1,Unavailable,Clostridium autoethanogenum
0.99929845,0.0007015387,-1,XBS28505.1,Unavailable,Clostridium autoethanogenum
0.9949656,0.005034331,-1,XBS28489.1,Unavailable,Clostridium autoethanogenum
0.99938035,0.0006195705,-1,XBS28490.1,Unavailable,Clostridium autoethanogenum
0.99958295,0.00041700836,-1,XBS28491.1,Unavailable,Clostridium autoethanogenum
0.9998393,0.0001607232,-1,XBS28504.1,Unavailable,Clostridium autoethanogenum
0.9988337,0.0011662595,-1,XBS28499.1,Unavailable,Clostridium autoethanogenum
0.9982451,0.0017548457,-1,XBS28494.1,Unavailable,Clostridium autoethanogenum
0.99859494,0.0014050873,-1,XBS28506.1,Unavailable,Clostridium autoethanogenum
0.99971825,0.00028176612,-1,XBS28507.1,Unavailable,Clostridium autoethanogenum
0.9994993,0.0005006445,-1,XBS28498.1,Unavailable,Clostridium autoethanogenum
0.99949634,0.00050359423,-1,XBS28496.1,Unavailable,Clostridium autoethanogenum
0.99919266,0.0008073158,-1,XBS28487.1,Unavailable,Clostridium autoethanogenum
0.99984014,0.00015983662,-1,XBS28486.1,Unavailable,Clostridium autoethanogenum
0.9790388,0.020961238,-1,XBS28493.1,Unavailable,Clostridium autoethanogenum
0.99929833,0.0007016905,-1,XBS28509.1,Unavailable,Clostridium autoethanogenum
0.98914576,0.010854186,-1,XBS30288.1,Unavailable,Clostridium autoethanogenum
0.9830784,0.016921608,-1,XBS28502.1,Unavailable,Clostridium autoethanogenum
0.99936646,0.00063351745,-1,XBS28508.1,Unavailable,Clostridium autoethanogenum
0.9993993,0.0006007411,-1,XBS28518.1,Unavailable,Clostridium autoethanogenum
0.99906987,0.00093017344,-1,XBS28531.1,Unavailable,Clostridium autoethanogenum
0.99929345,0.0007065143,-1,XBS28532.1,Unavailable,Clostridium autoethanogenum
0.9997594,0.00024066813,-1,XBS28511.1,Unavailable,Clostridium autoethanogenum
0.9998373,0.00016273813,-1,XBS28514.1,Unavailable,Clostridium autoethanogenum
0.99963474,0.00036523052,-1,XBS28517.1,Unavailable,Clostridium autoethanogenum
0.99972016,0.0002798076,-1,XBS28527.1,Unavailable,Clostridium autoethanogenum
0.9996463,0.00035369376,-1,XBS28530.1,Unavailable,Clostridium autoethanogenum
0.99976534,0.0002346364,-1,XBS28516.1,Unavailable,Clostridium autoethanogenum
0.9994529,0.0005470583,-1,XBS28519.1,Unavailable,Clostridium autoethanogenum
0.99887437,0.0011256159,-1,XBS28534.1,Unavailable,Clostridium autoethanogenum
0.9985678,0.0014322066,-1,XBS28521.1,Unavailable,Clostridium autoethanogenum
0.9985678,0.0014322066,-1,XBS28528.1,Unavailable,Clostridium autoethanogenum
0.9995028,0.000497246,-1,XBS28520.1,Unavailable,Clostridium autoethanogenum
0.999642,0.0003579647,-1,XBS28522.1,Unavailable,Clostridium autoethanogenum
0.99976724,0.00023280666,-1,XBS28533.1,Unavailable,Clostridium autoethanogenum
0.9997632,0.00023677813,-1,XBS28526.1,Unavailable,Clostridium autoethanogenum
0.99974996,0.00025000554,-1,XBS28529.1,Unavailable,Clostridium autoethanogenum
0.99977785,0.00022216415,-1,XBS28515.1,Unavailable,Clostridium autoethanogenum
0.9984251,0.0015749467,-1,XBS28523.1,Unavailable,Clostridium autoethanogenum
0.9990237,0.0009763184,-1,XBS28525.1,Unavailable,Clostridium autoethanogenum
0.99910396,0.000896033,-1,XBS28512.1,Unavailable,Clostridium autoethanogenum
0.99939275,0.0006072098,-1,XBS28510.1,Unavailable,Clostridium autoethanogenum
0.989705,0.010294939,-1,XBS28524.1,Unavailable,Clostridium autoethanogenum
0.9915868,0.008413213,-1,XBS28513.1,Unavailable,Clostridium autoethanogenum
0.99914396,0.00085598463,-1,XBS28547.1,Unavailable,Clostridium autoethanogenum
0.9996499,0.00035015843,-1,XBS28539.1,Unavailable,Clostridium autoethanogenum
0.057730306,0.94226974,-1,XBS28544.1,Unavailable,Clostridium autoethanogenum
0.99884254,0.0011575505,-1,XBS28538.1,Unavailable,Clostridium autoethanogenum
0.9987923,0.0012076716,-1,XBS28537.1,Unavailable,Clostridium autoethanogenum
0.9995752,0.00042475946,-1,XBS28557.1,Unavailable,Clostridium autoethanogenum
0.99971026,0.00028970558,-1,XBS28551.1,Unavailable,Clostridium autoethanogenum
0.9991353,0.0008646655,-1,XBS28559.1,Unavailable,Clostridium autoethanogenum
0.9998047,0.00019529334,-1,XBS28540.1,Unavailable,Clostridium autoethanogenum
0.99934095,0.0006590092,-1,XBS28556.1,Unavailable,Clostridium autoethanogenum
0.9977852,0.0022147158,-1,XBS28536.1,Unavailable,Clostridium autoethanogenum
0.9993099,0.00069012307,-1,XBS28543.1,Unavailable,Clostridium autoethanogenum
0.9991417,0.0008582453,-1,XBS28558.1,Unavailable,Clostridium autoethanogenum
0.99664056,0.0033593983,-1,XBS28545.1,Unavailable,Clostridium autoethanogenum
0.9993098,0.00069019507,-1,XBS28549.1,Unavailable,Clostridium autoethanogenum
0.9999114,8.860734e-05,-1,XBS28554.1,Unavailable,Clostridium autoethanogenum
0.9998258,0.00017430735,-1,XBS28546.1,Unavailable,Clostridium autoethanogenum
0.24732992,0.75267005,-1,XBS28535.1,Unavailable,Clostridium autoethanogenum
0.999501,0.00049899326,-1,XBS28550.1,Unavailable,Clostridium autoethanogenum
0.9999089,9.104907e-05,-1,XBS28542.1,Unavailable,Clostridium autoethanogenum
0.9993419,0.0006580891,-1,XBS28541.1,Unavailable,Clostridium autoethanogenum
0.9989586,0.0010413815,-1,XBS28552.1,Unavailable,Clostridium autoethanogenum
0.99886876,0.0011312601,-1,XBS28555.1,Unavailable,Clostridium autoethanogenum
0.99971,0.00028993987,-1,XBS28548.1,Unavailable,Clostridium autoethanogenum
0.9993661,0.00063395966,-1,XBS28553.1,Unavailable,Clostridium autoethanogenum
0.9994646,0.00053547247,-1,XBS28582.1,Unavailable,Clostridium autoethanogenum
0.9995433,0.00045671672,-1,XBS28577.1,Unavailable,Clostridium autoethanogenum
0.9974366,0.0025634666,-1,XBS28581.1,Unavailable,Clostridium autoethanogenum
0.9992654,0.000734618,-1,XBS28583.1,Unavailable,Clostridium autoethanogenum
0.9989273,0.0010726822,-1,XBS28572.1,Unavailable,Clostridium autoethanogenum
0.9995826,0.00041744925,-1,XBS28570.1,Unavailable,Clostridium autoethanogenum
0.9993923,0.0006076664,-1,XBS28578.1,Unavailable,Clostridium autoethanogenum
0.99937314,0.0006268319,-1,XBS28562.1,Unavailable,Clostridium autoethanogenum
0.9990108,0.000989166,-1,XBS28568.1,Unavailable,Clostridium autoethanogenum
0.9997652,0.00023473956,-1,XBS28565.1,Unavailable,Clostridium autoethanogenum
0.9997894,0.00021058106,-1,XBS28569.1,Unavailable,Clostridium autoethanogenum
0.99970007,0.00029994277,-1,XBS28564.1,Unavailable,Clostridium autoethanogenum
0.99907875,0.00092124095,-1,XBS28580.1,Unavailable,Clostridium autoethanogenum
0.99988985,0.00011015247,-1,XBS28574.1,Unavailable,Clostridium autoethanogenum
0.9998386,0.00016144203,-1,XBS28566.1,Unavailable,Clostridium autoethanogenum
0.9997025,0.00029745724,-1,XBS28561.1,Unavailable,Clostridium autoethanogenum
0.99074215,0.009257813,-1,XBS28571.1,Unavailable,Clostridium autoethanogenum
0.0015116524,0.9984883,-1,XBS28573.1,Unavailable,Clostridium autoethanogenum
0.9990746,0.000925395,-1,XBS28576.1,Unavailable,Clostridium autoethanogenum
0.9997464,0.0002536079,-1,XBS28563.1,Unavailable,Clostridium autoethanogenum
0.99135745,0.008642561,-1,XBS28560.1,Unavailable,Clostridium autoethanogenum
0.9994254,0.0005746523,-1,XBS30289.1,Unavailable,Clostridium autoethanogenum
0.00080218335,0.9991978,-1,XBS28579.1,Unavailable,Clostridium autoethanogenum
0.9998388,0.00016116825,-1,XBS28575.1,Unavailable,Clostridium autoethanogenum
0.9914322,0.008567808,-1,XBS28567.1,Unavailable,Clostridium autoethanogenum
0.99972206,0.0002779467,-1,XBS28607.1,Unavailable,Clostridium autoethanogenum
0.99846447,0.0015355606,-1,XBS28606.1,Unavailable,Clostridium autoethanogenum
0.99947447,0.00052557135,-1,XBS28601.1,Unavailable,Clostridium autoethanogenum
0.00829408,0.9917059,-1,XBS28590.1,Unavailable,Clostridium autoethanogenum
0.9979699,0.0020300373,-1,XBS28604.1,Unavailable,Clostridium autoethanogenum
0.99860966,0.0013902526,-1,XBS28603.1,Unavailable,Clostridium autoethanogenum
0.99984527,0.00015474788,-1,XBS28595.1,Unavailable,Clostridium autoethanogenum
0.9994617,0.00053833675,-1,XBS28605.1,Unavailable,Clostridium autoethanogenum
0.9990422,0.0009578031,-1,XBS28592.1,Unavailable,Clostridium autoethanogenum
0.9989944,0.0010055682,-1,XBS28587.1,Unavailable,Clostridium autoethanogenum
0.99945205,0.0005479123,-1,XBS28585.1,Unavailable,Clostridium autoethanogenum
0.99926394,0.00073610264,-1,XBS28600.1,Unavailable,Clostridium autoethanogenum
0.99252033,0.007479679,-1,XBS28608.1,Unavailable,Clostridium autoethanogenum
0.9996455,0.00035457747,-1,XBS28588.1,Unavailable,Clostridium autoethanogenum
0.99987566,0.000124353,-1,XBS28593.1,Unavailable,Clostridium autoethanogenum
0.99982244,0.00017758676,-1,XBS28597.1,Unavailable,Clostridium autoethanogenum
0.99884135,0.0011586635,-1,XBS28598.1,Unavailable,Clostridium autoethanogenum
0.0011257372,0.99887425,-1,XBS28594.1,Unavailable,Clostridium autoethanogenum
0.9994985,0.00050149544,-1,XBS28591.1,Unavailable,Clostridium autoethanogenum
0.99968064,0.00031936186,-1,XBS28602.1,Unavailable,Clostridium autoethanogenum
0.9992919,0.00070810784,-1,XBS28599.1,Unavailable,Clostridium autoethanogenum
0.99883324,0.0011668241,-1,XBS28596.1,Unavailable,Clostridium autoethanogenum
0.99810624,0.0018937702,-1,XBS28584.1,Unavailable,Clostridium autoethanogenum
0.9992731,0.0007268463,-1,XBS28589.1,Unavailable,Clostridium autoethanogenum
0.44804204,0.551958,-1,XBS28586.1,Unavailable,Clostridium autoethanogenum
0.9997718,0.00022820577,-1,XBS28613.1,Unavailable,Clostridium autoethanogenum
0.99971575,0.00028428397,-1,XBS28623.1,Unavailable,Clostridium autoethanogenum
0.98165774,0.01834227,-1,XBS28627.1,Unavailable,Clostridium autoethanogenum
0.99890184,0.0010980907,-1,XBS28619.1,Unavailable,Clostridium autoethanogenum
0.9992005,0.00079954445,-1,XBS28615.1,Unavailable,Clostridium autoethanogenum
0.99931407,0.00068599137,-1,XBS28629.1,Unavailable,Clostridium autoethanogenum
0.99446625,0.0055337925,-1,XBS28618.1,Unavailable,Clostridium autoethanogenum
0.99817395,0.0018259917,-1,XBS28611.1,Unavailable,Clostridium autoethanogenum
0.9983108,0.001689141,-1,XBS28616.1,Unavailable,Clostridium autoethanogenum
0.9978703,0.0021296497,-1,XBS28609.1,Unavailable,Clostridium autoethanogenum
0.9990252,0.0009747894,-1,XBS28630.1,Unavailable,Clostridium autoethanogenum
0.99851865,0.0014813105,-1,XBS28612.1,Unavailable,Clostridium autoethanogenum
0.9998511,0.00014890138,-1,XBS28628.1,Unavailable,Clostridium autoethanogenum
0.9986853,0.001314682,-1,XBS28610.1,Unavailable,Clostridium autoethanogenum
0.99953246,0.0004675611,-1,XBS30291.1,Unavailable,Clostridium autoethanogenum
0.9933276,0.006672439,-1,XBS28626.1,Unavailable,Clostridium autoethanogenum
0.98838425,0.011615686,-1,XBS28617.1,Unavailable,Clostridium autoethanogenum
0.9996215,0.00037852282,-1,XBS28631.1,Unavailable,Clostridium autoethanogenum
0.99862146,0.0013785608,-1,XBS28621.1,Unavailable,Clostridium autoethanogenum
0.9998266,0.0001734434,-1,XBS28620.1,Unavailable,Clostridium autoethanogenum
0.9993529,0.000647129,-1,XBS30290.1,Unavailable,Clostridium autoethanogenum
0.9993507,0.0006492327,-1,XBS28614.1,Unavailable,Clostridium autoethanogenum
0.9994653,0.0005347584,-1,XBS28625.1,Unavailable,Clostridium autoethanogenum
0.99869764,0.0013023305,-1,XBS28622.1,Unavailable,Clostridium autoethanogenum
0.99983597,0.00016399972,-1,XBS28624.1,Unavailable,Clostridium autoethanogenum
0.99980885,0.00019115061,-1,XBS28638.1,Unavailable,Clostridium autoethanogenum
0.99976486,0.00023512394,-1,XBS28650.1,Unavailable,Clostridium autoethanogenum
0.99942434,0.0005756557,-1,XBS28649.1,Unavailable,Clostridium autoethanogenum
0.9993992,0.00060078315,-1,XBS28637.1,Unavailable,Clostridium autoethanogenum
0.99958354,0.0004164951,-1,XBS28633.1,Unavailable,Clostridium autoethanogenum
0.9972568,0.002743199,-1,XBS28644.1,Unavailable,Clostridium autoethanogenum
0.9994399,0.0005601051,-1,XBS28632.1,Unavailable,Clostridium autoethanogenum
0.9994066,0.0005934069,-1,XBS28648.1,Unavailable,Clostridium autoethanogenum
0.9993678,0.0006322695,-1,XBS28645.1,Unavailable,Clostridium autoethanogenum
0.9997656,0.00023441415,-1,XBS28651.1,Unavailable,Clostridium autoethanogenum
0.9989197,0.0010803126,-1,XBS28647.1,Unavailable,Clostridium autoethanogenum
0.9994917,0.0005083259,-1,XBS28653.1,Unavailable,Clostridium autoethanogenum
0.9995247,0.00047525662,-1,XBS28636.1,Unavailable,Clostridium autoethanogenum
0.99966216,0.00033779582,-1,XBS28656.1,Unavailable,Clostridium autoethanogenum
0.9997253,0.00027473536,-1,XBS28643.1,Unavailable,Clostridium autoethanogenum
0.9997558,0.0002442333,-1,XBS28646.1,Unavailable,Clostridium autoethanogenum
0.9977144,0.0022856405,-1,XBS28652.1,Unavailable,Clostridium autoethanogenum
0.9998641,0.00013582065,-1,XBS28634.1,Unavailable,Clostridium autoethanogenum
0.99971503,0.0002849322,-1,XBS28639.1,Unavailable,Clostridium autoethanogenum
0.9942735,0.0057264413,-1,XBS28640.1,Unavailable,Clostridium autoethanogenum
0.9945252,0.0054748803,-1,XBS28641.1,Unavailable,Clostridium autoethanogenum
0.9994454,0.0005545755,-1,XBS28635.1,Unavailable,Clostridium autoethanogenum
0.9989268,0.0010731601,-1,XBS28642.1,Unavailable,Clostridium autoethanogenum
0.9997404,0.00025954028,-1,XBS28654.1,Unavailable,Clostridium autoethanogenum
0.9999832,1.6811267e-05,-1,XBS28655.1,Unavailable,Clostridium autoethanogenum
0.9966192,0.0033807242,-1,XBS28658.1,Unavailable,Clostridium autoethanogenum
0.9996909,0.00030911306,-1,XBS28674.1,Unavailable,Clostridium autoethanogenum
0.9984022,0.0015978204,-1,XBS28663.1,Unavailable,Clostridium autoethanogenum
0.9994054,0.00059463014,-1,XBS28672.1,Unavailable,Clostridium autoethanogenum
0.9998012,0.00019874207,-1,XBS28667.1,Unavailable,Clostridium autoethanogenum
0.99957675,0.000423271,-1,XBS28665.1,Unavailable,Clostridium autoethanogenum
0.9966299,0.00337011,-1,XBS28669.1,Unavailable,Clostridium autoethanogenum
0.99899846,0.0010015139,-1,XBS28657.1,Unavailable,Clostridium autoethanogenum
0.99912435,0.00087563245,-1,XBS28671.1,Unavailable,Clostridium autoethanogenum
0.99569327,0.0043067513,-1,XBS28677.1,Unavailable,Clostridium autoethanogenum
0.9993856,0.0006144105,-1,XBS28664.1,Unavailable,Clostridium autoethanogenum
0.9997212,0.00027873908,-1,XBS28678.1,Unavailable,Clostridium autoethanogenum
0.9944713,0.005528693,-1,XBS28670.1,Unavailable,Clostridium autoethanogenum
0.99977905,0.00022092862,-1,XBS28666.1,Unavailable,Clostridium autoethanogenum
0.99973804,0.00026192848,-1,XBS30294.1,Unavailable,Clostridium autoethanogenum
0.999064,0.00093597954,-1,XBS28673.1,Unavailable,Clostridium autoethanogenum
0.99958414,0.00041590712,-1,XBS28659.1,Unavailable,Clostridium autoethanogenum
0.9975689,0.0024310446,-1,XBS28668.1,Unavailable,Clostridium autoethanogenum
0.9996313,0.00036864603,-1,XBS30293.1,Unavailable,Clostridium autoethanogenum
0.99958354,0.00041641132,-1,XBS28675.1,Unavailable,Clostridium autoethanogenum
0.9997117,0.00028829626,-1,XBS28662.1,Unavailable,Clostridium autoethanogenum
0.77173287,0.22826718,-1,XBS28676.1,Unavailable,Clostridium autoethanogenum
0.9997409,0.0002590849,-1,XBS28661.1,Unavailable,Clostridium autoethanogenum
0.9993387,0.0006612665,-1,XBS28660.1,Unavailable,Clostridium autoethanogenum
0.9806631,0.019336915,-1,XBS30292.1,Unavailable,Clostridium autoethanogenum
0.99880576,0.0011942073,-1,XBS28695.1,Unavailable,Clostridium autoethanogenum
0.9990746,0.00092541403,-1,XBS28697.1,Unavailable,Clostridium autoethanogenum
0.99837506,0.0016248983,-1,XBS28694.1,Unavailable,Clostridium autoethanogenum
0.9992335,0.00076652947,-1,XBS28696.1,Unavailable,Clostridium autoethanogenum
0.99805343,0.0019465672,-1,XBS28689.1,Unavailable,Clostridium autoethanogenum
0.9992748,0.0007252618,-1,XBS28702.1,Unavailable,Clostridium autoethanogenum
0.99877673,0.0012232244,-1,XBS28680.1,Unavailable,Clostridium autoethanogenum
0.9993142,0.0006858691,-1,XBS28692.1,Unavailable,Clostridium autoethanogenum
0.9993094,0.000690527,-1,XBS28698.1,Unavailable,Clostridium autoethanogenum
0.9943644,0.0056355908,-1,XBS28683.1,Unavailable,Clostridium autoethanogenum
0.99933916,0.0006608533,-1,XBS28699.1,Unavailable,Clostridium autoethanogenum
0.99982375,0.00017624935,-1,XBS28686.1,Unavailable,Clostridium autoethanogenum
0.99977666,0.00022332778,-1,XBS28693.1,Unavailable,Clostridium autoethanogenum
0.9996574,0.00034265558,-1,XBS28682.1,Unavailable,Clostridium autoethanogenum
0.9989016,0.0010983774,-1,XBS28679.1,Unavailable,Clostridium autoethanogenum
0.99326396,0.006736041,-1,XBS28690.1,Unavailable,Clostridium autoethanogenum
0.9991146,0.0008853728,-1,XBS30295.1,Unavailable,Clostridium autoethanogenum
0.9796326,0.020367393,-1,XBS28688.1,Unavailable,Clostridium autoethanogenum
0.999856,0.00014396003,-1,XBS28687.1,Unavailable,Clostridium autoethanogenum
0.9938198,0.006180293,-1,XBS28701.1,Unavailable,Clostridium autoethanogenum
0.99982184,0.00017819977,-1,XBS28691.1,Unavailable,Clostridium autoethanogenum
0.9996629,0.00033713435,-1,XBS28685.1,Unavailable,Clostridium autoethanogenum
0.99950254,0.00049750606,-1,XBS28681.1,Unavailable,Clostridium autoethanogenum
0.9995777,0.00042231905,-1,XBS28700.1,Unavailable,Clostridium autoethanogenum
0.99937904,0.0006209533,-1,XBS28684.1,Unavailable,Clostridium autoethanogenum
0.99521327,0.0047866753,-1,XBS28720.1,Unavailable,Clostridium autoethanogenum
0.9994286,0.00057142024,-1,XBS28710.1,Unavailable,Clostridium autoethanogenum
0.99944633,0.000553608,-1,XBS28713.1,Unavailable,Clostridium autoethanogenum
0.9997979,0.00020211498,-1,XBS28718.1,Unavailable,Clostridium autoethanogenum
0.99896276,0.0010372833,-1,XBS28725.1,Unavailable,Clostridium autoethanogenum
0.99947315,0.00052688405,-1,XBS28723.1,Unavailable,Clostridium autoethanogenum
0.9996388,0.00036113837,-1,XBS30296.1,Unavailable,Clostridium autoethanogenum
0.99782866,0.0021713038,-1,XBS28724.1,Unavailable,Clostridium autoethanogenum
0.9988102,0.0011897989,-1,XBS28708.1,Unavailable,Clostridium autoethanogenum
0.0027693468,0.9972307,-1,XBS28721.1,Unavailable,Clostridium autoethanogenum
0.9996393,0.00036072257,-1,XBS28707.1,Unavailable,Clostridium autoethanogenum
0.99905366,0.0009462824,-1,XBS28722.1,Unavailable,Clostridium autoethanogenum
0.999741,0.00025899845,-1,XBS28716.1,Unavailable,Clostridium autoethanogenum
0.999413,0.0005870286,-1,XBS28726.1,Unavailable,Clostridium autoethanogenum
0.9995443,0.00045567195,-1,XBS28715.1,Unavailable,Clostridium autoethanogenum
0.99919194,0.00080808136,-1,XBS28714.1,Unavailable,Clostridium autoethanogenum
0.99989545,0.00010448059,-1,XBS28717.1,Unavailable,Clostridium autoethanogenum
0.9997447,0.00025533073,-1,XBS28706.1,Unavailable,Clostridium autoethanogenum
0.9962573,0.0037427512,-1,XBS28711.1,Unavailable,Clostridium autoethanogenum
0.9998702,0.00012982989,-1,XBS28712.1,Unavailable,Clostridium autoethanogenum
0.9991172,0.00088279555,-1,XBS28703.1,Unavailable,Clostridium autoethanogenum
0.9449042,0.055095833,-1,XBS28719.1,Unavailable,Clostridium autoethanogenum
0.9996575,0.0003424689,-1,XBS28705.1,Unavailable,Clostridium autoethanogenum
0.999209,0.00079106784,-1,XBS28709.1,Unavailable,Clostridium autoethanogenum
0.9776267,0.022373328,-1,XBS28704.1,Unavailable,Clostridium autoethanogenum
0.9997296,0.00027044772,-1,XBS28749.1,Unavailable,Clostridium autoethanogenum
0.99968183,0.00031819454,-1,XBS28751.1,Unavailable,Clostridium autoethanogenum
0.9856646,0.014335455,-1,XBS28730.1,Unavailable,Clostridium autoethanogenum
0.9988452,0.001154765,-1,XBS28744.1,Unavailable,Clostridium autoethanogenum
0.99970895,0.00029099526,-1,XBS28747.1,Unavailable,Clostridium autoethanogenum
0.9987149,0.0012851342,-1,XBS28742.1,Unavailable,Clostridium autoethanogenum
0.999835,0.00016501037,-1,XBS28739.1,Unavailable,Clostridium autoethanogenum
0.999398,0.00060196273,-1,XBS28740.1,Unavailable,Clostridium autoethanogenum
0.9997639,0.0002361338,-1,XBS28745.1,Unavailable,Clostridium autoethanogenum
0.99890876,0.0010912998,-1,XBS28732.1,Unavailable,Clostridium autoethanogenum
0.9982857,0.0017142629,-1,XBS28748.1,Unavailable,Clostridium autoethanogenum
0.99913627,0.00086372875,-1,XBS28743.1,Unavailable,Clostridium autoethanogenum
0.998357,0.0016429651,-1,XBS28731.1,Unavailable,Clostridium autoethanogenum
0.995161,0.004839048,-1,XBS28728.1,Unavailable,Clostridium autoethanogenum
0.9996692,0.00033085412,-1,XBS28727.1,Unavailable,Clostridium autoethanogenum
0.99877805,0.0012219086,-1,XBS28741.1,Unavailable,Clostridium autoethanogenum
0.99992645,7.353487e-05,-1,XBS28734.1,Unavailable,Clostridium autoethanogenum
0.99968266,0.0003174068,-1,XBS28733.1,Unavailable,Clostridium autoethanogenum
0.9975279,0.0024720964,-1,XBS28746.1,Unavailable,Clostridium autoethanogenum
0.99937767,0.0006224204,-1,XBS28736.1,Unavailable,Clostridium autoethanogenum
0.9993073,0.0006926856,-1,XBS28738.1,Unavailable,Clostridium autoethanogenum
0.9997764,0.00022359751,-1,XBS28735.1,Unavailable,Clostridium autoethanogenum
0.9998995,0.00010050333,-1,XBS28750.1,Unavailable,Clostridium autoethanogenum
0.9996284,0.00037151892,-1,XBS28737.1,Unavailable,Clostridium autoethanogenum
0.9995384,0.0004616356,-1,XBS28729.1,Unavailable,Clostridium autoethanogenum
0.999012,0.0009880188,-1,XBS28752.1,Unavailable,Clostridium autoethanogenum
0.99835736,0.0016426663,-1,XBS28766.1,Unavailable,Clostridium autoethanogenum
0.99958855,0.0004114912,-1,XBS28761.1,Unavailable,Clostridium autoethanogenum
0.9993573,0.00064274675,-1,XBS28770.1,Unavailable,Clostridium autoethanogenum
0.9990363,0.00096365844,-1,XBS28762.1,Unavailable,Clostridium autoethanogenum
0.9991053,0.0008947397,-1,XBS28763.1,Unavailable,Clostridium autoethanogenum
0.99908924,0.00091072137,-1,XBS28769.1,Unavailable,Clostridium autoethanogenum
0.9980082,0.0019918308,-1,XBS28772.1,Unavailable,Clostridium autoethanogenum
0.9991953,0.0008047187,-1,XBS28765.1,Unavailable,Clostridium autoethanogenum
0.9991078,0.0008921887,-1,XBS28758.1,Unavailable,Clostridium autoethanogenum
0.00015896828,0.999841,-1,XBS30297.1,Unavailable,Clostridium autoethanogenum
0.9996556,0.00034438437,-1,XBS28773.1,Unavailable,Clostridium autoethanogenum
0.9995766,0.00042331655,-1,XBS28774.1,Unavailable,Clostridium autoethanogenum
0.999132,0.0008680973,-1,XBS28771.1,Unavailable,Clostridium autoethanogenum
0.9970477,0.0029522663,-1,XBS28753.1,Unavailable,Clostridium autoethanogenum
0.9996494,0.00035064583,-1,XBS28760.1,Unavailable,Clostridium autoethanogenum
0.9966292,0.0033707651,-1,XBS28764.1,Unavailable,Clostridium autoethanogenum
0.9973615,0.0026385013,-1,XBS28768.1,Unavailable,Clostridium autoethanogenum
0.99929154,0.000708425,-1,XBS28767.1,Unavailable,Clostridium autoethanogenum
0.9994578,0.0005421917,-1,XBS28754.1,Unavailable,Clostridium autoethanogenum
0.9995078,0.0004921748,-1,XBS28756.1,Unavailable,Clostridium autoethanogenum
0.99968755,0.0003125092,-1,XBS28759.1,Unavailable,Clostridium autoethanogenum
0.9996624,0.00033759107,-1,XBS28755.1,Unavailable,Clostridium autoethanogenum
0.9995951,0.00040491667,-1,XBS28757.1,Unavailable,Clostridium autoethanogenum
0.9997241,0.00027588898,-1,XBS30298.1,Unavailable,Clostridium autoethanogenum
0.9956807,0.0043192417,-1,XBS28776.1,Unavailable,Clostridium autoethanogenum
0.99917066,0.0008294253,-1,XBS28790.1,Unavailable,Clostridium autoethanogenum
0.99981827,0.00018180461,-1,XBS28786.1,Unavailable,Clostridium autoethanogenum
0.99960023,0.00039980802,-1,XBS28784.1,Unavailable,Clostridium autoethanogenum
0.99926585,0.00073416554,-1,XBS28783.1,Unavailable,Clostridium autoethanogenum
0.9989023,0.0010977059,-1,XBS28796.1,Unavailable,Clostridium autoethanogenum
0.9993543,0.00064572314,-1,XBS28799.1,Unavailable,Clostridium autoethanogenum
0.99939716,0.0006028768,-1,XBS28775.1,Unavailable,Clostridium autoethanogenum
0.99979275,0.00020728695,-1,XBS28791.1,Unavailable,Clostridium autoethanogenum
0.99911386,0.00088618865,-1,XBS28788.1,Unavailable,Clostridium autoethanogenum
0.9992761,0.0007239111,-1,XBS28798.1,Unavailable,Clostridium autoethanogenum
0.9994247,0.0005753124,-1,XBS28780.1,Unavailable,Clostridium autoethanogenum
0.9983045,0.0016955434,-1,XBS28794.1,Unavailable,Clostridium autoethanogenum
0.9979997,0.0020002497,-1,XBS28785.1,Unavailable,Clostridium autoethanogenum
0.99950564,0.0004943099,-1,XBS28797.1,Unavailable,Clostridium autoethanogenum
0.9988895,0.0011105579,-1,XBS28792.1,Unavailable,Clostridium autoethanogenum
0.9938263,0.006173642,-1,XBS28778.1,Unavailable,Clostridium autoethanogenum
0.99972993,0.00027007537,-1,XBS28782.1,Unavailable,Clostridium autoethanogenum
0.9989801,0.0010198838,-1,XBS28793.1,Unavailable,Clostridium autoethanogenum
0.9997178,0.0002821669,-1,XBS28795.1,Unavailable,Clostridium autoethanogenum
0.9997942,0.0002058001,-1,XBS28781.1,Unavailable,Clostridium autoethanogenum
0.9987476,0.0012523953,-1,XBS28777.1,Unavailable,Clostridium autoethanogenum
0.9992155,0.00078449474,-1,XBS28789.1,Unavailable,Clostridium autoethanogenum
0.99906355,0.00093647605,-1,XBS28787.1,Unavailable,Clostridium autoethanogenum
0.9990522,0.0009477522,-1,XBS28779.1,Unavailable,Clostridium autoethanogenum
0.99923635,0.00076368963,-1,XBS28800.1,Unavailable,Clostridium autoethanogenum
0.9713946,0.028605383,-1,XBS28821.1,Unavailable,Clostridium autoethanogenum
0.31363487,0.6863651,-1,XBS28809.1,Unavailable,Clostridium autoethanogenum
0.99819344,0.0018065599,-1,XBS28820.1,Unavailable,Clostridium autoethanogenum
0.9619125,0.03808752,-1,XBS28808.1,Unavailable,Clostridium autoethanogenum
0.999395,0.000605006,-1,XBS30299.1,Unavailable,Clostridium autoethanogenum
0.99945897,0.0005410446,-1,XBS28822.1,Unavailable,Clostridium autoethanogenum
0.99857223,0.0014277583,-1,XBS28812.1,Unavailable,Clostridium autoethanogenum
0.99917394,0.0008260474,-1,XBS28804.1,Unavailable,Clostridium autoethanogenum
0.99806744,0.0019325672,-1,XBS28813.1,Unavailable,Clostridium autoethanogenum
0.9986222,0.0013777982,-1,XBS28802.1,Unavailable,Clostridium autoethanogenum
0.9993819,0.0006180512,-1,XBS28818.1,Unavailable,Clostridium autoethanogenum
0.9994766,0.00052346505,-1,XBS28814.1,Unavailable,Clostridium autoethanogenum
0.9996264,0.0003735671,-1,XBS28801.1,Unavailable,Clostridium autoethanogenum
0.9987,0.0013000031,-1,XBS28803.1,Unavailable,Clostridium autoethanogenum
0.9983828,0.0016171673,-1,XBS28816.1,Unavailable,Clostridium autoethanogenum
0.9991737,0.0008262276,-1,XBS28817.1,Unavailable,Clostridium autoethanogenum
0.99963534,0.00036464463,-1,XBS28810.1,Unavailable,Clostridium autoethanogenum
0.96380657,0.036193468,-1,XBS28806.1,Unavailable,Clostridium autoethanogenum
0.99978024,0.00021976345,-1,XBS28811.1,Unavailable,Clostridium autoethanogenum
0.99983406,0.00016590428,-1,XBS28815.1,Unavailable,Clostridium autoethanogenum
0.9979615,0.002038468,-1,XBS28807.1,Unavailable,Clostridium autoethanogenum
0.9997631,0.00023689328,-1,XBS30300.1,Unavailable,Clostridium autoethanogenum
0.99992585,7.410846e-05,-1,XBS28819.1,Unavailable,Clostridium autoethanogenum
0.0024695604,0.9975305,-1,XBS28805.1,Unavailable,Clostridium autoethanogenum
0.998667,0.0013329637,-1,XBS28828.1,Unavailable,Clostridium autoethanogenum
0.9997805,0.00021956199,-1,XBS28842.1,Unavailable,Clostridium autoethanogenum
0.99935704,0.00064295536,-1,XBS28844.1,Unavailable,Clostridium autoethanogenum
0.9977639,0.0022361374,-1,XBS28823.1,Unavailable,Clostridium autoethanogenum
0.99928576,0.00071431533,-1,XBS28833.1,Unavailable,Clostridium autoethanogenum
0.99946743,0.00053255766,-1,XBS28840.1,Unavailable,Clostridium autoethanogenum
0.99684083,0.0031591738,-1,XBS28824.1,Unavailable,Clostridium autoethanogenum
0.99846894,0.0015310206,-1,XBS28831.1,Unavailable,Clostridium autoethanogenum
0.9988949,0.0011051804,-1,XBS28827.1,Unavailable,Clostridium autoethanogenum
0.99925,0.0007500016,-1,XBS28835.1,Unavailable,Clostridium autoethanogenum
0.99828666,0.0017132928,-1,XBS28846.1,Unavailable,Clostridium autoethanogenum
0.9986411,0.0013589413,-1,XBS28826.1,Unavailable,Clostridium autoethanogenum
0.99984336,0.00015659933,-1,XBS28839.1,Unavailable,Clostridium autoethanogenum
0.9994598,0.00054019515,-1,XBS28832.1,Unavailable,Clostridium autoethanogenum
0.99980074,0.0001992365,-1,XBS28830.1,Unavailable,Clostridium autoethanogenum
0.9995135,0.00048647955,-1,XBS28838.1,Unavailable,Clostridium autoethanogenum
0.99967885,0.00032122488,-1,XBS28841.1,Unavailable,Clostridium autoethanogenum
0.9993162,0.00068382296,-1,XBS28845.1,Unavailable,Clostridium autoethanogenum
0.99827874,0.0017213222,-1,XBS28829.1,Unavailable,Clostridium autoethanogenum
0.9997726,0.00022738132,-1,XBS28843.1,Unavailable,Clostridium autoethanogenum
0.9995617,0.00043820697,-1,XBS28834.1,Unavailable,Clostridium autoethanogenum
0.99977165,0.00022835423,-1,XBS28847.1,Unavailable,Clostridium autoethanogenum
0.9989839,0.0010160661,-1,XBS28837.1,Unavailable,Clostridium autoethanogenum
0.9979091,0.002090806,-1,XBS28825.1,Unavailable,Clostridium autoethanogenum
0.99891233,0.0010876195,-1,XBS28836.1,Unavailable,Clostridium autoethanogenum
0.999777,0.0002229699,-1,XBS28858.1,Unavailable,Clostridium autoethanogenum
0.9993923,0.00060767704,-1,XBS28854.1,Unavailable,Clostridium autoethanogenum
0.99759585,0.0024040935,-1,XBS28850.1,Unavailable,Clostridium autoethanogenum
0.9984119,0.0015880254,-1,XBS28859.1,Unavailable,Clostridium autoethanogenum
0.99984586,0.00015410982,-1,XBS28852.1,Unavailable,Clostridium autoethanogenum
0.9698998,0.030100197,-1,XBS28860.1,Unavailable,Clostridium autoethanogenum
0.9990086,0.0009914729,-1,XBS28851.1,Unavailable,Clostridium autoethanogenum
0.99653494,0.0034650844,-1,XBS28849.1,Unavailable,Clostridium autoethanogenum
0.9998117,0.00018831654,-1,XBS28853.1,Unavailable,Clostridium autoethanogenum
0.9998481,0.00015187786,-1,XBS28863.1,Unavailable,Clostridium autoethanogenum
0.99989665,0.000103297556,-1,XBS28871.1,Unavailable,Clostridium autoethanogenum
0.9936574,0.006342599,-1,XBS28861.1,Unavailable,Clostridium autoethanogenum
0.99968207,0.00031790134,-1,XBS28865.1,Unavailable,Clostridium autoethanogenum
0.99933344,0.0006665648,-1,XBS28868.1,Unavailable,Clostridium autoethanogenum
0.9996594,0.0003405522,-1,XBS28855.1,Unavailable,Clostridium autoethanogenum
0.9981692,0.001830813,-1,XBS28869.1,Unavailable,Clostridium autoethanogenum
0.99984574,0.00015423332,-1,XBS28866.1,Unavailable,Clostridium autoethanogenum
0.9987445,0.0012554647,-1,XBS28857.1,Unavailable,Clostridium autoethanogenum
0.99950933,0.000490675,-1,XBS28872.1,Unavailable,Clostridium autoethanogenum
0.99958986,0.00041019893,-1,XBS28856.1,Unavailable,Clostridium autoethanogenum
0.9989374,0.0010625209,-1,XBS28870.1,Unavailable,Clostridium autoethanogenum
0.99943095,0.000569012,-1,XBS28848.1,Unavailable,Clostridium autoethanogenum
0.9934016,0.0065984433,-1,XBS28867.1,Unavailable,Clostridium autoethanogenum
0.99918514,0.0008147994,-1,XBS28864.1,Unavailable,Clostridium autoethanogenum
0.9342433,0.06575674,-1,XBS28862.1,Unavailable,Clostridium autoethanogenum
0.99835914,0.0016408367,-1,XBS28882.1,Unavailable,Clostridium autoethanogenum
0.9983412,0.0016588271,-1,XBS28884.1,Unavailable,Clostridium autoethanogenum
0.999416,0.00058402505,-1,XBS28888.1,Unavailable,Clostridium autoethanogenum
0.9922665,0.0077335034,-1,XBS28876.1,Unavailable,Clostridium autoethanogenum
0.99962807,0.0003718736,-1,XBS28886.1,Unavailable,Clostridium autoethanogenum
0.999584,0.0004160348,-1,XBS28890.1,Unavailable,Clostridium autoethanogenum
0.9993274,0.0006726025,-1,XBS30301.1,Unavailable,Clostridium autoethanogenum
0.9970362,0.0029637616,-1,XBS28879.1,Unavailable,Clostridium autoethanogenum
0.99971193,0.0002880979,-1,XBS28880.1,Unavailable,Clostridium autoethanogenum
0.99968135,0.00031868884,-1,XBS28895.1,Unavailable,Clostridium autoethanogenum
0.999778,0.0002220716,-1,XBS28881.1,Unavailable,Clostridium autoethanogenum
0.9995461,0.00045382787,-1,XBS28878.1,Unavailable,Clostridium autoethanogenum
0.9995579,0.0004420404,-1,XBS28877.1,Unavailable,Clostridium autoethanogenum
0.9995347,0.0004653029,-1,XBS28873.1,Unavailable,Clostridium autoethanogenum
0.9996929,0.00030708688,-1,XBS28889.1,Unavailable,Clostridium autoethanogenum
0.9997634,0.00023662127,-1,XBS28892.1,Unavailable,Clostridium autoethanogenum
0.9998473,0.00015271721,-1,XBS28896.1,Unavailable,Clostridium autoethanogenum
0.99901617,0.0009838655,-1,XBS28874.1,Unavailable,Clostridium autoethanogenum
0.9995902,0.00040979811,-1,XBS28894.1,Unavailable,Clostridium autoethanogenum
0.9969024,0.003097595,-1,XBS28883.1,Unavailable,Clostridium autoethanogenum
0.99922645,0.00077352754,-1,XBS28885.1,Unavailable,Clostridium autoethanogenum
0.000115192546,0.99988484,-1,XBS28893.1,Unavailable,Clostridium autoethanogenum
0.982453,0.017547002,-1,XBS28875.1,Unavailable,Clostridium autoethanogenum
0.99821234,0.0017876269,-1,XBS28887.1,Unavailable,Clostridium autoethanogenum
0.99811256,0.0018874238,-1,XBS28891.1,Unavailable,Clostridium autoethanogenum
0.9996007,0.0003992877,-1,XBS28902.1,Unavailable,Clostridium autoethanogenum
0.99701095,0.002989034,-1,XBS28920.1,Unavailable,Clostridium autoethanogenum
0.9985802,0.0014197336,-1,XBS28897.1,Unavailable,Clostridium autoethanogenum
0.99898094,0.0010190003,-1,XBS28899.1,Unavailable,Clostridium autoethanogenum
0.9993425,0.00065746537,-1,XBS28912.1,Unavailable,Clostridium autoethanogenum
0.99957293,0.0004270096,-1,XBS28921.1,Unavailable,Clostridium autoethanogenum
0.9995128,0.00048723997,-1,XBS28910.1,Unavailable,Clostridium autoethanogenum
0.9988146,0.0011854017,-1,XBS28900.1,Unavailable,Clostridium autoethanogenum
0.99974316,0.0002568144,-1,XBS28909.1,Unavailable,Clostridium autoethanogenum
0.99967694,0.00032311722,-1,XBS28911.1,Unavailable,Clostridium autoethanogenum
0.9995198,0.00048017685,-1,XBS28898.1,Unavailable,Clostridium autoethanogenum
0.9993381,0.0006618418,-1,XBS28915.1,Unavailable,Clostridium autoethanogenum
0.9995759,0.0004241123,-1,XBS28905.1,Unavailable,Clostridium autoethanogenum
0.9994295,0.00057043094,-1,XBS28908.1,Unavailable,Clostridium autoethanogenum
0.9991812,0.0008188028,-1,XBS28904.1,Unavailable,Clostridium autoethanogenum
0.99936,0.000639961,-1,XBS28913.1,Unavailable,Clostridium autoethanogenum
0.99936396,0.0006359966,-1,XBS28906.1,Unavailable,Clostridium autoethanogenum
0.99973077,0.00026918718,-1,XBS28907.1,Unavailable,Clostridium autoethanogenum
0.99962187,0.00037807666,-1,XBS28918.1,Unavailable,Clostridium autoethanogenum
0.9906737,0.009326268,-1,XBS28917.1,Unavailable,Clostridium autoethanogenum
0.99852365,0.0014764218,-1,XBS28916.1,Unavailable,Clostridium autoethanogenum
0.9207957,0.07920436,-1,XBS28914.1,Unavailable,Clostridium autoethanogenum
0.9956453,0.0043547736,-1,XBS28919.1,Unavailable,Clostridium autoethanogenum
0.99953306,0.0004669402,-1,XBS28903.1,Unavailable,Clostridium autoethanogenum
0.9985886,0.001411299,-1,XBS28901.1,Unavailable,Clostridium autoethanogenum
0.9981304,0.0018696792,-1,XBS28933.1,Unavailable,Clostridium autoethanogenum
0.9982426,0.0017574214,-1,XBS28938.1,Unavailable,Clostridium autoethanogenum
0.9991648,0.000835228,-1,XBS28944.1,Unavailable,Clostridium autoethanogenum
0.9994911,0.0005089409,-1,XBS28929.1,Unavailable,Clostridium autoethanogenum
0.99839526,0.0016047569,-1,XBS28943.1,Unavailable,Clostridium autoethanogenum
0.999433,0.00056701293,-1,XBS28932.1,Unavailable,Clostridium autoethanogenum
0.99978846,0.00021155269,-1,XBS28930.1,Unavailable,Clostridium autoethanogenum
0.9962232,0.0037767678,-1,XBS28934.1,Unavailable,Clostridium autoethanogenum
0.99943584,0.0005641771,-1,XBS28935.1,Unavailable,Clostridium autoethanogenum
0.998059,0.0019410622,-1,XBS28931.1,Unavailable,Clostridium autoethanogenum
0.9958425,0.00415745,-1,XBS28936.1,Unavailable,Clostridium autoethanogenum
0.995443,0.0045570484,-1,XBS28945.1,Unavailable,Clostridium autoethanogenum
0.99929416,0.00070582656,-1,XBS28923.1,Unavailable,Clostridium autoethanogenum
0.9995908,0.00040914328,-1,XBS28942.1,Unavailable,Clostridium autoethanogenum
0.99870384,0.0012961637,-1,XBS28924.1,Unavailable,Clostridium autoethanogenum
0.99980086,0.00019919587,-1,XBS28922.1,Unavailable,Clostridium autoethanogenum
0.9997135,0.000286528,-1,XBS28927.1,Unavailable,Clostridium autoethanogenum
0.9996208,0.00037920702,-1,XBS28937.1,Unavailable,Clostridium autoethanogenum
0.9948383,0.0051616575,-1,XBS28941.1,Unavailable,Clostridium autoethanogenum
0.9988372,0.0011629019,-1,XBS28939.1,Unavailable,Clostridium autoethanogenum
0.99909854,0.0009014777,-1,XBS28926.1,Unavailable,Clostridium autoethanogenum
0.99963796,0.00036206987,-1,XBS28928.1,Unavailable,Clostridium autoethanogenum
0.9992699,0.0007301133,-1,XBS28925.1,Unavailable,Clostridium autoethanogenum
0.9993197,0.00068031345,-1,XBS28940.1,Unavailable,Clostridium autoethanogenum
0.9993026,0.00069736986,-1,XBS28946.1,Unavailable,Clostridium autoethanogenum
0.99963903,0.00036099902,-1,XBS28956.1,Unavailable,Clostridium autoethanogenum
0.9994469,0.00055307033,-1,XBS28961.1,Unavailable,Clostridium autoethanogenum
0.999801,0.0001989935,-1,XBS28971.1,Unavailable,Clostridium autoethanogenum
0.998485,0.001514987,-1,XBS28948.1,Unavailable,Clostridium autoethanogenum
0.9991511,0.00084891473,-1,XBS28959.1,Unavailable,Clostridium autoethanogenum
0.020149028,0.97985095,-1,XBS28947.1,Unavailable,Clostridium autoethanogenum
0.99968946,0.00031055484,-1,XBS28950.1,Unavailable,Clostridium autoethanogenum
0.9999037,9.6328586e-05,-1,XBS28955.1,Unavailable,Clostridium autoethanogenum
0.99965894,0.00034101662,-1,XBS28949.1,Unavailable,Clostridium autoethanogenum
0.99908555,0.000914466,-1,XBS28962.1,Unavailable,Clostridium autoethanogenum
0.9992061,0.0007938596,-1,XBS28960.1,Unavailable,Clostridium autoethanogenum
0.99935025,0.0006496929,-1,XBS28952.1,Unavailable,Clostridium autoethanogenum
0.999744,0.0002559669,-1,XBS28951.1,Unavailable,Clostridium autoethanogenum
0.99982005,0.00017993689,-1,XBS28964.1,Unavailable,Clostridium autoethanogenum
0.9995814,0.00041858756,-1,XBS28968.1,Unavailable,Clostridium autoethanogenum
0.99951804,0.00048198548,-1,XBS28958.1,Unavailable,Clostridium autoethanogenum
0.9995728,0.00042723725,-1,XBS28953.1,Unavailable,Clostridium autoethanogenum
0.99928457,0.0007154349,-1,XBS28957.1,Unavailable,Clostridium autoethanogenum
0.9999305,6.954406e-05,-1,XBS28954.1,Unavailable,Clostridium autoethanogenum
0.999718,0.00028197383,-1,XBS28963.1,Unavailable,Clostridium autoethanogenum
0.99978954,0.00021051001,-1,XBS28970.1,Unavailable,Clostridium autoethanogenum
0.999721,0.00027901586,-1,XBS28965.1,Unavailable,Clostridium autoethanogenum
0.9988422,0.0011578768,-1,XBS28966.1,Unavailable,Clostridium autoethanogenum
0.9955153,0.004484685,-1,XBS28967.1,Unavailable,Clostridium autoethanogenum
0.9862498,0.0137501685,-1,XBS28969.1,Unavailable,Clostridium autoethanogenum
0.99963737,0.00036262532,-1,XBS28990.1,Unavailable,Clostridium autoethanogenum
0.99972826,0.00027167503,-1,XBS28979.1,Unavailable,Clostridium autoethanogenum
0.9996112,0.00038888238,-1,XBS28991.1,Unavailable,Clostridium autoethanogenum
0.99906236,0.00093764695,-1,XBS28980.1,Unavailable,Clostridium autoethanogenum
0.99964595,0.000354061,-1,XBS28973.1,Unavailable,Clostridium autoethanogenum
0.99893624,0.0010637946,-1,XBS28988.1,Unavailable,Clostridium autoethanogenum
0.99921095,0.00078902533,-1,XBS28994.1,Unavailable,Clostridium autoethanogenum
0.9991239,0.00087616086,-1,XBS30303.1,Unavailable,Clostridium autoethanogenum
0.99964416,0.0003558458,-1,XBS28992.1,Unavailable,Clostridium autoethanogenum
0.9990576,0.0009424306,-1,XBS30302.1,Unavailable,Clostridium autoethanogenum
0.99991655,8.344295e-05,-1,XBS28978.1,Unavailable,Clostridium autoethanogenum
0.9988482,0.0011517671,-1,XBS28993.1,Unavailable,Clostridium autoethanogenum
0.99979395,0.0002060974,-1,XBS28982.1,Unavailable,Clostridium autoethanogenum
0.99975663,0.00024335092,-1,XBS28981.1,Unavailable,Clostridium autoethanogenum
0.999553,0.00044690643,-1,XBS28989.1,Unavailable,Clostridium autoethanogenum
0.998334,0.0016660524,-1,XBS28983.1,Unavailable,Clostridium autoethanogenum
0.9996644,0.00033563963,-1,XBS28987.1,Unavailable,Clostridium autoethanogenum
0.9999063,9.372633e-05,-1,XBS28984.1,Unavailable,Clostridium autoethanogenum
0.9996624,0.0003376183,-1,XBS28974.1,Unavailable,Clostridium autoethanogenum
0.9989666,0.0010334168,-1,XBS28985.1,Unavailable,Clostridium autoethanogenum
0.9998423,0.00015767844,-1,XBS28986.1,Unavailable,Clostridium autoethanogenum
0.9997366,0.00026343897,-1,XBS28975.1,Unavailable,Clostridium autoethanogenum
0.99990976,9.024252e-05,-1,XBS28976.1,Unavailable,Clostridium autoethanogenum
0.9970144,0.002985648,-1,XBS28977.1,Unavailable,Clostridium autoethanogenum
0.9993106,0.0006893303,-1,XBS28972.1,Unavailable,Clostridium autoethanogenum
0.99926656,0.0007333739,-1,XBS29013.1,Unavailable,Clostridium autoethanogenum
0.9997682,0.00023182409,-1,XBS29008.1,Unavailable,Clostridium autoethanogenum
0.9993332,0.00066678243,-1,XBS29019.1,Unavailable,Clostridium autoethanogenum
0.9975096,0.0024903945,-1,XBS28997.1,Unavailable,Clostridium autoethanogenum
0.99979407,0.00020598031,-1,XBS28996.1,Unavailable,Clostridium autoethanogenum
0.99811304,0.001886964,-1,XBS29000.1,Unavailable,Clostridium autoethanogenum
0.9985671,0.0014329181,-1,XBS29016.1,Unavailable,Clostridium autoethanogenum
0.9993337,0.00066634885,-1,XBS29014.1,Unavailable,Clostridium autoethanogenum
0.9988335,0.0011664963,-1,XBS29007.1,Unavailable,Clostridium autoethanogenum
0.9982487,0.0017512768,-1,XBS28999.1,Unavailable,Clostridium autoethanogenum
0.9994708,0.0005292164,-1,XBS29012.1,Unavailable,Clostridium autoethanogenum
0.9998159,0.0001841396,-1,XBS28998.1,Unavailable,Clostridium autoethanogenum
0.9985588,0.0014412112,-1,XBS29003.1,Unavailable,Clostridium autoethanogenum
0.99982303,0.00017699576,-1,XBS28995.1,Unavailable,Clostridium autoethanogenum
0.99969006,0.00030999197,-1,XBS29018.1,Unavailable,Clostridium autoethanogenum
0.99915814,0.0008418382,-1,XBS29011.1,Unavailable,Clostridium autoethanogenum
0.998257,0.0017430019,-1,XBS29004.1,Unavailable,Clostridium autoethanogenum
0.9984187,0.001581342,-1,XBS29006.1,Unavailable,Clostridium autoethanogenum
0.99922895,0.0007710629,-1,XBS29005.1,Unavailable,Clostridium autoethanogenum
0.99950385,0.0004961253,-1,XBS29001.1,Unavailable,Clostridium autoethanogenum
0.99951077,0.00048919214,-1,XBS29017.1,Unavailable,Clostridium autoethanogenum
0.99952114,0.00047889608,-1,XBS29009.1,Unavailable,Clostridium autoethanogenum
0.9987708,0.0012292431,-1,XBS29015.1,Unavailable,Clostridium autoethanogenum
0.99958926,0.0004107287,-1,XBS29010.1,Unavailable,Clostridium autoethanogenum
0.9994665,0.0005334988,-1,XBS29002.1,Unavailable,Clostridium autoethanogenum
0.9995758,0.00042424616,-1,XBS29030.1,Unavailable,Clostridium autoethanogenum
0.9997471,0.00025283964,-1,XBS29036.1,Unavailable,Clostridium autoethanogenum
0.9987055,0.001294521,-1,XBS29022.1,Unavailable,Clostridium autoethanogenum
0.99956876,0.0004312369,-1,XBS30304.1,Unavailable,Clostridium autoethanogenum
0.99967194,0.0003281282,-1,XBS29031.1,Unavailable,Clostridium autoethanogenum
0.9995586,0.00044132778,-1,XBS29021.1,Unavailable,Clostridium autoethanogenum
0.9932995,0.0067005493,-1,XBS29029.1,Unavailable,Clostridium autoethanogenum
0.9994524,0.0005476194,-1,XBS29024.1,Unavailable,Clostridium autoethanogenum
0.9990676,0.0009323619,-1,XBS29023.1,Unavailable,Clostridium autoethanogenum
0.99953735,0.00046267084,-1,XBS29027.1,Unavailable,Clostridium autoethanogenum
0.9930447,0.0069552795,-1,XBS29037.1,Unavailable,Clostridium autoethanogenum
0.999071,0.00092898303,-1,XBS29042.1,Unavailable,Clostridium autoethanogenum
0.9995271,0.00047288422,-1,XBS29028.1,Unavailable,Clostridium autoethanogenum
0.99961036,0.00038961522,-1,XBS29035.1,Unavailable,Clostridium autoethanogenum
0.99966383,0.00033622055,-1,XBS29026.1,Unavailable,Clostridium autoethanogenum
0.9996007,0.0003993654,-1,XBS29025.1,Unavailable,Clostridium autoethanogenum
0.99969935,0.00030067054,-1,XBS29041.1,Unavailable,Clostridium autoethanogenum
0.99951625,0.0004837174,-1,XBS29033.1,Unavailable,Clostridium autoethanogenum
0.9994729,0.00052713417,-1,XBS29032.1,Unavailable,Clostridium autoethanogenum
0.99979216,0.00020783316,-1,XBS29020.1,Unavailable,Clostridium autoethanogenum
0.99980074,0.00019932925,-1,XBS29034.1,Unavailable,Clostridium autoethanogenum
0.9983334,0.0016665919,-1,XBS30425.1,Unavailable,Clostridium autoethanogenum
0.99866045,0.0013395434,-1,XBS29039.1,Unavailable,Clostridium autoethanogenum
0.995943,0.0040569864,-1,XBS29040.1,Unavailable,Clostridium autoethanogenum
0.9963265,0.003673439,-1,XBS29038.1,Unavailable,Clostridium autoethanogenum
0.9995919,0.00040811065,-1,XBS29052.1,Unavailable,Clostridium autoethanogenum
0.9995121,0.0004878771,-1,XBS29058.1,Unavailable,Clostridium autoethanogenum
0.99833655,0.001663377,-1,XBS29062.1,Unavailable,Clostridium autoethanogenum
0.99950445,0.0004955388,-1,XBS29045.1,Unavailable,Clostridium autoethanogenum
0.99905485,0.0009451417,-1,XBS29048.1,Unavailable,Clostridium autoethanogenum
0.9991333,0.0008667934,-1,XBS29063.1,Unavailable,Clostridium autoethanogenum
0.9997688,0.00023123976,-1,XBS29044.1,Unavailable,Clostridium autoethanogenum
0.99942976,0.0005702,-1,XBS29065.1,Unavailable,Clostridium autoethanogenum
0.99972385,0.00027615397,-1,XBS29043.1,Unavailable,Clostridium autoethanogenum
0.9996915,0.00030856248,-1,XBS29046.1,Unavailable,Clostridium autoethanogenum
0.99979883,0.00020120399,-1,XBS29067.1,Unavailable,Clostridium autoethanogenum
0.9994815,0.00051848585,-1,XBS29047.1,Unavailable,Clostridium autoethanogenum
0.99976116,0.00023886969,-1,XBS29050.1,Unavailable,Clostridium autoethanogenum
0.9991794,0.0008205175,-1,XBS29055.1,Unavailable,Clostridium autoethanogenum
0.999871,0.00012899813,-1,XBS29057.1,Unavailable,Clostridium autoethanogenum
0.9993687,0.0006313431,-1,XBS29066.1,Unavailable,Clostridium autoethanogenum
0.9997311,0.00026891762,-1,XBS29064.1,Unavailable,Clostridium autoethanogenum
0.9992467,0.00075328356,-1,XBS29056.1,Unavailable,Clostridium autoethanogenum
0.9941498,0.0058502075,-1,XBS29061.1,Unavailable,Clostridium autoethanogenum
0.999089,0.0009110439,-1,XBS29049.1,Unavailable,Clostridium autoethanogenum
0.99988234,0.00011763932,-1,XBS29053.1,Unavailable,Clostridium autoethanogenum
0.99924505,0.00075496634,-1,XBS29054.1,Unavailable,Clostridium autoethanogenum
0.9974982,0.0025017802,-1,XBS29059.1,Unavailable,Clostridium autoethanogenum
0.99922645,0.00077353715,-1,XBS29060.1,Unavailable,Clostridium autoethanogenum
0.999566,0.0004339621,-1,XBS29051.1,Unavailable,Clostridium autoethanogenum
0.9990496,0.00095039804,-1,XBS29087.1,Unavailable,Clostridium autoethanogenum
0.0035338937,0.99646604,-1,XBS29089.1,Unavailable,Clostridium autoethanogenum
0.9997596,0.00024041517,-1,XBS29077.1,Unavailable,Clostridium autoethanogenum
0.9992455,0.0007544848,-1,XBS29085.1,Unavailable,Clostridium autoethanogenum
0.99936587,0.0006341176,-1,XBS29091.1,Unavailable,Clostridium autoethanogenum
0.99955946,0.00044052312,-1,XBS29092.1,Unavailable,Clostridium autoethanogenum
0.9957488,0.004251195,-1,XBS29078.1,Unavailable,Clostridium autoethanogenum
0.9989366,0.0010633817,-1,XBS29082.1,Unavailable,Clostridium autoethanogenum
0.99975175,0.00024829712,-1,XBS29070.1,Unavailable,Clostridium autoethanogenum
0.99948525,0.0005146663,-1,XBS29072.1,Unavailable,Clostridium autoethanogenum
0.9996251,0.00037487067,-1,XBS29071.1,Unavailable,Clostridium autoethanogenum
0.9991098,0.00089014525,-1,XBS29069.1,Unavailable,Clostridium autoethanogenum
0.9982835,0.001716537,-1,XBS29074.1,Unavailable,Clostridium autoethanogenum
0.9993926,0.0006074058,-1,XBS29068.1,Unavailable,Clostridium autoethanogenum
0.9984592,0.0015408356,-1,XBS29081.1,Unavailable,Clostridium autoethanogenum
0.99950814,0.00049185596,-1,XBS29079.1,Unavailable,Clostridium autoethanogenum
0.9994679,0.0005321129,-1,XBS29088.1,Unavailable,Clostridium autoethanogenum
0.998345,0.0016550354,-1,XBS29075.1,Unavailable,Clostridium autoethanogenum
0.9998592,0.0001408248,-1,XBS29084.1,Unavailable,Clostridium autoethanogenum
0.9862612,0.013738759,-1,XBS29086.1,Unavailable,Clostridium autoethanogenum
0.9983494,0.0016505978,-1,XBS29083.1,Unavailable,Clostridium autoethanogenum
0.9998659,0.00013404894,-1,XBS29073.1,Unavailable,Clostridium autoethanogenum
0.9995264,0.00047364706,-1,XBS29090.1,Unavailable,Clostridium autoethanogenum
0.9994879,0.00051204505,-1,XBS29076.1,Unavailable,Clostridium autoethanogenum
0.9990356,0.0009643992,-1,XBS29080.1,Unavailable,Clostridium autoethanogenum
0.9997285,0.00027143137,-1,XBS29116.1,Unavailable,Clostridium autoethanogenum
0.99946636,0.0005336371,-1,XBS29115.1,Unavailable,Clostridium autoethanogenum
0.9993624,0.00063762744,-1,XBS29109.1,Unavailable,Clostridium autoethanogenum
0.9992718,0.00072818156,-1,XBS29093.1,Unavailable,Clostridium autoethanogenum
0.99990106,9.888721e-05,-1,XBS29095.1,Unavailable,Clostridium autoethanogenum
0.99785453,0.002145445,-1,XBS29108.1,Unavailable,Clostridium autoethanogenum
0.9979335,0.0020665214,-1,XBS29111.1,Unavailable,Clostridium autoethanogenum
0.9993554,0.00064461323,-1,XBS29096.1,Unavailable,Clostridium autoethanogenum
0.9987956,0.0012043071,-1,XBS29103.1,Unavailable,Clostridium autoethanogenum
0.993934,0.006066006,-1,XBS29100.1,Unavailable,Clostridium autoethanogenum
0.9996451,0.0003549035,-1,XBS29104.1,Unavailable,Clostridium autoethanogenum
0.9987453,0.0012546555,-1,XBS29094.1,Unavailable,Clostridium autoethanogenum
0.99968576,0.00031426598,-1,XBS29099.1,Unavailable,Clostridium autoethanogenum
0.9994043,0.0005956341,-1,XBS29102.1,Unavailable,Clostridium autoethanogenum
0.9986401,0.0013598204,-1,XBS29097.1,Unavailable,Clostridium autoethanogenum
0.9973984,0.0026015972,-1,XBS29114.1,Unavailable,Clostridium autoethanogenum
0.9996183,0.00038165448,-1,XBS29105.1,Unavailable,Clostridium autoethanogenum
0.9997818,0.00021824082,-1,XBS29098.1,Unavailable,Clostridium autoethanogenum
0.99957496,0.00042503348,-1,XBS30305.1,Unavailable,Clostridium autoethanogenum
0.99957067,0.00042926797,-1,XBS29106.1,Unavailable,Clostridium autoethanogenum
0.9996935,0.00030656916,-1,XBS29107.1,Unavailable,Clostridium autoethanogenum
0.99775344,0.002246605,-1,XBS29101.1,Unavailable,Clostridium autoethanogenum
0.999257,0.00074298243,-1,XBS29110.1,Unavailable,Clostridium autoethanogenum
0.99932086,0.0006792018,-1,XBS29112.1,Unavailable,Clostridium autoethanogenum
0.9401381,0.059861824,-1,XBS29113.1,Unavailable,Clostridium autoethanogenum
0.9991277,0.0008723123,-1,XBS29132.1,Unavailable,Clostridium autoethanogenum
0.9990853,0.00091467384,-1,XBS29126.1,Unavailable,Clostridium autoethanogenum
0.9998863,0.00011368087,-1,XBS29121.1,Unavailable,Clostridium autoethanogenum
0.99876654,0.0012334478,-1,XBS29138.1,Unavailable,Clostridium autoethanogenum
0.99964345,0.0003565581,-1,XBS29122.1,Unavailable,Clostridium autoethanogenum
0.99902546,0.00097448006,-1,XBS29135.1,Unavailable,Clostridium autoethanogenum
0.99970657,0.0002934523,-1,XBS29118.1,Unavailable,Clostridium autoethanogenum
0.99943227,0.00056768325,-1,XBS29130.1,Unavailable,Clostridium autoethanogenum
0.99736756,0.0026324678,-1,XBS30306.1,Unavailable,Clostridium autoethanogenum
0.99782985,0.00217014,-1,XBS29125.1,Unavailable,Clostridium autoethanogenum
0.9998103,0.00018970459,-1,XBS29119.1,Unavailable,Clostridium autoethanogenum
0.9996487,0.0003512882,-1,XBS29127.1,Unavailable,Clostridium autoethanogenum
0.99989724,0.00010270686,-1,XBS29117.1,Unavailable,Clostridium autoethanogenum
0.9998159,0.00018419615,-1,XBS29129.1,Unavailable,Clostridium autoethanogenum
0.9992361,0.00076394004,-1,XBS29131.1,Unavailable,Clostridium autoethanogenum
0.9972313,0.002768646,-1,XBS29137.1,Unavailable,Clostridium autoethanogenum
0.99968815,0.00031191148,-1,XBS30307.1,Unavailable,Clostridium autoethanogenum
0.99871886,0.001281219,-1,XBS29133.1,Unavailable,Clostridium autoethanogenum
0.9998634,0.00013658564,-1,XBS29123.1,Unavailable,Clostridium autoethanogenum
0.99843794,0.0015621004,-1,XBS29136.1,Unavailable,Clostridium autoethanogenum
0.9981225,0.00187746,-1,XBS29124.1,Unavailable,Clostridium autoethanogenum
0.9978315,0.0021684356,-1,XBS29134.1,Unavailable,Clostridium autoethanogenum
0.9993248,0.0006751978,-1,XBS29128.1,Unavailable,Clostridium autoethanogenum
0.9992213,0.0007786772,-1,XBS30308.1,Unavailable,Clostridium autoethanogenum
0.99732506,0.0026749223,-1,XBS29120.1,Unavailable,Clostridium autoethanogenum
0.99486005,0.0051399968,-1,XBS29162.1,Unavailable,Clostridium autoethanogenum
0.9981402,0.0018597967,-1,XBS29163.1,Unavailable,Clostridium autoethanogenum
0.9997569,0.00024307404,-1,XBS29152.1,Unavailable,Clostridium autoethanogenum
0.9938147,0.006185303,-1,XBS29144.1,Unavailable,Clostridium autoethanogenum
0.9979715,0.0020285444,-1,XBS29140.1,Unavailable,Clostridium autoethanogenum
0.9993175,0.0006824382,-1,XBS29142.1,Unavailable,Clostridium autoethanogenum
0.9984926,0.0015073387,-1,XBS29141.1,Unavailable,Clostridium autoethanogenum
0.9991136,0.0008863655,-1,XBS29155.1,Unavailable,Clostridium autoethanogenum
0.9994429,0.0005571622,-1,XBS29147.1,Unavailable,Clostridium autoethanogenum
0.00016520149,0.9998348,-1,XBS29157.1,Unavailable,Clostridium autoethanogenum
0.99862945,0.0013705532,-1,XBS29158.1,Unavailable,Clostridium autoethanogenum
0.9995708,0.00042914992,-1,XBS29139.1,Unavailable,Clostridium autoethanogenum
0.99945325,0.0005467492,-1,XBS29150.1,Unavailable,Clostridium autoethanogenum
0.9985454,0.0014546238,-1,XBS29146.1,Unavailable,Clostridium autoethanogenum
0.99968517,0.0003148997,-1,XBS29148.1,Unavailable,Clostridium autoethanogenum
0.9993338,0.0006661148,-1,XBS29145.1,Unavailable,Clostridium autoethanogenum
0.99956745,0.00043252736,-1,XBS29151.1,Unavailable,Clostridium autoethanogenum
0.9996884,0.00031163235,-1,XBS29161.1,Unavailable,Clostridium autoethanogenum
0.99940526,0.0005946845,-1,XBS29159.1,Unavailable,Clostridium autoethanogenum
0.9981635,0.0018364806,-1,XBS29160.1,Unavailable,Clostridium autoethanogenum
0.9984811,0.0015188842,-1,XBS29154.1,Unavailable,Clostridium autoethanogenum
0.9993529,0.00064706855,-1,XBS29143.1,Unavailable,Clostridium autoethanogenum
0.99942756,0.0005725174,-1,XBS29153.1,Unavailable,Clostridium autoethanogenum
0.9996389,0.0003610601,-1,XBS29156.1,Unavailable,Clostridium autoethanogenum
0.9998853,0.00011471998,-1,XBS29149.1,Unavailable,Clostridium autoethanogenum
0.9997434,0.00025659977,-1,XBS29171.1,Unavailable,Clostridium autoethanogenum
0.9978782,0.0021218555,-1,XBS29174.1,Unavailable,Clostridium autoethanogenum
0.99951255,0.0004874862,-1,XBS29178.1,Unavailable,Clostridium autoethanogenum
0.99967825,0.0003218131,-1,XBS29183.1,Unavailable,Clostridium autoethanogenum
0.9994937,0.0005062099,-1,XBS29165.1,Unavailable,Clostridium autoethanogenum
0.9995565,0.00044352742,-1,XBS29187.1,Unavailable,Clostridium autoethanogenum
0.999571,0.0004289982,-1,XBS29168.1,Unavailable,Clostridium autoethanogenum
0.997811,0.0021890295,-1,XBS29164.1,Unavailable,Clostridium autoethanogenum
0.00057996786,0.99942005,-1,XBS29172.1,Unavailable,Clostridium autoethanogenum
0.9995995,0.00040047246,-1,XBS29186.1,Unavailable,Clostridium autoethanogenum
0.9993098,0.0006901875,-1,XBS29173.1,Unavailable,Clostridium autoethanogenum
0.9997551,0.0002449214,-1,XBS29185.1,Unavailable,Clostridium autoethanogenum
0.9996693,0.00033068415,-1,XBS29184.1,Unavailable,Clostridium autoethanogenum
0.9995648,0.00043518646,-1,XBS29176.1,Unavailable,Clostridium autoethanogenum
0.9995536,0.00044641003,-1,XBS29177.1,Unavailable,Clostridium autoethanogenum
0.99950004,0.0004999338,-1,XBS29170.1,Unavailable,Clostridium autoethanogenum
0.9994754,0.0005246039,-1,XBS30309.1,Unavailable,Clostridium autoethanogenum
0.99977356,0.00022641732,-1,XBS29167.1,Unavailable,Clostridium autoethanogenum
0.9997105,0.00028948335,-1,XBS29182.1,Unavailable,Clostridium autoethanogenum
0.9995394,0.00046070718,-1,XBS29181.1,Unavailable,Clostridium autoethanogenum
0.9983235,0.0016764409,-1,XBS29179.1,Unavailable,Clostridium autoethanogenum
0.99065,0.009349975,-1,XBS29180.1,Unavailable,Clostridium autoethanogenum
0.9988733,0.001126691,-1,XBS29175.1,Unavailable,Clostridium autoethanogenum
0.99995494,4.5047946e-05,-1,XBS29166.1,Unavailable,Clostridium autoethanogenum
0.99942505,0.0005750032,-1,XBS29169.1,Unavailable,Clostridium autoethanogenum
0.99951446,0.00048548705,-1,XBS29191.1,Unavailable,Clostridium autoethanogenum
0.999549,0.000451061,-1,XBS29189.1,Unavailable,Clostridium autoethanogenum
0.99882823,0.001171718,-1,XBS29198.1,Unavailable,Clostridium autoethanogenum
0.9995995,0.0004005336,-1,XBS29188.1,Unavailable,Clostridium autoethanogenum
0.999286,0.00071402494,-1,XBS29205.1,Unavailable,Clostridium autoethanogenum
0.99925405,0.0007459654,-1,XBS29199.1,Unavailable,Clostridium autoethanogenum
0.9996873,0.0003126504,-1,XBS29200.1,Unavailable,Clostridium autoethanogenum
0.99979955,0.00020043118,-1,XBS29197.1,Unavailable,Clostridium autoethanogenum
0.99989617,0.00010377759,-1,XBS29196.1,Unavailable,Clostridium autoethanogenum
0.99988055,0.00011945007,-1,XBS29194.1,Unavailable,Clostridium autoethanogenum
0.99922156,0.0007784383,-1,XBS29201.1,Unavailable,Clostridium autoethanogenum
0.9983089,0.0016911252,-1,XBS29192.1,Unavailable,Clostridium autoethanogenum
0.99969876,0.00030125474,-1,XBS29190.1,Unavailable,Clostridium autoethanogenum
0.99959904,0.00040095267,-1,XBS29212.1,Unavailable,Clostridium autoethanogenum
0.9990723,0.000927639,-1,XBS29193.1,Unavailable,Clostridium autoethanogenum
0.9993455,0.00065444794,-1,XBS29210.1,Unavailable,Clostridium autoethanogenum
0.9997224,0.0002775545,-1,XBS29204.1,Unavailable,Clostridium autoethanogenum
0.99966764,0.00033235195,-1,XBS29211.1,Unavailable,Clostridium autoethanogenum
0.99988866,0.000111351765,-1,XBS29206.1,Unavailable,Clostridium autoethanogenum
0.72530925,0.27469072,-1,XBS29209.1,Unavailable,Clostridium autoethanogenum
0.9997483,0.00025166167,-1,XBS29207.1,Unavailable,Clostridium autoethanogenum
0.9994892,0.00051079417,-1,XBS29208.1,Unavailable,Clostridium autoethanogenum
0.9993331,0.0006668459,-1,XBS29202.1,Unavailable,Clostridium autoethanogenum
0.9995598,0.00044013187,-1,XBS29195.1,Unavailable,Clostridium autoethanogenum
0.998403,0.0015969389,-1,XBS29203.1,Unavailable,Clostridium autoethanogenum
0.9985619,0.0014381148,-1,XBS30310.1,Unavailable,Clostridium autoethanogenum
0.9996877,0.00031229592,-1,XBS29236.1,Unavailable,Clostridium autoethanogenum
0.9994873,0.00051268557,-1,XBS29219.1,Unavailable,Clostridium autoethanogenum
0.99961686,0.00038313345,-1,XBS29220.1,Unavailable,Clostridium autoethanogenum
0.9997037,0.0002963044,-1,XBS29218.1,Unavailable,Clostridium autoethanogenum
0.9996723,0.00032770052,-1,XBS29228.1,Unavailable,Clostridium autoethanogenum
0.9995351,0.00046491763,-1,XBS29233.1,Unavailable,Clostridium autoethanogenum
0.99974567,0.0002543557,-1,XBS29226.1,Unavailable,Clostridium autoethanogenum
0.99946946,0.00053057075,-1,XBS29229.1,Unavailable,Clostridium autoethanogenum
0.9752456,0.024754385,-1,XBS29227.1,Unavailable,Clostridium autoethanogenum
0.9985905,0.0014095019,-1,XBS29231.1,Unavailable,Clostridium autoethanogenum
0.99980277,0.00019724615,-1,XBS29230.1,Unavailable,Clostridium autoethanogenum
0.9997615,0.00023845007,-1,XBS29234.1,Unavailable,Clostridium autoethanogenum
0.9982439,0.0017561193,-1,XBS29225.1,Unavailable,Clostridium autoethanogenum
0.9989986,0.0010014538,-1,XBS29221.1,Unavailable,Clostridium autoethanogenum
0.9997609,0.00023908865,-1,XBS29235.1,Unavailable,Clostridium autoethanogenum
0.99871266,0.0012873417,-1,XBS29222.1,Unavailable,Clostridium autoethanogenum
0.9997862,0.00021382068,-1,XBS29214.1,Unavailable,Clostridium autoethanogenum
0.99970835,0.00029160015,-1,XBS29224.1,Unavailable,Clostridium autoethanogenum
0.9998159,0.0001841742,-1,XBS29223.1,Unavailable,Clostridium autoethanogenum
0.999275,0.0007250317,-1,XBS29215.1,Unavailable,Clostridium autoethanogenum
0.998276,0.0017240167,-1,XBS29217.1,Unavailable,Clostridium autoethanogenum
0.99984336,0.00015663188,-1,XBS29216.1,Unavailable,Clostridium autoethanogenum
0.99874806,0.0012518627,-1,XBS29213.1,Unavailable,Clostridium autoethanogenum
0.99541605,0.0045839883,-1,XBS29232.1,Unavailable,Clostridium autoethanogenum
0.9988512,0.0011487965,-1,XBS29247.1,Unavailable,Clostridium autoethanogenum
0.99965465,0.0003453826,-1,XBS29249.1,Unavailable,Clostridium autoethanogenum
0.9997428,0.0002571903,-1,XBS29256.1,Unavailable,Clostridium autoethanogenum
0.9997956,0.00020439249,-1,XBS29258.1,Unavailable,Clostridium autoethanogenum
0.99936706,0.0006330093,-1,XBS29238.1,Unavailable,Clostridium autoethanogenum
0.9998789,0.00012109847,-1,XBS29244.1,Unavailable,Clostridium autoethanogenum
0.9937312,0.006268813,-1,XBS29260.1,Unavailable,Clostridium autoethanogenum
0.99967575,0.0003243122,-1,XBS29252.1,Unavailable,Clostridium autoethanogenum
0.9986614,0.0013386378,-1,XBS29239.1,Unavailable,Clostridium autoethanogenum
0.99982685,0.00017314547,-1,XBS29240.1,Unavailable,Clostridium autoethanogenum
0.9989919,0.0010080631,-1,XBS29253.1,Unavailable,Clostridium autoethanogenum
0.99901295,0.0009870583,-1,XBS29242.1,Unavailable,Clostridium autoethanogenum
0.9998179,0.0001821103,-1,XBS29246.1,Unavailable,Clostridium autoethanogenum
0.999772,0.00022797157,-1,XBS29251.1,Unavailable,Clostridium autoethanogenum
0.9995371,0.000462876,-1,XBS29250.1,Unavailable,Clostridium autoethanogenum
0.9998797,0.0001202238,-1,XBS29257.1,Unavailable,Clostridium autoethanogenum
0.9997155,0.00028452123,-1,XBS29259.1,Unavailable,Clostridium autoethanogenum
0.99953127,0.00046870727,-1,XBS29255.1,Unavailable,Clostridium autoethanogenum
0.9957242,0.0042758556,-1,XBS29254.1,Unavailable,Clostridium autoethanogenum
0.9986193,0.0013806598,-1,XBS29241.1,Unavailable,Clostridium autoethanogenum
0.9962185,0.0037814784,-1,XBS29245.1,Unavailable,Clostridium autoethanogenum
0.9996007,0.00039934198,-1,XBS29243.1,Unavailable,Clostridium autoethanogenum
0.9997563,0.00024376312,-1,XBS29261.1,Unavailable,Clostridium autoethanogenum
0.9990422,0.00095776835,-1,XBS29237.1,Unavailable,Clostridium autoethanogenum
0.9986972,0.0013027888,-1,XBS29248.1,Unavailable,Clostridium autoethanogenum
0.9984004,0.0015996128,-1,XBS29262.1,Unavailable,Clostridium autoethanogenum
0.9997675,0.00023251696,-1,XBS29274.1,Unavailable,Clostridium autoethanogenum
0.58995044,0.41004956,-1,XBS29284.1,Unavailable,Clostridium autoethanogenum
0.99909973,0.00090029486,-1,XBS29271.1,Unavailable,Clostridium autoethanogenum
0.9985587,0.0014412943,-1,XBS29276.1,Unavailable,Clostridium autoethanogenum
0.9989166,0.00108334,-1,XBS29281.1,Unavailable,Clostridium autoethanogenum
0.99905854,0.0009415143,-1,XBS29278.1,Unavailable,Clostridium autoethanogenum
0.9997844,0.00021563504,-1,XBS29282.1,Unavailable,Clostridium autoethanogenum
0.9972409,0.0027590361,-1,XBS29283.1,Unavailable,Clostridium autoethanogenum
0.9995597,0.00044033545,-1,XBS29266.1,Unavailable,Clostridium autoethanogenum
0.99990225,9.7719414e-05,-1,XBS29273.1,Unavailable,Clostridium autoethanogenum
0.9994961,0.000503927,-1,XBS29280.1,Unavailable,Clostridium autoethanogenum
0.99944633,0.0005537041,-1,XBS30311.1,Unavailable,Clostridium autoethanogenum
0.9995777,0.00042230292,-1,XBS29279.1,Unavailable,Clostridium autoethanogenum
0.9993994,0.00060054555,-1,XBS29263.1,Unavailable,Clostridium autoethanogenum
0.9994654,0.0005345838,-1,XBS29269.1,Unavailable,Clostridium autoethanogenum
0.9996728,0.00032725531,-1,XBS29270.1,Unavailable,Clostridium autoethanogenum
0.9868623,0.013137706,-1,XBS29272.1,Unavailable,Clostridium autoethanogenum
0.9998233,0.00017673672,-1,XBS29275.1,Unavailable,Clostridium autoethanogenum
0.9994548,0.00054518314,-1,XBS29264.1,Unavailable,Clostridium autoethanogenum
0.9997279,0.0002720602,-1,XBS29268.1,Unavailable,Clostridium autoethanogenum
0.99943155,0.0005684106,-1,XBS29265.1,Unavailable,Clostridium autoethanogenum
0.99956685,0.00043311963,-1,XBS29267.1,Unavailable,Clostridium autoethanogenum
0.99976355,0.0002364846,-1,XBS29277.1,Unavailable,Clostridium autoethanogenum
0.9985359,0.0014641016,-1,XBS29285.1,Unavailable,Clostridium autoethanogenum
0.9984138,0.0015861737,-1,XBS29286.1,Unavailable,Clostridium autoethanogenum
0.8882913,0.111708686,-1,XBS29307.1,Unavailable,Clostridium autoethanogenum
0.9992435,0.00075654394,-1,XBS29297.1,Unavailable,Clostridium autoethanogenum
0.9988682,0.0011317661,-1,XBS29303.1,Unavailable,Clostridium autoethanogenum
0.9994419,0.00055812375,-1,XBS29309.1,Unavailable,Clostridium autoethanogenum
0.999637,0.00036300512,-1,XBS29289.1,Unavailable,Clostridium autoethanogenum
0.99977463,0.00022536713,-1,XBS29308.1,Unavailable,Clostridium autoethanogenum
0.9993017,0.0006982809,-1,XBS29299.1,Unavailable,Clostridium autoethanogenum
0.9985789,0.001421123,-1,XBS29302.1,Unavailable,Clostridium autoethanogenum
0.99959344,0.00040659736,-1,XBS29310.1,Unavailable,Clostridium autoethanogenum
0.9991604,0.0008396231,-1,XBS29296.1,Unavailable,Clostridium autoethanogenum
0.9972451,0.0027549828,-1,XBS29300.1,Unavailable,Clostridium autoethanogenum
0.9749587,0.02504128,-1,XBS29305.1,Unavailable,Clostridium autoethanogenum
0.9997805,0.00021957874,-1,XBS29288.1,Unavailable,Clostridium autoethanogenum
0.9988512,0.0011487812,-1,XBS29292.1,Unavailable,Clostridium autoethanogenum
0.999798,0.00020204333,-1,XBS29298.1,Unavailable,Clostridium autoethanogenum
0.9988067,0.0011933374,-1,XBS29291.1,Unavailable,Clostridium autoethanogenum
0.9994518,0.00054818555,-1,XBS29301.1,Unavailable,Clostridium autoethanogenum
0.9992556,0.00074433495,-1,XBS29304.1,Unavailable,Clostridium autoethanogenum
0.99869627,0.0013038025,-1,XBS29306.1,Unavailable,Clostridium autoethanogenum
0.9989794,0.0010206131,-1,XBS29290.1,Unavailable,Clostridium autoethanogenum
0.9883376,0.011662394,-1,XBS29293.1,Unavailable,Clostridium autoethanogenum
0.9935709,0.006429136,-1,XBS29287.1,Unavailable,Clostridium autoethanogenum
0.9998485,0.00015145152,-1,XBS29295.1,Unavailable,Clostridium autoethanogenum
0.99864894,0.0013511371,-1,XBS29294.1,Unavailable,Clostridium autoethanogenum
0.99849355,0.0015064211,-1,XBS29333.1,Unavailable,Clostridium autoethanogenum
0.9996792,0.00032077683,-1,XBS29318.1,Unavailable,Clostridium autoethanogenum
0.99943966,0.00056038087,-1,XBS29327.1,Unavailable,Clostridium autoethanogenum
0.54154325,0.4584567,-1,XBS29331.1,Unavailable,Clostridium autoethanogenum
0.9988833,0.0011167023,-1,XBS29312.1,Unavailable,Clostridium autoethanogenum
0.9993266,0.00067337725,-1,XBS29325.1,Unavailable,Clostridium autoethanogenum
0.99948776,0.00051224674,-1,XBS29316.1,Unavailable,Clostridium autoethanogenum
0.99972445,0.000275496,-1,XBS29313.1,Unavailable,Clostridium autoethanogenum
0.9995517,0.00044829832,-1,XBS29311.1,Unavailable,Clostridium autoethanogenum
0.9988205,0.0011795504,-1,XBS29319.1,Unavailable,Clostridium autoethanogenum
0.9997608,0.00023916092,-1,XBS29324.1,Unavailable,Clostridium autoethanogenum
0.9994917,0.00050825847,-1,XBS29315.1,Unavailable,Clostridium autoethanogenum
0.98908746,0.0109125385,-1,XBS29330.1,Unavailable,Clostridium autoethanogenum
0.999374,0.0006260922,-1,XBS29328.1,Unavailable,Clostridium autoethanogenum
0.9210926,0.07890734,-1,XBS29329.1,Unavailable,Clostridium autoethanogenum
0.9998803,0.000119625714,-1,XBS29326.1,Unavailable,Clostridium autoethanogenum
0.9995011,0.00049887673,-1,XBS29321.1,Unavailable,Clostridium autoethanogenum
0.9994497,0.0005502979,-1,XBS29320.1,Unavailable,Clostridium autoethanogenum
0.99496293,0.005037053,-1,XBS29332.1,Unavailable,Clostridium autoethanogenum
0.9996457,0.00035434295,-1,XBS29323.1,Unavailable,Clostridium autoethanogenum
0.9991166,0.00088334334,-1,XBS29335.1,Unavailable,Clostridium autoethanogenum
0.9989955,0.0010044815,-1,XBS29314.1,Unavailable,Clostridium autoethanogenum
0.9803498,0.019650199,-1,XBS29322.1,Unavailable,Clostridium autoethanogenum
0.9997161,0.0002838306,-1,XBS29317.1,Unavailable,Clostridium autoethanogenum
0.99781007,0.0021900057,-1,XBS29334.1,Unavailable,Clostridium autoethanogenum
0.99724954,0.0027504247,-1,XBS29349.1,Unavailable,Clostridium autoethanogenum
0.9913933,0.008606698,-1,XBS29343.1,Unavailable,Clostridium autoethanogenum
0.9994659,0.00053413736,-1,XBS29359.1,Unavailable,Clostridium autoethanogenum
0.99973816,0.00026179166,-1,XBS30312.1,Unavailable,Clostridium autoethanogenum
0.999275,0.0007250317,-1,XBS29336.1,Unavailable,Clostridium autoethanogenum
0.12882675,0.8711732,-1,XBS29344.1,Unavailable,Clostridium autoethanogenum
0.9995455,0.00045447925,-1,XBS29339.1,Unavailable,Clostridium autoethanogenum
0.9997348,0.00026514483,-1,XBS29347.1,Unavailable,Clostridium autoethanogenum
0.999428,0.0005719927,-1,XBS29353.1,Unavailable,Clostridium autoethanogenum
0.99978536,0.00021463608,-1,XBS29356.1,Unavailable,Clostridium autoethanogenum
0.99985826,0.00014177605,-1,XBS29340.1,Unavailable,Clostridium autoethanogenum
0.9978642,0.002135828,-1,XBS29342.1,Unavailable,Clostridium autoethanogenum
0.9752677,0.02473228,-1,XBS29345.1,Unavailable,Clostridium autoethanogenum
0.9793738,0.02062617,-1,XBS29354.1,Unavailable,Clostridium autoethanogenum
0.99957234,0.0004276873,-1,XBS29337.1,Unavailable,Clostridium autoethanogenum
0.9992836,0.00071642356,-1,XBS29338.1,Unavailable,Clostridium autoethanogenum
0.9997496,0.0002503595,-1,XBS29357.1,Unavailable,Clostridium autoethanogenum
0.9993986,0.0006013861,-1,XBS29351.1,Unavailable,Clostridium autoethanogenum
0.99979895,0.00020106514,-1,XBS29341.1,Unavailable,Clostridium autoethanogenum
0.99920255,0.0007974512,-1,XBS29352.1,Unavailable,Clostridium autoethanogenum
0.98444116,0.015558832,-1,XBS29350.1,Unavailable,Clostridium autoethanogenum
0.997589,0.0024110638,-1,XBS29348.1,Unavailable,Clostridium autoethanogenum
0.99262553,0.007374414,-1,XBS29346.1,Unavailable,Clostridium autoethanogenum
0.99875295,0.0012470656,-1,XBS29358.1,Unavailable,Clostridium autoethanogenum
0.9223725,0.077627495,-1,XBS29355.1,Unavailable,Clostridium autoethanogenum
0.9265038,0.07349616,-1,XBS29381.1,Unavailable,Clostridium autoethanogenum
0.99140805,0.008591945,-1,XBS29362.1,Unavailable,Clostridium autoethanogenum
0.99936813,0.0006318414,-1,XBS29371.1,Unavailable,Clostridium autoethanogenum
0.9991875,0.00081240764,-1,XBS29363.1,Unavailable,Clostridium autoethanogenum
0.99854636,0.0014536906,-1,XBS29360.1,Unavailable,Clostridium autoethanogenum
0.99876535,0.0012346163,-1,XBS29368.1,Unavailable,Clostridium autoethanogenum
0.99947006,0.00052999024,-1,XBS29378.1,Unavailable,Clostridium autoethanogenum
0.99936205,0.00063799036,-1,XBS29375.1,Unavailable,Clostridium autoethanogenum
0.9984497,0.0015502978,-1,XBS29366.1,Unavailable,Clostridium autoethanogenum
0.99744886,0.002551132,-1,XBS29361.1,Unavailable,Clostridium autoethanogenum
0.99958116,0.0004188408,-1,XBS29369.1,Unavailable,Clostridium autoethanogenum
0.99957436,0.00042557754,-1,XBS29380.1,Unavailable,Clostridium autoethanogenum
0.99544287,0.004557089,-1,XBS29364.1,Unavailable,Clostridium autoethanogenum
0.9998124,0.00018755924,-1,XBS29374.1,Unavailable,Clostridium autoethanogenum
0.9999021,9.782047e-05,-1,XBS30313.1,Unavailable,Clostridium autoethanogenum
0.99982965,0.00017032638,-1,XBS30314.1,Unavailable,Clostridium autoethanogenum
0.99864346,0.0013565582,-1,XBS29373.1,Unavailable,Clostridium autoethanogenum
0.99982196,0.00017810466,-1,XBS29367.1,Unavailable,Clostridium autoethanogenum
0.99986005,0.00013992611,-1,XBS29377.1,Unavailable,Clostridium autoethanogenum
0.9998337,0.00016630974,-1,XBS29382.1,Unavailable,Clostridium autoethanogenum
0.9987795,0.0012205477,-1,XBS29376.1,Unavailable,Clostridium autoethanogenum
0.99933654,0.0006634609,-1,XBS29370.1,Unavailable,Clostridium autoethanogenum
0.99924195,0.00075802294,-1,XBS29365.1,Unavailable,Clostridium autoethanogenum
0.99806315,0.0019368791,-1,XBS29379.1,Unavailable,Clostridium autoethanogenum
0.9994388,0.00056117546,-1,XBS29372.1,Unavailable,Clostridium autoethanogenum
0.9993099,0.0006901323,-1,XBS29387.1,Unavailable,Clostridium autoethanogenum
0.99882334,0.001176695,-1,XBS29396.1,Unavailable,Clostridium autoethanogenum
0.9992066,0.0007934717,-1,XBS29389.1,Unavailable,Clostridium autoethanogenum
0.9979715,0.0020285444,-1,XBS29405.1,Unavailable,Clostridium autoethanogenum
0.9995345,0.00046558245,-1,XBS29386.1,Unavailable,Clostridium autoethanogenum
0.9996383,0.00036166693,-1,XBS29388.1,Unavailable,Clostridium autoethanogenum
0.9967691,0.0032309443,-1,XBS29403.1,Unavailable,Clostridium autoethanogenum
0.99982244,0.00017757896,-1,XBS29393.1,Unavailable,Clostridium autoethanogenum
0.9998196,0.0001804088,-1,XBS29390.1,Unavailable,Clostridium autoethanogenum
0.9992551,0.0007448064,-1,XBS29395.1,Unavailable,Clostridium autoethanogenum
0.9986602,0.0013398138,-1,XBS29402.1,Unavailable,Clostridium autoethanogenum
0.9986821,0.0013179034,-1,XBS29391.1,Unavailable,Clostridium autoethanogenum
0.98263127,0.017368704,-1,XBS29384.1,Unavailable,Clostridium autoethanogenum
0.99951196,0.00048798733,-1,XBS29399.1,Unavailable,Clostridium autoethanogenum
0.9995741,0.00042591486,-1,XBS29404.1,Unavailable,Clostridium autoethanogenum
0.9996049,0.00039511127,-1,XBS29398.1,Unavailable,Clostridium autoethanogenum
0.99917656,0.0008234273,-1,XBS30315.1,Unavailable,Clostridium autoethanogenum
0.9991516,0.0008483535,-1,XBS29397.1,Unavailable,Clostridium autoethanogenum
0.999432,0.0005680015,-1,XBS29400.1,Unavailable,Clostridium autoethanogenum
0.9987142,0.0012858395,-1,XBS29392.1,Unavailable,Clostridium autoethanogenum
0.999848,0.00015193723,-1,XBS29383.1,Unavailable,Clostridium autoethanogenum
0.8481178,0.15188216,-1,XBS29394.1,Unavailable,Clostridium autoethanogenum
0.22728392,0.77271605,-1,XBS29385.1,Unavailable,Clostridium autoethanogenum
0.9986908,0.001309277,-1,XBS29401.1,Unavailable,Clostridium autoethanogenum
0.006969064,0.99303097,-1,XBS30426.1,Unavailable,Clostridium autoethanogenum
0.9985061,0.0014938483,-1,XBS29428.1,Unavailable,Clostridium autoethanogenum
0.99869686,0.001303176,-1,XBS29426.1,Unavailable,Clostridium autoethanogenum
0.9984273,0.0015727512,-1,XBS29423.1,Unavailable,Clostridium autoethanogenum
0.9993962,0.0006038401,-1,XBS29425.1,Unavailable,Clostridium autoethanogenum
0.99817276,0.0018272002,-1,XBS29419.1,Unavailable,Clostridium autoethanogenum
0.99918264,0.0008173267,-1,XBS29427.1,Unavailable,Clostridium autoethanogenum
0.9990356,0.0009643666,-1,XBS29429.1,Unavailable,Clostridium autoethanogenum
0.99962807,0.00037195696,-1,XBS29415.1,Unavailable,Clostridium autoethanogenum
0.9990859,0.000914091,-1,XBS29417.1,Unavailable,Clostridium autoethanogenum
0.9998404,0.00015958548,-1,XBS29413.1,Unavailable,Clostridium autoethanogenum
0.9993511,0.00064894423,-1,XBS29416.1,Unavailable,Clostridium autoethanogenum
0.99654883,0.0034512137,-1,XBS29420.1,Unavailable,Clostridium autoethanogenum
0.999501,0.0004990223,-1,XBS29406.1,Unavailable,Clostridium autoethanogenum
0.9981658,0.0018342372,-1,XBS29418.1,Unavailable,Clostridium autoethanogenum
0.99967253,0.00032753497,-1,XBS29408.1,Unavailable,Clostridium autoethanogenum
0.9994734,0.0005266797,-1,XBS29412.1,Unavailable,Clostridium autoethanogenum
0.9964406,0.0035594432,-1,XBS30316.1,Unavailable,Clostridium autoethanogenum
0.99916947,0.0008305205,-1,XBS29424.1,Unavailable,Clostridium autoethanogenum
0.99788195,0.0021180746,-1,XBS29422.1,Unavailable,Clostridium autoethanogenum
0.99947506,0.00052490947,-1,XBS29421.1,Unavailable,Clostridium autoethanogenum
0.99762577,0.0023742241,-1,XBS29414.1,Unavailable,Clostridium autoethanogenum
0.78564346,0.21435654,-1,XBS29410.1,Unavailable,Clostridium autoethanogenum
0.9971284,0.0028715516,-1,XBS29411.1,Unavailable,Clostridium autoethanogenum
0.996083,0.003916981,-1,XBS29409.1,Unavailable,Clostridium autoethanogenum
0.99944514,0.00055485533,-1,XBS29407.1,Unavailable,Clostridium autoethanogenum
0.07298043,0.92701954,-1,XBS29445.1,Unavailable,Clostridium autoethanogenum
0.99973243,0.00026751673,-1,XBS29437.1,Unavailable,Clostridium autoethanogenum
0.99961394,0.00038604153,-1,XBS29438.1,Unavailable,Clostridium autoethanogenum
0.9973767,0.0026233518,-1,XBS29432.1,Unavailable,Clostridium autoethanogenum
0.9997744,0.00022558836,-1,XBS29436.1,Unavailable,Clostridium autoethanogenum
0.9988411,0.0011589384,-1,XBS29431.1,Unavailable,Clostridium autoethanogenum
0.99975806,0.00024191964,-1,XBS29453.1,Unavailable,Clostridium autoethanogenum
0.9991748,0.00082518044,-1,XBS29442.1,Unavailable,Clostridium autoethanogenum
0.999703,0.00029695936,-1,XBS29443.1,Unavailable,Clostridium autoethanogenum
0.9982488,0.0017512551,-1,XBS29439.1,Unavailable,Clostridium autoethanogenum
0.99984014,0.00015984653,-1,XBS29449.1,Unavailable,Clostridium autoethanogenum
0.9996228,0.0003771558,-1,XBS30317.1,Unavailable,Clostridium autoethanogenum
0.99918765,0.00081235584,-1,XBS29441.1,Unavailable,Clostridium autoethanogenum
0.9993098,0.00069026515,-1,XBS29440.1,Unavailable,Clostridium autoethanogenum
0.9997954,0.00020458434,-1,XBS29434.1,Unavailable,Clostridium autoethanogenum
0.99940753,0.0005925101,-1,XBS29451.1,Unavailable,Clostridium autoethanogenum
0.9995183,0.00048172643,-1,XBS29433.1,Unavailable,Clostridium autoethanogenum
0.9992092,0.0007908534,-1,XBS29447.1,Unavailable,Clostridium autoethanogenum
0.99854267,0.001457399,-1,XBS29430.1,Unavailable,Clostridium autoethanogenum
0.99925274,0.000747287,-1,XBS29452.1,Unavailable,Clostridium autoethanogenum
0.9993087,0.00069126114,-1,XBS29448.1,Unavailable,Clostridium autoethanogenum
0.9998392,0.00016077684,-1,XBS29435.1,Unavailable,Clostridium autoethanogenum
0.99872774,0.0012722343,-1,XBS29446.1,Unavailable,Clostridium autoethanogenum
0.9987526,0.0012473441,-1,XBS29444.1,Unavailable,Clostridium autoethanogenum
0.99725276,0.002747297,-1,XBS29450.1,Unavailable,Clostridium autoethanogenum
0.9998449,0.00015501754,-1,XBS29475.1,Unavailable,Clostridium autoethanogenum
0.99853384,0.0014661024,-1,XBS29471.1,Unavailable,Clostridium autoethanogenum
0.99981743,0.00018258915,-1,XBS29474.1,Unavailable,Clostridium autoethanogenum
0.99991167,8.8347646e-05,-1,XBS29470.1,Unavailable,Clostridium autoethanogenum
0.99978334,0.00021671675,-1,XBS29465.1,Unavailable,Clostridium autoethanogenum
0.9997737,0.00022633292,-1,XBS29472.1,Unavailable,Clostridium autoethanogenum
0.9985393,0.0014606912,-1,XBS29454.1,Unavailable,Clostridium autoethanogenum
0.9998067,0.00019329942,-1,XBS29457.1,Unavailable,Clostridium autoethanogenum
0.9995402,0.0004598744,-1,XBS29463.1,Unavailable,Clostridium autoethanogenum
0.99950814,0.0004918072,-1,XBS29464.1,Unavailable,Clostridium autoethanogenum
0.99974877,0.0002512522,-1,XBS29456.1,Unavailable,Clostridium autoethanogenum
0.9996867,0.0003132734,-1,XBS29476.1,Unavailable,Clostridium autoethanogenum
0.99944836,0.0005515758,-1,XBS29473.1,Unavailable,Clostridium autoethanogenum
0.9998479,0.0001520787,-1,XBS29455.1,Unavailable,Clostridium autoethanogenum
0.9989668,0.001033141,-1,XBS29462.1,Unavailable,Clostridium autoethanogenum
0.999169,0.00083099544,-1,XBS30318.1,Unavailable,Clostridium autoethanogenum
0.99965036,0.00034964236,-1,XBS29458.1,Unavailable,Clostridium autoethanogenum
0.9996432,0.00035679815,-1,XBS29461.1,Unavailable,Clostridium autoethanogenum
0.99407625,0.0059237815,-1,XBS30427.1,Unavailable,Clostridium autoethanogenum
0.9996101,0.0003899058,-1,XBS29468.1,Unavailable,Clostridium autoethanogenum
0.9776814,0.022318663,-1,XBS29466.1,Unavailable,Clostridium autoethanogenum
0.9929737,0.007026346,-1,XBS29459.1,Unavailable,Clostridium autoethanogenum
0.9980533,0.0019467284,-1,XBS29469.1,Unavailable,Clostridium autoethanogenum
0.99984014,0.00015978038,-1,XBS29467.1,Unavailable,Clostridium autoethanogenum
0.99508345,0.0049165795,-1,XBS29460.1,Unavailable,Clostridium autoethanogenum
0.99854964,0.0014503069,-1,XBS29484.1,Unavailable,Clostridium autoethanogenum
0.99934787,0.00065209676,-1,XBS29480.1,Unavailable,Clostridium autoethanogenum
0.9995122,0.00048780412,-1,XBS29492.1,Unavailable,Clostridium autoethanogenum
0.99964964,0.0003502953,-1,XBS29483.1,Unavailable,Clostridium autoethanogenum
0.99735,0.0026500383,-1,XBS29485.1,Unavailable,Clostridium autoethanogenum
0.9998215,0.00017855727,-1,XBS29494.1,Unavailable,Clostridium autoethanogenum
0.9997756,0.00022440826,-1,XBS29479.1,Unavailable,Clostridium autoethanogenum
0.99960023,0.00039975502,-1,XBS29496.1,Unavailable,Clostridium autoethanogenum
0.99933344,0.00066651934,-1,XBS29498.1,Unavailable,Clostridium autoethanogenum
0.9993198,0.0006802007,-1,XBS29487.1,Unavailable,Clostridium autoethanogenum
0.99962425,0.0003757512,-1,XBS29501.1,Unavailable,Clostridium autoethanogenum
0.99969995,0.00030007458,-1,XBS29500.1,Unavailable,Clostridium autoethanogenum
0.999418,0.0005819641,-1,XBS29497.1,Unavailable,Clostridium autoethanogenum
0.9967114,0.0032885813,-1,XBS29495.1,Unavailable,Clostridium autoethanogenum
0.9997999,0.00020017185,-1,XBS29493.1,Unavailable,Clostridium autoethanogenum
0.9973043,0.0026956236,-1,XBS29488.1,Unavailable,Clostridium autoethanogenum
0.99945694,0.0005430091,-1,XBS29486.1,Unavailable,Clostridium autoethanogenum
0.998552,0.0014480216,-1,XBS29490.1,Unavailable,Clostridium autoethanogenum
0.99971193,0.00028809678,-1,XBS29481.1,Unavailable,Clostridium autoethanogenum
0.9976421,0.0023578922,-1,XBS29478.1,Unavailable,Clostridium autoethanogenum
0.99966216,0.00033781063,-1,XBS29499.1,Unavailable,Clostridium autoethanogenum
0.99917126,0.00082873274,-1,XBS29491.1,Unavailable,Clostridium autoethanogenum
0.9993894,0.00061062875,-1,XBS29489.1,Unavailable,Clostridium autoethanogenum
0.99949336,0.0005066693,-1,XBS29482.1,Unavailable,Clostridium autoethanogenum
0.99844426,0.001555727,-1,XBS29477.1,Unavailable,Clostridium autoethanogenum
0.99941564,0.00058437197,-1,XBS30319.1,Unavailable,Clostridium autoethanogenum
0.99946326,0.000536762,-1,XBS29513.1,Unavailable,Clostridium autoethanogenum
0.99943715,0.0005628593,-1,XBS29524.1,Unavailable,Clostridium autoethanogenum
0.9975643,0.0024357082,-1,XBS29515.1,Unavailable,Clostridium autoethanogenum
0.9996032,0.0003968343,-1,XBS29506.1,Unavailable,Clostridium autoethanogenum
0.9992512,0.00074879144,-1,XBS29525.1,Unavailable,Clostridium autoethanogenum
0.99931717,0.0006827849,-1,XBS29503.1,Unavailable,Clostridium autoethanogenum
0.9993486,0.00065137626,-1,XBS29516.1,Unavailable,Clostridium autoethanogenum
0.99967444,0.0003255289,-1,XBS29514.1,Unavailable,Clostridium autoethanogenum
0.9994967,0.00050324434,-1,XBS29517.1,Unavailable,Clostridium autoethanogenum
0.99776864,0.0022313786,-1,XBS29519.1,Unavailable,Clostridium autoethanogenum
0.9998852,0.00011484366,-1,XBS29508.1,Unavailable,Clostridium autoethanogenum
0.9992582,0.0007417557,-1,XBS29522.1,Unavailable,Clostridium autoethanogenum
0.99948514,0.0005148587,-1,XBS29518.1,Unavailable,Clostridium autoethanogenum
0.9993339,0.0006660133,-1,XBS29510.1,Unavailable,Clostridium autoethanogenum
0.999129,0.0008710374,-1,XBS29504.1,Unavailable,Clostridium autoethanogenum
0.99587196,0.0041280086,-1,XBS29523.1,Unavailable,Clostridium autoethanogenum
0.9997992,0.0002008061,-1,XBS29511.1,Unavailable,Clostridium autoethanogenum
0.99918526,0.0008147855,-1,XBS29502.1,Unavailable,Clostridium autoethanogenum
0.99480987,0.0051901243,-1,XBS29520.1,Unavailable,Clostridium autoethanogenum
0.99969935,0.00030069923,-1,XBS29507.1,Unavailable,Clostridium autoethanogenum
0.9996828,0.00031720835,-1,XBS29505.1,Unavailable,Clostridium autoethanogenum
0.99413484,0.0058652335,-1,XBS29521.1,Unavailable,Clostridium autoethanogenum
0.9992342,0.00076579675,-1,XBS29509.1,Unavailable,Clostridium autoethanogenum
0.9991922,0.0008078754,-1,XBS29512.1,Unavailable,Clostridium autoethanogenum
0.99962974,0.00037027718,-1,XBS29529.1,Unavailable,Clostridium autoethanogenum
0.99949324,0.0005067328,-1,XBS29543.1,Unavailable,Clostridium autoethanogenum
0.9995086,0.0004914166,-1,XBS29544.1,Unavailable,Clostridium autoethanogenum
0.9995184,0.00048162288,-1,XBS29542.1,Unavailable,Clostridium autoethanogenum
0.9987896,0.0012104635,-1,XBS29545.1,Unavailable,Clostridium autoethanogenum
0.99844766,0.0015523512,-1,XBS29548.1,Unavailable,Clostridium autoethanogenum
0.99964106,0.0003588736,-1,XBS29547.1,Unavailable,Clostridium autoethanogenum
0.99981695,0.00018307396,-1,XBS29539.1,Unavailable,Clostridium autoethanogenum
0.99904734,0.0009526563,-1,XBS29534.1,Unavailable,Clostridium autoethanogenum
0.99981934,0.00018069304,-1,XBS29527.1,Unavailable,Clostridium autoethanogenum
0.9990558,0.0009441863,-1,XBS30320.1,Unavailable,Clostridium autoethanogenum
0.9996124,0.00038763334,-1,XBS29533.1,Unavailable,Clostridium autoethanogenum
0.99953794,0.00046205823,-1,XBS29541.1,Unavailable,Clostridium autoethanogenum
0.99836904,0.0016309898,-1,XBS29546.1,Unavailable,Clostridium autoethanogenum
0.9988732,0.0011268627,-1,XBS29531.1,Unavailable,Clostridium autoethanogenum
0.9992136,0.00078639283,-1,XBS29538.1,Unavailable,Clostridium autoethanogenum
0.99950266,0.00049736304,-1,XBS29535.1,Unavailable,Clostridium autoethanogenum
0.99952054,0.0004794789,-1,XBS29540.1,Unavailable,Clostridium autoethanogenum
0.999355,0.000645017,-1,XBS29526.1,Unavailable,Clostridium autoethanogenum
0.9997583,0.00024170386,-1,XBS29528.1,Unavailable,Clostridium autoethanogenum
0.99704725,0.0029527126,-1,XBS29530.1,Unavailable,Clostridium autoethanogenum
0.99932015,0.00067987276,-1,XBS29532.1,Unavailable,Clostridium autoethanogenum
0.99753606,0.0024638986,-1,XBS29549.1,Unavailable,Clostridium autoethanogenum
0.99939036,0.0006096785,-1,XBS29537.1,Unavailable,Clostridium autoethanogenum
0.99890447,0.0010955235,-1,XBS29536.1,Unavailable,Clostridium autoethanogenum
0.9987056,0.0012943082,-1,XBS29555.1,Unavailable,Clostridium autoethanogenum
0.89512706,0.104872905,-1,XBS29564.1,Unavailable,Clostridium autoethanogenum
0.09506416,0.9049359,-1,XBS29560.1,Unavailable,Clostridium autoethanogenum
0.999569,0.00043100305,-1,XBS29551.1,Unavailable,Clostridium autoethanogenum
0.99811125,0.001888724,-1,XBS30321.1,Unavailable,Clostridium autoethanogenum
0.9996985,0.00030154755,-1,XBS29569.1,Unavailable,Clostridium autoethanogenum
0.9994522,0.0005478154,-1,XBS29568.1,Unavailable,Clostridium autoethanogenum
0.9975254,0.0024745574,-1,XBS29561.1,Unavailable,Clostridium autoethanogenum
0.9917173,0.008282774,-1,XBS29573.1,Unavailable,Clostridium autoethanogenum
0.9998355,0.00016452147,-1,XBS29552.1,Unavailable,Clostridium autoethanogenum
0.9985843,0.0014157973,-1,XBS29567.1,Unavailable,Clostridium autoethanogenum
0.9990951,0.00090494764,-1,XBS29566.1,Unavailable,Clostridium autoethanogenum
0.9998648,0.00013521746,-1,XBS29559.1,Unavailable,Clostridium autoethanogenum
0.99825376,0.0017461807,-1,XBS29556.1,Unavailable,Clostridium autoethanogenum
0.9997354,0.00026454966,-1,XBS29558.1,Unavailable,Clostridium autoethanogenum
0.9996474,0.00035262835,-1,XBS29554.1,Unavailable,Clostridium autoethanogenum
0.9992167,0.0007833077,-1,XBS29562.1,Unavailable,Clostridium autoethanogenum
0.9993789,0.0006210874,-1,XBS29553.1,Unavailable,Clostridium autoethanogenum
0.99980885,0.0001911599,-1,XBS29557.1,Unavailable,Clostridium autoethanogenum
0.999316,0.00068404066,-1,XBS29565.1,Unavailable,Clostridium autoethanogenum
3.7800106e-05,0.9999622,-1,XBS29563.1,Unavailable,Clostridium autoethanogenum
0.9993298,0.0006702784,-1,XBS29571.1,Unavailable,Clostridium autoethanogenum
0.997338,0.002661967,-1,XBS29572.1,Unavailable,Clostridium autoethanogenum
0.9993414,0.0006585295,-1,XBS29550.1,Unavailable,Clostridium autoethanogenum
0.9986628,0.0013371176,-1,XBS29570.1,Unavailable,Clostridium autoethanogenum
0.99903643,0.0009635965,-1,XBS29587.1,Unavailable,Clostridium autoethanogenum
0.94336456,0.056635458,-1,XBS29584.1,Unavailable,Clostridium autoethanogenum
0.99852556,0.0014745187,-1,XBS29591.1,Unavailable,Clostridium autoethanogenum
0.999835,0.00016499528,-1,XBS29597.1,Unavailable,Clostridium autoethanogenum
0.9995869,0.0004131032,-1,XBS29582.1,Unavailable,Clostridium autoethanogenum
0.99971825,0.0002817621,-1,XBS29598.1,Unavailable,Clostridium autoethanogenum
0.9991423,0.00085763296,-1,XBS29575.1,Unavailable,Clostridium autoethanogenum
0.99784696,0.002153078,-1,XBS29574.1,Unavailable,Clostridium autoethanogenum
0.9996118,0.00038821934,-1,XBS29596.1,Unavailable,Clostridium autoethanogenum
0.9988998,0.0011001707,-1,XBS29583.1,Unavailable,Clostridium autoethanogenum
0.9994485,0.0005514909,-1,XBS29592.1,Unavailable,Clostridium autoethanogenum
0.9996561,0.0003438634,-1,XBS29578.1,Unavailable,Clostridium autoethanogenum
0.9991968,0.0008032038,-1,XBS29579.1,Unavailable,Clostridium autoethanogenum
0.9991447,0.0008553585,-1,XBS29588.1,Unavailable,Clostridium autoethanogenum
0.6409997,0.35900027,-1,XBS29580.1,Unavailable,Clostridium autoethanogenum
0.9998367,0.00016329614,-1,XBS29594.1,Unavailable,Clostridium autoethanogenum
0.99957985,0.0004201967,-1,XBS29586.1,Unavailable,Clostridium autoethanogenum
0.99994564,5.439825e-05,-1,XBS29595.1,Unavailable,Clostridium autoethanogenum
0.99934345,0.0006565874,-1,XBS29581.1,Unavailable,Clostridium autoethanogenum
0.99969196,0.00030801224,-1,XBS29577.1,Unavailable,Clostridium autoethanogenum
0.9993581,0.00064187596,-1,XBS29576.1,Unavailable,Clostridium autoethanogenum
0.998697,0.0013030793,-1,XBS29585.1,Unavailable,Clostridium autoethanogenum
0.9994796,0.0005204605,-1,XBS29589.1,Unavailable,Clostridium autoethanogenum
0.99985754,0.00014242575,-1,XBS29593.1,Unavailable,Clostridium autoethanogenum
0.99940646,0.000593599,-1,XBS29590.1,Unavailable,Clostridium autoethanogenum
0.99863905,0.0013609215,-1,XBS29611.1,Unavailable,Clostridium autoethanogenum
0.99850863,0.0014913611,-1,XBS29614.1,Unavailable,Clostridium autoethanogenum
0.99979717,0.00020285018,-1,XBS29605.1,Unavailable,Clostridium autoethanogenum
0.9990081,0.0009918928,-1,XBS29615.1,Unavailable,Clostridium autoethanogenum
0.9994605,0.000539527,-1,XBS29603.1,Unavailable,Clostridium autoethanogenum
0.9992888,0.0007111249,-1,XBS29617.1,Unavailable,Clostridium autoethanogenum
0.9996375,0.00036255794,-1,XBS29607.1,Unavailable,Clostridium autoethanogenum
0.999899,0.00010090279,-1,XBS29599.1,Unavailable,Clostridium autoethanogenum
4.5867102e-05,0.9999541,-1,XBS29623.1,Unavailable,Clostridium autoethanogenum
0.99943703,0.00056292606,-1,XBS29604.1,Unavailable,Clostridium autoethanogenum
0.99967515,0.0003248218,-1,XBS29610.1,Unavailable,Clostridium autoethanogenum
0.99984694,0.00015305777,-1,XBS29609.1,Unavailable,Clostridium autoethanogenum
0.9993735,0.00062657305,-1,XBS29602.1,Unavailable,Clostridium autoethanogenum
0.9998733,0.00012670731,-1,XBS29613.1,Unavailable,Clostridium autoethanogenum
0.99967027,0.00032972367,-1,XBS29600.1,Unavailable,Clostridium autoethanogenum
0.9998654,0.00013459509,-1,XBS29608.1,Unavailable,Clostridium autoethanogenum
0.9990609,0.0009390241,-1,XBS29618.1,Unavailable,Clostridium autoethanogenum
0.99953806,0.00046192302,-1,XBS29606.1,Unavailable,Clostridium autoethanogenum
0.999079,0.00092094386,-1,XBS29612.1,Unavailable,Clostridium autoethanogenum
0.9997087,0.0002912098,-1,XBS29601.1,Unavailable,Clostridium autoethanogenum
0.99965847,0.00034158348,-1,XBS29616.1,Unavailable,Clostridium autoethanogenum
0.99987936,0.000120596036,-1,XBS29620.1,Unavailable,Clostridium autoethanogenum
0.9996786,0.0003213811,-1,XBS29619.1,Unavailable,Clostridium autoethanogenum
0.9997423,0.00025771954,-1,XBS29621.1,Unavailable,Clostridium autoethanogenum
0.99829024,0.0017097179,-1,XBS29622.1,Unavailable,Clostridium autoethanogenum
6.8546306e-06,0.9999931,-1,XBS29634.1,Unavailable,Clostridium autoethanogenum
0.9800883,0.019911753,-1,XBS29632.1,Unavailable,Clostridium autoethanogenum
0.99971443,0.0002855713,-1,XBS29631.1,Unavailable,Clostridium autoethanogenum
9.942649e-06,0.9999901,-1,XBS29640.1,Unavailable,Clostridium autoethanogenum
0.99950826,0.00049174536,-1,XBS29627.1,Unavailable,Clostridium autoethanogenum
0.9996197,0.0003802766,-1,XBS29642.1,Unavailable,Clostridium autoethanogenum
0.9990569,0.00094315235,-1,XBS29629.1,Unavailable,Clostridium autoethanogenum
8.4643425e-06,0.99999154,-1,XBS29635.1,Unavailable,Clostridium autoethanogenum
0.9989737,0.0010263138,-1,XBS29645.1,Unavailable,Clostridium autoethanogenum
0.99905664,0.0009433469,-1,XBS29625.1,Unavailable,Clostridium autoethanogenum
0.99870443,0.0012955607,-1,XBS30322.1,Unavailable,Clostridium autoethanogenum
0.99926275,0.00073723216,-1,XBS29644.1,Unavailable,Clostridium autoethanogenum
0.0020065738,0.99799347,-1,XBS29636.1,Unavailable,Clostridium autoethanogenum
0.9989329,0.0010670867,-1,XBS29643.1,Unavailable,Clostridium autoethanogenum
0.9997009,0.0002990778,-1,XBS29647.1,Unavailable,Clostridium autoethanogenum
0.9919681,0.008031907,-1,XBS29641.1,Unavailable,Clostridium autoethanogenum
0.99940205,0.000597962,-1,XBS29633.1,Unavailable,Clostridium autoethanogenum
0.99987257,0.00012735986,-1,XBS29624.1,Unavailable,Clostridium autoethanogenum
0.8857587,0.114241235,-1,XBS29639.1,Unavailable,Clostridium autoethanogenum
0.99972814,0.0002718372,-1,XBS29628.1,Unavailable,Clostridium autoethanogenum
0.998429,0.0015710226,-1,XBS29630.1,Unavailable,Clostridium autoethanogenum
5.082412e-05,0.9999492,-1,XBS29637.1,Unavailable,Clostridium autoethanogenum
0.99969983,0.00030025607,-1,XBS29626.1,Unavailable,Clostridium autoethanogenum
0.99976367,0.00023636107,-1,XBS29646.1,Unavailable,Clostridium autoethanogenum
0.996151,0.0038490435,-1,XBS29638.1,Unavailable,Clostridium autoethanogenum
0.26537856,0.7346214,-1,XBS29654.1,Unavailable,Clostridium autoethanogenum
0.99952066,0.0004793905,-1,XBS29657.1,Unavailable,Clostridium autoethanogenum
0.9993437,0.0006563316,-1,XBS29653.1,Unavailable,Clostridium autoethanogenum
0.99963355,0.00036643023,-1,XBS29664.1,Unavailable,Clostridium autoethanogenum
0.9993087,0.0006912842,-1,XBS29665.1,Unavailable,Clostridium autoethanogenum
0.9997774,0.00022259733,-1,XBS29658.1,Unavailable,Clostridium autoethanogenum
0.9996948,0.00030524447,-1,XBS29662.1,Unavailable,Clostridium autoethanogenum
0.9996568,0.00034325846,-1,XBS29669.1,Unavailable,Clostridium autoethanogenum
0.9999107,8.928809e-05,-1,XBS29661.1,Unavailable,Clostridium autoethanogenum
0.99929667,0.0007032656,-1,XBS29648.1,Unavailable,Clostridium autoethanogenum
0.9964019,0.0035981354,-1,XBS30325.1,Unavailable,Clostridium autoethanogenum
0.99915135,0.00084868266,-1,XBS29656.1,Unavailable,Clostridium autoethanogenum
0.99931514,0.0006848919,-1,XBS29659.1,Unavailable,Clostridium autoethanogenum
0.9985777,0.001422328,-1,XBS29668.1,Unavailable,Clostridium autoethanogenum
0.9631583,0.03684174,-1,XBS30323.1,Unavailable,Clostridium autoethanogenum
0.99962354,0.00037638537,-1,XBS30324.1,Unavailable,Clostridium autoethanogenum
0.9986243,0.0013757189,-1,XBS29649.1,Unavailable,Clostridium autoethanogenum
0.9988275,0.001172507,-1,XBS29663.1,Unavailable,Clostridium autoethanogenum
0.99962175,0.00037821583,-1,XBS29651.1,Unavailable,Clostridium autoethanogenum
0.99912757,0.00087242154,-1,XBS29650.1,Unavailable,Clostridium autoethanogenum
0.9995702,0.0004297468,-1,XBS29655.1,Unavailable,Clostridium autoethanogenum
0.9996357,0.0003643295,-1,XBS29667.1,Unavailable,Clostridium autoethanogenum
0.997592,0.0024080102,-1,XBS29666.1,Unavailable,Clostridium autoethanogenum
0.9995435,0.00045645816,-1,XBS29652.1,Unavailable,Clostridium autoethanogenum
0.3352199,0.66478014,-1,XBS29660.1,Unavailable,Clostridium autoethanogenum
0.99123126,0.008768717,-1,XBS29683.1,Unavailable,Clostridium autoethanogenum
0.007132341,0.9928677,-1,XBS29686.1,Unavailable,Clostridium autoethanogenum
0.99912804,0.0008720261,-1,XBS29670.1,Unavailable,Clostridium autoethanogenum
0.9992829,0.00071717944,-1,XBS30326.1,Unavailable,Clostridium autoethanogenum
0.9994294,0.0005705811,-1,XBS29681.1,Unavailable,Clostridium autoethanogenum
0.99974304,0.0002569207,-1,XBS29671.1,Unavailable,Clostridium autoethanogenum
0.969711,0.030289017,-1,XBS29685.1,Unavailable,Clostridium autoethanogenum
0.9993443,0.0006557089,-1,XBS29679.1,Unavailable,Clostridium autoethanogenum
0.99983454,0.0001653758,-1,XBS29688.1,Unavailable,Clostridium autoethanogenum
0.99957794,0.0004220039,-1,XBS29678.1,Unavailable,Clostridium autoethanogenum
0.0034047817,0.9965952,-1,XBS29684.1,Unavailable,Clostridium autoethanogenum
0.99939156,0.0006084015,-1,XBS29675.1,Unavailable,Clostridium autoethanogenum
0.022337994,0.977662,-1,XBS29687.1,Unavailable,Clostridium autoethanogenum
0.9991793,0.00082066376,-1,XBS29676.1,Unavailable,Clostridium autoethanogenum
0.99987555,0.00012441397,-1,XBS29672.1,Unavailable,Clostridium autoethanogenum
0.9998411,0.00015886039,-1,XBS29674.1,Unavailable,Clostridium autoethanogenum
0.9997557,0.0002442689,-1,XBS29673.1,Unavailable,Clostridium autoethanogenum
0.99952936,0.00047063798,-1,XBS29691.1,Unavailable,Clostridium autoethanogenum
0.99895346,0.0010465353,-1,XBS29689.1,Unavailable,Clostridium autoethanogenum
0.9992487,0.0007513099,-1,XBS30328.1,Unavailable,Clostridium autoethanogenum
0.99860626,0.0013937266,-1,XBS29682.1,Unavailable,Clostridium autoethanogenum
0.99915695,0.00084308407,-1,XBS29690.1,Unavailable,Clostridium autoethanogenum
0.99945897,0.0005410753,-1,XBS29677.1,Unavailable,Clostridium autoethanogenum
0.99953425,0.0004657573,-1,XBS29680.1,Unavailable,Clostridium autoethanogenum
0.98460406,0.015395983,-1,XBS30327.1,Unavailable,Clostridium autoethanogenum
0.9995652,0.00043484147,-1,XBS29707.1,Unavailable,Clostridium autoethanogenum
0.9989303,0.0010697347,-1,XBS29714.1,Unavailable,Clostridium autoethanogenum
0.9997563,0.00024376196,-1,XBS29694.1,Unavailable,Clostridium autoethanogenum
0.9996463,0.00035368244,-1,XBS29697.1,Unavailable,Clostridium autoethanogenum
0.9973985,0.0026015232,-1,XBS29709.1,Unavailable,Clostridium autoethanogenum
0.9996767,0.00032333322,-1,XBS29693.1,Unavailable,Clostridium autoethanogenum
0.9998062,0.00019376702,-1,XBS29712.1,Unavailable,Clostridium autoethanogenum
0.99959797,0.00040200382,-1,XBS30329.1,Unavailable,Clostridium autoethanogenum
0.9993771,0.0006229703,-1,XBS29699.1,Unavailable,Clostridium autoethanogenum
0.9994153,0.00058474304,-1,XBS29704.1,Unavailable,Clostridium autoethanogenum
0.9991787,0.000821288,-1,XBS29708.1,Unavailable,Clostridium autoethanogenum
0.99812514,0.0018748698,-1,XBS29710.1,Unavailable,Clostridium autoethanogenum
0.99972445,0.00027553618,-1,XBS29711.1,Unavailable,Clostridium autoethanogenum
0.99980396,0.00019605587,-1,XBS29706.1,Unavailable,Clostridium autoethanogenum
0.99963605,0.00036388394,-1,XBS29696.1,Unavailable,Clostridium autoethanogenum
0.99890554,0.0010944699,-1,XBS29715.1,Unavailable,Clostridium autoethanogenum
0.99976367,0.00023639557,-1,XBS29702.1,Unavailable,Clostridium autoethanogenum
0.9996132,0.00038684724,-1,XBS29695.1,Unavailable,Clostridium autoethanogenum
0.9997075,0.000292511,-1,XBS29692.1,Unavailable,Clostridium autoethanogenum
0.9997414,0.00025862953,-1,XBS29698.1,Unavailable,Clostridium autoethanogenum
0.99954396,0.0004560102,-1,XBS29701.1,Unavailable,Clostridium autoethanogenum
0.9991794,0.0008205386,-1,XBS29713.1,Unavailable,Clostridium autoethanogenum
0.9995448,0.00045518333,-1,XBS29703.1,Unavailable,Clostridium autoethanogenum
0.9982937,0.0017062885,-1,XBS29700.1,Unavailable,Clostridium autoethanogenum
0.99896634,0.0010336107,-1,XBS29705.1,Unavailable,Clostridium autoethanogenum
0.99880636,0.001193629,-1,XBS29724.1,Unavailable,Clostridium autoethanogenum
0.9996815,0.00031853726,-1,XBS29722.1,Unavailable,Clostridium autoethanogenum
0.0015314348,0.9984686,-1,XBS29732.1,Unavailable,Clostridium autoethanogenum
0.99825436,0.0017456741,-1,XBS29731.1,Unavailable,Clostridium autoethanogenum
0.9993679,0.0006321333,-1,XBS29729.1,Unavailable,Clostridium autoethanogenum
0.99965286,0.00034711324,-1,XBS29738.1,Unavailable,Clostridium autoethanogenum
0.9956286,0.0043713734,-1,XBS29719.1,Unavailable,Clostridium autoethanogenum
0.99956745,0.00043257975,-1,XBS29730.1,Unavailable,Clostridium autoethanogenum
0.9997049,0.0002950837,-1,XBS29736.1,Unavailable,Clostridium autoethanogenum
0.9996681,0.00033183748,-1,XBS29726.1,Unavailable,Clostridium autoethanogenum
0.9991774,0.00082252774,-1,XBS29725.1,Unavailable,Clostridium autoethanogenum
0.99935395,0.00064606755,-1,XBS29718.1,Unavailable,Clostridium autoethanogenum
0.99955326,0.00044670844,-1,XBS29717.1,Unavailable,Clostridium autoethanogenum
0.9986455,0.0013545132,-1,XBS29737.1,Unavailable,Clostridium autoethanogenum
0.9993419,0.0006580226,-1,XBS29733.1,Unavailable,Clostridium autoethanogenum
0.999663,0.00033698752,-1,XBS29727.1,Unavailable,Clostridium autoethanogenum
0.99948514,0.00051486364,-1,XBS29735.1,Unavailable,Clostridium autoethanogenum
0.9991881,0.0008118396,-1,XBS29720.1,Unavailable,Clostridium autoethanogenum
0.99989665,0.00010338349,-1,XBS29728.1,Unavailable,Clostridium autoethanogenum
0.9996412,0.00035878294,-1,XBS29723.1,Unavailable,Clostridium autoethanogenum
0.9992605,0.00073955784,-1,XBS29716.1,Unavailable,Clostridium autoethanogenum
0.9989287,0.001071202,-1,XBS29739.1,Unavailable,Clostridium autoethanogenum
0.99938214,0.00061780534,-1,XBS29740.1,Unavailable,Clostridium autoethanogenum
0.8570357,0.14296433,-1,XBS29721.1,Unavailable,Clostridium autoethanogenum
0.997795,0.0022050543,-1,XBS29734.1,Unavailable,Clostridium autoethanogenum
0.99768686,0.0023131974,-1,XBS29752.1,Unavailable,Clostridium autoethanogenum
0.9977724,0.002227566,-1,XBS29755.1,Unavailable,Clostridium autoethanogenum
0.9982937,0.0017062504,-1,XBS29753.1,Unavailable,Clostridium autoethanogenum
0.99978477,0.00021529154,-1,XBS29746.1,Unavailable,Clostridium autoethanogenum
0.9991019,0.0008981165,-1,XBS29741.1,Unavailable,Clostridium autoethanogenum
0.9999149,8.507365e-05,-1,XBS29748.1,Unavailable,Clostridium autoethanogenum
0.99980396,0.00019603009,-1,XBS29747.1,Unavailable,Clostridium autoethanogenum
0.9994473,0.0005527502,-1,XBS29763.1,Unavailable,Clostridium autoethanogenum
0.99916303,0.00083697116,-1,XBS29759.1,Unavailable,Clostridium autoethanogenum
0.99954695,0.0004530797,-1,XBS29761.1,Unavailable,Clostridium autoethanogenum
0.99977595,0.00022402835,-1,XBS29756.1,Unavailable,Clostridium autoethanogenum
0.9994342,0.0005658326,-1,XBS29757.1,Unavailable,Clostridium autoethanogenum
0.9997106,0.00028932464,-1,XBS29743.1,Unavailable,Clostridium autoethanogenum
0.9994356,0.0005644105,-1,XBS29764.1,Unavailable,Clostridium autoethanogenum
0.99895895,0.0010410602,-1,XBS29760.1,Unavailable,Clostridium autoethanogenum
0.9989901,0.0010099014,-1,XBS29750.1,Unavailable,Clostridium autoethanogenum
0.999542,0.00045797357,-1,XBS29744.1,Unavailable,Clostridium autoethanogenum
0.9980065,0.0019935358,-1,XBS29751.1,Unavailable,Clostridium autoethanogenum
0.9975304,0.002469585,-1,XBS29754.1,Unavailable,Clostridium autoethanogenum
0.9992675,0.0007325086,-1,XBS29758.1,Unavailable,Clostridium autoethanogenum
0.99966025,0.00033972872,-1,XBS29742.1,Unavailable,Clostridium autoethanogenum
0.9967878,0.0032121744,-1,XBS29762.1,Unavailable,Clostridium autoethanogenum
0.99942553,0.00057453697,-1,XBS29745.1,Unavailable,Clostridium autoethanogenum
0.99845135,0.0015486476,-1,XBS29749.1,Unavailable,Clostridium autoethanogenum
0.99388015,0.0061198543,-1,XBS29765.1,Unavailable,Clostridium autoethanogenum
0.9992034,0.00079659745,-1,XBS29782.1,Unavailable,Clostridium autoethanogenum
0.999159,0.00084104406,-1,XBS29778.1,Unavailable,Clostridium autoethanogenum
0.99866855,0.0013314893,-1,XBS29777.1,Unavailable,Clostridium autoethanogenum
0.99941623,0.00058376347,-1,XBS29779.1,Unavailable,Clostridium autoethanogenum
0.99754494,0.0024550532,-1,XBS29788.1,Unavailable,Clostridium autoethanogenum
0.99982375,0.0001763378,-1,XBS29767.1,Unavailable,Clostridium autoethanogenum
0.9994248,0.00057519996,-1,XBS29773.1,Unavailable,Clostridium autoethanogenum
0.9989348,0.001065188,-1,XBS29766.1,Unavailable,Clostridium autoethanogenum
0.9985066,0.0014933121,-1,XBS29775.1,Unavailable,Clostridium autoethanogenum
0.9994394,0.00056055124,-1,XBS30331.1,Unavailable,Clostridium autoethanogenum
0.99963903,0.00036096838,-1,XBS29781.1,Unavailable,Clostridium autoethanogenum
0.999824,0.0001760156,-1,XBS29783.1,Unavailable,Clostridium autoethanogenum
0.99961543,0.00038451763,-1,XBS29780.1,Unavailable,Clostridium autoethanogenum
0.9996314,0.00036863517,-1,XBS29785.1,Unavailable,Clostridium autoethanogenum
0.99972874,0.00027120736,-1,XBS29769.1,Unavailable,Clostridium autoethanogenum
0.9984164,0.0015835644,-1,XBS29768.1,Unavailable,Clostridium autoethanogenum
0.9950847,0.004915315,-1,XBS29787.1,Unavailable,Clostridium autoethanogenum
0.99957246,0.00042750285,-1,XBS29774.1,Unavailable,Clostridium autoethanogenum
0.9996828,0.0003172752,-1,XBS30330.1,Unavailable,Clostridium autoethanogenum
0.99890363,0.0010963432,-1,XBS29771.1,Unavailable,Clostridium autoethanogenum
0.9984864,0.0015136056,-1,XBS29776.1,Unavailable,Clostridium autoethanogenum
0.99868673,0.0013132704,-1,XBS29772.1,Unavailable,Clostridium autoethanogenum
0.9997198,0.00028013243,-1,XBS29784.1,Unavailable,Clostridium autoethanogenum
0.98901457,0.010985471,-1,XBS29770.1,Unavailable,Clostridium autoethanogenum
0.99971646,0.00028348874,-1,XBS29786.1,Unavailable,Clostridium autoethanogenum
0.99927694,0.0007230637,-1,XBS29809.1,Unavailable,Clostridium autoethanogenum
0.99875855,0.0012413987,-1,XBS29807.1,Unavailable,Clostridium autoethanogenum
0.49050158,0.5094984,-1,XBS29811.1,Unavailable,Clostridium autoethanogenum
0.9997603,0.00023967431,-1,XBS29793.1,Unavailable,Clostridium autoethanogenum
0.99955565,0.00044439075,-1,XBS29798.1,Unavailable,Clostridium autoethanogenum
0.99982965,0.00017037998,-1,XBS29813.1,Unavailable,Clostridium autoethanogenum
0.99970466,0.0002953353,-1,XBS29800.1,Unavailable,Clostridium autoethanogenum
0.98617816,0.013821794,-1,XBS29794.1,Unavailable,Clostridium autoethanogenum
0.9999323,6.772981e-05,-1,XBS29804.1,Unavailable,Clostridium autoethanogenum
0.33753267,0.66246736,-1,XBS29808.1,Unavailable,Clostridium autoethanogenum
0.9977673,0.002232692,-1,XBS29812.1,Unavailable,Clostridium autoethanogenum
0.9997371,0.00026291952,-1,XBS29796.1,Unavailable,Clostridium autoethanogenum
0.999684,0.0003160519,-1,XBS29789.1,Unavailable,Clostridium autoethanogenum
0.9996613,0.0003386797,-1,XBS29810.1,Unavailable,Clostridium autoethanogenum
0.99980754,0.00019254487,-1,XBS29806.1,Unavailable,Clostridium autoethanogenum
0.9995122,0.000487786,-1,XBS29805.1,Unavailable,Clostridium autoethanogenum
0.99711144,0.0028885126,-1,XBS29791.1,Unavailable,Clostridium autoethanogenum
0.998004,0.0019959318,-1,XBS29803.1,Unavailable,Clostridium autoethanogenum
0.9996799,0.00032009682,-1,XBS29797.1,Unavailable,Clostridium autoethanogenum
0.9997886,0.0002114216,-1,XBS29792.1,Unavailable,Clostridium autoethanogenum
0.988096,0.011904002,-1,XBS29802.1,Unavailable,Clostridium autoethanogenum
0.9993839,0.0006161034,-1,XBS29801.1,Unavailable,Clostridium autoethanogenum
0.7909762,0.20902385,-1,XBS29790.1,Unavailable,Clostridium autoethanogenum
0.99982435,0.00017562899,-1,XBS29795.1,Unavailable,Clostridium autoethanogenum
0.58120185,0.41879824,-1,XBS29799.1,Unavailable,Clostridium autoethanogenum
0.99489224,0.0051077898,-1,XBS30333.1,Unavailable,Clostridium autoethanogenum
0.9987764,0.001223613,-1,XBS29830.1,Unavailable,Clostridium autoethanogenum
0.9967698,0.0032302437,-1,XBS29816.1,Unavailable,Clostridium autoethanogenum
0.9992224,0.00077764574,-1,XBS29823.1,Unavailable,Clostridium autoethanogenum
0.99873453,0.0012654912,-1,XBS29833.1,Unavailable,Clostridium autoethanogenum
0.997306,0.0026940245,-1,XBS29832.1,Unavailable,Clostridium autoethanogenum
0.99985254,0.00014739197,-1,XBS30332.1,Unavailable,Clostridium autoethanogenum
0.9988875,0.0011125057,-1,XBS29815.1,Unavailable,Clostridium autoethanogenum
0.99967813,0.00032183397,-1,XBS29819.1,Unavailable,Clostridium autoethanogenum
0.99946386,0.00053615915,-1,XBS29829.1,Unavailable,Clostridium autoethanogenum
0.9986298,0.0013701996,-1,XBS29818.1,Unavailable,Clostridium autoethanogenum
0.9994381,0.0005618476,-1,XBS29822.1,Unavailable,Clostridium autoethanogenum
3.212146e-06,0.9999968,-1,XBS29828.1,Unavailable,Clostridium autoethanogenum
0.9997799,0.0002201632,-1,XBS29835.1,Unavailable,Clostridium autoethanogenum
0.9998264,0.00017368188,-1,XBS29814.1,Unavailable,Clostridium autoethanogenum
0.9996735,0.00032650086,-1,XBS29827.1,Unavailable,Clostridium autoethanogenum
0.99659085,0.0034092213,-1,XBS29821.1,Unavailable,Clostridium autoethanogenum
0.9996928,0.0003072207,-1,XBS29826.1,Unavailable,Clostridium autoethanogenum
0.9989957,0.0010042585,-1,XBS29834.1,Unavailable,Clostridium autoethanogenum
0.99840957,0.001590402,-1,XBS29836.1,Unavailable,Clostridium autoethanogenum
0.9998215,0.00017849616,-1,XBS29831.1,Unavailable,Clostridium autoethanogenum
0.99705863,0.0029413805,-1,XBS29817.1,Unavailable,Clostridium autoethanogenum
0.82595,0.17404997,-1,XBS29825.1,Unavailable,Clostridium autoethanogenum
0.9656352,0.03436478,-1,XBS29820.1,Unavailable,Clostridium autoethanogenum
0.9996892,0.00031082443,-1,XBS29824.1,Unavailable,Clostridium autoethanogenum
0.99951696,0.00048304148,-1,XBS29838.1,Unavailable,Clostridium autoethanogenum
0.9858273,0.014172679,-1,XBS30334.1,Unavailable,Clostridium autoethanogenum
0.9998585,0.00014153535,-1,XBS29842.1,Unavailable,Clostridium autoethanogenum
0.9957136,0.0042864005,-1,XBS29837.1,Unavailable,Clostridium autoethanogenum
0.9972383,0.0027616548,-1,XBS29860.1,Unavailable,Clostridium autoethanogenum
0.99764144,0.0023585532,-1,XBS29856.1,Unavailable,Clostridium autoethanogenum
0.9893217,0.010678353,-1,XBS29855.1,Unavailable,Clostridium autoethanogenum
0.99643767,0.0035623075,-1,XBS29851.1,Unavailable,Clostridium autoethanogenum
0.99890435,0.001095654,-1,XBS29849.1,Unavailable,Clostridium autoethanogenum
0.99818003,0.0018199804,-1,XBS29850.1,Unavailable,Clostridium autoethanogenum
0.9990778,0.0009222083,-1,XBS29847.1,Unavailable,Clostridium autoethanogenum
0.9997578,0.00024213607,-1,XBS29848.1,Unavailable,Clostridium autoethanogenum
0.995854,0.004146059,-1,XBS29858.1,Unavailable,Clostridium autoethanogenum
0.000959225,0.9990408,-1,XBS29840.1,Unavailable,Clostridium autoethanogenum
0.999424,0.00057609216,-1,XBS29853.1,Unavailable,Clostridium autoethanogenum
0.99817383,0.0018261515,-1,XBS29841.1,Unavailable,Clostridium autoethanogenum
0.99896085,0.001039106,-1,XBS29859.1,Unavailable,Clostridium autoethanogenum
0.9994729,0.00052704645,-1,XBS29857.1,Unavailable,Clostridium autoethanogenum
0.9987104,0.0012896035,-1,XBS29843.1,Unavailable,Clostridium autoethanogenum
0.99883777,0.001162256,-1,XBS29845.1,Unavailable,Clostridium autoethanogenum
0.9996247,0.00037524305,-1,XBS29846.1,Unavailable,Clostridium autoethanogenum
0.9964212,0.0035787923,-1,XBS29839.1,Unavailable,Clostridium autoethanogenum
0.99680376,0.0031962302,-1,XBS29852.1,Unavailable,Clostridium autoethanogenum
0.99983275,0.00016719633,-1,XBS29844.1,Unavailable,Clostridium autoethanogenum
0.9992211,0.0007788568,-1,XBS29854.1,Unavailable,Clostridium autoethanogenum
0.9982811,0.0017189477,-1,XBS29871.1,Unavailable,Clostridium autoethanogenum
0.9970156,0.0029844532,-1,XBS29869.1,Unavailable,Clostridium autoethanogenum
0.9990876,0.0009124163,-1,XBS29884.1,Unavailable,Clostridium autoethanogenum
0.9991683,0.0008316914,-1,XBS29882.1,Unavailable,Clostridium autoethanogenum
0.9987826,0.0012173959,-1,XBS29867.1,Unavailable,Clostridium autoethanogenum
0.9985436,0.0014563688,-1,XBS29868.1,Unavailable,Clostridium autoethanogenum
0.999577,0.00042299106,-1,XBS29866.1,Unavailable,Clostridium autoethanogenum
0.9993069,0.00069302,-1,XBS29877.1,Unavailable,Clostridium autoethanogenum
0.99920017,0.0007998557,-1,XBS29863.1,Unavailable,Clostridium autoethanogenum
0.9989588,0.0010411881,-1,XBS29876.1,Unavailable,Clostridium autoethanogenum
0.99786913,0.002130795,-1,XBS29872.1,Unavailable,Clostridium autoethanogenum
0.99957424,0.00042578232,-1,XBS30335.1,Unavailable,Clostridium autoethanogenum
0.99921536,0.0007846368,-1,XBS29862.1,Unavailable,Clostridium autoethanogenum
0.9985588,0.00144119,-1,XBS29878.1,Unavailable,Clostridium autoethanogenum
0.9991498,0.0008502067,-1,XBS29870.1,Unavailable,Clostridium autoethanogenum
0.9996947,0.00030535186,-1,XBS29861.1,Unavailable,Clostridium autoethanogenum
0.9992781,0.0007218623,-1,XBS29865.1,Unavailable,Clostridium autoethanogenum
0.9995951,0.00040487075,-1,XBS29879.1,Unavailable,Clostridium autoethanogenum
0.9826737,0.017326333,-1,XBS29873.1,Unavailable,Clostridium autoethanogenum
0.9975883,0.00241176,-1,XBS29874.1,Unavailable,Clostridium autoethanogenum
0.99891925,0.0010807408,-1,XBS29875.1,Unavailable,Clostridium autoethanogenum
0.99848855,0.0015114386,-1,XBS29883.1,Unavailable,Clostridium autoethanogenum
0.99977726,0.0002227094,-1,XBS29880.1,Unavailable,Clostridium autoethanogenum
0.99889046,0.0011096047,-1,XBS29864.1,Unavailable,Clostridium autoethanogenum
0.9981494,0.001850641,-1,XBS29881.1,Unavailable,Clostridium autoethanogenum
0.9981584,0.0018415642,-1,XBS29895.1,Unavailable,Clostridium autoethanogenum
0.99672025,0.003279733,-1,XBS29894.1,Unavailable,Clostridium autoethanogenum
0.998372,0.0016280343,-1,XBS29889.1,Unavailable,Clostridium autoethanogenum
0.9993069,0.00069312804,-1,XBS29886.1,Unavailable,Clostridium autoethanogenum
0.99934095,0.00065898465,-1,XBS29902.1,Unavailable,Clostridium autoethanogenum
0.99941075,0.00058924814,-1,XBS29887.1,Unavailable,Clostridium autoethanogenum
0.99889284,0.0011071898,-1,XBS29904.1,Unavailable,Clostridium autoethanogenum
0.9893203,0.010679764,-1,XBS29890.1,Unavailable,Clostridium autoethanogenum
0.9995091,0.00049092877,-1,XBS29901.1,Unavailable,Clostridium autoethanogenum
0.9979468,0.0020532415,-1,XBS29908.1,Unavailable,Clostridium autoethanogenum
0.99689674,0.0031032339,-1,XBS29903.1,Unavailable,Clostridium autoethanogenum
0.9983164,0.0016835965,-1,XBS29892.1,Unavailable,Clostridium autoethanogenum
0.98736155,0.012638498,-1,XBS29899.1,Unavailable,Clostridium autoethanogenum
0.9994816,0.00051835907,-1,XBS29907.1,Unavailable,Clostridium autoethanogenum
0.9992305,0.0007695383,-1,XBS29885.1,Unavailable,Clostridium autoethanogenum
0.99917966,0.00082033064,-1,XBS30336.1,Unavailable,Clostridium autoethanogenum
0.9989267,0.0010732992,-1,XBS29888.1,Unavailable,Clostridium autoethanogenum
0.9996327,0.00036732317,-1,XBS29905.1,Unavailable,Clostridium autoethanogenum
0.99899703,0.0010029705,-1,XBS29891.1,Unavailable,Clostridium autoethanogenum
0.9995467,0.00045325872,-1,XBS29893.1,Unavailable,Clostridium autoethanogenum
0.99661654,0.0033835084,-1,XBS29898.1,Unavailable,Clostridium autoethanogenum
0.9983771,0.0016228635,-1,XBS29906.1,Unavailable,Clostridium autoethanogenum
0.9997838,0.00021625562,-1,XBS29896.1,Unavailable,Clostridium autoethanogenum
0.9988846,0.0011153596,-1,XBS29897.1,Unavailable,Clostridium autoethanogenum
0.9999684,3.1532807e-05,-1,XBS29900.1,Unavailable,Clostridium autoethanogenum
0.9917921,0.008207908,-1,XBS29925.1,Unavailable,Clostridium autoethanogenum
0.9986089,0.001391119,-1,XBS29923.1,Unavailable,Clostridium autoethanogenum
0.9993869,0.00061309786,-1,XBS29922.1,Unavailable,Clostridium autoethanogenum
0.9998074,0.00019254944,-1,XBS29909.1,Unavailable,Clostridium autoethanogenum
0.9957665,0.0042334707,-1,XBS29921.1,Unavailable,Clostridium autoethanogenum
0.9983329,0.0016670863,-1,XBS29913.1,Unavailable,Clostridium autoethanogenum
0.9790493,0.020950723,-1,XBS29916.1,Unavailable,Clostridium autoethanogenum
0.99854714,0.0014527936,-1,XBS29932.1,Unavailable,Clostridium autoethanogenum
0.9990094,0.000990642,-1,XBS29927.1,Unavailable,Clostridium autoethanogenum
0.64793664,0.35206327,-1,XBS29912.1,Unavailable,Clostridium autoethanogenum
0.9988557,0.00114428,-1,XBS29924.1,Unavailable,Clostridium autoethanogenum
0.9998247,0.00017535307,-1,XBS29915.1,Unavailable,Clostridium autoethanogenum
0.9992551,0.00074490724,-1,XBS29918.1,Unavailable,Clostridium autoethanogenum
0.999691,0.0003089666,-1,XBS29931.1,Unavailable,Clostridium autoethanogenum
0.6813915,0.31860852,-1,XBS29920.1,Unavailable,Clostridium autoethanogenum
0.999605,0.00039502844,-1,XBS29914.1,Unavailable,Clostridium autoethanogenum
0.69919515,0.3008048,-1,XBS29933.1,Unavailable,Clostridium autoethanogenum
0.99962103,0.00037895734,-1,XBS29928.1,Unavailable,Clostridium autoethanogenum
0.9953744,0.004625664,-1,XBS29919.1,Unavailable,Clostridium autoethanogenum
0.8906024,0.109397635,-1,XBS29926.1,Unavailable,Clostridium autoethanogenum
0.99956435,0.00043561726,-1,XBS29929.1,Unavailable,Clostridium autoethanogenum
0.902851,0.09714898,-1,XBS29910.1,Unavailable,Clostridium autoethanogenum
0.9998313,0.0001686788,-1,XBS29930.1,Unavailable,Clostridium autoethanogenum
0.0052391225,0.99476093,-1,XBS29917.1,Unavailable,Clostridium autoethanogenum
0.9940498,0.005950274,-1,XBS29911.1,Unavailable,Clostridium autoethanogenum
0.92569304,0.074306935,-1,XBS29957.1,Unavailable,Clostridium autoethanogenum
0.9915844,0.008415559,-1,XBS29945.1,Unavailable,Clostridium autoethanogenum
0.0021547137,0.9978453,-1,XBS29934.1,Unavailable,Clostridium autoethanogenum
6.1857295e-06,0.9999938,-1,XBS29949.1,Unavailable,Clostridium autoethanogenum
0.99716574,0.002834246,-1,XBS29943.1,Unavailable,Clostridium autoethanogenum
0.9986216,0.0013784664,-1,XBS29951.1,Unavailable,Clostridium autoethanogenum
0.999708,0.00029198435,-1,XBS29955.1,Unavailable,Clostridium autoethanogenum
0.99969876,0.00030121653,-1,XBS29944.1,Unavailable,Clostridium autoethanogenum
0.68131065,0.31868938,-1,XBS30337.1,Unavailable,Clostridium autoethanogenum
0.9979893,0.0020107338,-1,XBS29937.1,Unavailable,Clostridium autoethanogenum
0.99935824,0.0006417928,-1,XBS29956.1,Unavailable,Clostridium autoethanogenum
0.9972855,0.0027144754,-1,XBS29942.1,Unavailable,Clostridium autoethanogenum
0.9994885,0.0005115624,-1,XBS29947.1,Unavailable,Clostridium autoethanogenum
0.9994474,0.0005525761,-1,XBS29953.1,Unavailable,Clostridium autoethanogenum
0.99720097,0.002799099,-1,XBS29935.1,Unavailable,Clostridium autoethanogenum
0.9992693,0.00073070393,-1,XBS29946.1,Unavailable,Clostridium autoethanogenum
0.9985669,0.0014331111,-1,XBS29948.1,Unavailable,Clostridium autoethanogenum
0.999097,0.0009029942,-1,XBS29950.1,Unavailable,Clostridium autoethanogenum
0.9964631,0.0035368758,-1,XBS29936.1,Unavailable,Clostridium autoethanogenum
0.9998417,0.00015827299,-1,XBS29940.1,Unavailable,Clostridium autoethanogenum
0.9998543,0.00014559895,-1,XBS29938.1,Unavailable,Clostridium autoethanogenum
0.99727434,0.002725714,-1,XBS29939.1,Unavailable,Clostridium autoethanogenum
0.9997019,0.00029808833,-1,XBS29941.1,Unavailable,Clostridium autoethanogenum
0.9922753,0.00772476,-1,XBS29952.1,Unavailable,Clostridium autoethanogenum
0.9986386,0.0013613662,-1,XBS29954.1,Unavailable,Clostridium autoethanogenum
0.99868196,0.0013180696,-1,XBS29959.1,Unavailable,Clostridium autoethanogenum
0.992454,0.007546053,-1,XBS29963.1,Unavailable,Clostridium autoethanogenum
0.9980254,0.0019746087,-1,XBS29964.1,Unavailable,Clostridium autoethanogenum
0.9986732,0.0013268556,-1,XBS29980.1,Unavailable,Clostridium autoethanogenum
0.99796885,0.0020311843,-1,XBS29974.1,Unavailable,Clostridium autoethanogenum
0.99930227,0.00069772615,-1,XBS29966.1,Unavailable,Clostridium autoethanogenum
0.9791891,0.020810874,-1,XBS29965.1,Unavailable,Clostridium autoethanogenum
0.99946564,0.00053435256,-1,XBS29971.1,Unavailable,Clostridium autoethanogenum
0.9993142,0.00068580237,-1,XBS29960.1,Unavailable,Clostridium autoethanogenum
0.99954695,0.00045306218,-1,XBS29981.1,Unavailable,Clostridium autoethanogenum
0.9985656,0.0014344035,-1,XBS29972.1,Unavailable,Clostridium autoethanogenum
0.9987915,0.0012085567,-1,XBS29961.1,Unavailable,Clostridium autoethanogenum
0.9983277,0.0016723044,-1,XBS29962.1,Unavailable,Clostridium autoethanogenum
0.93143886,0.06856112,-1,XBS29958.1,Unavailable,Clostridium autoethanogenum
0.9983039,0.0016960525,-1,XBS29968.1,Unavailable,Clostridium autoethanogenum
0.9994117,0.00058834715,-1,XBS29973.1,Unavailable,Clostridium autoethanogenum
0.99958557,0.0004144866,-1,XBS30338.1,Unavailable,Clostridium autoethanogenum
0.9996613,0.00033872054,-1,XBS29979.1,Unavailable,Clostridium autoethanogenum
0.9994216,0.0005784498,-1,XBS29975.1,Unavailable,Clostridium autoethanogenum
0.9998325,0.00016740913,-1,XBS29978.1,Unavailable,Clostridium autoethanogenum
0.9992311,0.0007689563,-1,XBS29976.1,Unavailable,Clostridium autoethanogenum
0.9995951,0.0004048806,-1,XBS29967.1,Unavailable,Clostridium autoethanogenum
0.99970704,0.00029290753,-1,XBS29977.1,Unavailable,Clostridium autoethanogenum
0.9964708,0.0035291505,-1,XBS29969.1,Unavailable,Clostridium autoethanogenum
0.9188659,0.08113411,-1,XBS29970.1,Unavailable,Clostridium autoethanogenum
0.99928695,0.000713054,-1,XBS29988.1,Unavailable,Clostridium autoethanogenum
0.9994054,0.0005946318,-1,XBS29985.1,Unavailable,Clostridium autoethanogenum
0.99770606,0.0022939667,-1,XBS29997.1,Unavailable,Clostridium autoethanogenum
0.9995029,0.0004971455,-1,XBS30001.1,Unavailable,Clostridium autoethanogenum
0.9996939,0.00030612224,-1,XBS30006.1,Unavailable,Clostridium autoethanogenum
0.99968624,0.00031380792,-1,XBS29999.1,Unavailable,Clostridium autoethanogenum
0.9998455,0.00015442756,-1,XBS30003.1,Unavailable,Clostridium autoethanogenum
0.99978405,0.00021597599,-1,XBS30002.1,Unavailable,Clostridium autoethanogenum
0.99950516,0.0004948501,-1,XBS29983.1,Unavailable,Clostridium autoethanogenum
0.9998807,0.000119256925,-1,XBS30005.1,Unavailable,Clostridium autoethanogenum
0.97878563,0.021214297,-1,XBS29995.1,Unavailable,Clostridium autoethanogenum
0.9993492,0.00065085903,-1,XBS29991.1,Unavailable,Clostridium autoethanogenum
0.9997073,0.0002927403,-1,XBS29987.1,Unavailable,Clostridium autoethanogenum
0.99944586,0.0005541265,-1,XBS29982.1,Unavailable,Clostridium autoethanogenum
0.999882,0.00011797206,-1,XBS29998.1,Unavailable,Clostridium autoethanogenum
0.9998103,0.00018978384,-1,XBS29984.1,Unavailable,Clostridium autoethanogenum
0.99851364,0.0014863103,-1,XBS29986.1,Unavailable,Clostridium autoethanogenum
0.9996145,0.00038554668,-1,XBS29996.1,Unavailable,Clostridium autoethanogenum
0.99952304,0.00047700445,-1,XBS29992.1,Unavailable,Clostridium autoethanogenum
0.99976283,0.00023713305,-1,XBS29994.1,Unavailable,Clostridium autoethanogenum
0.9995055,0.0004945149,-1,XBS29993.1,Unavailable,Clostridium autoethanogenum
0.9995689,0.00043105768,-1,XBS30004.1,Unavailable,Clostridium autoethanogenum
0.9996152,0.00038473672,-1,XBS29989.1,Unavailable,Clostridium autoethanogenum
0.99909675,0.00090323424,-1,XBS29990.1,Unavailable,Clostridium autoethanogenum
0.0025895664,0.9974105,-1,XBS30000.1,Unavailable,Clostridium autoethanogenum
0.0060581565,0.99394184,-1,XBS30022.1,Unavailable,Clostridium autoethanogenum
0.99930394,0.00069603464,-1,XBS30013.1,Unavailable,Clostridium autoethanogenum
0.99937207,0.00062801153,-1,XBS30008.1,Unavailable,Clostridium autoethanogenum
0.99849474,0.0015052913,-1,XBS30025.1,Unavailable,Clostridium autoethanogenum
0.99976486,0.00023519728,-1,XBS30007.1,Unavailable,Clostridium autoethanogenum
0.99986184,0.00013813692,-1,XBS30339.1,Unavailable,Clostridium autoethanogenum
0.9996338,0.0003662401,-1,XBS30012.1,Unavailable,Clostridium autoethanogenum
0.99738985,0.002610129,-1,XBS30024.1,Unavailable,Clostridium autoethanogenum
0.9988618,0.0011382045,-1,XBS30027.1,Unavailable,Clostridium autoethanogenum
0.9997366,0.0002633558,-1,XBS30014.1,Unavailable,Clostridium autoethanogenum
0.99906427,0.00093580666,-1,XBS30009.1,Unavailable,Clostridium autoethanogenum
0.9996038,0.0003962011,-1,XBS30015.1,Unavailable,Clostridium autoethanogenum
0.99901724,0.0009826968,-1,XBS30029.1,Unavailable,Clostridium autoethanogenum
0.9930375,0.0069624335,-1,XBS30028.1,Unavailable,Clostridium autoethanogenum
0.99990153,9.844313e-05,-1,XBS30010.1,Unavailable,Clostridium autoethanogenum
0.99810934,0.0018906541,-1,XBS30018.1,Unavailable,Clostridium autoethanogenum
0.999181,0.00081906933,-1,XBS30030.1,Unavailable,Clostridium autoethanogenum
0.9999354,6.455551e-05,-1,XBS30011.1,Unavailable,Clostridium autoethanogenum
0.998911,0.0010890156,-1,XBS30026.1,Unavailable,Clostridium autoethanogenum
0.9998103,0.00018968649,-1,XBS30017.1,Unavailable,Clostridium autoethanogenum
3.398108e-05,0.999966,-1,XBS30021.1,Unavailable,Clostridium autoethanogenum
0.99970406,0.0002958702,-1,XBS30016.1,Unavailable,Clostridium autoethanogenum
0.9999286,7.141983e-05,-1,XBS30019.1,Unavailable,Clostridium autoethanogenum
0.9994815,0.0005184764,-1,XBS30023.1,Unavailable,Clostridium autoethanogenum
0.23612344,0.76387656,-1,XBS30020.1,Unavailable,Clostridium autoethanogenum
0.9992436,0.00075645244,-1,XBS30049.1,Unavailable,Clostridium autoethanogenum
0.9997539,0.00024616317,-1,XBS30046.1,Unavailable,Clostridium autoethanogenum
0.99889994,0.0011000608,-1,XBS30043.1,Unavailable,Clostridium autoethanogenum
0.9981749,0.0018251472,-1,XBS30036.1,Unavailable,Clostridium autoethanogenum
0.99955696,0.00044303725,-1,XBS30053.1,Unavailable,Clostridium autoethanogenum
0.9992956,0.0007044443,-1,XBS30054.1,Unavailable,Clostridium autoethanogenum
0.9979342,0.0020658113,-1,XBS30035.1,Unavailable,Clostridium autoethanogenum
0.9985304,0.0014695779,-1,XBS30052.1,Unavailable,Clostridium autoethanogenum
0.997497,0.00250298,-1,XBS30050.1,Unavailable,Clostridium autoethanogenum
0.9964259,0.003574089,-1,XBS30039.1,Unavailable,Clostridium autoethanogenum
0.9989109,0.0010891506,-1,XBS30041.1,Unavailable,Clostridium autoethanogenum
0.9998741,0.00012586785,-1,XBS30047.1,Unavailable,Clostridium autoethanogenum
0.99994504,5.4952856e-05,-1,XBS30033.1,Unavailable,Clostridium autoethanogenum
0.99952424,0.0004757879,-1,XBS30042.1,Unavailable,Clostridium autoethanogenum
0.9916467,0.008353361,-1,XBS30051.1,Unavailable,Clostridium autoethanogenum
0.99977916,0.00022082543,-1,XBS30032.1,Unavailable,Clostridium autoethanogenum
0.9991549,0.00084508676,-1,XBS30038.1,Unavailable,Clostridium autoethanogenum
0.6543773,0.34562263,-1,XBS30037.1,Unavailable,Clostridium autoethanogenum
0.9980294,0.0019705852,-1,XBS30040.1,Unavailable,Clostridium autoethanogenum
0.99921787,0.0007820603,-1,XBS30340.1,Unavailable,Clostridium autoethanogenum
0.99932015,0.0006799038,-1,XBS30044.1,Unavailable,Clostridium autoethanogenum
0.9983005,0.0016995475,-1,XBS30048.1,Unavailable,Clostridium autoethanogenum
0.0017809904,0.99821895,-1,XBS30031.1,Unavailable,Clostridium autoethanogenum
0.2270552,0.77294475,-1,XBS30034.1,Unavailable,Clostridium autoethanogenum
0.9978199,0.002180149,-1,XBS30045.1,Unavailable,Clostridium autoethanogenum
0.99936193,0.0006381357,-1,XBS30341.1,Unavailable,Clostridium autoethanogenum
0.9993118,0.00068821775,-1,XBS30064.1,Unavailable,Clostridium autoethanogenum
0.99956685,0.00043311424,-1,XBS30067.1,Unavailable,Clostridium autoethanogenum
0.99832207,0.0016779198,-1,XBS30065.1,Unavailable,Clostridium autoethanogenum
0.9986957,0.0013043843,-1,XBS30072.1,Unavailable,Clostridium autoethanogenum
0.99994624,5.3784166e-05,-1,XBS30077.1,Unavailable,Clostridium autoethanogenum
0.9992525,0.00074742653,-1,XBS30076.1,Unavailable,Clostridium autoethanogenum
0.99972457,0.0002754322,-1,XBS30073.1,Unavailable,Clostridium autoethanogenum
0.9987494,0.0012506348,-1,XBS30060.1,Unavailable,Clostridium autoethanogenum
0.99960214,0.00039788775,-1,XBS30071.1,Unavailable,Clostridium autoethanogenum
0.9992273,0.0007727359,-1,XBS30055.1,Unavailable,Clostridium autoethanogenum
0.9994174,0.00058255065,-1,XBS30070.1,Unavailable,Clostridium autoethanogenum
0.998857,0.0011430118,-1,XBS30342.1,Unavailable,Clostridium autoethanogenum
0.9987452,0.0012547546,-1,XBS30068.1,Unavailable,Clostridium autoethanogenum
0.999283,0.0007170636,-1,XBS30061.1,Unavailable,Clostridium autoethanogenum
0.9989838,0.0010161337,-1,XBS30074.1,Unavailable,Clostridium autoethanogenum
0.99951565,0.000484338,-1,XBS30063.1,Unavailable,Clostridium autoethanogenum
0.9993888,0.00061112357,-1,XBS30069.1,Unavailable,Clostridium autoethanogenum
0.99971074,0.0002892952,-1,XBS30056.1,Unavailable,Clostridium autoethanogenum
0.9984181,0.0015818486,-1,XBS30058.1,Unavailable,Clostridium autoethanogenum
0.99767596,0.0023240158,-1,XBS30057.1,Unavailable,Clostridium autoethanogenum
0.99912995,0.00087008346,-1,XBS30075.1,Unavailable,Clostridium autoethanogenum
0.9998209,0.00017912411,-1,XBS30062.1,Unavailable,Clostridium autoethanogenum
0.9974445,0.0025554404,-1,XBS30059.1,Unavailable,Clostridium autoethanogenum
0.9997043,0.00029570106,-1,XBS30066.1,Unavailable,Clostridium autoethanogenum
0.99968445,0.00031556567,-1,XBS30092.1,Unavailable,Clostridium autoethanogenum
0.9986614,0.0013385415,-1,XBS30082.1,Unavailable,Clostridium autoethanogenum
0.9995665,0.00043350193,-1,XBS30093.1,Unavailable,Clostridium autoethanogenum
0.99959594,0.00040406067,-1,XBS30100.1,Unavailable,Clostridium autoethanogenum
0.99709976,0.0029002759,-1,XBS30086.1,Unavailable,Clostridium autoethanogenum
0.99989474,0.00010529354,-1,XBS30343.1,Unavailable,Clostridium autoethanogenum
0.99980897,0.00019106825,-1,XBS30097.1,Unavailable,Clostridium autoethanogenum
0.99966156,0.00033843663,-1,XBS30099.1,Unavailable,Clostridium autoethanogenum
0.999106,0.000893962,-1,XBS30091.1,Unavailable,Clostridium autoethanogenum
0.9980421,0.0019578591,-1,XBS30089.1,Unavailable,Clostridium autoethanogenum
0.9997762,0.00022383343,-1,XBS30078.1,Unavailable,Clostridium autoethanogenum
0.9898672,0.010132794,-1,XBS30090.1,Unavailable,Clostridium autoethanogenum
0.991932,0.008068015,-1,XBS30083.1,Unavailable,Clostridium autoethanogenum
0.9991301,0.0008699209,-1,XBS30084.1,Unavailable,Clostridium autoethanogenum
0.9991535,0.000846523,-1,XBS30081.1,Unavailable,Clostridium autoethanogenum
0.9994954,0.00050464424,-1,XBS30101.1,Unavailable,Clostridium autoethanogenum
0.9956279,0.004372079,-1,XBS30085.1,Unavailable,Clostridium autoethanogenum
0.9988991,0.0011008779,-1,XBS30088.1,Unavailable,Clostridium autoethanogenum
0.9885677,0.011432326,-1,XBS30094.1,Unavailable,Clostridium autoethanogenum
0.93682635,0.0631737,-1,XBS30079.1,Unavailable,Clostridium autoethanogenum
0.98378235,0.016217647,-1,XBS30095.1,Unavailable,Clostridium autoethanogenum
0.9365211,0.06347882,-1,XBS30080.1,Unavailable,Clostridium autoethanogenum
0.9980994,0.0019006325,-1,XBS30087.1,Unavailable,Clostridium autoethanogenum
0.99522287,0.004777092,-1,XBS30096.1,Unavailable,Clostridium autoethanogenum
0.9974698,0.002530182,-1,XBS30098.1,Unavailable,Clostridium autoethanogenum
0.9994542,0.00054580707,-1,XBS30107.1,Unavailable,Clostridium autoethanogenum
0.9958033,0.0041967183,-1,XBS30115.1,Unavailable,Clostridium autoethanogenum
0.9997106,0.0002893901,-1,XBS30109.1,Unavailable,Clostridium autoethanogenum
0.999432,0.00056790945,-1,XBS30121.1,Unavailable,Clostridium autoethanogenum
0.99948186,0.0005181805,-1,XBS30119.1,Unavailable,Clostridium autoethanogenum
0.9990577,0.00094228954,-1,XBS30103.1,Unavailable,Clostridium autoethanogenum
0.9997789,0.000221031,-1,XBS30110.1,Unavailable,Clostridium autoethanogenum
0.9986308,0.0013691809,-1,XBS30117.1,Unavailable,Clostridium autoethanogenum
0.99936134,0.00063867297,-1,XBS30122.1,Unavailable,Clostridium autoethanogenum
0.99848396,0.0015160325,-1,XBS30105.1,Unavailable,Clostridium autoethanogenum
0.9998313,0.00016863717,-1,XBS30126.1,Unavailable,Clostridium autoethanogenum
0.99987304,0.00012691107,-1,XBS30120.1,Unavailable,Clostridium autoethanogenum
0.999718,0.0002819717,-1,XBS30125.1,Unavailable,Clostridium autoethanogenum
0.9995763,0.00042373608,-1,XBS30108.1,Unavailable,Clostridium autoethanogenum
0.9977118,0.0022881995,-1,XBS30112.1,Unavailable,Clostridium autoethanogenum
0.9995433,0.00045668625,-1,XBS30118.1,Unavailable,Clostridium autoethanogenum
0.9997603,0.00023963589,-1,XBS30106.1,Unavailable,Clostridium autoethanogenum
0.99948454,0.00051541894,-1,XBS30102.1,Unavailable,Clostridium autoethanogenum
0.99924004,0.0007600131,-1,XBS30123.1,Unavailable,Clostridium autoethanogenum
0.9989598,0.0010402541,-1,XBS30104.1,Unavailable,Clostridium autoethanogenum
0.4731273,0.5268727,-1,XBS30114.1,Unavailable,Clostridium autoethanogenum
0.9924816,0.0075183837,-1,XBS30116.1,Unavailable,Clostridium autoethanogenum
0.03107162,0.9689284,-1,XBS30124.1,Unavailable,Clostridium autoethanogenum
0.99957985,0.0004201214,-1,XBS30111.1,Unavailable,Clostridium autoethanogenum
0.9990864,0.0009135725,-1,XBS30113.1,Unavailable,Clostridium autoethanogenum
0.9985335,0.0014664758,-1,XBS30145.1,Unavailable,Clostridium autoethanogenum
0.9991968,0.0008031617,-1,XBS30144.1,Unavailable,Clostridium autoethanogenum
0.99580103,0.004198995,-1,XBS30148.1,Unavailable,Clostridium autoethanogenum
0.9991398,0.0008601577,-1,XBS30141.1,Unavailable,Clostridium autoethanogenum
0.9993374,0.0006625875,-1,XBS30139.1,Unavailable,Clostridium autoethanogenum
0.9997662,0.00023378427,-1,XBS30344.1,Unavailable,Clostridium autoethanogenum
0.99849033,0.0015096614,-1,XBS30147.1,Unavailable,Clostridium autoethanogenum
0.9991364,0.00086362433,-1,XBS30129.1,Unavailable,Clostridium autoethanogenum
0.998516,0.0014840256,-1,XBS30130.1,Unavailable,Clostridium autoethanogenum
0.99940324,0.0005967049,-1,XBS30142.1,Unavailable,Clostridium autoethanogenum
0.9990128,0.0009871211,-1,XBS30149.1,Unavailable,Clostridium autoethanogenum
0.99954224,0.00045775142,-1,XBS30134.1,Unavailable,Clostridium autoethanogenum
0.99935085,0.0006491972,-1,XBS30150.1,Unavailable,Clostridium autoethanogenum
0.9994942,0.0005058405,-1,XBS30137.1,Unavailable,Clostridium autoethanogenum
0.9938111,0.0061889538,-1,XBS30131.1,Unavailable,Clostridium autoethanogenum
0.99981314,0.00018685345,-1,XBS30136.1,Unavailable,Clostridium autoethanogenum
0.9998116,0.00018848252,-1,XBS30133.1,Unavailable,Clostridium autoethanogenum
0.99939764,0.00060234097,-1,XBS30140.1,Unavailable,Clostridium autoethanogenum
0.9997291,0.0002709107,-1,XBS30135.1,Unavailable,Clostridium autoethanogenum
0.9986828,0.0013172339,-1,XBS30138.1,Unavailable,Clostridium autoethanogenum
0.9997372,0.00026275788,-1,XBS30132.1,Unavailable,Clostridium autoethanogenum
0.9996358,0.00036422166,-1,XBS30127.1,Unavailable,Clostridium autoethanogenum
0.99768996,0.0023100614,-1,XBS30143.1,Unavailable,Clostridium autoethanogenum
0.9991254,0.000874541,-1,XBS30128.1,Unavailable,Clostridium autoethanogenum
0.9992513,0.0007486412,-1,XBS30146.1,Unavailable,Clostridium autoethanogenum
0.99865,0.0013500385,-1,XBS30170.1,Unavailable,Clostridium autoethanogenum
0.99946755,0.0005325008,-1,XBS30156.1,Unavailable,Clostridium autoethanogenum
0.9992536,0.00074641156,-1,XBS30159.1,Unavailable,Clostridium autoethanogenum
0.999316,0.0006839839,-1,XBS30165.1,Unavailable,Clostridium autoethanogenum
0.9995128,0.0004872688,-1,XBS30166.1,Unavailable,Clostridium autoethanogenum
0.9994087,0.0005912483,-1,XBS30169.1,Unavailable,Clostridium autoethanogenum
0.9997296,0.0002704593,-1,XBS30164.1,Unavailable,Clostridium autoethanogenum
0.9995127,0.00048734728,-1,XBS30154.1,Unavailable,Clostridium autoethanogenum
0.053949878,0.94605017,-1,XBS30158.1,Unavailable,Clostridium autoethanogenum
0.9995838,0.00041624307,-1,XBS30168.1,Unavailable,Clostridium autoethanogenum
0.99676704,0.0032329457,-1,XBS30160.1,Unavailable,Clostridium autoethanogenum
0.99909556,0.00090450933,-1,XBS30152.1,Unavailable,Clostridium autoethanogenum
0.99921465,0.0007853632,-1,XBS30163.1,Unavailable,Clostridium autoethanogenum
0.99970263,0.0002973194,-1,XBS30171.1,Unavailable,Clostridium autoethanogenum
0.9996891,0.0003108718,-1,XBS30155.1,Unavailable,Clostridium autoethanogenum
0.0005818884,0.99941814,-1,XBS30174.1,Unavailable,Clostridium autoethanogenum
0.999795,0.00020494669,-1,XBS30157.1,Unavailable,Clostridium autoethanogenum
0.99980396,0.00019607102,-1,XBS30345.1,Unavailable,Clostridium autoethanogenum
0.9983267,0.001673236,-1,XBS30162.1,Unavailable,Clostridium autoethanogenum
0.9979691,0.002030868,-1,XBS30151.1,Unavailable,Clostridium autoethanogenum
0.42580023,0.57419974,-1,XBS30173.1,Unavailable,Clostridium autoethanogenum
0.99980694,0.00019310563,-1,XBS30167.1,Unavailable,Clostridium autoethanogenum
0.28971413,0.71028584,-1,XBS30172.1,Unavailable,Clostridium autoethanogenum
0.99951315,0.00048690525,-1,XBS30153.1,Unavailable,Clostridium autoethanogenum
0.99896765,0.0010323195,-1,XBS30161.1,Unavailable,Clostridium autoethanogenum
0.9988625,0.0011374798,-1,XBS30186.1,Unavailable,Clostridium autoethanogenum
0.9960879,0.003912147,-1,XBS30179.1,Unavailable,Clostridium autoethanogenum
0.99925286,0.00074717455,-1,XBS30176.1,Unavailable,Clostridium autoethanogenum
0.9991412,0.00085880654,-1,XBS30177.1,Unavailable,Clostridium autoethanogenum
0.9993494,0.0006505269,-1,XBS30175.1,Unavailable,Clostridium autoethanogenum
0.99826306,0.0017369069,-1,XBS30185.1,Unavailable,Clostridium autoethanogenum
1.880601e-05,0.99998116,-1,XBS30180.1,Unavailable,Clostridium autoethanogenum
3.7522415e-05,0.99996245,-1,XBS30194.1,Unavailable,Clostridium autoethanogenum
2.586161e-05,0.99997413,-1,XBS30191.1,Unavailable,Clostridium autoethanogenum
2.3801626e-05,0.99997616,-1,XBS30189.1,Unavailable,Clostridium autoethanogenum
6.9360205e-05,0.9999306,-1,XBS30199.1,Unavailable,Clostridium autoethanogenum
5.452019e-05,0.9999455,-1,XBS30187.1,Unavailable,Clostridium autoethanogenum
3.2627006e-05,0.99996734,-1,XBS30181.1,Unavailable,Clostridium autoethanogenum
3.2295375e-05,0.9999677,-1,XBS30192.1,Unavailable,Clostridium autoethanogenum
1.5714886e-05,0.99998426,-1,XBS30182.1,Unavailable,Clostridium autoethanogenum
7.352393e-05,0.99992645,-1,XBS30196.1,Unavailable,Clostridium autoethanogenum
3.1546584e-05,0.9999684,-1,XBS30190.1,Unavailable,Clostridium autoethanogenum
0.9442347,0.055765253,-1,XBS30178.1,Unavailable,Clostridium autoethanogenum
5.7096757e-05,0.9999429,-1,XBS30195.1,Unavailable,Clostridium autoethanogenum
6.2725514e-05,0.9999373,-1,XBS30197.1,Unavailable,Clostridium autoethanogenum
9.598665e-05,0.99990404,-1,XBS30184.1,Unavailable,Clostridium autoethanogenum
0.999516,0.00048395354,-1,XBS30198.1,Unavailable,Clostridium autoethanogenum
0.000109664914,0.9998903,-1,XBS30193.1,Unavailable,Clostridium autoethanogenum
0.98752904,0.012470923,-1,XBS30188.1,Unavailable,Clostridium autoethanogenum
0.99965477,0.00034523147,-1,XBS30183.1,Unavailable,Clostridium autoethanogenum
0.994755,0.0052449154,-1,XBS30214.1,Unavailable,Clostridium autoethanogenum
0.9949858,0.0050142417,-1,XBS30213.1,Unavailable,Clostridium autoethanogenum
0.99428517,0.005714798,-1,XBS30209.1,Unavailable,Clostridium autoethanogenum
0.99595344,0.0040465808,-1,XBS30208.1,Unavailable,Clostridium autoethanogenum
0.99595344,0.0040465808,-1,XBS30221.1,Unavailable,Clostridium autoethanogenum
2.2219003e-05,0.9999778,-1,XBS30203.1,Unavailable,Clostridium autoethanogenum
1.5680036e-05,0.99998426,-1,XBS30217.1,Unavailable,Clostridium autoethanogenum
5.309837e-05,0.99994695,-1,XBS30200.1,Unavailable,Clostridium autoethanogenum
0.9988971,0.0011029568,-1,XBS30222.1,Unavailable,Clostridium autoethanogenum
1.745702e-05,0.9999826,-1,XBS30206.1,Unavailable,Clostridium autoethanogenum
3.1593194e-05,0.9999684,-1,XBS30205.1,Unavailable,Clostridium autoethanogenum
0.982451,0.017548984,-1,XBS30219.1,Unavailable,Clostridium autoethanogenum
0.98860884,0.011391211,-1,XBS30223.1,Unavailable,Clostridium autoethanogenum
8.709658e-05,0.99991286,-1,XBS30216.1,Unavailable,Clostridium autoethanogenum
2.8812075e-05,0.99997115,-1,XBS30210.1,Unavailable,Clostridium autoethanogenum
9.448358e-06,0.9999906,-1,XBS30218.1,Unavailable,Clostridium autoethanogenum
2.6656175e-05,0.9999733,-1,XBS30211.1,Unavailable,Clostridium autoethanogenum
0.9650773,0.034922704,-1,XBS30215.1,Unavailable,Clostridium autoethanogenum
1.8319364e-05,0.99998164,-1,XBS30201.1,Unavailable,Clostridium autoethanogenum
7.8609075e-05,0.99992144,-1,XBS30207.1,Unavailable,Clostridium autoethanogenum
2.9826711e-05,0.9999702,-1,XBS30204.1,Unavailable,Clostridium autoethanogenum
3.3493725e-05,0.9999665,-1,XBS30202.1,Unavailable,Clostridium autoethanogenum
0.005764946,0.9942351,-1,XBS30212.1,Unavailable,Clostridium autoethanogenum
0.9995493,0.00045064325,-1,XBS30346.1,Unavailable,Clostridium autoethanogenum
0.9868442,0.013155845,-1,XBS30220.1,Unavailable,Clostridium autoethanogenum
0.99867934,0.0013206974,-1,XBS30232.1,Unavailable,Clostridium autoethanogenum
0.99938345,0.0006164996,-1,XBS30248.1,Unavailable,Clostridium autoethanogenum
0.29425222,0.7057478,-1,XBS30237.1,Unavailable,Clostridium autoethanogenum
0.9951722,0.0048278156,-1,XBS30245.1,Unavailable,Clostridium autoethanogenum
0.97953516,0.02046487,-1,XBS30240.1,Unavailable,Clostridium autoethanogenum
0.99643874,0.0035612977,-1,XBS30247.1,Unavailable,Clostridium autoethanogenum
0.9934911,0.006508816,-1,XBS30226.1,Unavailable,Clostridium autoethanogenum
0.98351836,0.016481644,-1,XBS30239.1,Unavailable,Clostridium autoethanogenum
0.9994937,0.0005062905,-1,XBS30238.1,Unavailable,Clostridium autoethanogenum
0.9982754,0.0017245583,-1,XBS30231.1,Unavailable,Clostridium autoethanogenum
0.61479336,0.3852066,-1,XBS30228.1,Unavailable,Clostridium autoethanogenum
0.9985108,0.0014892373,-1,XBS30230.1,Unavailable,Clostridium autoethanogenum
0.99893016,0.0010698361,-1,XBS30233.1,Unavailable,Clostridium autoethanogenum
0.9992279,0.0007721217,-1,XBS30243.1,Unavailable,Clostridium autoethanogenum
0.99808913,0.0019108852,-1,XBS30242.1,Unavailable,Clostridium autoethanogenum
0.27577186,0.7242281,-1,XBS30224.1,Unavailable,Clostridium autoethanogenum
0.99889755,0.0011023817,-1,XBS30244.1,Unavailable,Clostridium autoethanogenum
0.9990694,0.0009306512,-1,XBS30227.1,Unavailable,Clostridium autoethanogenum
0.9995364,0.0004635774,-1,XBS30234.1,Unavailable,Clostridium autoethanogenum
0.9870977,0.01290229,-1,XBS30246.1,Unavailable,Clostridium autoethanogenum
0.9968912,0.0031087645,-1,XBS30235.1,Unavailable,Clostridium autoethanogenum
0.9986222,0.0013777785,-1,XBS30241.1,Unavailable,Clostridium autoethanogenum
0.0007360311,0.99926394,-1,XBS30225.1,Unavailable,Clostridium autoethanogenum
0.9996137,0.00038636924,-1,XBS30229.1,Unavailable,Clostridium autoethanogenum
0.99965227,0.0003477817,-1,XBS30236.1,Unavailable,Clostridium autoethanogenum
0.9986727,0.0013272454,-1,XBS30259.1,Unavailable,Clostridium autoethanogenum
0.9995958,0.00040424796,-1,XBS30256.1,Unavailable,Clostridium autoethanogenum
0.99680483,0.003195158,-1,XBS30255.1,Unavailable,Clostridium autoethanogenum
0.99972314,0.00027687338,-1,XBS30262.1,Unavailable,Clostridium autoethanogenum
0.99909854,0.00090143905,-1,XBS30268.1,Unavailable,Clostridium autoethanogenum
0.9987313,0.0012686345,-1,XBS30265.1,Unavailable,Clostridium autoethanogenum
0.9993624,0.00063762564,-1,XBS30261.1,Unavailable,Clostridium autoethanogenum
0.99869543,0.0013045489,-1,XBS30271.1,Unavailable,Clostridium autoethanogenum
0.99928397,0.00071609014,-1,XBS30258.1,Unavailable,Clostridium autoethanogenum
0.9994351,0.00056485075,-1,XBS30264.1,Unavailable,Clostridium autoethanogenum
0.9949116,0.0050883535,-1,XBS30267.1,Unavailable,Clostridium autoethanogenum
0.99962866,0.00037127107,-1,XBS30270.1,Unavailable,Clostridium autoethanogenum
0.9997584,0.00024156953,-1,XBS30263.1,Unavailable,Clostridium autoethanogenum
0.99922955,0.0007704419,-1,XBS30272.1,Unavailable,Clostridium autoethanogenum
0.9992893,0.0007106727,-1,XBS30260.1,Unavailable,Clostridium autoethanogenum
0.9971366,0.0028634013,-1,XBS30257.1,Unavailable,Clostridium autoethanogenum
0.6539664,0.3460335,-1,XBS30249.1,Unavailable,Clostridium autoethanogenum
0.99953604,0.00046399675,-1,XBS30251.1,Unavailable,Clostridium autoethanogenum
0.9998417,0.0001582354,-1,XBS30273.1,Unavailable,Clostridium autoethanogenum
0.99963033,0.00036969307,-1,XBS30269.1,Unavailable,Clostridium autoethanogenum
0.99034154,0.009658447,-1,XBS30252.1,Unavailable,Clostridium autoethanogenum
0.9641471,0.03585293,-1,XBS30266.1,Unavailable,Clostridium autoethanogenum
0.056440677,0.94355935,-1,XBS30254.1,Unavailable,Clostridium autoethanogenum
0.99991834,8.164412e-05,-1,XBS30250.1,Unavailable,Clostridium autoethanogenum
0.00019979582,0.99980026,-1,XBS30253.1,Unavailable,Clostridium autoethanogenum
0.9979773,0.0020227483,-1,XBS30281.1,Unavailable,Clostridium autoethanogenum
0.99972504,0.00027490983,-1,XBS26531.1,Unavailable,Clostridium autoethanogenum
0.31553465,0.68446535,-1,XBS26532.1,Unavailable,Clostridium autoethanogenum
0.9985245,0.0014754821,-1,XBS26541.1,Unavailable,Clostridium autoethanogenum
0.999005,0.0009949551,-1,XBS30284.1,Unavailable,Clostridium autoethanogenum
0.99978024,0.00021975403,-1,XBS26537.1,Unavailable,Clostridium autoethanogenum
0.99874336,0.0012566852,-1,XBS30276.1,Unavailable,Clostridium autoethanogenum
0.99979097,0.0002090423,-1,XBS30277.1,Unavailable,Clostridium autoethanogenum
0.9998011,0.00019887855,-1,XBS26538.1,Unavailable,Clostridium autoethanogenum
0.9971035,0.0028964584,-1,XBS30275.1,Unavailable,Clostridium autoethanogenum
0.99875486,0.0012451565,-1,XBS30278.1,Unavailable,Clostridium autoethanogenum
0.99972516,0.00027482834,-1,XBS26536.1,Unavailable,Clostridium autoethanogenum
0.99920195,0.0007980997,-1,XBS26540.1,Unavailable,Clostridium autoethanogenum
0.9992329,0.0007671411,-1,XBS26539.1,Unavailable,Clostridium autoethanogenum
0.9996197,0.0003802095,-1,XBS30280.1,Unavailable,Clostridium autoethanogenum
0.9991943,0.00080571277,-1,XBS30285.1,Unavailable,Clostridium autoethanogenum
0.9996183,0.0003816756,-1,XBS30274.1,Unavailable,Clostridium autoethanogenum
0.99985564,0.00014432729,-1,XBS30279.1,Unavailable,Clostridium autoethanogenum
0.99682474,0.0031753127,-1,XBS30282.1,Unavailable,Clostridium autoethanogenum
0.99705446,0.0029454834,-1,XBS30287.1,Unavailable,Clostridium autoethanogenum
0.99836165,0.0016383141,-1,XBS26534.1,Unavailable,Clostridium autoethanogenum
0.9997671,0.00023288793,-1,XBS26535.1,Unavailable,Clostridium autoethanogenum
0.9976277,0.002372331,-1,XBS26533.1,Unavailable,Clostridium autoethanogenum
0.9997104,0.0002896211,-1,XBS30283.1,Unavailable,Clostridium autoethanogenum
0.9995796,0.0004204179,-1,XBS30286.1,Unavailable,Clostridium autoethanogenum
0.99974316,0.0002567992,-1,XBS26558.1,Unavailable,Clostridium autoethanogenum
0.99901843,0.0009815056,-1,XBS26560.1,Unavailable,Clostridium autoethanogenum
0.99923515,0.00076487823,-1,XBS26564.1,Unavailable,Clostridium autoethanogenum
0.9974051,0.0025949294,-1,XBS26557.1,Unavailable,Clostridium autoethanogenum
0.99730814,0.002691919,-1,XBS26544.1,Unavailable,Clostridium autoethanogenum
0.5230083,0.4769917,-1,XBS26561.1,Unavailable,Clostridium autoethanogenum
0.99960154,0.0003984527,-1,XBS26555.1,Unavailable,Clostridium autoethanogenum
0.99949396,0.0005060314,-1,XBS26562.1,Unavailable,Clostridium autoethanogenum
0.99881494,0.0011850698,-1,XBS26563.1,Unavailable,Clostridium autoethanogenum
0.99947983,0.00052019465,-1,XBS26550.1,Unavailable,Clostridium autoethanogenum
0.93642586,0.06357411,-1,XBS26551.1,Unavailable,Clostridium autoethanogenum
0.99976474,0.00023527285,-1,XBS26552.1,Unavailable,Clostridium autoethanogenum
0.9988777,0.0011222942,-1,XBS26548.1,Unavailable,Clostridium autoethanogenum
0.9990294,0.00097056583,-1,XBS26546.1,Unavailable,Clostridium autoethanogenum
0.998353,0.0016469966,-1,XBS26547.1,Unavailable,Clostridium autoethanogenum
0.9994547,0.00054533227,-1,XBS26553.1,Unavailable,Clostridium autoethanogenum
0.8720837,0.12791629,-1,XBS26556.1,Unavailable,Clostridium autoethanogenum
0.99973184,0.0002682017,-1,XBS26545.1,Unavailable,Clostridium autoethanogenum
0.9984403,0.0015596442,-1,XBS26543.1,Unavailable,Clostridium autoethanogenum
0.9997359,0.00026403964,-1,XBS26549.1,Unavailable,Clostridium autoethanogenum
0.9982836,0.0017163729,-1,XBS26542.1,Unavailable,Clostridium autoethanogenum
0.9997391,0.0002608521,-1,XBS26565.1,Unavailable,Clostridium autoethanogenum
0.99953675,0.00046326377,-1,XBS26554.1,Unavailable,Clostridium autoethanogenum
0.99881697,0.0011830059,-1,XBS26566.1,Unavailable,Clostridium autoethanogenum
0.99886274,0.00113733,-1,XBS26559.1,Unavailable,Clostridium autoethanogenum
0.99958974,0.00041021535,-1,XBS26571.1,Unavailable,Clostridium autoethanogenum
0.9997212,0.00027872578,-1,XBS26583.1,Unavailable,Clostridium autoethanogenum
0.99946266,0.00053737423,-1,XBS26577.1,Unavailable,Clostridium autoethanogenum
0.99973696,0.0002630045,-1,XBS26573.1,Unavailable,Clostridium autoethanogenum
0.9982052,0.0017947725,-1,XBS26574.1,Unavailable,Clostridium autoethanogenum
0.9976561,0.0023438325,-1,XBS26575.1,Unavailable,Clostridium autoethanogenum
0.99949193,0.0005080088,-1,XBS26589.1,Unavailable,Clostridium autoethanogenum
0.9995771,0.00042286285,-1,XBS26581.1,Unavailable,Clostridium autoethanogenum
0.9993462,0.0006537975,-1,XBS26582.1,Unavailable,Clostridium autoethanogenum
0.9982943,0.0017057527,-1,XBS26572.1,Unavailable,Clostridium autoethanogenum
0.99920744,0.0007925304,-1,XBS26579.1,Unavailable,Clostridium autoethanogenum
0.9993,0.00069995393,-1,XBS26578.1,Unavailable,Clostridium autoethanogenum
0.9993932,0.00060672103,-1,XBS26576.1,Unavailable,Clostridium autoethanogenum
0.99988794,0.000111995374,-1,XBS26567.1,Unavailable,Clostridium autoethanogenum
0.99936074,0.00063926517,-1,XBS30347.1,Unavailable,Clostridium autoethanogenum
0.9998462,0.00015377605,-1,XBS30348.1,Unavailable,Clostridium autoethanogenum
0.99980956,0.00019046472,-1,XBS26585.1,Unavailable,Clostridium autoethanogenum
0.9995815,0.00041843473,-1,XBS26584.1,Unavailable,Clostridium autoethanogenum
0.9996973,0.0003027153,-1,XBS26568.1,Unavailable,Clostridium autoethanogenum
0.99977225,0.00022777538,-1,XBS26570.1,Unavailable,Clostridium autoethanogenum
0.9970788,0.002921249,-1,XBS26587.1,Unavailable,Clostridium autoethanogenum
0.997133,0.0028669485,-1,XBS26588.1,Unavailable,Clostridium autoethanogenum
0.9998708,0.00012919621,-1,XBS26569.1,Unavailable,Clostridium autoethanogenum
0.9883095,0.011690531,-1,XBS26586.1,Unavailable,Clostridium autoethanogenum
0.9994413,0.0005586218,-1,XBS26580.1,Unavailable,Clostridium autoethanogenum
0.9807248,0.01927515,-1,XBS26592.1,Unavailable,Clostridium autoethanogenum
0.6932721,0.30672786,-1,XBS26590.1,Unavailable,Clostridium autoethanogenum
0.99496657,0.005033453,-1,XBS26609.1,Unavailable,Clostridium autoethanogenum
0.9989573,0.0010427238,-1,XBS26610.1,Unavailable,Clostridium autoethanogenum
0.99935335,0.00064660865,-1,XBS26601.1,Unavailable,Clostridium autoethanogenum
0.9988601,0.0011399288,-1,XBS26593.1,Unavailable,Clostridium autoethanogenum
0.99901736,0.0009826351,-1,XBS26599.1,Unavailable,Clostridium autoethanogenum
0.99975854,0.00024146544,-1,XBS26605.1,Unavailable,Clostridium autoethanogenum
0.9991454,0.00085460086,-1,XBS26607.1,Unavailable,Clostridium autoethanogenum
0.9994404,0.0005596158,-1,XBS26606.1,Unavailable,Clostridium autoethanogenum
0.9994742,0.0005258452,-1,XBS26608.1,Unavailable,Clostridium autoethanogenum
0.998175,0.0018249847,-1,XBS26612.1,Unavailable,Clostridium autoethanogenum
0.006206737,0.99379325,-1,XBS26611.1,Unavailable,Clostridium autoethanogenum
0.99937326,0.0006267611,-1,XBS26602.1,Unavailable,Clostridium autoethanogenum
0.99980885,0.00019119035,-1,XBS26604.1,Unavailable,Clostridium autoethanogenum
0.00019683769,0.9998031,-1,XBS26591.1,Unavailable,Clostridium autoethanogenum
0.99778664,0.0022132862,-1,XBS26596.1,Unavailable,Clostridium autoethanogenum
0.00015451566,0.9998455,-1,XBS26614.1,Unavailable,Clostridium autoethanogenum
0.9992454,0.0007545653,-1,XBS26594.1,Unavailable,Clostridium autoethanogenum
0.00013473482,0.9998653,-1,XBS26597.1,Unavailable,Clostridium autoethanogenum
0.00013806373,0.99986196,-1,XBS26595.1,Unavailable,Clostridium autoethanogenum
0.9958806,0.0041193846,-1,XBS26600.1,Unavailable,Clostridium autoethanogenum
0.9998018,0.0001981691,-1,XBS26603.1,Unavailable,Clostridium autoethanogenum
0.99966633,0.00033369943,-1,XBS26598.1,Unavailable,Clostridium autoethanogenum
0.99979013,0.00020990912,-1,XBS26613.1,Unavailable,Clostridium autoethanogenum
0.99890625,0.0010937315,-1,XBS26624.1,Unavailable,Clostridium autoethanogenum
0.9948953,0.0051047103,-1,XBS26621.1,Unavailable,Clostridium autoethanogenum
0.97588545,0.024114538,-1,XBS30349.1,Unavailable,Clostridium autoethanogenum
0.99874926,0.0012507585,-1,XBS26625.1,Unavailable,Clostridium autoethanogenum
0.9994184,0.00058158784,-1,XBS26616.1,Unavailable,Clostridium autoethanogenum
0.9774794,0.02252063,-1,XBS26627.1,Unavailable,Clostridium autoethanogenum
0.9970822,0.0029178578,-1,XBS26628.1,Unavailable,Clostridium autoethanogenum
0.9992501,0.000749814,-1,XBS26617.1,Unavailable,Clostridium autoethanogenum
0.99951017,0.0004897749,-1,XBS26619.1,Unavailable,Clostridium autoethanogenum
0.99527526,0.004724724,-1,XBS26631.1,Unavailable,Clostridium autoethanogenum
0.9990146,0.00098538,-1,XBS26637.1,Unavailable,Clostridium autoethanogenum
0.1931919,0.8068081,-1,XBS26636.1,Unavailable,Clostridium autoethanogenum
0.999684,0.0003160528,-1,XBS26629.1,Unavailable,Clostridium autoethanogenum
0.99893445,0.0010655463,-1,XBS26623.1,Unavailable,Clostridium autoethanogenum
0.99472696,0.0052730236,-1,XBS26622.1,Unavailable,Clostridium autoethanogenum
0.9953236,0.0046764803,-1,XBS26633.1,Unavailable,Clostridium autoethanogenum
0.5801883,0.41981176,-1,XBS26634.1,Unavailable,Clostridium autoethanogenum
0.058854364,0.94114566,-1,XBS26626.1,Unavailable,Clostridium autoethanogenum
0.99700254,0.002997441,-1,XBS26620.1,Unavailable,Clostridium autoethanogenum
0.9980787,0.0019213523,-1,XBS26638.1,Unavailable,Clostridium autoethanogenum
0.9998647,0.00013533098,-1,XBS26632.1,Unavailable,Clostridium autoethanogenum
0.00059121655,0.99940884,-1,XBS26618.1,Unavailable,Clostridium autoethanogenum
0.9998361,0.00016383357,-1,XBS26630.1,Unavailable,Clostridium autoethanogenum
0.99966896,0.00033110217,-1,XBS26635.1,Unavailable,Clostridium autoethanogenum
0.99904484,0.00095519394,-1,XBS26615.1,Unavailable,Clostridium autoethanogenum
0.9994579,0.00054206356,-1,XBS26648.1,Unavailable,Clostridium autoethanogenum
0.99941456,0.0005854362,-1,XBS26651.1,Unavailable,Clostridium autoethanogenum
0.0009645486,0.9990355,-1,XBS26656.1,Unavailable,Clostridium autoethanogenum
0.9947491,0.005250838,-1,XBS26660.1,Unavailable,Clostridium autoethanogenum
0.9975432,0.002456766,-1,XBS26661.1,Unavailable,Clostridium autoethanogenum
0.9947395,0.0052605127,-1,XBS26642.1,Unavailable,Clostridium autoethanogenum
0.9993806,0.0006193308,-1,XBS26647.1,Unavailable,Clostridium autoethanogenum
0.9992304,0.00076961634,-1,XBS26649.1,Unavailable,Clostridium autoethanogenum
0.9988362,0.0011638526,-1,XBS26659.1,Unavailable,Clostridium autoethanogenum
0.12747377,0.8725263,-1,XBS26658.1,Unavailable,Clostridium autoethanogenum
0.9983535,0.0016465033,-1,XBS26646.1,Unavailable,Clostridium autoethanogenum
0.9969433,0.003056683,-1,XBS26643.1,Unavailable,Clostridium autoethanogenum
0.9997008,0.00029928033,-1,XBS26639.1,Unavailable,Clostridium autoethanogenum
0.9985825,0.0014174728,-1,XBS26653.1,Unavailable,Clostridium autoethanogenum
0.9995704,0.00042959527,-1,XBS26644.1,Unavailable,Clostridium autoethanogenum
0.9818839,0.018116111,-1,XBS26641.1,Unavailable,Clostridium autoethanogenum
0.9983865,0.0016135669,-1,XBS26652.1,Unavailable,Clostridium autoethanogenum
0.9966344,0.0033656033,-1,XBS26657.1,Unavailable,Clostridium autoethanogenum
0.99789387,0.0021061946,-1,XBS26663.1,Unavailable,Clostridium autoethanogenum
0.99985504,0.00014499518,-1,XBS26640.1,Unavailable,Clostridium autoethanogenum
0.9996985,0.00030145497,-1,XBS26662.1,Unavailable,Clostridium autoethanogenum
0.99950457,0.00049540226,-1,XBS26655.1,Unavailable,Clostridium autoethanogenum
0.99182194,0.008178023,-1,XBS26654.1,Unavailable,Clostridium autoethanogenum
0.99954766,0.0004523674,-1,XBS26650.1,Unavailable,Clostridium autoethanogenum
0.99925584,0.00074420066,-1,XBS26645.1,Unavailable,Clostridium autoethanogenum
0.99928814,0.0007118498,-1,XBS26668.1,Unavailable,Clostridium autoethanogenum
0.9996798,0.00032027083,-1,XBS26686.1,Unavailable,Clostridium autoethanogenum
0.99913776,0.0008622396,-1,XBS26678.1,Unavailable,Clostridium autoethanogenum
0.99974936,0.00025060071,-1,XBS26673.1,Unavailable,Clostridium autoethanogenum
0.99849355,0.0015064635,-1,XBS26669.1,Unavailable,Clostridium autoethanogenum
0.99972206,0.00027788125,-1,XBS26665.1,Unavailable,Clostridium autoethanogenum
0.99852437,0.0014756115,-1,XBS26682.1,Unavailable,Clostridium autoethanogenum
0.99979633,0.0002036929,-1,XBS26683.1,Unavailable,Clostridium autoethanogenum
0.99955124,0.00044874553,-1,XBS26667.1,Unavailable,Clostridium autoethanogenum
0.9995326,0.00046745862,-1,XBS26674.1,Unavailable,Clostridium autoethanogenum
0.9993573,0.0006426815,-1,XBS26676.1,Unavailable,Clostridium autoethanogenum
0.9995091,0.0004908672,-1,XBS26670.1,Unavailable,Clostridium autoethanogenum
0.99977726,0.00022280458,-1,XBS26675.1,Unavailable,Clostridium autoethanogenum
0.99962413,0.0003758171,-1,XBS26672.1,Unavailable,Clostridium autoethanogenum
0.9995894,0.0004106665,-1,XBS26671.1,Unavailable,Clostridium autoethanogenum
0.9997826,0.00021741835,-1,XBS26666.1,Unavailable,Clostridium autoethanogenum
0.99957603,0.0004239106,-1,XBS26680.1,Unavailable,Clostridium autoethanogenum
0.9996166,0.0003833839,-1,XBS26681.1,Unavailable,Clostridium autoethanogenum
0.9998473,0.00015268198,-1,XBS26684.1,Unavailable,Clostridium autoethanogenum
0.99665606,0.0033438792,-1,XBS26664.1,Unavailable,Clostridium autoethanogenum
0.99980825,0.00019176326,-1,XBS26677.1,Unavailable,Clostridium autoethanogenum
0.9995023,0.00049773726,-1,XBS30350.1,Unavailable,Clostridium autoethanogenum
0.9995455,0.0004544274,-1,XBS30351.1,Unavailable,Clostridium autoethanogenum
0.998281,0.0017190435,-1,XBS26679.1,Unavailable,Clostridium autoethanogenum
0.99917525,0.00082467846,-1,XBS26685.1,Unavailable,Clostridium autoethanogenum
0.9995314,0.000468615,-1,XBS26704.1,Unavailable,Clostridium autoethanogenum
0.9996221,0.00037790372,-1,XBS26702.1,Unavailable,Clostridium autoethanogenum
0.9986098,0.0013902322,-1,XBS26698.1,Unavailable,Clostridium autoethanogenum
0.999403,0.00059703464,-1,XBS26709.1,Unavailable,Clostridium autoethanogenum
0.99823976,0.0017602191,-1,XBS26696.1,Unavailable,Clostridium autoethanogenum
0.99936634,0.0006336636,-1,XBS26705.1,Unavailable,Clostridium autoethanogenum
0.999246,0.0007540392,-1,XBS26706.1,Unavailable,Clostridium autoethanogenum
0.999198,0.0008020206,-1,XBS26707.1,Unavailable,Clostridium autoethanogenum
0.9982564,0.0017436293,-1,XBS26699.1,Unavailable,Clostridium autoethanogenum
0.9998203,0.00017968862,-1,XBS26697.1,Unavailable,Clostridium autoethanogenum
0.99963045,0.00036948093,-1,XBS26693.1,Unavailable,Clostridium autoethanogenum
0.99945825,0.0005417322,-1,XBS26710.1,Unavailable,Clostridium autoethanogenum
0.86963755,0.13036247,-1,XBS26690.1,Unavailable,Clostridium autoethanogenum
0.9998579,0.0001420269,-1,XBS26701.1,Unavailable,Clostridium autoethanogenum
0.9990491,0.00095081376,-1,XBS26692.1,Unavailable,Clostridium autoethanogenum
0.99909866,0.0009014211,-1,XBS26703.1,Unavailable,Clostridium autoethanogenum
0.99925405,0.0007458846,-1,XBS26688.1,Unavailable,Clostridium autoethanogenum
0.99772304,0.0022769396,-1,XBS26708.1,Unavailable,Clostridium autoethanogenum
0.9997985,0.0002015821,-1,XBS26691.1,Unavailable,Clostridium autoethanogenum
0.99661034,0.0033896852,-1,XBS26700.1,Unavailable,Clostridium autoethanogenum
0.99631065,0.003689286,-1,XBS26687.1,Unavailable,Clostridium autoethanogenum
0.9998128,0.00018724798,-1,XBS26689.1,Unavailable,Clostridium autoethanogenum
0.99725443,0.002745569,-1,XBS30352.1,Unavailable,Clostridium autoethanogenum
0.9987431,0.001256957,-1,XBS26695.1,Unavailable,Clostridium autoethanogenum
0.99952686,0.00047316894,-1,XBS26694.1,Unavailable,Clostridium autoethanogenum
0.999589,0.00041102487,-1,XBS26713.1,Unavailable,Clostridium autoethanogenum
0.9985714,0.001428562,-1,XBS26715.1,Unavailable,Clostridium autoethanogenum
0.9994265,0.00057359814,-1,XBS30354.1,Unavailable,Clostridium autoethanogenum
0.9992423,0.0007577388,-1,XBS30353.1,Unavailable,Clostridium autoethanogenum
0.9987656,0.0012344787,-1,XBS26724.1,Unavailable,Clostridium autoethanogenum
0.99975246,0.00024756903,-1,XBS26716.1,Unavailable,Clostridium autoethanogenum
0.99982077,0.00017927654,-1,XBS26714.1,Unavailable,Clostridium autoethanogenum
0.99964106,0.00035897287,-1,XBS26711.1,Unavailable,Clostridium autoethanogenum
0.99967456,0.00032540294,-1,XBS26717.1,Unavailable,Clostridium autoethanogenum
0.9992901,0.0007099021,-1,XBS26718.1,Unavailable,Clostridium autoethanogenum
0.9995586,0.00044136922,-1,XBS26727.1,Unavailable,Clostridium autoethanogenum
0.99959177,0.0004082934,-1,XBS26722.1,Unavailable,Clostridium autoethanogenum
0.99975616,0.00024379542,-1,XBS26721.1,Unavailable,Clostridium autoethanogenum
0.43346423,0.5665357,-1,XBS26728.1,Unavailable,Clostridium autoethanogenum
0.99976987,0.00023011344,-1,XBS26732.1,Unavailable,Clostridium autoethanogenum
0.99887174,0.0011282698,-1,XBS26731.1,Unavailable,Clostridium autoethanogenum
0.97663873,0.023361221,-1,XBS26733.1,Unavailable,Clostridium autoethanogenum
0.99831593,0.0016840429,-1,XBS26719.1,Unavailable,Clostridium autoethanogenum
0.9990374,0.0009626821,-1,XBS26712.1,Unavailable,Clostridium autoethanogenum
0.9992699,0.00073004473,-1,XBS26725.1,Unavailable,Clostridium autoethanogenum
0.9994665,0.0005335454,-1,XBS26720.1,Unavailable,Clostridium autoethanogenum
0.99881613,0.0011838662,-1,XBS26726.1,Unavailable,Clostridium autoethanogenum
0.9993476,0.00065230805,-1,XBS26723.1,Unavailable,Clostridium autoethanogenum
0.9996106,0.00038945442,-1,XBS26729.1,Unavailable,Clostridium autoethanogenum
0.9992079,0.00079217,-1,XBS26730.1,Unavailable,Clostridium autoethanogenum
0.0002528033,0.9997472,-1,XBS26753.1,Unavailable,Clostridium autoethanogenum
0.9985342,0.0014657854,-1,XBS26746.1,Unavailable,Clostridium autoethanogenum
0.9979715,0.0020285444,-1,XBS26747.1,Unavailable,Clostridium autoethanogenum
0.010129599,0.98987037,-1,XBS30355.1,Unavailable,Clostridium autoethanogenum
0.998719,0.0012810462,-1,XBS26736.1,Unavailable,Clostridium autoethanogenum
0.9990164,0.0009836243,-1,XBS26755.1,Unavailable,Clostridium autoethanogenum
0.9989802,0.0010197734,-1,XBS26735.1,Unavailable,Clostridium autoethanogenum
0.99958533,0.00041464387,-1,XBS26744.1,Unavailable,Clostridium autoethanogenum
0.9996468,0.0003532471,-1,XBS26745.1,Unavailable,Clostridium autoethanogenum
0.00023514032,0.99976486,-1,XBS26757.1,Unavailable,Clostridium autoethanogenum
0.8704814,0.12951863,-1,XBS26734.1,Unavailable,Clostridium autoethanogenum
0.99909127,0.00090870523,-1,XBS26754.1,Unavailable,Clostridium autoethanogenum
0.9994649,0.000535037,-1,XBS26738.1,Unavailable,Clostridium autoethanogenum
0.9996458,0.00035414097,-1,XBS26739.1,Unavailable,Clostridium autoethanogenum
0.9963689,0.003631169,-1,XBS26741.1,Unavailable,Clostridium autoethanogenum
0.9984219,0.0015781202,-1,XBS26740.1,Unavailable,Clostridium autoethanogenum
0.99929225,0.000707758,-1,XBS26752.1,Unavailable,Clostridium autoethanogenum
0.9993211,0.0006788989,-1,XBS26750.1,Unavailable,Clostridium autoethanogenum
0.0005883528,0.9994117,-1,XBS26756.1,Unavailable,Clostridium autoethanogenum
0.9992567,0.0007433323,-1,XBS26751.1,Unavailable,Clostridium autoethanogenum
0.99937373,0.00062630675,-1,XBS26742.1,Unavailable,Clostridium autoethanogenum
0.9964742,0.0035257898,-1,XBS26737.1,Unavailable,Clostridium autoethanogenum
0.99976844,0.00023152014,-1,XBS26749.1,Unavailable,Clostridium autoethanogenum
0.9998204,0.00017967116,-1,XBS26748.1,Unavailable,Clostridium autoethanogenum
0.589897,0.41010305,-1,XBS26743.1,Unavailable,Clostridium autoethanogenum
0.9987239,0.001276085,-1,XBS26772.1,Unavailable,Clostridium autoethanogenum
3.0360898e-05,0.9999696,-1,XBS26769.1,Unavailable,Clostridium autoethanogenum
0.9998715,0.00012852887,-1,XBS26764.1,Unavailable,Clostridium autoethanogenum
0.9995454,0.0004546188,-1,XBS26768.1,Unavailable,Clostridium autoethanogenum
0.999323,0.000676969,-1,XBS26776.1,Unavailable,Clostridium autoethanogenum
0.9995173,0.0004826696,-1,XBS26758.1,Unavailable,Clostridium autoethanogenum
0.6896565,0.31034347,-1,XBS30356.1,Unavailable,Clostridium autoethanogenum
0.9994573,0.0005426666,-1,XBS26777.1,Unavailable,Clostridium autoethanogenum
0.9998957,0.0001043215,-1,XBS26778.1,Unavailable,Clostridium autoethanogenum
0.99962306,0.00037696824,-1,XBS26773.1,Unavailable,Clostridium autoethanogenum
0.9997814,0.00021854941,-1,XBS26779.1,Unavailable,Clostridium autoethanogenum
0.9997625,0.00023750412,-1,XBS26770.1,Unavailable,Clostridium autoethanogenum
0.9995415,0.00045850957,-1,XBS26760.1,Unavailable,Clostridium autoethanogenum
0.9960039,0.003996082,-1,XBS26761.1,Unavailable,Clostridium autoethanogenum
0.9997619,0.0002381597,-1,XBS26781.1,Unavailable,Clostridium autoethanogenum
0.99911803,0.0008819493,-1,XBS26767.1,Unavailable,Clostridium autoethanogenum
0.99368554,0.0063145026,-1,XBS26775.1,Unavailable,Clostridium autoethanogenum
0.99944884,0.0005511186,-1,XBS26771.1,Unavailable,Clostridium autoethanogenum
0.9999106,8.944354e-05,-1,XBS26759.1,Unavailable,Clostridium autoethanogenum
0.9996934,0.00030661997,-1,XBS26765.1,Unavailable,Clostridium autoethanogenum
0.99807334,0.0019266062,-1,XBS26766.1,Unavailable,Clostridium autoethanogenum
0.03460918,0.9653908,-1,XBS26774.1,Unavailable,Clostridium autoethanogenum
0.9722712,0.027728854,-1,XBS26780.1,Unavailable,Clostridium autoethanogenum
0.9994961,0.0005038881,-1,XBS26762.1,Unavailable,Clostridium autoethanogenum
0.99807775,0.001922255,-1,XBS26763.1,Unavailable,Clostridium autoethanogenum
0.9757582,0.024241809,-1,XBS26788.1,Unavailable,Clostridium autoethanogenum
0.9994455,0.00055446563,-1,XBS26791.1,Unavailable,Clostridium autoethanogenum
0.99858814,0.0014118031,-1,XBS26796.1,Unavailable,Clostridium autoethanogenum
0.99563295,0.004367024,-1,XBS26786.1,Unavailable,Clostridium autoethanogenum
0.9990709,0.00092913443,-1,XBS26790.1,Unavailable,Clostridium autoethanogenum
0.008083672,0.99191636,-1,XBS26798.1,Unavailable,Clostridium autoethanogenum
0.99881005,0.0011899361,-1,XBS26794.1,Unavailable,Clostridium autoethanogenum
0.9997688,0.000231253,-1,XBS26793.1,Unavailable,Clostridium autoethanogenum
0.99982196,0.00017802806,-1,XBS26783.1,Unavailable,Clostridium autoethanogenum
0.9980268,0.0019732164,-1,XBS26802.1,Unavailable,Clostridium autoethanogenum
0.9979358,0.0020641938,-1,XBS26800.1,Unavailable,Clostridium autoethanogenum
0.99974924,0.00025075034,-1,XBS26782.1,Unavailable,Clostridium autoethanogenum
0.99946815,0.00053186977,-1,XBS26784.1,Unavailable,Clostridium autoethanogenum
0.9996145,0.00038546012,-1,XBS26785.1,Unavailable,Clostridium autoethanogenum
0.99958163,0.0004184172,-1,XBS26801.1,Unavailable,Clostridium autoethanogenum
0.99933916,0.00066075777,-1,XBS26789.1,Unavailable,Clostridium autoethanogenum
0.99964297,0.0003570738,-1,XBS26787.1,Unavailable,Clostridium autoethanogenum
0.9998568,0.00014318681,-1,XBS26804.1,Unavailable,Clostridium autoethanogenum
0.9986533,0.0013466771,-1,XBS26792.1,Unavailable,Clostridium autoethanogenum
0.9998621,0.00013787401,-1,XBS26803.1,Unavailable,Clostridium autoethanogenum
0.99921286,0.00078709685,-1,XBS26795.1,Unavailable,Clostridium autoethanogenum
0.99946505,0.0005349935,-1,XBS26797.1,Unavailable,Clostridium autoethanogenum
0.994532,0.0054679806,-1,XBS30358.1,Unavailable,Clostridium autoethanogenum
0.97928774,0.020712273,-1,XBS30357.1,Unavailable,Clostridium autoethanogenum
0.00013144375,0.9998685,-1,XBS26799.1,Unavailable,Clostridium autoethanogenum
0.37479568,0.6252043,-1,XBS26829.1,Unavailable,Clostridium autoethanogenum
0.9919532,0.00804679,-1,XBS26817.1,Unavailable,Clostridium autoethanogenum
0.9967325,0.003267544,-1,XBS26819.1,Unavailable,Clostridium autoethanogenum
0.9991572,0.0008428134,-1,XBS26822.1,Unavailable,Clostridium autoethanogenum
0.9892603,0.010739675,-1,XBS26828.1,Unavailable,Clostridium autoethanogenum
0.9997751,0.0002249408,-1,XBS26811.1,Unavailable,Clostridium autoethanogenum
0.9969471,0.003052909,-1,XBS26805.1,Unavailable,Clostridium autoethanogenum
0.97470164,0.025298363,-1,XBS26823.1,Unavailable,Clostridium autoethanogenum
0.99653685,0.0034631605,-1,XBS26826.1,Unavailable,Clostridium autoethanogenum
0.9996487,0.00035136426,-1,XBS26810.1,Unavailable,Clostridium autoethanogenum
0.9956773,0.0043226746,-1,XBS26818.1,Unavailable,Clostridium autoethanogenum
0.9991773,0.00082266773,-1,XBS26821.1,Unavailable,Clostridium autoethanogenum
0.9989687,0.001031319,-1,XBS26824.1,Unavailable,Clostridium autoethanogenum
0.9982039,0.0017961517,-1,XBS26813.1,Unavailable,Clostridium autoethanogenum
0.9964246,0.0035754,-1,XBS26808.1,Unavailable,Clostridium autoethanogenum
0.99840504,0.001595016,-1,XBS26827.1,Unavailable,Clostridium autoethanogenum
0.9973896,0.002610457,-1,XBS26816.1,Unavailable,Clostridium autoethanogenum
0.9993019,0.00069808535,-1,XBS26815.1,Unavailable,Clostridium autoethanogenum
0.99981195,0.00018808343,-1,XBS26806.1,Unavailable,Clostridium autoethanogenum
0.99962544,0.0003745113,-1,XBS26807.1,Unavailable,Clostridium autoethanogenum
0.9962991,0.0037009604,-1,XBS26809.1,Unavailable,Clostridium autoethanogenum
0.9989188,0.001081196,-1,XBS26820.1,Unavailable,Clostridium autoethanogenum
0.9997315,0.00026847463,-1,XBS26812.1,Unavailable,Clostridium autoethanogenum
0.9972013,0.0027986676,-1,XBS26825.1,Unavailable,Clostridium autoethanogenum
0.9991339,0.00086608,-1,XBS26814.1,Unavailable,Clostridium autoethanogenum
0.9979989,0.0020010523,-1,XBS26833.1,Unavailable,Clostridium autoethanogenum
0.1989624,0.80103755,-1,XBS26845.1,Unavailable,Clostridium autoethanogenum
0.50665843,0.4933416,-1,XBS26838.1,Unavailable,Clostridium autoethanogenum
0.9994723,0.00052766653,-1,XBS26840.1,Unavailable,Clostridium autoethanogenum
0.20245834,0.7975417,-1,XBS26853.1,Unavailable,Clostridium autoethanogenum
0.9982931,0.001706849,-1,XBS26836.1,Unavailable,Clostridium autoethanogenum
0.99959284,0.0004071318,-1,XBS26837.1,Unavailable,Clostridium autoethanogenum
0.8983828,0.101617195,-1,XBS26854.1,Unavailable,Clostridium autoethanogenum
0.9999206,7.940663e-05,-1,XBS26835.1,Unavailable,Clostridium autoethanogenum
0.9968733,0.0031267402,-1,XBS26834.1,Unavailable,Clostridium autoethanogenum
0.99253535,0.007464706,-1,XBS26830.1,Unavailable,Clostridium autoethanogenum
0.99912685,0.0008731705,-1,XBS26850.1,Unavailable,Clostridium autoethanogenum
0.9950507,0.004949294,-1,XBS26848.1,Unavailable,Clostridium autoethanogenum
0.99943286,0.0005670776,-1,XBS26843.1,Unavailable,Clostridium autoethanogenum
0.9969355,0.00306453,-1,XBS26844.1,Unavailable,Clostridium autoethanogenum
0.9995654,0.00043458058,-1,XBS26852.1,Unavailable,Clostridium autoethanogenum
0.999482,0.00051803427,-1,XBS26842.1,Unavailable,Clostridium autoethanogenum
0.99975556,0.0002444574,-1,XBS26831.1,Unavailable,Clostridium autoethanogenum
0.9994641,0.0005359517,-1,XBS26839.1,Unavailable,Clostridium autoethanogenum
0.99929404,0.0007059577,-1,XBS26847.1,Unavailable,Clostridium autoethanogenum
0.99966073,0.0003392426,-1,XBS26849.1,Unavailable,Clostridium autoethanogenum
0.8837932,0.11620674,-1,XBS26832.1,Unavailable,Clostridium autoethanogenum
0.99938774,0.0006122394,-1,XBS26846.1,Unavailable,Clostridium autoethanogenum
0.9994979,0.0005021031,-1,XBS26851.1,Unavailable,Clostridium autoethanogenum
0.9988871,0.0011128846,-1,XBS26841.1,Unavailable,Clostridium autoethanogenum
0.99974376,0.00025619467,-1,XBS26866.1,Unavailable,Clostridium autoethanogenum
0.9659303,0.034069687,-1,XBS26875.1,Unavailable,Clostridium autoethanogenum
0.9995646,0.00043542485,-1,XBS26864.1,Unavailable,Clostridium autoethanogenum
0.99980336,0.00019665311,-1,XBS26868.1,Unavailable,Clostridium autoethanogenum
0.9946971,0.005302906,-1,XBS26860.1,Unavailable,Clostridium autoethanogenum
0.99784017,0.0021598376,-1,XBS26876.1,Unavailable,Clostridium autoethanogenum
0.99942124,0.0005787376,-1,XBS26855.1,Unavailable,Clostridium autoethanogenum
0.99363786,0.00636212,-1,XBS26861.1,Unavailable,Clostridium autoethanogenum
0.9998124,0.00018757516,-1,XBS26873.1,Unavailable,Clostridium autoethanogenum
0.9981577,0.0018423245,-1,XBS26857.1,Unavailable,Clostridium autoethanogenum
0.99971896,0.00028099137,-1,XBS26863.1,Unavailable,Clostridium autoethanogenum
0.9987324,0.0012676303,-1,XBS26856.1,Unavailable,Clostridium autoethanogenum
0.34476936,0.6552306,-1,XBS30360.1,Unavailable,Clostridium autoethanogenum
0.99966824,0.00033175873,-1,XBS26862.1,Unavailable,Clostridium autoethanogenum
0.9985115,0.0014885,-1,XBS26858.1,Unavailable,Clostridium autoethanogenum
0.99861693,0.0013830186,-1,XBS30359.1,Unavailable,Clostridium autoethanogenum
0.9997824,0.0002176876,-1,XBS26874.1,Unavailable,Clostridium autoethanogenum
0.998209,0.001790998,-1,XBS26877.1,Unavailable,Clostridium autoethanogenum
0.99938893,0.0006111053,-1,XBS26859.1,Unavailable,Clostridium autoethanogenum
0.9996138,0.0003861685,-1,XBS26871.1,Unavailable,Clostridium autoethanogenum
0.99892116,0.0010788584,-1,XBS26870.1,Unavailable,Clostridium autoethanogenum
0.9978846,0.002115469,-1,XBS26872.1,Unavailable,Clostridium autoethanogenum
0.9995322,0.00046783173,-1,XBS26867.1,Unavailable,Clostridium autoethanogenum
0.9820234,0.017976545,-1,XBS26869.1,Unavailable,Clostridium autoethanogenum
0.9994886,0.0005113388,-1,XBS26865.1,Unavailable,Clostridium autoethanogenum
0.9988783,0.0011217295,-1,XBS26902.1,Unavailable,Clostridium autoethanogenum
0.9986957,0.001304357,-1,XBS26891.1,Unavailable,Clostridium autoethanogenum
0.99917525,0.00082472846,-1,XBS26890.1,Unavailable,Clostridium autoethanogenum
0.99947244,0.00052755984,-1,XBS26896.1,Unavailable,Clostridium autoethanogenum
0.9994318,0.0005681804,-1,XBS26880.1,Unavailable,Clostridium autoethanogenum
0.99629503,0.0037049463,-1,XBS26894.1,Unavailable,Clostridium autoethanogenum
0.99759775,0.0024022372,-1,XBS26899.1,Unavailable,Clostridium autoethanogenum
0.8616851,0.1383149,-1,XBS26901.1,Unavailable,Clostridium autoethanogenum
0.99876523,0.0012347336,-1,XBS26889.1,Unavailable,Clostridium autoethanogenum
0.99963915,0.00036079428,-1,XBS26893.1,Unavailable,Clostridium autoethanogenum
0.99965024,0.0003497644,-1,XBS26888.1,Unavailable,Clostridium autoethanogenum
0.9994137,0.0005862735,-1,XBS26900.1,Unavailable,Clostridium autoethanogenum
0.99918467,0.0008153637,-1,XBS26885.1,Unavailable,Clostridium autoethanogenum
0.99864167,0.0013583552,-1,XBS26897.1,Unavailable,Clostridium autoethanogenum
0.99933714,0.00066288566,-1,XBS26887.1,Unavailable,Clostridium autoethanogenum
0.9994381,0.0005618744,-1,XBS26898.1,Unavailable,Clostridium autoethanogenum
0.99813485,0.0018650698,-1,XBS26884.1,Unavailable,Clostridium autoethanogenum
0.99944144,0.00055856915,-1,XBS26886.1,Unavailable,Clostridium autoethanogenum
0.99994385,5.609711e-05,-1,XBS26881.1,Unavailable,Clostridium autoethanogenum
0.99964595,0.0003540181,-1,XBS26895.1,Unavailable,Clostridium autoethanogenum
0.9983941,0.0016058665,-1,XBS26892.1,Unavailable,Clostridium autoethanogenum
0.9995826,0.00041739055,-1,XBS26879.1,Unavailable,Clostridium autoethanogenum
0.255809,0.744191,-1,XBS26878.1,Unavailable,Clostridium autoethanogenum
0.0012299195,0.99877006,-1,XBS26883.1,Unavailable,Clostridium autoethanogenum
0.999871,0.00012899395,-1,XBS26882.1,Unavailable,Clostridium autoethanogenum
0.9994272,0.0005728053,-1,XBS26921.1,Unavailable,Clostridium autoethanogenum
0.99921083,0.0007891712,-1,XBS26906.1,Unavailable,Clostridium autoethanogenum
0.9968376,0.0031623181,-1,XBS26904.1,Unavailable,Clostridium autoethanogenum
0.99925727,0.0007426872,-1,XBS26916.1,Unavailable,Clostridium autoethanogenum
0.9992907,0.0007093239,-1,XBS26919.1,Unavailable,Clostridium autoethanogenum
0.049214393,0.9507856,-1,XBS26905.1,Unavailable,Clostridium autoethanogenum
0.9999447,5.5360757e-05,-1,XBS26924.1,Unavailable,Clostridium autoethanogenum
0.9996401,0.0003599025,-1,XBS26912.1,Unavailable,Clostridium autoethanogenum
0.9997502,0.00024981398,-1,XBS26925.1,Unavailable,Clostridium autoethanogenum
0.9996246,0.00037541034,-1,XBS26907.1,Unavailable,Clostridium autoethanogenum
0.9992716,0.00072847656,-1,XBS26908.1,Unavailable,Clostridium autoethanogenum
0.99948645,0.0005135023,-1,XBS26910.1,Unavailable,Clostridium autoethanogenum
0.9985511,0.0014489569,-1,XBS26903.1,Unavailable,Clostridium autoethanogenum
0.999833,0.00016696515,-1,XBS26911.1,Unavailable,Clostridium autoethanogenum
0.9999343,6.56852e-05,-1,XBS26918.1,Unavailable,Clostridium autoethanogenum
0.9999163,8.372112e-05,-1,XBS26920.1,Unavailable,Clostridium autoethanogenum
0.9993262,0.00067384145,-1,XBS26909.1,Unavailable,Clostridium autoethanogenum
0.9992981,0.0007018355,-1,XBS26922.1,Unavailable,Clostridium autoethanogenum
0.9998648,0.00013522184,-1,XBS26923.1,Unavailable,Clostridium autoethanogenum
0.998528,0.0014719665,-1,XBS26926.1,Unavailable,Clostridium autoethanogenum
0.9995142,0.0004857231,-1,XBS30361.1,Unavailable,Clostridium autoethanogenum
0.9999088,9.119219e-05,-1,XBS26913.1,Unavailable,Clostridium autoethanogenum
0.99964774,0.00035219963,-1,XBS26917.1,Unavailable,Clostridium autoethanogenum
0.99938345,0.00061658485,-1,XBS26914.1,Unavailable,Clostridium autoethanogenum
0.9980063,0.00199368,-1,XBS26915.1,Unavailable,Clostridium autoethanogenum
0.9994382,0.0005617323,-1,XBS26933.1,Unavailable,Clostridium autoethanogenum
0.9978022,0.002197756,-1,XBS26945.1,Unavailable,Clostridium autoethanogenum
0.9992107,0.00078922306,-1,XBS26944.1,Unavailable,Clostridium autoethanogenum
0.010944073,0.989056,-1,XBS26935.1,Unavailable,Clostridium autoethanogenum
0.99969184,0.00030822348,-1,XBS26947.1,Unavailable,Clostridium autoethanogenum
0.9989411,0.0010588866,-1,XBS26940.1,Unavailable,Clostridium autoethanogenum
0.99940515,0.0005948384,-1,XBS26941.1,Unavailable,Clostridium autoethanogenum
0.9990722,0.00092783227,-1,XBS26932.1,Unavailable,Clostridium autoethanogenum
0.99817085,0.0018291868,-1,XBS26928.1,Unavailable,Clostridium autoethanogenum
0.998638,0.0013619785,-1,XBS26939.1,Unavailable,Clostridium autoethanogenum
0.7488729,0.25112712,-1,XBS26936.1,Unavailable,Clostridium autoethanogenum
0.9998203,0.00017977123,-1,XBS26948.1,Unavailable,Clostridium autoethanogenum
0.0013611867,0.9986388,-1,XBS26930.1,Unavailable,Clostridium autoethanogenum
0.99967635,0.00032363698,-1,XBS26937.1,Unavailable,Clostridium autoethanogenum
0.99719536,0.002804656,-1,XBS26943.1,Unavailable,Clostridium autoethanogenum
0.9995103,0.00048967433,-1,XBS26946.1,Unavailable,Clostridium autoethanogenum
0.99953556,0.00046449504,-1,XBS26931.1,Unavailable,Clostridium autoethanogenum
0.9973774,0.0026225955,-1,XBS26951.1,Unavailable,Clostridium autoethanogenum
0.9997049,0.0002950485,-1,XBS26949.1,Unavailable,Clostridium autoethanogenum
0.99984,0.0001599917,-1,XBS26934.1,Unavailable,Clostridium autoethanogenum
0.9979634,0.0020365822,-1,XBS26950.1,Unavailable,Clostridium autoethanogenum
0.9996427,0.00035722,-1,XBS26938.1,Unavailable,Clostridium autoethanogenum
0.9864737,0.013526333,-1,XBS26929.1,Unavailable,Clostridium autoethanogenum
0.99890995,0.0010901071,-1,XBS26927.1,Unavailable,Clostridium autoethanogenum
0.9987091,0.0012909687,-1,XBS26942.1,Unavailable,Clostridium autoethanogenum
0.99831855,0.0016814845,-1,XBS26968.1,Unavailable,Clostridium autoethanogenum
0.9966594,0.0033406501,-1,XBS26970.1,Unavailable,Clostridium autoethanogenum
0.99963915,0.000360785,-1,XBS26962.1,Unavailable,Clostridium autoethanogenum
0.9996346,0.00036539455,-1,XBS26964.1,Unavailable,Clostridium autoethanogenum
0.9998355,0.0001644951,-1,XBS26955.1,Unavailable,Clostridium autoethanogenum
0.99951446,0.00048549584,-1,XBS26956.1,Unavailable,Clostridium autoethanogenum
0.9998178,0.00018219367,-1,XBS26972.1,Unavailable,Clostridium autoethanogenum
0.99932885,0.00067113165,-1,XBS26952.1,Unavailable,Clostridium autoethanogenum
0.9986669,0.0013331478,-1,XBS30363.1,Unavailable,Clostridium autoethanogenum
0.9991743,0.00082562084,-1,XBS26959.1,Unavailable,Clostridium autoethanogenum
0.9997718,0.00022826085,-1,XBS26973.1,Unavailable,Clostridium autoethanogenum
0.999556,0.00044394954,-1,XBS26961.1,Unavailable,Clostridium autoethanogenum
0.99967575,0.00032420768,-1,XBS26969.1,Unavailable,Clostridium autoethanogenum
0.99785197,0.0021480252,-1,XBS26967.1,Unavailable,Clostridium autoethanogenum
0.9988802,0.001119782,-1,XBS26966.1,Unavailable,Clostridium autoethanogenum
0.9994679,0.0005320688,-1,XBS26971.1,Unavailable,Clostridium autoethanogenum
0.99939775,0.00060220086,-1,XBS26958.1,Unavailable,Clostridium autoethanogenum
0.99971443,0.0002855212,-1,XBS26957.1,Unavailable,Clostridium autoethanogenum
0.9981571,0.0018429392,-1,XBS26954.1,Unavailable,Clostridium autoethanogenum
0.9998417,0.00015832116,-1,XBS26974.1,Unavailable,Clostridium autoethanogenum
0.9997143,0.00028569085,-1,XBS26965.1,Unavailable,Clostridium autoethanogenum
0.9995598,0.0004401781,-1,XBS26953.1,Unavailable,Clostridium autoethanogenum
0.99982846,0.00017153147,-1,XBS26963.1,Unavailable,Clostridium autoethanogenum
0.99594384,0.004056183,-1,XBS30362.1,Unavailable,Clostridium autoethanogenum
0.99361295,0.006387062,-1,XBS26960.1,Unavailable,Clostridium autoethanogenum
0.9989366,0.0010634349,-1,XBS26977.1,Unavailable,Clostridium autoethanogenum
0.99963903,0.00036100505,-1,XBS26985.1,Unavailable,Clostridium autoethanogenum
0.9994967,0.000503243,-1,XBS26982.1,Unavailable,Clostridium autoethanogenum
0.9994784,0.0005216413,-1,XBS26998.1,Unavailable,Clostridium autoethanogenum
0.99922335,0.00077668374,-1,XBS26979.1,Unavailable,Clostridium autoethanogenum
0.9974694,0.0025306444,-1,XBS26992.1,Unavailable,Clostridium autoethanogenum
0.99626994,0.0037299993,-1,XBS26978.1,Unavailable,Clostridium autoethanogenum
0.99954,0.0004600787,-1,XBS26995.1,Unavailable,Clostridium autoethanogenum
0.99932885,0.0006711387,-1,XBS26997.1,Unavailable,Clostridium autoethanogenum
0.9996331,0.000366935,-1,XBS26994.1,Unavailable,Clostridium autoethanogenum
0.99939346,0.00060646894,-1,XBS26990.1,Unavailable,Clostridium autoethanogenum
0.9998777,0.00012225464,-1,XBS26975.1,Unavailable,Clostridium autoethanogenum
0.99799395,0.0020060483,-1,XBS26988.1,Unavailable,Clostridium autoethanogenum
0.9997347,0.0002652672,-1,XBS26986.1,Unavailable,Clostridium autoethanogenum
0.9991258,0.0008742778,-1,XBS26981.1,Unavailable,Clostridium autoethanogenum
0.99965227,0.00034768452,-1,XBS26983.1,Unavailable,Clostridium autoethanogenum
0.99982184,0.0001781797,-1,XBS26980.1,Unavailable,Clostridium autoethanogenum
0.9995159,0.00048413675,-1,XBS26984.1,Unavailable,Clostridium autoethanogenum
0.9985613,0.00143866,-1,XBS26996.1,Unavailable,Clostridium autoethanogenum
0.9994941,0.0005058723,-1,XBS26987.1,Unavailable,Clostridium autoethanogenum
0.9999292,7.08176e-05,-1,XBS26989.1,Unavailable,Clostridium autoethanogenum
0.99964726,0.00035269203,-1,XBS26991.1,Unavailable,Clostridium autoethanogenum
0.999861,0.00013900758,-1,XBS26999.1,Unavailable,Clostridium autoethanogenum
0.99977094,0.00022912455,-1,XBS26976.1,Unavailable,Clostridium autoethanogenum
0.9991084,0.00089165714,-1,XBS26993.1,Unavailable,Clostridium autoethanogenum
0.9068485,0.09315154,-1,XBS27015.1,Unavailable,Clostridium autoethanogenum
0.9946996,0.0053004418,-1,XBS27016.1,Unavailable,Clostridium autoethanogenum
0.99869365,0.0013064141,-1,XBS27023.1,Unavailable,Clostridium autoethanogenum
0.9995122,0.00048779993,-1,XBS27007.1,Unavailable,Clostridium autoethanogenum
0.9992675,0.0007324534,-1,XBS27006.1,Unavailable,Clostridium autoethanogenum
0.9988236,0.001176448,-1,XBS27005.1,Unavailable,Clostridium autoethanogenum
0.9998367,0.00016332294,-1,XBS27003.1,Unavailable,Clostridium autoethanogenum
0.9994024,0.00059765205,-1,XBS27013.1,Unavailable,Clostridium autoethanogenum
0.9997011,0.00029892047,-1,XBS27024.1,Unavailable,Clostridium autoethanogenum
0.99948263,0.0005173075,-1,XBS27008.1,Unavailable,Clostridium autoethanogenum
0.7680601,0.23193988,-1,XBS27009.1,Unavailable,Clostridium autoethanogenum
0.99931896,0.0006810173,-1,XBS27018.1,Unavailable,Clostridium autoethanogenum
0.99952245,0.00047754674,-1,XBS27022.1,Unavailable,Clostridium autoethanogenum
0.999681,0.00031907918,-1,XBS27017.1,Unavailable,Clostridium autoethanogenum
0.9987471,0.0012529244,-1,XBS27021.1,Unavailable,Clostridium autoethanogenum
0.9988972,0.0011027219,-1,XBS27004.1,Unavailable,Clostridium autoethanogenum
0.9989832,0.0010167157,-1,XBS27019.1,Unavailable,Clostridium autoethanogenum
0.99509805,0.00490196,-1,XBS27012.1,Unavailable,Clostridium autoethanogenum
0.99956375,0.00043626557,-1,XBS27001.1,Unavailable,Clostridium autoethanogenum
0.99951196,0.00048798873,-1,XBS27011.1,Unavailable,Clostridium autoethanogenum
0.9993998,0.00060025865,-1,XBS27000.1,Unavailable,Clostridium autoethanogenum
0.99755484,0.0024451972,-1,XBS27010.1,Unavailable,Clostridium autoethanogenum
0.999186,0.00081397605,-1,XBS27020.1,Unavailable,Clostridium autoethanogenum
0.999723,0.00027692277,-1,XBS27002.1,Unavailable,Clostridium autoethanogenum
0.999495,0.0005049108,-1,XBS27014.1,Unavailable,Clostridium autoethanogenum
0.994101,0.0058990438,-1,XBS27033.1,Unavailable,Clostridium autoethanogenum
0.99896157,0.0010384659,-1,XBS27030.1,Unavailable,Clostridium autoethanogenum
0.9845615,0.015438418,-1,XBS27044.1,Unavailable,Clostridium autoethanogenum
0.9995204,0.00047958083,-1,XBS27042.1,Unavailable,Clostridium autoethanogenum
0.9995752,0.00042484148,-1,XBS27028.1,Unavailable,Clostridium autoethanogenum
0.99927574,0.0007243117,-1,XBS27034.1,Unavailable,Clostridium autoethanogenum
0.9988299,0.0011700513,-1,XBS27029.1,Unavailable,Clostridium autoethanogenum
0.99942493,0.00057508075,-1,XBS30364.1,Unavailable,Clostridium autoethanogenum
0.9961079,0.0038921633,-1,XBS27045.1,Unavailable,Clostridium autoethanogenum
0.9998122,0.00018782447,-1,XBS27038.1,Unavailable,Clostridium autoethanogenum
0.9988589,0.0011410454,-1,XBS27040.1,Unavailable,Clostridium autoethanogenum
0.9986473,0.0013527859,-1,XBS27039.1,Unavailable,Clostridium autoethanogenum
0.999744,0.0002559713,-1,XBS27035.1,Unavailable,Clostridium autoethanogenum
0.9995377,0.00046233097,-1,XBS27046.1,Unavailable,Clostridium autoethanogenum
0.99805427,0.0019457391,-1,XBS27031.1,Unavailable,Clostridium autoethanogenum
0.9996612,0.00033874327,-1,XBS27043.1,Unavailable,Clostridium autoethanogenum
0.9986651,0.0013348667,-1,XBS27025.1,Unavailable,Clostridium autoethanogenum
0.9996692,0.0003307803,-1,XBS27032.1,Unavailable,Clostridium autoethanogenum
0.99979156,0.00020840185,-1,XBS27036.1,Unavailable,Clostridium autoethanogenum
0.99889356,0.0011064622,-1,XBS27037.1,Unavailable,Clostridium autoethanogenum
0.9998503,0.00014968518,-1,XBS30365.1,Unavailable,Clostridium autoethanogenum
0.999371,0.0006290022,-1,XBS27047.1,Unavailable,Clostridium autoethanogenum
0.99982846,0.00017156125,-1,XBS27041.1,Unavailable,Clostridium autoethanogenum
0.9987118,0.001288204,-1,XBS27027.1,Unavailable,Clostridium autoethanogenum
0.99897397,0.0010261042,-1,XBS27026.1,Unavailable,Clostridium autoethanogenum
0.9998568,0.00014316523,-1,XBS27063.1,Unavailable,Clostridium autoethanogenum
0.9965153,0.0034846426,-1,XBS27069.1,Unavailable,Clostridium autoethanogenum
0.99975127,0.00024868562,-1,XBS27062.1,Unavailable,Clostridium autoethanogenum
0.99828416,0.0017158542,-1,XBS27065.1,Unavailable,Clostridium autoethanogenum
0.9997919,0.00020812664,-1,XBS27056.1,Unavailable,Clostridium autoethanogenum
0.9998665,0.00013348262,-1,XBS27064.1,Unavailable,Clostridium autoethanogenum
0.99971396,0.00028596117,-1,XBS27054.1,Unavailable,Clostridium autoethanogenum
0.99981743,0.00018263479,-1,XBS27055.1,Unavailable,Clostridium autoethanogenum
0.9996275,0.000372502,-1,XBS27061.1,Unavailable,Clostridium autoethanogenum
0.9996427,0.00035730924,-1,XBS27066.1,Unavailable,Clostridium autoethanogenum
0.999889,0.000110959154,-1,XBS27058.1,Unavailable,Clostridium autoethanogenum
0.9994161,0.0005839363,-1,XBS27068.1,Unavailable,Clostridium autoethanogenum
0.998664,0.0013360281,-1,XBS27067.1,Unavailable,Clostridium autoethanogenum
0.9997831,0.0002168846,-1,XBS27057.1,Unavailable,Clostridium autoethanogenum
0.99983084,0.00016912105,-1,XBS27059.1,Unavailable,Clostridium autoethanogenum
0.9997105,0.00028951754,-1,XBS27048.1,Unavailable,Clostridium autoethanogenum
0.99884367,0.0011562647,-1,XBS27049.1,Unavailable,Clostridium autoethanogenum
0.9999014,9.8597775e-05,-1,XBS30366.1,Unavailable,Clostridium autoethanogenum
0.99990344,9.652765e-05,-1,XBS30368.1,Unavailable,Clostridium autoethanogenum
0.99918884,0.00081115996,-1,XBS27052.1,Unavailable,Clostridium autoethanogenum
0.9996402,0.00035976287,-1,XBS27053.1,Unavailable,Clostridium autoethanogenum
0.9983909,0.0016091514,-1,XBS30367.1,Unavailable,Clostridium autoethanogenum
0.9996107,0.00038928183,-1,XBS27060.1,Unavailable,Clostridium autoethanogenum
0.99969745,0.0003026253,-1,XBS27050.1,Unavailable,Clostridium autoethanogenum
0.9986878,0.0013121695,-1,XBS27051.1,Unavailable,Clostridium autoethanogenum
0.99910223,0.00089776696,-1,XBS27074.1,Unavailable,Clostridium autoethanogenum
0.99939525,0.00060471316,-1,XBS27086.1,Unavailable,Clostridium autoethanogenum
0.9997614,0.0002385913,-1,XBS27075.1,Unavailable,Clostridium autoethanogenum
0.9998629,0.00013707725,-1,XBS27080.1,Unavailable,Clostridium autoethanogenum
0.99267286,0.007327081,-1,XBS27090.1,Unavailable,Clostridium autoethanogenum
0.99895525,0.0010447461,-1,XBS27088.1,Unavailable,Clostridium autoethanogenum
0.998492,0.001507982,-1,XBS27081.1,Unavailable,Clostridium autoethanogenum
0.9997249,0.00027503225,-1,XBS27084.1,Unavailable,Clostridium autoethanogenum
0.9998215,0.00017858419,-1,XBS27087.1,Unavailable,Clostridium autoethanogenum
0.9994205,0.0005795513,-1,XBS27077.1,Unavailable,Clostridium autoethanogenum
0.999801,0.0001990064,-1,XBS27070.1,Unavailable,Clostridium autoethanogenum
0.99932075,0.0006792665,-1,XBS27072.1,Unavailable,Clostridium autoethanogenum
0.9998907,0.00010924804,-1,XBS27071.1,Unavailable,Clostridium autoethanogenum
0.9991364,0.0008636581,-1,XBS27076.1,Unavailable,Clostridium autoethanogenum
0.9996655,0.00033450525,-1,XBS27082.1,Unavailable,Clostridium autoethanogenum
0.9994746,0.00052543863,-1,XBS27078.1,Unavailable,Clostridium autoethanogenum
0.999843,0.00015699553,-1,XBS27079.1,Unavailable,Clostridium autoethanogenum
0.99938965,0.0006102811,-1,XBS27083.1,Unavailable,Clostridium autoethanogenum
0.9984811,0.0015189348,-1,XBS30370.1,Unavailable,Clostridium autoethanogenum
0.99987733,0.00012262417,-1,XBS27085.1,Unavailable,Clostridium autoethanogenum
0.999148,0.00085203233,-1,XBS27073.1,Unavailable,Clostridium autoethanogenum
0.9998493,0.00015063403,-1,XBS27089.1,Unavailable,Clostridium autoethanogenum
0.9983051,0.0016948775,-1,XBS30371.1,Unavailable,Clostridium autoethanogenum
0.99746263,0.0025373017,-1,XBS30369.1,Unavailable,Clostridium autoethanogenum
0.99960405,0.000396004,-1,XBS27091.1,Unavailable,Clostridium autoethanogenum
0.07100617,0.9289938,-1,XBS27102.1,Unavailable,Clostridium autoethanogenum
0.8175054,0.1824946,-1,XBS27100.1,Unavailable,Clostridium autoethanogenum
0.97774774,0.022252267,-1,XBS27103.1,Unavailable,Clostridium autoethanogenum
0.99957484,0.00042515263,-1,XBS27101.1,Unavailable,Clostridium autoethanogenum
0.99877673,0.0012232513,-1,XBS27094.1,Unavailable,Clostridium autoethanogenum
0.99941945,0.00058055855,-1,XBS27109.1,Unavailable,Clostridium autoethanogenum
0.9998091,0.00019097427,-1,XBS27104.1,Unavailable,Clostridium autoethanogenum
0.9995771,0.00042286527,-1,XBS27099.1,Unavailable,Clostridium autoethanogenum
0.99989974,0.000100213925,-1,XBS27096.1,Unavailable,Clostridium autoethanogenum
0.9994808,0.0005191962,-1,XBS27110.1,Unavailable,Clostridium autoethanogenum
0.9997522,0.00024782197,-1,XBS27113.1,Unavailable,Clostridium autoethanogenum
0.9986743,0.0013257307,-1,XBS27098.1,Unavailable,Clostridium autoethanogenum
0.9990214,0.0009785533,-1,XBS27112.1,Unavailable,Clostridium autoethanogenum
0.99961495,0.00038498713,-1,XBS27095.1,Unavailable,Clostridium autoethanogenum
0.99986327,0.00013676341,-1,XBS27114.1,Unavailable,Clostridium autoethanogenum
0.99945885,0.0005412007,-1,XBS27111.1,Unavailable,Clostridium autoethanogenum
0.9994967,0.00050334336,-1,XBS27097.1,Unavailable,Clostridium autoethanogenum
0.99864346,0.0013565465,-1,XBS27093.1,Unavailable,Clostridium autoethanogenum
0.9992354,0.0007645962,-1,XBS27105.1,Unavailable,Clostridium autoethanogenum
0.99979407,0.00020596932,-1,XBS27115.1,Unavailable,Clostridium autoethanogenum
0.9989458,0.0010543038,-1,XBS27092.1,Unavailable,Clostridium autoethanogenum
0.9998318,0.0001681261,-1,XBS27106.1,Unavailable,Clostridium autoethanogenum
0.9997193,0.0002806931,-1,XBS27108.1,Unavailable,Clostridium autoethanogenum
0.9979798,0.0020201749,-1,XBS30372.1,Unavailable,Clostridium autoethanogenum
0.99946374,0.0005362363,-1,XBS27107.1,Unavailable,Clostridium autoethanogenum
0.9985555,0.0014445275,-1,XBS27121.1,Unavailable,Clostridium autoethanogenum
0.9986089,0.0013910857,-1,XBS27132.1,Unavailable,Clostridium autoethanogenum
0.9997391,0.0002609029,-1,XBS27133.1,Unavailable,Clostridium autoethanogenum
0.99962544,0.00037453737,-1,XBS27135.1,Unavailable,Clostridium autoethanogenum
0.9994742,0.00052575965,-1,XBS27116.1,Unavailable,Clostridium autoethanogenum
0.999456,0.0005439822,-1,XBS27122.1,Unavailable,Clostridium autoethanogenum
0.99901175,0.0009881759,-1,XBS27130.1,Unavailable,Clostridium autoethanogenum
0.9994947,0.0005053422,-1,XBS27123.1,Unavailable,Clostridium autoethanogenum
0.99912745,0.00087254506,-1,XBS27118.1,Unavailable,Clostridium autoethanogenum
0.9994004,0.0005995842,-1,XBS27117.1,Unavailable,Clostridium autoethanogenum
0.9936242,0.006375748,-1,XBS27129.1,Unavailable,Clostridium autoethanogenum
0.9991322,0.00086778746,-1,XBS27125.1,Unavailable,Clostridium autoethanogenum
0.99562716,0.004372789,-1,XBS27119.1,Unavailable,Clostridium autoethanogenum
0.9980743,0.0019256868,-1,XBS27136.1,Unavailable,Clostridium autoethanogenum
0.99894804,0.0010520053,-1,XBS30374.1,Unavailable,Clostridium autoethanogenum
0.99968326,0.0003167472,-1,XBS27126.1,Unavailable,Clostridium autoethanogenum
0.9997378,0.00026224984,-1,XBS30373.1,Unavailable,Clostridium autoethanogenum
0.9998233,0.00017671313,-1,XBS27137.1,Unavailable,Clostridium autoethanogenum
0.99931216,0.00068779313,-1,XBS27124.1,Unavailable,Clostridium autoethanogenum
0.9998067,0.00019333408,-1,XBS27128.1,Unavailable,Clostridium autoethanogenum
0.99883705,0.0011630225,-1,XBS27127.1,Unavailable,Clostridium autoethanogenum
0.9995534,0.0004466024,-1,XBS27138.1,Unavailable,Clostridium autoethanogenum
0.9972519,0.0027480414,-1,XBS27131.1,Unavailable,Clostridium autoethanogenum
0.9990477,0.0009523279,-1,XBS27120.1,Unavailable,Clostridium autoethanogenum
0.9987729,0.001227099,-1,XBS27134.1,Unavailable,Clostridium autoethanogenum
0.9992073,0.0007927432,-1,XBS27146.1,Unavailable,Clostridium autoethanogenum
0.99518085,0.0048191906,-1,XBS27162.1,Unavailable,Clostridium autoethanogenum
0.99928975,0.00071017846,-1,XBS27142.1,Unavailable,Clostridium autoethanogenum
0.998021,0.001978984,-1,XBS27150.1,Unavailable,Clostridium autoethanogenum
0.9975241,0.0024758547,-1,XBS27149.1,Unavailable,Clostridium autoethanogenum
0.99973625,0.0002637448,-1,XBS30375.1,Unavailable,Clostridium autoethanogenum
0.999648,0.00035201266,-1,XBS27145.1,Unavailable,Clostridium autoethanogenum
0.9994135,0.00058651774,-1,XBS27152.1,Unavailable,Clostridium autoethanogenum
0.9995437,0.00045627917,-1,XBS27161.1,Unavailable,Clostridium autoethanogenum
0.9987281,0.0012719024,-1,XBS27140.1,Unavailable,Clostridium autoethanogenum
0.99950397,0.0004960656,-1,XBS27153.1,Unavailable,Clostridium autoethanogenum
0.99979275,0.00020724385,-1,XBS27141.1,Unavailable,Clostridium autoethanogenum
0.99951804,0.00048197998,-1,XBS27143.1,Unavailable,Clostridium autoethanogenum
0.99978024,0.00021982632,-1,XBS27156.1,Unavailable,Clostridium autoethanogenum
0.9997311,0.00026884428,-1,XBS27155.1,Unavailable,Clostridium autoethanogenum
0.99934703,0.00065296027,-1,XBS27151.1,Unavailable,Clostridium autoethanogenum
0.98998535,0.010014716,-1,XBS27160.1,Unavailable,Clostridium autoethanogenum
0.9991804,0.00081955356,-1,XBS27157.1,Unavailable,Clostridium autoethanogenum
0.9997186,0.0002813849,-1,XBS27147.1,Unavailable,Clostridium autoethanogenum
0.9994783,0.00052174844,-1,XBS27148.1,Unavailable,Clostridium autoethanogenum
0.999464,0.0005360508,-1,XBS27154.1,Unavailable,Clostridium autoethanogenum
0.99835,0.0016500092,-1,XBS27158.1,Unavailable,Clostridium autoethanogenum
0.9989569,0.0010430854,-1,XBS27159.1,Unavailable,Clostridium autoethanogenum
0.9997267,0.00027333133,-1,XBS27139.1,Unavailable,Clostridium autoethanogenum
0.9990833,0.00091677,-1,XBS27144.1,Unavailable,Clostridium autoethanogenum
0.52048796,0.479512,-1,XBS27169.1,Unavailable,Clostridium autoethanogenum
0.99784076,0.0021591636,-1,XBS27183.1,Unavailable,Clostridium autoethanogenum
0.9933988,0.0066012633,-1,XBS27180.1,Unavailable,Clostridium autoethanogenum
0.9150183,0.08498166,-1,XBS27167.1,Unavailable,Clostridium autoethanogenum
0.9996269,0.00037309463,-1,XBS27179.1,Unavailable,Clostridium autoethanogenum
0.9984622,0.0015378477,-1,XBS27182.1,Unavailable,Clostridium autoethanogenum
0.99975926,0.00024074293,-1,XBS27170.1,Unavailable,Clostridium autoethanogenum
0.9993851,0.0006149134,-1,XBS27166.1,Unavailable,Clostridium autoethanogenum
0.9977622,0.0022377304,-1,XBS27181.1,Unavailable,Clostridium autoethanogenum
0.9996226,0.00037740887,-1,XBS27174.1,Unavailable,Clostridium autoethanogenum
0.99979264,0.00020742338,-1,XBS27176.1,Unavailable,Clostridium autoethanogenum
0.9985127,0.0014873304,-1,XBS27173.1,Unavailable,Clostridium autoethanogenum
0.9994961,0.00050387013,-1,XBS27177.1,Unavailable,Clostridium autoethanogenum
0.9991239,0.0008761433,-1,XBS27185.1,Unavailable,Clostridium autoethanogenum
0.999421,0.00057905767,-1,XBS27171.1,Unavailable,Clostridium autoethanogenum
0.9994553,0.0005446821,-1,XBS27172.1,Unavailable,Clostridium autoethanogenum
0.99878556,0.0012144118,-1,XBS30376.1,Unavailable,Clostridium autoethanogenum
0.9993413,0.00065862865,-1,XBS27178.1,Unavailable,Clostridium autoethanogenum
0.9998067,0.00019337353,-1,XBS27175.1,Unavailable,Clostridium autoethanogenum
0.9992725,0.0007274526,-1,XBS27184.1,Unavailable,Clostridium autoethanogenum
0.99963593,0.00036408403,-1,XBS27186.1,Unavailable,Clostridium autoethanogenum
0.9996991,0.00030091373,-1,XBS27163.1,Unavailable,Clostridium autoethanogenum
0.99802375,0.0019762209,-1,XBS27168.1,Unavailable,Clostridium autoethanogenum
0.99471164,0.0052884035,-1,XBS27165.1,Unavailable,Clostridium autoethanogenum
0.9915718,0.0084281955,-1,XBS27164.1,Unavailable,Clostridium autoethanogenum
0.99913436,0.00086562545,-1,XBS27201.1,Unavailable,Clostridium autoethanogenum
0.99957186,0.00042812884,-1,XBS27205.1,Unavailable,Clostridium autoethanogenum
0.9992792,0.0007208168,-1,XBS27196.1,Unavailable,Clostridium autoethanogenum
0.99950314,0.0004968788,-1,XBS27208.1,Unavailable,Clostridium autoethanogenum
0.99790925,0.0020907093,-1,XBS27197.1,Unavailable,Clostridium autoethanogenum
0.99835676,0.0016432082,-1,XBS27188.1,Unavailable,Clostridium autoethanogenum
0.9995401,0.00045988572,-1,XBS27203.1,Unavailable,Clostridium autoethanogenum
0.9998481,0.00015182456,-1,XBS27200.1,Unavailable,Clostridium autoethanogenum
0.9976071,0.0023928406,-1,XBS27187.1,Unavailable,Clostridium autoethanogenum
0.999345,0.0006549575,-1,XBS27207.1,Unavailable,Clostridium autoethanogenum
0.99894196,0.0010580297,-1,XBS27194.1,Unavailable,Clostridium autoethanogenum
0.9977865,0.002213437,-1,XBS27191.1,Unavailable,Clostridium autoethanogenum
0.9996588,0.00034117536,-1,XBS27210.1,Unavailable,Clostridium autoethanogenum
0.0015952355,0.9984048,-1,XBS27206.1,Unavailable,Clostridium autoethanogenum
0.9997403,0.000259693,-1,XBS27193.1,Unavailable,Clostridium autoethanogenum
0.99987864,0.00012130419,-1,XBS27211.1,Unavailable,Clostridium autoethanogenum
0.9996517,0.00034836805,-1,XBS27198.1,Unavailable,Clostridium autoethanogenum
0.999361,0.00063902856,-1,XBS27202.1,Unavailable,Clostridium autoethanogenum
0.9993839,0.00061610254,-1,XBS27190.1,Unavailable,Clostridium autoethanogenum
0.9995407,0.00045937888,-1,XBS27209.1,Unavailable,Clostridium autoethanogenum
0.9998056,0.00019441586,-1,XBS27204.1,Unavailable,Clostridium autoethanogenum
0.99984837,0.00015161293,-1,XBS27199.1,Unavailable,Clostridium autoethanogenum
0.99984384,0.00015611031,-1,XBS27195.1,Unavailable,Clostridium autoethanogenum
0.99808264,0.0019173952,-1,XBS27192.1,Unavailable,Clostridium autoethanogenum
0.9982822,0.0017178835,-1,XBS27189.1,Unavailable,Clostridium autoethanogenum
0.9996941,0.00030592328,-1,XBS27214.1,Unavailable,Clostridium autoethanogenum
0.9990226,0.000977355,-1,XBS27215.1,Unavailable,Clostridium autoethanogenum
0.9994795,0.00052061287,-1,XBS27227.1,Unavailable,Clostridium autoethanogenum
0.99753124,0.002468823,-1,XBS27220.1,Unavailable,Clostridium autoethanogenum
0.99932575,0.00067427085,-1,XBS27213.1,Unavailable,Clostridium autoethanogenum
0.9994973,0.00050265813,-1,XBS27212.1,Unavailable,Clostridium autoethanogenum
0.9966197,0.0033802954,-1,XBS27223.1,Unavailable,Clostridium autoethanogenum
0.9966702,0.0033298067,-1,XBS30377.1,Unavailable,Clostridium autoethanogenum
0.9972459,0.0027541262,-1,XBS27230.1,Unavailable,Clostridium autoethanogenum
0.9992501,0.00074983254,-1,XBS27216.1,Unavailable,Clostridium autoethanogenum
0.9998648,0.00013518574,-1,XBS27226.1,Unavailable,Clostridium autoethanogenum
0.99934894,0.00065107027,-1,XBS27231.1,Unavailable,Clostridium autoethanogenum
0.99804926,0.0019507756,-1,XBS27218.1,Unavailable,Clostridium autoethanogenum
0.99089855,0.009101442,-1,XBS27221.1,Unavailable,Clostridium autoethanogenum
0.9992933,0.0007066955,-1,XBS27233.1,Unavailable,Clostridium autoethanogenum
0.9996376,0.00036244286,-1,XBS27235.1,Unavailable,Clostridium autoethanogenum
0.9994887,0.0005112689,-1,XBS27217.1,Unavailable,Clostridium autoethanogenum
0.9994555,0.0005445052,-1,XBS27224.1,Unavailable,Clostridium autoethanogenum
0.9996326,0.00036743804,-1,XBS27222.1,Unavailable,Clostridium autoethanogenum
0.9996493,0.0003507558,-1,XBS27232.1,Unavailable,Clostridium autoethanogenum
0.9993573,0.00064268854,-1,XBS27219.1,Unavailable,Clostridium autoethanogenum
0.9987552,0.0012448054,-1,XBS27229.1,Unavailable,Clostridium autoethanogenum
0.94123274,0.058767244,-1,XBS27225.1,Unavailable,Clostridium autoethanogenum
0.99923074,0.0007692545,-1,XBS27234.1,Unavailable,Clostridium autoethanogenum
0.88245684,0.11754324,-1,XBS27228.1,Unavailable,Clostridium autoethanogenum
0.99822193,0.0017781124,-1,XBS27240.1,Unavailable,Clostridium autoethanogenum
0.9918304,0.0081695365,-1,XBS27248.1,Unavailable,Clostridium autoethanogenum
0.88016474,0.11983526,-1,XBS27250.1,Unavailable,Clostridium autoethanogenum
0.9980434,0.0019565746,-1,XBS27254.1,Unavailable,Clostridium autoethanogenum
0.9989458,0.0010542173,-1,XBS27259.1,Unavailable,Clostridium autoethanogenum
0.9992378,0.000762238,-1,XBS27244.1,Unavailable,Clostridium autoethanogenum
0.9956168,0.004383248,-1,XBS27237.1,Unavailable,Clostridium autoethanogenum
2.7939343e-05,0.9999721,-1,XBS27258.1,Unavailable,Clostridium autoethanogenum
0.99951375,0.0004862079,-1,XBS27238.1,Unavailable,Clostridium autoethanogenum
0.9995096,0.0004903953,-1,XBS27247.1,Unavailable,Clostridium autoethanogenum
0.9967745,0.0032255554,-1,XBS27242.1,Unavailable,Clostridium autoethanogenum
0.99143326,0.008566784,-1,XBS27249.1,Unavailable,Clostridium autoethanogenum
0.9988343,0.00116565,-1,XBS27236.1,Unavailable,Clostridium autoethanogenum
0.9996276,0.00037236512,-1,XBS27241.1,Unavailable,Clostridium autoethanogenum
0.9990079,0.0009921145,-1,XBS27260.1,Unavailable,Clostridium autoethanogenum
0.9989229,0.0010770515,-1,XBS27255.1,Unavailable,Clostridium autoethanogenum
0.99745864,0.0025413637,-1,XBS27256.1,Unavailable,Clostridium autoethanogenum
0.9999374,6.2600026e-05,-1,XBS27239.1,Unavailable,Clostridium autoethanogenum
0.9953505,0.0046494706,-1,XBS27257.1,Unavailable,Clostridium autoethanogenum
0.9993637,0.00063623546,-1,XBS27245.1,Unavailable,Clostridium autoethanogenum
0.9995937,0.0004063575,-1,XBS27246.1,Unavailable,Clostridium autoethanogenum
0.9943791,0.0056208866,-1,XBS27252.1,Unavailable,Clostridium autoethanogenum
3.513214e-05,0.99996483,-1,XBS27251.1,Unavailable,Clostridium autoethanogenum
0.9987717,0.0012282312,-1,XBS27253.1,Unavailable,Clostridium autoethanogenum
0.9993456,0.0006543903,-1,XBS27243.1,Unavailable,Clostridium autoethanogenum
0.99945253,0.00054747384,-1,XBS27274.1,Unavailable,Clostridium autoethanogenum
0.9994211,0.0005789026,-1,XBS27282.1,Unavailable,Clostridium autoethanogenum
0.006725251,0.9932748,-1,XBS27263.1,Unavailable,Clostridium autoethanogenum
0.99884295,0.0011570642,-1,XBS27268.1,Unavailable,Clostridium autoethanogenum
0.9995441,0.00045584113,-1,XBS27269.1,Unavailable,Clostridium autoethanogenum
0.9955621,0.004437986,-1,XBS27262.1,Unavailable,Clostridium autoethanogenum
0.9995115,0.00048847735,-1,XBS27273.1,Unavailable,Clostridium autoethanogenum
0.9994574,0.0005425854,-1,XBS27284.1,Unavailable,Clostridium autoethanogenum
0.9990689,0.0009311009,-1,XBS27261.1,Unavailable,Clostridium autoethanogenum
0.99968195,0.00031809177,-1,XBS27267.1,Unavailable,Clostridium autoethanogenum
0.999648,0.00035198312,-1,XBS30378.1,Unavailable,Clostridium autoethanogenum
0.9997074,0.00029260188,-1,XBS27276.1,Unavailable,Clostridium autoethanogenum
0.9989863,0.0010136821,-1,XBS27265.1,Unavailable,Clostridium autoethanogenum
0.99896157,0.001038451,-1,XBS27270.1,Unavailable,Clostridium autoethanogenum
0.9996276,0.0003724177,-1,XBS27280.1,Unavailable,Clostridium autoethanogenum
0.99988294,0.0001169945,-1,XBS27283.1,Unavailable,Clostridium autoethanogenum
0.9993216,0.0006784145,-1,XBS27281.1,Unavailable,Clostridium autoethanogenum
0.99976236,0.00023759584,-1,XBS27266.1,Unavailable,Clostridium autoethanogenum
0.99976236,0.00023759584,-1,XBS27271.1,Unavailable,Clostridium autoethanogenum
0.9995553,0.0004446577,-1,XBS27272.1,Unavailable,Clostridium autoethanogenum
0.9997768,0.00022328584,-1,XBS27275.1,Unavailable,Clostridium autoethanogenum
0.9999213,7.867461e-05,-1,XBS27264.1,Unavailable,Clostridium autoethanogenum
0.9989868,0.00101325,-1,XBS27279.1,Unavailable,Clostridium autoethanogenum
0.99733114,0.0026688501,-1,XBS27278.1,Unavailable,Clostridium autoethanogenum
0.9990625,0.0009374982,-1,XBS27277.1,Unavailable,Clostridium autoethanogenum
0.9996952,0.00030481376,-1,XBS30379.1,Unavailable,Clostridium autoethanogenum
0.99785393,0.0021460066,-1,XBS27298.1,Unavailable,Clostridium autoethanogenum
0.9958339,0.0041660545,-1,XBS27304.1,Unavailable,Clostridium autoethanogenum
0.99779403,0.002205983,-1,XBS27299.1,Unavailable,Clostridium autoethanogenum
0.9990183,0.0009817189,-1,XBS27286.1,Unavailable,Clostridium autoethanogenum
0.9998605,0.00013950592,-1,XBS27295.1,Unavailable,Clostridium autoethanogenum
0.9998234,0.00017660296,-1,XBS27305.1,Unavailable,Clostridium autoethanogenum
0.99980277,0.00019723637,-1,XBS27296.1,Unavailable,Clostridium autoethanogenum
0.99937505,0.0006249317,-1,XBS27306.1,Unavailable,Clostridium autoethanogenum
0.9976695,0.0023304403,-1,XBS30380.1,Unavailable,Clostridium autoethanogenum
0.9998053,0.00019474166,-1,XBS27300.1,Unavailable,Clostridium autoethanogenum
0.9987313,0.0012687336,-1,XBS27302.1,Unavailable,Clostridium autoethanogenum
0.9996093,0.00039075193,-1,XBS27292.1,Unavailable,Clostridium autoethanogenum
0.99987316,0.00012683072,-1,XBS27291.1,Unavailable,Clostridium autoethanogenum
0.9990214,0.0009785929,-1,XBS27288.1,Unavailable,Clostridium autoethanogenum
0.9997696,0.00023041356,-1,XBS27297.1,Unavailable,Clostridium autoethanogenum
0.9993599,0.00064011535,-1,XBS27289.1,Unavailable,Clostridium autoethanogenum
0.99988854,0.00011141602,-1,XBS27293.1,Unavailable,Clostridium autoethanogenum
0.9990989,0.000901117,-1,XBS27285.1,Unavailable,Clostridium autoethanogenum
0.9992767,0.000723294,-1,XBS27290.1,Unavailable,Clostridium autoethanogenum
0.9999062,9.3804825e-05,-1,XBS27287.1,Unavailable,Clostridium autoethanogenum
0.99844664,0.0015533321,-1,XBS27307.1,Unavailable,Clostridium autoethanogenum
0.99919266,0.00080738787,-1,XBS27303.1,Unavailable,Clostridium autoethanogenum
0.99953055,0.00046942354,-1,XBS27294.1,Unavailable,Clostridium autoethanogenum
3.2413176e-05,0.9999676,-1,XBS27301.1,Unavailable,Clostridium autoethanogenum
0.99885476,0.0011452478,-1,XBS27324.1,Unavailable,Clostridium autoethanogenum
0.99693894,0.003061063,-1,XBS27317.1,Unavailable,Clostridium autoethanogenum
0.9989912,0.0010087495,-1,XBS27308.1,Unavailable,Clostridium autoethanogenum
0.99972624,0.00027379006,-1,XBS27331.1,Unavailable,Clostridium autoethanogenum
0.99610484,0.003895186,-1,XBS30381.1,Unavailable,Clostridium autoethanogenum
0.9997987,0.0002012769,-1,XBS27326.1,Unavailable,Clostridium autoethanogenum
0.9961086,0.0038913651,-1,XBS27316.1,Unavailable,Clostridium autoethanogenum
0.9987987,0.0012012034,-1,XBS27309.1,Unavailable,Clostridium autoethanogenum
0.9997818,0.00021822292,-1,XBS27330.1,Unavailable,Clostridium autoethanogenum
0.9995359,0.0004640989,-1,XBS27310.1,Unavailable,Clostridium autoethanogenum
0.00016457103,0.9998354,-1,XBS27320.1,Unavailable,Clostridium autoethanogenum
0.9996704,0.0003296533,-1,XBS27321.1,Unavailable,Clostridium autoethanogenum
0.9893323,0.01066775,-1,XBS27311.1,Unavailable,Clostridium autoethanogenum
0.99869895,0.0013010635,-1,XBS27319.1,Unavailable,Clostridium autoethanogenum
0.9991658,0.00083418755,-1,XBS27323.1,Unavailable,Clostridium autoethanogenum
0.9989054,0.0010945273,-1,XBS27322.1,Unavailable,Clostridium autoethanogenum
0.99877113,0.0012288123,-1,XBS27327.1,Unavailable,Clostridium autoethanogenum
0.99983585,0.00016409374,-1,XBS27325.1,Unavailable,Clostridium autoethanogenum
0.99916303,0.000837021,-1,XBS27318.1,Unavailable,Clostridium autoethanogenum
0.9943686,0.005631389,-1,XBS27314.1,Unavailable,Clostridium autoethanogenum
0.9951715,0.004828505,-1,XBS27312.1,Unavailable,Clostridium autoethanogenum
0.99912995,0.00087006565,-1,XBS27328.1,Unavailable,Clostridium autoethanogenum
0.99250233,0.0074976115,-1,XBS27315.1,Unavailable,Clostridium autoethanogenum
0.99359894,0.0064010336,-1,XBS27329.1,Unavailable,Clostridium autoethanogenum
0.99870753,0.0012925179,-1,XBS27313.1,Unavailable,Clostridium autoethanogenum
0.9847691,0.015230889,-1,XBS27345.1,Unavailable,Clostridium autoethanogenum
0.99898905,0.0010109185,-1,XBS27351.1,Unavailable,Clostridium autoethanogenum
0.9994005,0.0005994847,-1,XBS27354.1,Unavailable,Clostridium autoethanogenum
0.9992385,0.0007614684,-1,XBS27337.1,Unavailable,Clostridium autoethanogenum
0.998111,0.0018890054,-1,XBS27353.1,Unavailable,Clostridium autoethanogenum
0.9993864,0.00061355723,-1,XBS27350.1,Unavailable,Clostridium autoethanogenum
0.99942744,0.00057255727,-1,XBS27341.1,Unavailable,Clostridium autoethanogenum
0.99912125,0.00087874336,-1,XBS27348.1,Unavailable,Clostridium autoethanogenum
0.99954563,0.0004543302,-1,XBS27355.1,Unavailable,Clostridium autoethanogenum
0.999286,0.00071398553,-1,XBS27356.1,Unavailable,Clostridium autoethanogenum
0.99873227,0.0012677279,-1,XBS27332.1,Unavailable,Clostridium autoethanogenum
0.9997861,0.00021391387,-1,XBS27333.1,Unavailable,Clostridium autoethanogenum
0.9996815,0.0003184938,-1,XBS27335.1,Unavailable,Clostridium autoethanogenum
0.99966955,0.00033049032,-1,XBS27346.1,Unavailable,Clostridium autoethanogenum
0.99971575,0.00028428453,-1,XBS27347.1,Unavailable,Clostridium autoethanogenum
0.99969256,0.0003074783,-1,XBS27338.1,Unavailable,Clostridium autoethanogenum
0.9996138,0.00038616481,-1,XBS27344.1,Unavailable,Clostridium autoethanogenum
0.99935657,0.0006434823,-1,XBS27336.1,Unavailable,Clostridium autoethanogenum
0.9978015,0.0021985383,-1,XBS27334.1,Unavailable,Clostridium autoethanogenum
0.9998153,0.00018477594,-1,XBS27349.1,Unavailable,Clostridium autoethanogenum
0.99946004,0.0005400078,-1,XBS27343.1,Unavailable,Clostridium autoethanogenum
0.99873835,0.0012617093,-1,XBS27339.1,Unavailable,Clostridium autoethanogenum
0.9879913,0.012008731,-1,XBS27352.1,Unavailable,Clostridium autoethanogenum
0.9938699,0.006130125,-1,XBS27340.1,Unavailable,Clostridium autoethanogenum
0.99933213,0.0006678992,-1,XBS27342.1,Unavailable,Clostridium autoethanogenum
0.9996278,0.00037211904,-1,XBS27371.1,Unavailable,Clostridium autoethanogenum
0.99654764,0.0034523685,-1,XBS27374.1,Unavailable,Clostridium autoethanogenum
0.99894124,0.0010588086,-1,XBS27364.1,Unavailable,Clostridium autoethanogenum
0.99975604,0.0002440082,-1,XBS27372.1,Unavailable,Clostridium autoethanogenum
0.99739397,0.0026060345,-1,XBS27361.1,Unavailable,Clostridium autoethanogenum
0.9992055,0.00079454307,-1,XBS27378.1,Unavailable,Clostridium autoethanogenum
0.14563137,0.8543686,-1,XBS27380.1,Unavailable,Clostridium autoethanogenum
0.9986395,0.0013604622,-1,XBS27365.1,Unavailable,Clostridium autoethanogenum
0.99874985,0.0012500737,-1,XBS27379.1,Unavailable,Clostridium autoethanogenum
0.9997137,0.00028631202,-1,XBS27367.1,Unavailable,Clostridium autoethanogenum
0.9969229,0.0030770486,-1,XBS27366.1,Unavailable,Clostridium autoethanogenum
0.99961805,0.00038194133,-1,XBS27362.1,Unavailable,Clostridium autoethanogenum
0.9996387,0.00036129198,-1,XBS27377.1,Unavailable,Clostridium autoethanogenum
0.99943477,0.0005651531,-1,XBS27368.1,Unavailable,Clostridium autoethanogenum
0.9997243,0.00027570227,-1,XBS27375.1,Unavailable,Clostridium autoethanogenum
0.9993311,0.0006688865,-1,XBS27376.1,Unavailable,Clostridium autoethanogenum
0.99624276,0.0037572123,-1,XBS27360.1,Unavailable,Clostridium autoethanogenum
0.9995993,0.0004007937,-1,XBS27373.1,Unavailable,Clostridium autoethanogenum
0.9973659,0.0026341109,-1,XBS27370.1,Unavailable,Clostridium autoethanogenum
0.99947363,0.0005264106,-1,XBS27358.1,Unavailable,Clostridium autoethanogenum
0.99830174,0.0016981992,-1,XBS27363.1,Unavailable,Clostridium autoethanogenum
0.9982495,0.00175052,-1,XBS27381.1,Unavailable,Clostridium autoethanogenum
0.9995223,0.0004776387,-1,XBS27359.1,Unavailable,Clostridium autoethanogenum
0.9994056,0.0005944256,-1,XBS27369.1,Unavailable,Clostridium autoethanogenum
0.9990263,0.000973669,-1,XBS27357.1,Unavailable,Clostridium autoethanogenum
0.998941,0.0010590092,-1,XBS27397.1,Unavailable,Clostridium autoethanogenum
0.9989944,0.0010056449,-1,XBS27382.1,Unavailable,Clostridium autoethanogenum
0.99967575,0.00032426917,-1,XBS27396.1,Unavailable,Clostridium autoethanogenum
0.99903417,0.00096587563,-1,XBS27389.1,Unavailable,Clostridium autoethanogenum
0.9996784,0.00032166953,-1,XBS30382.1,Unavailable,Clostridium autoethanogenum
0.99947125,0.00052880595,-1,XBS27399.1,Unavailable,Clostridium autoethanogenum
0.9996463,0.000353729,-1,XBS27394.1,Unavailable,Clostridium autoethanogenum
0.9989484,0.0010516787,-1,XBS27402.1,Unavailable,Clostridium autoethanogenum
0.99866796,0.0013320207,-1,XBS27393.1,Unavailable,Clostridium autoethanogenum
0.99933404,0.00066590187,-1,XBS27390.1,Unavailable,Clostridium autoethanogenum
0.9996971,0.00030289515,-1,XBS27400.1,Unavailable,Clostridium autoethanogenum
0.9998728,0.00012722707,-1,XBS27391.1,Unavailable,Clostridium autoethanogenum
0.9999093,9.070287e-05,-1,XBS27398.1,Unavailable,Clostridium autoethanogenum
0.9996841,0.00031593596,-1,XBS27385.1,Unavailable,Clostridium autoethanogenum
0.99878556,0.001214424,-1,XBS27404.1,Unavailable,Clostridium autoethanogenum
0.99965286,0.0003470909,-1,XBS27384.1,Unavailable,Clostridium autoethanogenum
0.99933416,0.0006658454,-1,XBS27386.1,Unavailable,Clostridium autoethanogenum
0.996425,0.0035750722,-1,XBS27383.1,Unavailable,Clostridium autoethanogenum
0.9998412,0.0001587765,-1,XBS27388.1,Unavailable,Clostridium autoethanogenum
0.97367483,0.026325198,-1,XBS27403.1,Unavailable,Clostridium autoethanogenum
0.9994822,0.00051775837,-1,XBS27387.1,Unavailable,Clostridium autoethanogenum
0.999099,0.0009010274,-1,XBS27401.1,Unavailable,Clostridium autoethanogenum
0.9983107,0.0016893019,-1,XBS27395.1,Unavailable,Clostridium autoethanogenum
0.99972564,0.00027430058,-1,XBS27405.1,Unavailable,Clostridium autoethanogenum
0.99987614,0.00012380425,-1,XBS27392.1,Unavailable,Clostridium autoethanogenum
0.99338573,0.0066142837,-1,XBS27422.1,Unavailable,Clostridium autoethanogenum
0.9995715,0.00042854738,-1,XBS27406.1,Unavailable,Clostridium autoethanogenum
0.9473302,0.052669834,-1,XBS27421.1,Unavailable,Clostridium autoethanogenum
0.9984863,0.0015136856,-1,XBS27413.1,Unavailable,Clostridium autoethanogenum
0.9915644,0.00843557,-1,XBS27426.1,Unavailable,Clostridium autoethanogenum
0.9973443,0.0026556929,-1,XBS30383.1,Unavailable,Clostridium autoethanogenum
0.9996984,0.0003016735,-1,XBS27420.1,Unavailable,Clostridium autoethanogenum
0.9992878,0.00071219885,-1,XBS30384.1,Unavailable,Clostridium autoethanogenum
0.99929285,0.0007071766,-1,XBS27428.1,Unavailable,Clostridium autoethanogenum
0.9943482,0.0056517264,-1,XBS27408.1,Unavailable,Clostridium autoethanogenum
0.99910897,0.0008909522,-1,XBS27411.1,Unavailable,Clostridium autoethanogenum
0.99894553,0.0010544745,-1,XBS27425.1,Unavailable,Clostridium autoethanogenum
0.00062704855,0.999373,-1,XBS27414.1,Unavailable,Clostridium autoethanogenum
0.9987913,0.0012087973,-1,XBS27410.1,Unavailable,Clostridium autoethanogenum
0.9906392,0.009360785,-1,XBS27423.1,Unavailable,Clostridium autoethanogenum
0.99959785,0.00040219835,-1,XBS27415.1,Unavailable,Clostridium autoethanogenum
0.9996544,0.0003456013,-1,XBS27407.1,Unavailable,Clostridium autoethanogenum
0.99966,0.00033993184,-1,XBS27418.1,Unavailable,Clostridium autoethanogenum
0.999613,0.00038702687,-1,XBS27417.1,Unavailable,Clostridium autoethanogenum
0.999,0.0010000285,-1,XBS27416.1,Unavailable,Clostridium autoethanogenum
0.9998666,0.0001333399,-1,XBS27419.1,Unavailable,Clostridium autoethanogenum
0.99971,0.00028990203,-1,XBS27424.1,Unavailable,Clostridium autoethanogenum
0.9945793,0.0054206466,-1,XBS27409.1,Unavailable,Clostridium autoethanogenum
0.99931276,0.0006872877,-1,XBS27412.1,Unavailable,Clostridium autoethanogenum
0.99960715,0.0003929301,-1,XBS27427.1,Unavailable,Clostridium autoethanogenum
0.9982584,0.0017415623,-1,XBS27433.1,Unavailable,Clostridium autoethanogenum
0.9995388,0.00046127973,-1,XBS27442.1,Unavailable,Clostridium autoethanogenum
0.9997212,0.0002787984,-1,XBS27430.1,Unavailable,Clostridium autoethanogenum
0.9992512,0.00074879464,-1,XBS27437.1,Unavailable,Clostridium autoethanogenum
0.99960154,0.00039846695,-1,XBS27450.1,Unavailable,Clostridium autoethanogenum
0.99902,0.0009800312,-1,XBS30385.1,Unavailable,Clostridium autoethanogenum
0.99958104,0.000418972,-1,XBS27451.1,Unavailable,Clostridium autoethanogenum
0.99944395,0.0005560659,-1,XBS27447.1,Unavailable,Clostridium autoethanogenum
0.9996599,0.00034010853,-1,XBS27440.1,Unavailable,Clostridium autoethanogenum
0.99962056,0.00037942597,-1,XBS27432.1,Unavailable,Clostridium autoethanogenum
0.9989214,0.0010786057,-1,XBS27429.1,Unavailable,Clostridium autoethanogenum
0.99939513,0.0006048864,-1,XBS27446.1,Unavailable,Clostridium autoethanogenum
0.99938905,0.0006109256,-1,XBS30386.1,Unavailable,Clostridium autoethanogenum
0.9993808,0.00061910594,-1,XBS27436.1,Unavailable,Clostridium autoethanogenum
0.9997284,0.00027157713,-1,XBS27431.1,Unavailable,Clostridium autoethanogenum
0.9993376,0.00066236,-1,XBS27441.1,Unavailable,Clostridium autoethanogenum
0.99945766,0.0005423382,-1,XBS27435.1,Unavailable,Clostridium autoethanogenum
0.9996879,0.00031211373,-1,XBS27443.1,Unavailable,Clostridium autoethanogenum
0.9997129,0.00028713484,-1,XBS27439.1,Unavailable,Clostridium autoethanogenum
0.9990357,0.0009642986,-1,XBS27438.1,Unavailable,Clostridium autoethanogenum
0.9998902,0.000109829016,-1,XBS27449.1,Unavailable,Clostridium autoethanogenum
0.9994479,0.0005520715,-1,XBS27445.1,Unavailable,Clostridium autoethanogenum
0.9993795,0.0006205155,-1,XBS27444.1,Unavailable,Clostridium autoethanogenum
0.9983903,0.0016097038,-1,XBS27434.1,Unavailable,Clostridium autoethanogenum
0.9674745,0.032525416,-1,XBS27448.1,Unavailable,Clostridium autoethanogenum
0.9960955,0.0039045755,-1,XBS27457.1,Unavailable,Clostridium autoethanogenum
0.99965596,0.00034402276,-1,XBS27469.1,Unavailable,Clostridium autoethanogenum
0.9994562,0.0005438343,-1,XBS27467.1,Unavailable,Clostridium autoethanogenum
0.9994184,0.00058158534,-1,XBS27461.1,Unavailable,Clostridium autoethanogenum
0.99948776,0.00051221397,-1,XBS27459.1,Unavailable,Clostridium autoethanogenum
0.9998547,0.0001452764,-1,XBS27462.1,Unavailable,Clostridium autoethanogenum
0.9998481,0.0001518738,-1,XBS27468.1,Unavailable,Clostridium autoethanogenum
0.99646205,0.0035379315,-1,XBS27464.1,Unavailable,Clostridium autoethanogenum
0.9994604,0.0005395851,-1,XBS27463.1,Unavailable,Clostridium autoethanogenum
0.9967944,0.003205622,-1,XBS27465.1,Unavailable,Clostridium autoethanogenum
0.99940574,0.00059426104,-1,XBS27470.1,Unavailable,Clostridium autoethanogenum
0.9984682,0.0015317447,-1,XBS27472.1,Unavailable,Clostridium autoethanogenum
0.99803346,0.0019664948,-1,XBS30388.1,Unavailable,Clostridium autoethanogenum
0.99901235,0.0009876188,-1,XBS27452.1,Unavailable,Clostridium autoethanogenum
0.9996437,0.0003562499,-1,XBS27456.1,Unavailable,Clostridium autoethanogenum
0.99720025,0.002799766,-1,XBS27473.1,Unavailable,Clostridium autoethanogenum
0.99994063,5.942117e-05,-1,XBS27458.1,Unavailable,Clostridium autoethanogenum
0.99989927,0.00010068922,-1,XBS27460.1,Unavailable,Clostridium autoethanogenum
0.987603,0.0123969605,-1,XBS27455.1,Unavailable,Clostridium autoethanogenum
0.098241754,0.90175825,-1,XBS27474.1,Unavailable,Clostridium autoethanogenum
0.0005356601,0.99946433,-1,XBS27453.1,Unavailable,Clostridium autoethanogenum
0.9992988,0.0007011282,-1,XBS27471.1,Unavailable,Clostridium autoethanogenum
0.9909594,0.009040574,-1,XBS30387.1,Unavailable,Clostridium autoethanogenum
0.00082097505,0.99917907,-1,XBS27466.1,Unavailable,Clostridium autoethanogenum
0.96252173,0.03747823,-1,XBS27454.1,Unavailable,Clostridium autoethanogenum
0.9986124,0.0013875549,-1,XBS27490.1,Unavailable,Clostridium autoethanogenum
0.9990834,0.0009166342,-1,XBS27489.1,Unavailable,Clostridium autoethanogenum
0.9995952,0.00040474764,-1,XBS27481.1,Unavailable,Clostridium autoethanogenum
0.99939156,0.0006084412,-1,XBS27487.1,Unavailable,Clostridium autoethanogenum
0.9984041,0.0015958871,-1,XBS27492.1,Unavailable,Clostridium autoethanogenum
0.99972194,0.00027800974,-1,XBS27480.1,Unavailable,Clostridium autoethanogenum
0.99987304,0.00012688614,-1,XBS30391.1,Unavailable,Clostridium autoethanogenum
0.9976399,0.0023601076,-1,XBS27486.1,Unavailable,Clostridium autoethanogenum
0.9974408,0.0025591943,-1,XBS27477.1,Unavailable,Clostridium autoethanogenum
0.9989054,0.0010945507,-1,XBS27491.1,Unavailable,Clostridium autoethanogenum
0.9932187,0.006781261,-1,XBS27494.1,Unavailable,Clostridium autoethanogenum
0.998453,0.0015469409,-1,XBS27493.1,Unavailable,Clostridium autoethanogenum
0.9991197,0.00088028365,-1,XBS30390.1,Unavailable,Clostridium autoethanogenum
0.9976672,0.0023328734,-1,XBS27482.1,Unavailable,Clostridium autoethanogenum
0.9985733,0.0014266846,-1,XBS27483.1,Unavailable,Clostridium autoethanogenum
0.9923988,0.007601181,-1,XBS27479.1,Unavailable,Clostridium autoethanogenum
0.99906474,0.0009353297,-1,XBS27475.1,Unavailable,Clostridium autoethanogenum
0.9919408,0.008059201,-1,XBS27495.1,Unavailable,Clostridium autoethanogenum
0.9990132,0.0009867798,-1,XBS27485.1,Unavailable,Clostridium autoethanogenum
0.99786156,0.0021384903,-1,XBS27476.1,Unavailable,Clostridium autoethanogenum
0.9989913,0.0010086957,-1,XBS27478.1,Unavailable,Clostridium autoethanogenum
0.99874485,0.0012551001,-1,XBS27484.1,Unavailable,Clostridium autoethanogenum
0.9994784,0.0005216799,-1,XBS30392.1,Unavailable,Clostridium autoethanogenum
0.9989035,0.0010965213,-1,XBS30389.1,Unavailable,Clostridium autoethanogenum
0.9983621,0.0016378572,-1,XBS27488.1,Unavailable,Clostridium autoethanogenum
0.99853075,0.0014691923,-1,XBS27518.1,Unavailable,Clostridium autoethanogenum
0.9995919,0.00040808303,-1,XBS27499.1,Unavailable,Clostridium autoethanogenum
0.9995915,0.00040844534,-1,XBS27517.1,Unavailable,Clostridium autoethanogenum
0.99950194,0.00049805903,-1,XBS27504.1,Unavailable,Clostridium autoethanogenum
0.98803395,0.011965979,-1,XBS27509.1,Unavailable,Clostridium autoethanogenum
0.993113,0.0068870545,-1,XBS27507.1,Unavailable,Clostridium autoethanogenum
0.99963593,0.00036408924,-1,XBS27505.1,Unavailable,Clostridium autoethanogenum
0.9997018,0.00029817698,-1,XBS27512.1,Unavailable,Clostridium autoethanogenum
0.9989912,0.0010087991,-1,XBS27501.1,Unavailable,Clostridium autoethanogenum
0.9989857,0.0010142283,-1,XBS30394.1,Unavailable,Clostridium autoethanogenum
0.99940467,0.00059529045,-1,XBS27506.1,Unavailable,Clostridium autoethanogenum
0.9986517,0.0013483572,-1,XBS27510.1,Unavailable,Clostridium autoethanogenum
0.9997805,0.0002195088,-1,XBS27514.1,Unavailable,Clostridium autoethanogenum
0.99996495,3.5063593e-05,-1,XBS27508.1,Unavailable,Clostridium autoethanogenum
0.9996555,0.00034452524,-1,XBS27497.1,Unavailable,Clostridium autoethanogenum
0.9982204,0.0017795693,-1,XBS27502.1,Unavailable,Clostridium autoethanogenum
0.9641799,0.03582007,-1,XBS27511.1,Unavailable,Clostridium autoethanogenum
0.9997094,0.00029055393,-1,XBS27515.1,Unavailable,Clostridium autoethanogenum
0.9979917,0.0020083257,-1,XBS30393.1,Unavailable,Clostridium autoethanogenum
0.999694,0.0003060134,-1,XBS27496.1,Unavailable,Clostridium autoethanogenum
0.9555675,0.044432443,-1,XBS27500.1,Unavailable,Clostridium autoethanogenum
0.99849546,0.0015044952,-1,XBS27503.1,Unavailable,Clostridium autoethanogenum
0.9980531,0.0019469674,-1,XBS27498.1,Unavailable,Clostridium autoethanogenum
0.99886036,0.0011396605,-1,XBS27516.1,Unavailable,Clostridium autoethanogenum
0.97855526,0.021444784,-1,XBS27513.1,Unavailable,Clostridium autoethanogenum
0.9996126,0.00038741116,-1,XBS30395.1,Unavailable,Clostridium autoethanogenum
0.9980895,0.0019104723,-1,XBS27530.1,Unavailable,Clostridium autoethanogenum
0.9979024,0.002097662,-1,XBS27535.1,Unavailable,Clostridium autoethanogenum
0.99176496,0.0082350625,-1,XBS27528.1,Unavailable,Clostridium autoethanogenum
0.9992362,0.0007637871,-1,XBS27536.1,Unavailable,Clostridium autoethanogenum
0.999338,0.00066195,-1,XBS27537.1,Unavailable,Clostridium autoethanogenum
0.99876,0.0012399933,-1,XBS27519.1,Unavailable,Clostridium autoethanogenum
0.9988951,0.0011048764,-1,XBS30397.1,Unavailable,Clostridium autoethanogenum
0.9926233,0.0073766904,-1,XBS27532.1,Unavailable,Clostridium autoethanogenum
0.9991431,0.00085689215,-1,XBS27538.1,Unavailable,Clostridium autoethanogenum
0.99923134,0.0007686529,-1,XBS27534.1,Unavailable,Clostridium autoethanogenum
0.99895453,0.0010454755,-1,XBS27520.1,Unavailable,Clostridium autoethanogenum
0.99982077,0.00017924729,-1,XBS27526.1,Unavailable,Clostridium autoethanogenum
0.9989152,0.0010848691,-1,XBS27539.1,Unavailable,Clostridium autoethanogenum
0.9997265,0.00027346108,-1,XBS27525.1,Unavailable,Clostridium autoethanogenum
0.9991911,0.000808891,-1,XBS27522.1,Unavailable,Clostridium autoethanogenum
0.99979705,0.00020302123,-1,XBS27540.1,Unavailable,Clostridium autoethanogenum
0.99960965,0.0003903971,-1,XBS27521.1,Unavailable,Clostridium autoethanogenum
0.9995503,0.0004497039,-1,XBS27531.1,Unavailable,Clostridium autoethanogenum
0.99862576,0.001374237,-1,XBS27523.1,Unavailable,Clostridium autoethanogenum
0.9998404,0.00015960864,-1,XBS30396.1,Unavailable,Clostridium autoethanogenum
0.99916935,0.00083070464,-1,XBS27533.1,Unavailable,Clostridium autoethanogenum
0.9989573,0.0010427118,-1,XBS27529.1,Unavailable,Clostridium autoethanogenum
0.9965339,0.003466102,-1,XBS27527.1,Unavailable,Clostridium autoethanogenum
0.999683,0.00031700186,-1,XBS27524.1,Unavailable,Clostridium autoethanogenum
0.99765825,0.0023417028,-1,XBS27553.1,Unavailable,Clostridium autoethanogenum
0.9990895,0.0009105036,-1,XBS27551.1,Unavailable,Clostridium autoethanogenum
0.99967563,0.00032432482,-1,XBS27555.1,Unavailable,Clostridium autoethanogenum
7.033029e-05,0.99992967,-1,XBS27550.1,Unavailable,Clostridium autoethanogenum
0.9990723,0.00092765805,-1,XBS27554.1,Unavailable,Clostridium autoethanogenum
0.017111467,0.9828886,-1,XBS27546.1,Unavailable,Clostridium autoethanogenum
0.9997843,0.00021569713,-1,XBS27560.1,Unavailable,Clostridium autoethanogenum
0.99989593,0.00010403679,-1,XBS27542.1,Unavailable,Clostridium autoethanogenum
0.999723,0.00027694812,-1,XBS27548.1,Unavailable,Clostridium autoethanogenum
0.998901,0.0010989305,-1,XBS27547.1,Unavailable,Clostridium autoethanogenum
0.99966383,0.00033621656,-1,XBS27543.1,Unavailable,Clostridium autoethanogenum
0.9998869,0.00011305829,-1,XBS27559.1,Unavailable,Clostridium autoethanogenum
0.9997682,0.00023178585,-1,XBS27557.1,Unavailable,Clostridium autoethanogenum
0.9992015,0.0007985299,-1,XBS27556.1,Unavailable,Clostridium autoethanogenum
5.0290982e-05,0.9999497,-1,XBS27552.1,Unavailable,Clostridium autoethanogenum
0.99950993,0.0004900262,-1,XBS27558.1,Unavailable,Clostridium autoethanogenum
0.99944633,0.00055359956,-1,XBS27544.1,Unavailable,Clostridium autoethanogenum
0.9995146,0.00048540192,-1,XBS27549.1,Unavailable,Clostridium autoethanogenum
0.99949837,0.00050161756,-1,XBS27562.1,Unavailable,Clostridium autoethanogenum
0.9993345,0.0006654648,-1,XBS27561.1,Unavailable,Clostridium autoethanogenum
0.99909043,0.0009095802,-1,XBS27541.1,Unavailable,Clostridium autoethanogenum
0.9993999,0.00060011074,-1,XBS27545.1,Unavailable,Clostridium autoethanogenum
0.9847621,0.0152378855,-1,XBS27565.1,Unavailable,Clostridium autoethanogenum
0.99535626,0.004643662,-1,XBS27564.1,Unavailable,Clostridium autoethanogenum
0.99821377,0.0017862355,-1,XBS27563.1,Unavailable,Clostridium autoethanogenum
0.99908495,0.0009150635,-1,XBS27566.1,Unavailable,Clostridium autoethanogenum
0.9994697,0.0005303,-1,XBS27581.1,Unavailable,Clostridium autoethanogenum
0.99970835,0.00029167888,-1,XBS27587.1,Unavailable,Clostridium autoethanogenum
0.9989285,0.0010714388,-1,XBS27576.1,Unavailable,Clostridium autoethanogenum
0.9999074,9.2562776e-05,-1,XBS27567.1,Unavailable,Clostridium autoethanogenum
0.18874222,0.8112578,-1,XBS30399.1,Unavailable,Clostridium autoethanogenum
0.9982646,0.0017354302,-1,XBS27573.1,Unavailable,Clostridium autoethanogenum
0.99991965,8.02885e-05,-1,XBS27583.1,Unavailable,Clostridium autoethanogenum
0.99970764,0.0002923604,-1,XBS27582.1,Unavailable,Clostridium autoethanogenum
0.99924624,0.00075380714,-1,XBS27584.1,Unavailable,Clostridium autoethanogenum
0.9977563,0.0022436942,-1,XBS30398.1,Unavailable,Clostridium autoethanogenum
0.9997532,0.000246784,-1,XBS27570.1,Unavailable,Clostridium autoethanogenum
0.9997688,0.00023120822,-1,XBS27578.1,Unavailable,Clostridium autoethanogenum
0.99970263,0.00029728172,-1,XBS27571.1,Unavailable,Clostridium autoethanogenum
3.820994e-05,0.99996173,-1,XBS27586.1,Unavailable,Clostridium autoethanogenum
0.99944466,0.00055534125,-1,XBS27569.1,Unavailable,Clostridium autoethanogenum
0.9991959,0.0008040829,-1,XBS27574.1,Unavailable,Clostridium autoethanogenum
0.9997807,0.00021925653,-1,XBS27575.1,Unavailable,Clostridium autoethanogenum
0.99942625,0.00057381904,-1,XBS27577.1,Unavailable,Clostridium autoethanogenum
0.99945265,0.0005473935,-1,XBS27585.1,Unavailable,Clostridium autoethanogenum
0.998691,0.0013089828,-1,XBS27568.1,Unavailable,Clostridium autoethanogenum
0.99826235,0.0017376405,-1,XBS27580.1,Unavailable,Clostridium autoethanogenum
0.9977163,0.002283707,-1,XBS27572.1,Unavailable,Clostridium autoethanogenum
0.99988747,0.00011255553,-1,XBS27588.1,Unavailable,Clostridium autoethanogenum
0.99887174,0.0011281805,-1,XBS27579.1,Unavailable,Clostridium autoethanogenum
0.99868876,0.0013112018,-1,XBS27590.1,Unavailable,Clostridium autoethanogenum
0.99990106,9.8945035e-05,-1,XBS27594.1,Unavailable,Clostridium autoethanogenum
0.9967265,0.0032734273,-1,XBS27610.1,Unavailable,Clostridium autoethanogenum
0.9962871,0.0037128753,-1,XBS27601.1,Unavailable,Clostridium autoethanogenum
0.0029538134,0.9970462,-1,XBS27602.1,Unavailable,Clostridium autoethanogenum
0.9969193,0.0030807708,-1,XBS27595.1,Unavailable,Clostridium autoethanogenum
0.997785,0.0022149528,-1,XBS27607.1,Unavailable,Clostridium autoethanogenum
0.99840945,0.0015906096,-1,XBS27611.1,Unavailable,Clostridium autoethanogenum
0.99918157,0.0008184677,-1,XBS27589.1,Unavailable,Clostridium autoethanogenum
0.99737275,0.0026272836,-1,XBS27600.1,Unavailable,Clostridium autoethanogenum
0.99959856,0.00040149965,-1,XBS27592.1,Unavailable,Clostridium autoethanogenum
0.0020995634,0.9979005,-1,XBS27591.1,Unavailable,Clostridium autoethanogenum
0.99853194,0.0014680534,-1,XBS27596.1,Unavailable,Clostridium autoethanogenum
0.9996294,0.0003705842,-1,XBS27603.1,Unavailable,Clostridium autoethanogenum
0.9997749,0.00022507786,-1,XBS27599.1,Unavailable,Clostridium autoethanogenum
0.99789387,0.0021061352,-1,XBS27613.1,Unavailable,Clostridium autoethanogenum
0.99964345,0.00035652035,-1,XBS27604.1,Unavailable,Clostridium autoethanogenum
0.9998301,0.00016986868,-1,XBS27612.1,Unavailable,Clostridium autoethanogenum
0.9995127,0.00048729058,-1,XBS27598.1,Unavailable,Clostridium autoethanogenum
0.99615866,0.0038413212,-1,XBS27606.1,Unavailable,Clostridium autoethanogenum
0.99924254,0.0007575276,-1,XBS27608.1,Unavailable,Clostridium autoethanogenum
0.99962926,0.00037072468,-1,XBS27593.1,Unavailable,Clostridium autoethanogenum
0.9979638,0.0020362409,-1,XBS27605.1,Unavailable,Clostridium autoethanogenum
0.99850035,0.0014996886,-1,XBS27609.1,Unavailable,Clostridium autoethanogenum
0.99982846,0.0001714595,-1,XBS27597.1,Unavailable,Clostridium autoethanogenum
0.99857545,0.0014245055,-1,XBS27626.1,Unavailable,Clostridium autoethanogenum
0.9997801,0.00021986656,-1,XBS27636.1,Unavailable,Clostridium autoethanogenum
0.9995815,0.00041854524,-1,XBS27629.1,Unavailable,Clostridium autoethanogenum
0.99947923,0.0005208464,-1,XBS27633.1,Unavailable,Clostridium autoethanogenum
0.9983376,0.0016623352,-1,XBS27632.1,Unavailable,Clostridium autoethanogenum
0.99750805,0.002491981,-1,XBS27623.1,Unavailable,Clostridium autoethanogenum
0.9996113,0.00038865145,-1,XBS27628.1,Unavailable,Clostridium autoethanogenum
0.9998104,0.00018966915,-1,XBS27630.1,Unavailable,Clostridium autoethanogenum
0.9997762,0.00022386886,-1,XBS27634.1,Unavailable,Clostridium autoethanogenum
0.99889684,0.0011031665,-1,XBS27631.1,Unavailable,Clostridium autoethanogenum
0.9998381,0.00016188042,-1,XBS27627.1,Unavailable,Clostridium autoethanogenum
0.9975967,0.0024033526,-1,XBS27615.1,Unavailable,Clostridium autoethanogenum
0.9991941,0.0008058655,-1,XBS27620.1,Unavailable,Clostridium autoethanogenum
0.9995937,0.0004063234,-1,XBS30401.1,Unavailable,Clostridium autoethanogenum
0.9993801,0.000619844,-1,XBS27622.1,Unavailable,Clostridium autoethanogenum
0.9996928,0.00030725088,-1,XBS27618.1,Unavailable,Clostridium autoethanogenum
0.9988669,0.00113308,-1,XBS27635.1,Unavailable,Clostridium autoethanogenum
0.9985072,0.0014927434,-1,XBS27614.1,Unavailable,Clostridium autoethanogenum
0.99959224,0.0004077128,-1,XBS27616.1,Unavailable,Clostridium autoethanogenum
0.9998504,0.00014962525,-1,XBS27619.1,Unavailable,Clostridium autoethanogenum
0.9993356,0.0006643612,-1,XBS30400.1,Unavailable,Clostridium autoethanogenum
0.99994004,5.991197e-05,-1,XBS27624.1,Unavailable,Clostridium autoethanogenum
0.9997311,0.00026880964,-1,XBS27617.1,Unavailable,Clostridium autoethanogenum
0.9995877,0.00041234976,-1,XBS27621.1,Unavailable,Clostridium autoethanogenum
0.94145757,0.058542427,-1,XBS27625.1,Unavailable,Clostridium autoethanogenum
0.99975353,0.0002464494,-1,XBS27655.1,Unavailable,Clostridium autoethanogenum
0.999522,0.00047807008,-1,XBS27650.1,Unavailable,Clostridium autoethanogenum
0.99914,0.00085995044,-1,XBS27640.1,Unavailable,Clostridium autoethanogenum
0.9998696,0.00013041703,-1,XBS27658.1,Unavailable,Clostridium autoethanogenum
0.99610704,0.0038929775,-1,XBS27638.1,Unavailable,Clostridium autoethanogenum
0.999476,0.0005239747,-1,XBS27660.1,Unavailable,Clostridium autoethanogenum
0.9997085,0.00029153153,-1,XBS27644.1,Unavailable,Clostridium autoethanogenum
0.9986965,0.0013035542,-1,XBS27656.1,Unavailable,Clostridium autoethanogenum
0.9993831,0.0006168372,-1,XBS27652.1,Unavailable,Clostridium autoethanogenum
0.99970526,0.0002946617,-1,XBS27637.1,Unavailable,Clostridium autoethanogenum
0.9971752,0.0028247528,-1,XBS27659.1,Unavailable,Clostridium autoethanogenum
0.99864024,0.0013598012,-1,XBS27661.1,Unavailable,Clostridium autoethanogenum
0.9994542,0.00054580753,-1,XBS27653.1,Unavailable,Clostridium autoethanogenum
0.998632,0.0013680039,-1,XBS27645.1,Unavailable,Clostridium autoethanogenum
0.99975175,0.00024822511,-1,XBS27657.1,Unavailable,Clostridium autoethanogenum
0.99927217,0.0007278947,-1,XBS27643.1,Unavailable,Clostridium autoethanogenum
0.99977523,0.00022478837,-1,XBS27649.1,Unavailable,Clostridium autoethanogenum
0.9993806,0.0006194318,-1,XBS27639.1,Unavailable,Clostridium autoethanogenum
0.9995079,0.00049204583,-1,XBS27648.1,Unavailable,Clostridium autoethanogenum
0.9995247,0.0004752632,-1,XBS27642.1,Unavailable,Clostridium autoethanogenum
0.9909191,0.009080883,-1,XBS27651.1,Unavailable,Clostridium autoethanogenum
0.9984713,0.0015286293,-1,XBS27641.1,Unavailable,Clostridium autoethanogenum
0.99939334,0.0006067017,-1,XBS27654.1,Unavailable,Clostridium autoethanogenum
0.9988181,0.0011818571,-1,XBS27646.1,Unavailable,Clostridium autoethanogenum
0.9995309,0.00046913032,-1,XBS27647.1,Unavailable,Clostridium autoethanogenum
1.9997728e-05,0.99998,-1,XBS27675.1,Unavailable,Clostridium autoethanogenum
0.02555905,0.9744409,-1,XBS27682.1,Unavailable,Clostridium autoethanogenum
0.0043538804,0.99564606,-1,XBS27680.1,Unavailable,Clostridium autoethanogenum
0.99876285,0.0012371908,-1,XBS27667.1,Unavailable,Clostridium autoethanogenum
0.99912006,0.0008799188,-1,XBS27671.1,Unavailable,Clostridium autoethanogenum
0.9963356,0.0036643352,-1,XBS27684.1,Unavailable,Clostridium autoethanogenum
0.9990314,0.0009686144,-1,XBS27673.1,Unavailable,Clostridium autoethanogenum
0.9995883,0.00041171856,-1,XBS30403.1,Unavailable,Clostridium autoethanogenum
0.9980421,0.0019578675,-1,XBS27663.1,Unavailable,Clostridium autoethanogenum
0.9890745,0.010925455,-1,XBS27662.1,Unavailable,Clostridium autoethanogenum
0.99955684,0.00044309592,-1,XBS27666.1,Unavailable,Clostridium autoethanogenum
0.99913305,0.00086701475,-1,XBS27668.1,Unavailable,Clostridium autoethanogenum
0.99941564,0.00058437756,-1,XBS27683.1,Unavailable,Clostridium autoethanogenum
0.99717075,0.002829298,-1,XBS27674.1,Unavailable,Clostridium autoethanogenum
0.9995821,0.0004179209,-1,XBS27679.1,Unavailable,Clostridium autoethanogenum
0.99968445,0.00031555965,-1,XBS27672.1,Unavailable,Clostridium autoethanogenum
0.99929106,0.00070889987,-1,XBS30402.1,Unavailable,Clostridium autoethanogenum
0.9990729,0.0009270563,-1,XBS27677.1,Unavailable,Clostridium autoethanogenum
0.9996495,0.00035051978,-1,XBS27681.1,Unavailable,Clostridium autoethanogenum
0.9988991,0.0011008779,-1,XBS27664.1,Unavailable,Clostridium autoethanogenum
0.93682635,0.0631737,-1,XBS27670.1,Unavailable,Clostridium autoethanogenum
0.94268817,0.057311796,-1,XBS27669.1,Unavailable,Clostridium autoethanogenum
0.9980994,0.0019006325,-1,XBS27665.1,Unavailable,Clostridium autoethanogenum
0.99877757,0.0012223807,-1,XBS27678.1,Unavailable,Clostridium autoethanogenum
0.9978848,0.0021151297,-1,XBS27676.1,Unavailable,Clostridium autoethanogenum
0.9995352,0.0004647807,-1,XBS27698.1,Unavailable,Clostridium autoethanogenum
0.99940264,0.00059737585,-1,XBS27685.1,Unavailable,Clostridium autoethanogenum
0.9988661,0.0011339049,-1,XBS27707.1,Unavailable,Clostridium autoethanogenum
0.98959875,0.010401195,-1,XBS27705.1,Unavailable,Clostridium autoethanogenum
0.9969531,0.0030469066,-1,XBS27706.1,Unavailable,Clostridium autoethanogenum
0.99984336,0.0001566537,-1,XBS27688.1,Unavailable,Clostridium autoethanogenum
0.9866056,0.013394368,-1,XBS27689.1,Unavailable,Clostridium autoethanogenum
0.9987256,0.0012743808,-1,XBS27690.1,Unavailable,Clostridium autoethanogenum
0.99916446,0.00083557423,-1,XBS27687.1,Unavailable,Clostridium autoethanogenum
0.9982705,0.0017294448,-1,XBS27704.1,Unavailable,Clostridium autoethanogenum
0.99926895,0.0007310755,-1,XBS27699.1,Unavailable,Clostridium autoethanogenum
0.99976295,0.00023706275,-1,XBS30404.1,Unavailable,Clostridium autoethanogenum
0.99982363,0.00017639884,-1,XBS27700.1,Unavailable,Clostridium autoethanogenum
0.9996088,0.00039124285,-1,XBS27708.1,Unavailable,Clostridium autoethanogenum
0.9993285,0.0006715828,-1,XBS27691.1,Unavailable,Clostridium autoethanogenum
0.99650276,0.0034972597,-1,XBS27693.1,Unavailable,Clostridium autoethanogenum
0.99876654,0.0012335078,-1,XBS27701.1,Unavailable,Clostridium autoethanogenum
0.9994112,0.00058877264,-1,XBS27696.1,Unavailable,Clostridium autoethanogenum
0.9924183,0.007581779,-1,XBS27692.1,Unavailable,Clostridium autoethanogenum
0.99506396,0.0049360674,-1,XBS27686.1,Unavailable,Clostridium autoethanogenum
0.99963796,0.00036203052,-1,XBS27697.1,Unavailable,Clostridium autoethanogenum
0.9997913,0.00020865416,-1,XBS27702.1,Unavailable,Clostridium autoethanogenum
0.9994629,0.00053712,-1,XBS27703.1,Unavailable,Clostridium autoethanogenum
0.9990243,0.00097570557,-1,XBS27695.1,Unavailable,Clostridium autoethanogenum
0.99752074,0.0024792135,-1,XBS27694.1,Unavailable,Clostridium autoethanogenum
0.993515,0.006484951,-1,XBS27713.1,Unavailable,Clostridium autoethanogenum
0.99396473,0.006035264,-1,XBS27727.1,Unavailable,Clostridium autoethanogenum
0.999376,0.0006239709,-1,XBS27720.1,Unavailable,Clostridium autoethanogenum
0.99958163,0.00041841564,-1,XBS27726.1,Unavailable,Clostridium autoethanogenum
0.0036317415,0.9963683,-1,XBS27717.1,Unavailable,Clostridium autoethanogenum
0.0010031024,0.9989969,-1,XBS27732.1,Unavailable,Clostridium autoethanogenum
0.9994117,0.00058832695,-1,XBS27712.1,Unavailable,Clostridium autoethanogenum
0.9993467,0.00065330975,-1,XBS27731.1,Unavailable,Clostridium autoethanogenum
0.00021257052,0.9997874,-1,XBS27718.1,Unavailable,Clostridium autoethanogenum
0.9984364,0.0015635765,-1,XBS27715.1,Unavailable,Clostridium autoethanogenum
0.00010702259,0.99989295,-1,XBS27721.1,Unavailable,Clostridium autoethanogenum
0.9991559,0.0008441323,-1,XBS27719.1,Unavailable,Clostridium autoethanogenum
0.9946241,0.005375902,-1,XBS27716.1,Unavailable,Clostridium autoethanogenum
0.999393,0.0006069766,-1,XBS27722.1,Unavailable,Clostridium autoethanogenum
0.9993068,0.0006931696,-1,XBS27723.1,Unavailable,Clostridium autoethanogenum
0.99938,0.00061994966,-1,XBS27710.1,Unavailable,Clostridium autoethanogenum
0.9970139,0.002986088,-1,XBS27728.1,Unavailable,Clostridium autoethanogenum
0.9990902,0.00090986193,-1,XBS27730.1,Unavailable,Clostridium autoethanogenum
0.99933594,0.0006640226,-1,XBS27729.1,Unavailable,Clostridium autoethanogenum
0.9989447,0.0010552886,-1,XBS27714.1,Unavailable,Clostridium autoethanogenum
0.99836594,0.0016340284,-1,XBS27725.1,Unavailable,Clostridium autoethanogenum
0.986791,0.013209017,-1,XBS27709.1,Unavailable,Clostridium autoethanogenum
0.99925786,0.0007421021,-1,XBS27711.1,Unavailable,Clostridium autoethanogenum
0.99721956,0.0027804677,-1,XBS27724.1,Unavailable,Clostridium autoethanogenum
0.99985445,0.00014557427,-1,XBS30423.1,Unavailable,Clostridium autoethanogenum
0.9998642,0.0001357905,-1,XBS27742.1,Unavailable,Clostridium autoethanogenum
0.9977958,0.0022041397,-1,XBS27756.1,Unavailable,Clostridium autoethanogenum
0.007233664,0.99276626,-1,XBS27745.1,Unavailable,Clostridium autoethanogenum
0.9983956,0.0016044016,-1,XBS27734.1,Unavailable,Clostridium autoethanogenum
0.9996464,0.0003535311,-1,XBS27757.1,Unavailable,Clostridium autoethanogenum
0.9572282,0.04277186,-1,XBS27740.1,Unavailable,Clostridium autoethanogenum
0.9994048,0.0005952567,-1,XBS27737.1,Unavailable,Clostridium autoethanogenum
0.9968438,0.0031561735,-1,XBS27733.1,Unavailable,Clostridium autoethanogenum
0.9967566,0.0032433572,-1,XBS27743.1,Unavailable,Clostridium autoethanogenum
0.000112292015,0.9998877,-1,XBS27753.1,Unavailable,Clostridium autoethanogenum
0.001238371,0.99876165,-1,XBS27752.1,Unavailable,Clostridium autoethanogenum
0.99823403,0.0017658921,-1,XBS27749.1,Unavailable,Clostridium autoethanogenum
0.000499087,0.9995009,-1,XBS27739.1,Unavailable,Clostridium autoethanogenum
0.99969435,0.00030566004,-1,XBS27751.1,Unavailable,Clostridium autoethanogenum
0.9995382,0.00046179313,-1,XBS27735.1,Unavailable,Clostridium autoethanogenum
0.9985239,0.0014761906,-1,XBS27748.1,Unavailable,Clostridium autoethanogenum
0.99882835,0.0011715937,-1,XBS27754.1,Unavailable,Clostridium autoethanogenum
0.9888143,0.011185745,-1,XBS27750.1,Unavailable,Clostridium autoethanogenum
0.9993512,0.00064877473,-1,XBS27744.1,Unavailable,Clostridium autoethanogenum
0.99500847,0.004991533,-1,XBS27746.1,Unavailable,Clostridium autoethanogenum
0.9985469,0.0014530218,-1,XBS27738.1,Unavailable,Clostridium autoethanogenum
0.00096321787,0.9990368,-1,XBS27747.1,Unavailable,Clostridium autoethanogenum
0.99980503,0.00019494527,-1,XBS27755.1,Unavailable,Clostridium autoethanogenum
0.997408,0.00259199,-1,XBS27736.1,Unavailable,Clostridium autoethanogenum
0.9995844,0.00041560945,-1,XBS27741.1,Unavailable,Clostridium autoethanogenum
8.498087e-06,0.99999154,-1,XBS27778.1,Unavailable,Clostridium autoethanogenum
0.99744886,0.002551075,-1,XBS27758.1,Unavailable,Clostridium autoethanogenum
0.9964743,0.0035256257,-1,XBS27773.1,Unavailable,Clostridium autoethanogenum
0.9933442,0.006655775,-1,XBS27779.1,Unavailable,Clostridium autoethanogenum
0.9982079,0.0017920441,-1,XBS27766.1,Unavailable,Clostridium autoethanogenum
0.00037688192,0.99962306,-1,XBS27770.1,Unavailable,Clostridium autoethanogenum
0.99914086,0.0008591617,-1,XBS27768.1,Unavailable,Clostridium autoethanogenum
0.99981815,0.00018188854,-1,XBS27767.1,Unavailable,Clostridium autoethanogenum
0.9986376,0.0013623234,-1,XBS27775.1,Unavailable,Clostridium autoethanogenum
0.994173,0.005826996,-1,XBS27776.1,Unavailable,Clostridium autoethanogenum
0.99571735,0.0042826575,-1,XBS27761.1,Unavailable,Clostridium autoethanogenum
5.959243e-05,0.9999404,-1,XBS30405.1,Unavailable,Clostridium autoethanogenum
0.99861157,0.0013883791,-1,XBS27765.1,Unavailable,Clostridium autoethanogenum
0.9995408,0.00045927946,-1,XBS27759.1,Unavailable,Clostridium autoethanogenum
0.9994636,0.0005363937,-1,XBS27764.1,Unavailable,Clostridium autoethanogenum
0.9988329,0.0011671765,-1,XBS27762.1,Unavailable,Clostridium autoethanogenum
0.99466866,0.0053313253,-1,XBS27760.1,Unavailable,Clostridium autoethanogenum
0.9994837,0.00051630405,-1,XBS27781.1,Unavailable,Clostridium autoethanogenum
0.99526936,0.0047306474,-1,XBS27763.1,Unavailable,Clostridium autoethanogenum
0.9980558,0.0019442379,-1,XBS27769.1,Unavailable,Clostridium autoethanogenum
0.99908817,0.000911808,-1,XBS27774.1,Unavailable,Clostridium autoethanogenum
0.23197797,0.76802206,-1,XBS27772.1,Unavailable,Clostridium autoethanogenum
0.9990521,0.0009478479,-1,XBS27780.1,Unavailable,Clostridium autoethanogenum
0.0014718489,0.9985281,-1,XBS27771.1,Unavailable,Clostridium autoethanogenum
7.1601775e-05,0.99992836,-1,XBS27777.1,Unavailable,Clostridium autoethanogenum
0.9992617,0.00073828886,-1,XBS27782.1,Unavailable,Clostridium autoethanogenum
0.9995066,0.0004934535,-1,XBS27803.1,Unavailable,Clostridium autoethanogenum
5.99138e-05,0.99994004,-1,XBS27786.1,Unavailable,Clostridium autoethanogenum
0.9997408,0.0002592586,-1,XBS27805.1,Unavailable,Clostridium autoethanogenum
0.9994168,0.0005832413,-1,XBS27800.1,Unavailable,Clostridium autoethanogenum
7.4085597e-06,0.9999926,-1,XBS27796.1,Unavailable,Clostridium autoethanogenum
0.9983725,0.001627543,-1,XBS27794.1,Unavailable,Clostridium autoethanogenum
0.99922657,0.0007733986,-1,XBS27783.1,Unavailable,Clostridium autoethanogenum
0.9998857,0.00011427483,-1,XBS27789.1,Unavailable,Clostridium autoethanogenum
0.99808747,0.0019124527,-1,XBS27798.1,Unavailable,Clostridium autoethanogenum
0.99927527,0.00072472595,-1,XBS27791.1,Unavailable,Clostridium autoethanogenum
0.9997267,0.0002732406,-1,XBS27806.1,Unavailable,Clostridium autoethanogenum
0.99695575,0.0030442497,-1,XBS27785.1,Unavailable,Clostridium autoethanogenum
0.99729013,0.0027099086,-1,XBS27797.1,Unavailable,Clostridium autoethanogenum
0.99730253,0.0026974627,-1,XBS27795.1,Unavailable,Clostridium autoethanogenum
0.9991547,0.000845328,-1,XBS27788.1,Unavailable,Clostridium autoethanogenum
0.9995524,0.00044754465,-1,XBS27799.1,Unavailable,Clostridium autoethanogenum
0.9993641,0.00063587877,-1,XBS27801.1,Unavailable,Clostridium autoethanogenum
0.9988175,0.0011824833,-1,XBS27784.1,Unavailable,Clostridium autoethanogenum
0.9999347,6.536004e-05,-1,XBS27802.1,Unavailable,Clostridium autoethanogenum
0.99966645,0.00033359954,-1,XBS27804.1,Unavailable,Clostridium autoethanogenum
0.9996381,0.00036185316,-1,XBS27790.1,Unavailable,Clostridium autoethanogenum
0.7873447,0.21265537,-1,XBS27787.1,Unavailable,Clostridium autoethanogenum
0.9986749,0.0013250648,-1,XBS27792.1,Unavailable,Clostridium autoethanogenum
0.9989453,0.0010547403,-1,XBS27793.1,Unavailable,Clostridium autoethanogenum
0.9997515,0.00024846452,-1,XBS27830.1,Unavailable,Clostridium autoethanogenum
0.9993468,0.0006531588,-1,XBS27808.1,Unavailable,Clostridium autoethanogenum
0.9993678,0.0006322785,-1,XBS27812.1,Unavailable,Clostridium autoethanogenum
0.99940896,0.0005910692,-1,XBS27831.1,Unavailable,Clostridium autoethanogenum
0.9987459,0.0012541119,-1,XBS27819.1,Unavailable,Clostridium autoethanogenum
0.9997174,0.00028251685,-1,XBS27809.1,Unavailable,Clostridium autoethanogenum
0.9997185,0.00028152822,-1,XBS27815.1,Unavailable,Clostridium autoethanogenum
0.9991603,0.000839748,-1,XBS27828.1,Unavailable,Clostridium autoethanogenum
0.99916077,0.00083919516,-1,XBS27824.1,Unavailable,Clostridium autoethanogenum
0.99980634,0.0001937179,-1,XBS27810.1,Unavailable,Clostridium autoethanogenum
0.99772626,0.002273732,-1,XBS27820.1,Unavailable,Clostridium autoethanogenum
0.99979013,0.0002098875,-1,XBS27813.1,Unavailable,Clostridium autoethanogenum
0.9994848,0.00051514583,-1,XBS27822.1,Unavailable,Clostridium autoethanogenum
0.99952507,0.00047491066,-1,XBS27814.1,Unavailable,Clostridium autoethanogenum
0.99966025,0.00033971868,-1,XBS27816.1,Unavailable,Clostridium autoethanogenum
0.99983346,0.00016646713,-1,XBS27821.1,Unavailable,Clostridium autoethanogenum
0.99955314,0.00044680273,-1,XBS27811.1,Unavailable,Clostridium autoethanogenum
0.9988851,0.0011148874,-1,XBS27817.1,Unavailable,Clostridium autoethanogenum
0.9993876,0.0006123234,-1,XBS27826.1,Unavailable,Clostridium autoethanogenum
0.99127144,0.008728581,-1,XBS27827.1,Unavailable,Clostridium autoethanogenum
0.9997148,0.00028513084,-1,XBS27823.1,Unavailable,Clostridium autoethanogenum
0.99956185,0.00043808503,-1,XBS27825.1,Unavailable,Clostridium autoethanogenum
0.9995334,0.00046655402,-1,XBS27807.1,Unavailable,Clostridium autoethanogenum
0.9924515,0.0075485525,-1,XBS27829.1,Unavailable,Clostridium autoethanogenum
0.6230909,0.37690908,-1,XBS27818.1,Unavailable,Clostridium autoethanogenum
0.9994143,0.00058569544,-1,XBS27852.1,Unavailable,Clostridium autoethanogenum
0.9997458,0.00025423057,-1,XBS27837.1,Unavailable,Clostridium autoethanogenum
0.9991941,0.0008059358,-1,XBS27848.1,Unavailable,Clostridium autoethanogenum
0.99973077,0.0002692542,-1,XBS27841.1,Unavailable,Clostridium autoethanogenum
0.9998388,0.00016111598,-1,XBS27840.1,Unavailable,Clostridium autoethanogenum
0.99929464,0.0007052818,-1,XBS27844.1,Unavailable,Clostridium autoethanogenum
0.99724233,0.00275763,-1,XBS27843.1,Unavailable,Clostridium autoethanogenum
0.99936706,0.0006329804,-1,XBS27833.1,Unavailable,Clostridium autoethanogenum
0.99255353,0.007446505,-1,XBS27842.1,Unavailable,Clostridium autoethanogenum
0.99964297,0.00035699498,-1,XBS27834.1,Unavailable,Clostridium autoethanogenum
0.9995486,0.0004513797,-1,XBS27836.1,Unavailable,Clostridium autoethanogenum
0.99970055,0.00029953153,-1,XBS27838.1,Unavailable,Clostridium autoethanogenum
0.99932516,0.0006748588,-1,XBS27835.1,Unavailable,Clostridium autoethanogenum
0.999845,0.00015500055,-1,XBS27832.1,Unavailable,Clostridium autoethanogenum
0.9998313,0.00016861447,-1,XBS27845.1,Unavailable,Clostridium autoethanogenum
0.99991953,8.050133e-05,-1,XBS27846.1,Unavailable,Clostridium autoethanogenum
0.9998889,0.00011103896,-1,XBS27847.1,Unavailable,Clostridium autoethanogenum
0.9996119,0.00038809498,-1,XBS27854.1,Unavailable,Clostridium autoethanogenum
0.9978022,0.0021977415,-1,XBS27839.1,Unavailable,Clostridium autoethanogenum
0.99874324,0.0012567915,-1,XBS27849.1,Unavailable,Clostridium autoethanogenum
0.99770457,0.0022954578,-1,XBS27856.1,Unavailable,Clostridium autoethanogenum
0.9987489,0.0012510708,-1,XBS27853.1,Unavailable,Clostridium autoethanogenum
0.15045585,0.84954417,-1,XBS27855.1,Unavailable,Clostridium autoethanogenum
0.99800664,0.001993395,-1,XBS27850.1,Unavailable,Clostridium autoethanogenum
0.9940514,0.005948556,-1,XBS27851.1,Unavailable,Clostridium autoethanogenum
0.9994661,0.00053393457,-1,XBS27881.1,Unavailable,Clostridium autoethanogenum
0.9993666,0.00063341,-1,XBS27877.1,Unavailable,Clostridium autoethanogenum
0.9997259,0.00027408887,-1,XBS27863.1,Unavailable,Clostridium autoethanogenum
0.9995696,0.0004303841,-1,XBS27871.1,Unavailable,Clostridium autoethanogenum
0.9995415,0.00045856598,-1,XBS27860.1,Unavailable,Clostridium autoethanogenum
0.9997081,0.00029182792,-1,XBS27866.1,Unavailable,Clostridium autoethanogenum
0.9998282,0.00017178648,-1,XBS27861.1,Unavailable,Clostridium autoethanogenum
0.9992261,0.0007739627,-1,XBS27880.1,Unavailable,Clostridium autoethanogenum
0.99971193,0.00028801325,-1,XBS27879.1,Unavailable,Clostridium autoethanogenum
0.999866,0.00013394316,-1,XBS27878.1,Unavailable,Clostridium autoethanogenum
0.99956185,0.000438174,-1,XBS27864.1,Unavailable,Clostridium autoethanogenum
0.9992772,0.0007228533,-1,XBS27870.1,Unavailable,Clostridium autoethanogenum
0.9997336,0.0002663176,-1,XBS27875.1,Unavailable,Clostridium autoethanogenum
0.9998764,0.00012357284,-1,XBS27868.1,Unavailable,Clostridium autoethanogenum
0.9994536,0.00054636865,-1,XBS27876.1,Unavailable,Clostridium autoethanogenum
0.9994228,0.00057721883,-1,XBS27869.1,Unavailable,Clostridium autoethanogenum
0.9997359,0.0002641102,-1,XBS27862.1,Unavailable,Clostridium autoethanogenum
0.9998517,0.00014828093,-1,XBS27867.1,Unavailable,Clostridium autoethanogenum
0.99976856,0.0002314045,-1,XBS27874.1,Unavailable,Clostridium autoethanogenum
0.9997297,0.00027031213,-1,XBS27865.1,Unavailable,Clostridium autoethanogenum
0.999564,0.0004359604,-1,XBS27858.1,Unavailable,Clostridium autoethanogenum
0.9998729,0.00012711382,-1,XBS27873.1,Unavailable,Clostridium autoethanogenum
0.9996773,0.00032270222,-1,XBS27872.1,Unavailable,Clostridium autoethanogenum
0.9994875,0.0005124107,-1,XBS27857.1,Unavailable,Clostridium autoethanogenum
0.99775296,0.0022469822,-1,XBS27859.1,Unavailable,Clostridium autoethanogenum
0.99806327,0.0019366817,-1,XBS27889.1,Unavailable,Clostridium autoethanogenum
0.26699737,0.7330026,-1,XBS27895.1,Unavailable,Clostridium autoethanogenum
0.99946517,0.00053488155,-1,XBS27886.1,Unavailable,Clostridium autoethanogenum
0.99563235,0.0043676626,-1,XBS27896.1,Unavailable,Clostridium autoethanogenum
0.9997218,0.0002781397,-1,XBS27903.1,Unavailable,Clostridium autoethanogenum
0.9979425,0.0020575146,-1,XBS27887.1,Unavailable,Clostridium autoethanogenum
0.99916303,0.00083699985,-1,XBS27902.1,Unavailable,Clostridium autoethanogenum
0.99964917,0.0003508618,-1,XBS27891.1,Unavailable,Clostridium autoethanogenum
0.99919003,0.00080996315,-1,XBS27901.1,Unavailable,Clostridium autoethanogenum
0.99923015,0.0007698698,-1,XBS27884.1,Unavailable,Clostridium autoethanogenum
0.9995753,0.00042465603,-1,XBS27894.1,Unavailable,Clostridium autoethanogenum
0.99711084,0.0028891058,-1,XBS27892.1,Unavailable,Clostridium autoethanogenum
0.999464,0.0005360206,-1,XBS27885.1,Unavailable,Clostridium autoethanogenum
0.99941707,0.00058292033,-1,XBS27882.1,Unavailable,Clostridium autoethanogenum
0.9998498,0.00015021206,-1,XBS27897.1,Unavailable,Clostridium autoethanogenum
0.9995382,0.0004618953,-1,XBS27883.1,Unavailable,Clostridium autoethanogenum
0.9990263,0.0009736987,-1,XBS27888.1,Unavailable,Clostridium autoethanogenum
0.9982108,0.0017892008,-1,XBS27893.1,Unavailable,Clostridium autoethanogenum
0.99918145,0.00081854727,-1,XBS27898.1,Unavailable,Clostridium autoethanogenum
0.950328,0.049672052,-1,XBS27899.1,Unavailable,Clostridium autoethanogenum
0.9998932,0.000106859334,-1,XBS27890.1,Unavailable,Clostridium autoethanogenum
0.99655354,0.0034465152,-1,XBS27904.1,Unavailable,Clostridium autoethanogenum
0.00070056657,0.9992994,-1,XBS27906.1,Unavailable,Clostridium autoethanogenum
0.9880194,0.011980613,-1,XBS27900.1,Unavailable,Clostridium autoethanogenum
0.9976229,0.0023771161,-1,XBS27905.1,Unavailable,Clostridium autoethanogenum
0.9963744,0.0036255573,-1,XBS30406.1,Unavailable,Clostridium autoethanogenum
0.9994234,0.0005766245,-1,XBS27909.1,Unavailable,Clostridium autoethanogenum
0.9997366,0.00026337514,-1,XBS30407.1,Unavailable,Clostridium autoethanogenum
0.99853957,0.001460413,-1,XBS27922.1,Unavailable,Clostridium autoethanogenum
0.99710363,0.00289639,-1,XBS27925.1,Unavailable,Clostridium autoethanogenum
0.99977237,0.00022766292,-1,XBS27929.1,Unavailable,Clostridium autoethanogenum
0.9995258,0.00047422168,-1,XBS27910.1,Unavailable,Clostridium autoethanogenum
0.99447554,0.0055244397,-1,XBS27924.1,Unavailable,Clostridium autoethanogenum
0.99954283,0.00045718934,-1,XBS27928.1,Unavailable,Clostridium autoethanogenum
0.99936503,0.00063500676,-1,XBS27917.1,Unavailable,Clostridium autoethanogenum
0.9996736,0.00032640717,-1,XBS27908.1,Unavailable,Clostridium autoethanogenum
0.97641504,0.02358501,-1,XBS27927.1,Unavailable,Clostridium autoethanogenum
0.99984133,0.00015861791,-1,XBS27918.1,Unavailable,Clostridium autoethanogenum
0.92807865,0.071921326,-1,XBS27912.1,Unavailable,Clostridium autoethanogenum
0.99989736,0.00010258001,-1,XBS27911.1,Unavailable,Clostridium autoethanogenum
0.9686664,0.031333666,-1,XBS27919.1,Unavailable,Clostridium autoethanogenum
0.99906784,0.0009321225,-1,XBS27921.1,Unavailable,Clostridium autoethanogenum
0.8578973,0.14210275,-1,XBS27915.1,Unavailable,Clostridium autoethanogenum
0.99794954,0.0020505378,-1,XBS27914.1,Unavailable,Clostridium autoethanogenum
0.9979196,0.0020803807,-1,XBS27923.1,Unavailable,Clostridium autoethanogenum
0.99920374,0.0007962598,-1,XBS27916.1,Unavailable,Clostridium autoethanogenum
0.99973947,0.0002605258,-1,XBS27907.1,Unavailable,Clostridium autoethanogenum
0.9995702,0.00042978185,-1,XBS27926.1,Unavailable,Clostridium autoethanogenum
0.9998178,0.00018221521,-1,XBS27913.1,Unavailable,Clostridium autoethanogenum
0.50357074,0.49642923,-1,XBS27920.1,Unavailable,Clostridium autoethanogenum
0.998896,0.0011039212,-1,XBS27940.1,Unavailable,Clostridium autoethanogenum
0.99952877,0.0004712793,-1,XBS27937.1,Unavailable,Clostridium autoethanogenum
0.99873275,0.0012672244,-1,XBS27953.1,Unavailable,Clostridium autoethanogenum
0.998161,0.0018389558,-1,XBS27933.1,Unavailable,Clostridium autoethanogenum
0.9918487,0.008151274,-1,XBS27932.1,Unavailable,Clostridium autoethanogenum
0.99929595,0.00070399797,-1,XBS27944.1,Unavailable,Clostridium autoethanogenum
0.9996344,0.00036555933,-1,XBS27938.1,Unavailable,Clostridium autoethanogenum
0.99969304,0.00030699937,-1,XBS27943.1,Unavailable,Clostridium autoethanogenum
0.99923754,0.0007624792,-1,XBS27945.1,Unavailable,Clostridium autoethanogenum
0.99852103,0.0014789454,-1,XBS27930.1,Unavailable,Clostridium autoethanogenum
0.9998869,0.000113094735,-1,XBS27950.1,Unavailable,Clostridium autoethanogenum
0.99984646,0.00015353282,-1,XBS27951.1,Unavailable,Clostridium autoethanogenum
0.99953413,0.00046590605,-1,XBS27948.1,Unavailable,Clostridium autoethanogenum
0.99977726,0.00022272002,-1,XBS27939.1,Unavailable,Clostridium autoethanogenum
0.9996,0.00040001198,-1,XBS27947.1,Unavailable,Clostridium autoethanogenum
0.99940217,0.0005978454,-1,XBS27941.1,Unavailable,Clostridium autoethanogenum
0.9997273,0.0002726598,-1,XBS27936.1,Unavailable,Clostridium autoethanogenum
0.99977726,0.00022274509,-1,XBS27946.1,Unavailable,Clostridium autoethanogenum
0.9995795,0.0004204876,-1,XBS27931.1,Unavailable,Clostridium autoethanogenum
0.9987966,0.0012033678,-1,XBS27942.1,Unavailable,Clostridium autoethanogenum
0.99981445,0.00018557861,-1,XBS27935.1,Unavailable,Clostridium autoethanogenum
0.9987896,0.0012104178,-1,XBS27934.1,Unavailable,Clostridium autoethanogenum
0.9994603,0.0005396678,-1,XBS27949.1,Unavailable,Clostridium autoethanogenum
0.9998447,0.00015533494,-1,XBS27954.1,Unavailable,Clostridium autoethanogenum
0.99946815,0.00053188275,-1,XBS27952.1,Unavailable,Clostridium autoethanogenum
0.999466,0.00053405267,-1,XBS27964.1,Unavailable,Clostridium autoethanogenum
0.9998585,0.00014147891,-1,XBS27968.1,Unavailable,Clostridium autoethanogenum
0.9969573,0.003042658,-1,XBS27978.1,Unavailable,Clostridium autoethanogenum
0.99935716,0.00064278906,-1,XBS27966.1,Unavailable,Clostridium autoethanogenum
0.99969816,0.00030190803,-1,XBS27959.1,Unavailable,Clostridium autoethanogenum
0.9998234,0.00017662604,-1,XBS27963.1,Unavailable,Clostridium autoethanogenum
0.9990501,0.0009499047,-1,XBS27976.1,Unavailable,Clostridium autoethanogenum
0.9986896,0.0013103954,-1,XBS27972.1,Unavailable,Clostridium autoethanogenum
0.99943215,0.00056787976,-1,XBS27970.1,Unavailable,Clostridium autoethanogenum
0.99954516,0.0004547648,-1,XBS27965.1,Unavailable,Clostridium autoethanogenum
0.99950683,0.00049314933,-1,XBS27969.1,Unavailable,Clostridium autoethanogenum
0.9981134,0.001886603,-1,XBS27957.1,Unavailable,Clostridium autoethanogenum
0.999747,0.00025305332,-1,XBS27967.1,Unavailable,Clostridium autoethanogenum
0.99963796,0.00036197115,-1,XBS27958.1,Unavailable,Clostridium autoethanogenum
0.9996629,0.0003371884,-1,XBS27961.1,Unavailable,Clostridium autoethanogenum
0.99859744,0.0014025391,-1,XBS27971.1,Unavailable,Clostridium autoethanogenum
0.9998447,0.00015533168,-1,XBS27962.1,Unavailable,Clostridium autoethanogenum
0.980873,0.019127058,-1,XBS27973.1,Unavailable,Clostridium autoethanogenum
0.9998541,0.00014589888,-1,XBS27956.1,Unavailable,Clostridium autoethanogenum
0.9996326,0.00036737183,-1,XBS27975.1,Unavailable,Clostridium autoethanogenum
0.9528333,0.04716669,-1,XBS27974.1,Unavailable,Clostridium autoethanogenum
0.9996018,0.00039826948,-1,XBS27977.1,Unavailable,Clostridium autoethanogenum
0.99742657,0.0025734373,-1,XBS27955.1,Unavailable,Clostridium autoethanogenum
0.9994624,0.00053755095,-1,XBS30408.1,Unavailable,Clostridium autoethanogenum
0.99978954,0.00021050921,-1,XBS27960.1,Unavailable,Clostridium autoethanogenum
0.99921596,0.0007840318,-1,XBS27986.1,Unavailable,Clostridium autoethanogenum
0.999696,0.00030405683,-1,XBS30409.1,Unavailable,Clostridium autoethanogenum
0.9993594,0.0006406033,-1,XBS27980.1,Unavailable,Clostridium autoethanogenum
0.99976546,0.00023455254,-1,XBS27987.1,Unavailable,Clostridium autoethanogenum
0.99949265,0.0005072989,-1,XBS27994.1,Unavailable,Clostridium autoethanogenum
0.9993255,0.00067450065,-1,XBS30410.1,Unavailable,Clostridium autoethanogenum
0.9995865,0.00041350353,-1,XBS27985.1,Unavailable,Clostridium autoethanogenum
0.9990808,0.0009192169,-1,XBS27995.1,Unavailable,Clostridium autoethanogenum
0.99920124,0.00079878746,-1,XBS27996.1,Unavailable,Clostridium autoethanogenum
0.96778584,0.03221413,-1,XBS27982.1,Unavailable,Clostridium autoethanogenum
0.9997844,0.00021559597,-1,XBS27990.1,Unavailable,Clostridium autoethanogenum
0.99981874,0.00018129256,-1,XBS27999.1,Unavailable,Clostridium autoethanogenum
0.9998369,0.0001630189,-1,XBS28000.1,Unavailable,Clostridium autoethanogenum
0.99921787,0.00078213454,-1,XBS28001.1,Unavailable,Clostridium autoethanogenum
0.9994843,0.0005156654,-1,XBS27991.1,Unavailable,Clostridium autoethanogenum
0.99905807,0.00094189914,-1,XBS27993.1,Unavailable,Clostridium autoethanogenum
0.9998908,0.000109212946,-1,XBS27983.1,Unavailable,Clostridium autoethanogenum
0.9994184,0.0005816392,-1,XBS27992.1,Unavailable,Clostridium autoethanogenum
0.99978346,0.00021661428,-1,XBS27989.1,Unavailable,Clostridium autoethanogenum
0.9996718,0.0003281964,-1,XBS27984.1,Unavailable,Clostridium autoethanogenum
0.99941945,0.0005805984,-1,XBS27988.1,Unavailable,Clostridium autoethanogenum
0.9986493,0.0013506989,-1,XBS27998.1,Unavailable,Clostridium autoethanogenum
0.7602243,0.23977569,-1,XBS27981.1,Unavailable,Clostridium autoethanogenum
0.99963677,0.00036320378,-1,XBS27979.1,Unavailable,Clostridium autoethanogenum
0.9997433,0.00025667856,-1,XBS27997.1,Unavailable,Clostridium autoethanogenum
0.999464,0.0005360329,-1,XBS28012.1,Unavailable,Clostridium autoethanogenum
0.9989471,0.0010529618,-1,XBS30411.1,Unavailable,Clostridium autoethanogenum
0.9991191,0.0008809391,-1,XBS28013.1,Unavailable,Clostridium autoethanogenum
0.99989414,0.00010586235,-1,XBS28007.1,Unavailable,Clostridium autoethanogenum
0.99912447,0.0008755449,-1,XBS28010.1,Unavailable,Clostridium autoethanogenum
0.9996431,0.00035686517,-1,XBS28015.1,Unavailable,Clostridium autoethanogenum
0.9992348,0.0007652588,-1,XBS28014.1,Unavailable,Clostridium autoethanogenum
0.9991335,0.0008664647,-1,XBS28024.1,Unavailable,Clostridium autoethanogenum
0.99952996,0.00047001947,-1,XBS28008.1,Unavailable,Clostridium autoethanogenum
0.99954695,0.000453038,-1,XBS28018.1,Unavailable,Clostridium autoethanogenum
0.99976605,0.00023396312,-1,XBS28011.1,Unavailable,Clostridium autoethanogenum
0.9998388,0.00016112674,-1,XBS28006.1,Unavailable,Clostridium autoethanogenum
0.99870324,0.0012967001,-1,XBS28009.1,Unavailable,Clostridium autoethanogenum
0.99562377,0.0043762536,-1,XBS28016.1,Unavailable,Clostridium autoethanogenum
0.9991111,0.00088886294,-1,XBS28019.1,Unavailable,Clostridium autoethanogenum
0.9999449,5.5077035e-05,-1,XBS28002.1,Unavailable,Clostridium autoethanogenum
0.9994041,0.00059593964,-1,XBS28021.1,Unavailable,Clostridium autoethanogenum
0.9996742,0.00032578912,-1,XBS28005.1,Unavailable,Clostridium autoethanogenum
0.99974006,0.0002598951,-1,XBS28017.1,Unavailable,Clostridium autoethanogenum
0.99943537,0.00056465436,-1,XBS28020.1,Unavailable,Clostridium autoethanogenum
0.9977697,0.0022302743,-1,XBS28023.1,Unavailable,Clostridium autoethanogenum
0.9993291,0.00067093724,-1,XBS28022.1,Unavailable,Clostridium autoethanogenum
0.99972814,0.0002718263,-1,XBS28004.1,Unavailable,Clostridium autoethanogenum
0.9983033,0.0016966898,-1,XBS28003.1,Unavailable,Clostridium autoethanogenum
0.998998,0.0010020795,-1,XBS28025.1,Unavailable,Clostridium autoethanogenum
0.9990716,0.0009283867,-1,XBS28041.1,Unavailable,Clostridium autoethanogenum
0.99859554,0.0014044624,-1,XBS28049.1,Unavailable,Clostridium autoethanogenum
0.9985177,0.0014823704,-1,XBS28036.1,Unavailable,Clostridium autoethanogenum
0.99981207,0.00018790938,-1,XBS28047.1,Unavailable,Clostridium autoethanogenum
0.9994936,0.000506348,-1,XBS28045.1,Unavailable,Clostridium autoethanogenum
0.9978878,0.002112168,-1,XBS28040.1,Unavailable,Clostridium autoethanogenum
0.9991357,0.00086439407,-1,XBS28043.1,Unavailable,Clostridium autoethanogenum
0.9995338,0.00046620055,-1,XBS28034.1,Unavailable,Clostridium autoethanogenum
0.99919134,0.0008086151,-1,XBS28038.1,Unavailable,Clostridium autoethanogenum
0.99958724,0.00041273198,-1,XBS28029.1,Unavailable,Clostridium autoethanogenum
0.9992617,0.00073825545,-1,XBS28042.1,Unavailable,Clostridium autoethanogenum
0.99932957,0.0006704499,-1,XBS28050.1,Unavailable,Clostridium autoethanogenum
0.99972695,0.00027297472,-1,XBS28044.1,Unavailable,Clostridium autoethanogenum
0.99939275,0.00060725556,-1,XBS28039.1,Unavailable,Clostridium autoethanogenum
0.9997882,0.00021173368,-1,XBS28046.1,Unavailable,Clostridium autoethanogenum
0.9994142,0.0005858482,-1,XBS28048.1,Unavailable,Clostridium autoethanogenum
0.99976045,0.00023958429,-1,XBS28037.1,Unavailable,Clostridium autoethanogenum
0.99946827,0.0005317638,-1,XBS28027.1,Unavailable,Clostridium autoethanogenum
0.9990613,0.00093872135,-1,XBS28028.1,Unavailable,Clostridium autoethanogenum
0.99950504,0.000495007,-1,XBS28031.1,Unavailable,Clostridium autoethanogenum
0.50990367,0.49009627,-1,XBS28032.1,Unavailable,Clostridium autoethanogenum
0.9995004,0.000499545,-1,XBS28026.1,Unavailable,Clostridium autoethanogenum
0.9996804,0.0003195638,-1,XBS28033.1,Unavailable,Clostridium autoethanogenum
0.9996561,0.00034394898,-1,XBS28030.1,Unavailable,Clostridium autoethanogenum
0.998844,0.0011559901,-1,XBS28035.1,Unavailable,Clostridium autoethanogenum
0.999042,0.00095803116,-1,XBS28065.1,Unavailable,Clostridium autoethanogenum
0.99944276,0.00055721716,-1,XBS28067.1,Unavailable,Clostridium autoethanogenum
0.99803466,0.0019653926,-1,XBS28070.1,Unavailable,Clostridium autoethanogenum
0.99758196,0.0024180124,-1,XBS28058.1,Unavailable,Clostridium autoethanogenum
0.99980706,0.00019295876,-1,XBS28074.1,Unavailable,Clostridium autoethanogenum
0.99927825,0.0007217481,-1,XBS28054.1,Unavailable,Clostridium autoethanogenum
0.9969675,0.0030325544,-1,XBS28053.1,Unavailable,Clostridium autoethanogenum
0.9975942,0.0024057936,-1,XBS28063.1,Unavailable,Clostridium autoethanogenum
0.9989717,0.0010283168,-1,XBS28066.1,Unavailable,Clostridium autoethanogenum
0.9987717,0.0012283109,-1,XBS28060.1,Unavailable,Clostridium autoethanogenum
0.999866,0.00013395285,-1,XBS28068.1,Unavailable,Clostridium autoethanogenum
0.9992105,0.00078953,-1,XBS28073.1,Unavailable,Clostridium autoethanogenum
0.9995745,0.00042553517,-1,XBS28064.1,Unavailable,Clostridium autoethanogenum
0.9996203,0.00037970356,-1,XBS28061.1,Unavailable,Clostridium autoethanogenum
0.9997508,0.00024923656,-1,XBS28056.1,Unavailable,Clostridium autoethanogenum
0.9996401,0.00035992963,-1,XBS28057.1,Unavailable,Clostridium autoethanogenum
0.99958307,0.0004169985,-1,XBS28062.1,Unavailable,Clostridium autoethanogenum
0.99977046,0.00022960041,-1,XBS28051.1,Unavailable,Clostridium autoethanogenum
0.99934703,0.00065291824,-1,XBS28059.1,Unavailable,Clostridium autoethanogenum
0.9994331,0.00056687056,-1,XBS28052.1,Unavailable,Clostridium autoethanogenum
0.99905115,0.00094880344,-1,XBS28072.1,Unavailable,Clostridium autoethanogenum
0.9998242,0.00017578814,-1,XBS28055.1,Unavailable,Clostridium autoethanogenum
0.999678,0.00032195792,-1,XBS28069.1,Unavailable,Clostridium autoethanogenum
0.999889,0.000110997265,-1,XBS28075.1,Unavailable,Clostridium autoethanogenum
0.99960274,0.00039724814,-1,XBS28071.1,Unavailable,Clostridium autoethanogenum
0.9991904,0.00080965256,-1,XBS28098.1,Unavailable,Clostridium autoethanogenum
0.999514,0.000485995,-1,XBS28092.1,Unavailable,Clostridium autoethanogenum
0.99726367,0.0027363515,-1,XBS28086.1,Unavailable,Clostridium autoethanogenum
0.9995498,0.00045017328,-1,XBS28076.1,Unavailable,Clostridium autoethanogenum
0.99971145,0.00028852394,-1,XBS28084.1,Unavailable,Clostridium autoethanogenum
0.9996007,0.00039926486,-1,XBS28097.1,Unavailable,Clostridium autoethanogenum
0.99916244,0.0008375535,-1,XBS28094.1,Unavailable,Clostridium autoethanogenum
0.9990945,0.00090554537,-1,XBS28095.1,Unavailable,Clostridium autoethanogenum
0.9991314,0.00086860644,-1,XBS28091.1,Unavailable,Clostridium autoethanogenum
0.9977684,0.002231594,-1,XBS28093.1,Unavailable,Clostridium autoethanogenum
0.9996418,0.00035821187,-1,XBS28089.1,Unavailable,Clostridium autoethanogenum
0.9995307,0.00046935154,-1,XBS28087.1,Unavailable,Clostridium autoethanogenum
0.9993278,0.0006722507,-1,XBS28085.1,Unavailable,Clostridium autoethanogenum
0.9998846,0.00011536577,-1,XBS28099.1,Unavailable,Clostridium autoethanogenum
0.999856,0.00014396138,-1,XBS28079.1,Unavailable,Clostridium autoethanogenum
0.9998658,0.00013421882,-1,XBS28080.1,Unavailable,Clostridium autoethanogenum
0.99983966,0.000160287,-1,XBS28082.1,Unavailable,Clostridium autoethanogenum
0.9996773,0.00032268374,-1,XBS28078.1,Unavailable,Clostridium autoethanogenum
0.99788886,0.0021111602,-1,XBS28077.1,Unavailable,Clostridium autoethanogenum
0.9994475,0.0005524897,-1,XBS28088.1,Unavailable,Clostridium autoethanogenum
0.99964154,0.00035849423,-1,XBS28090.1,Unavailable,Clostridium autoethanogenum
0.9993493,0.0006507384,-1,XBS30412.1,Unavailable,Clostridium autoethanogenum
0.9930062,0.0069937375,-1,XBS28083.1,Unavailable,Clostridium autoethanogenum
0.9997009,0.00029915455,-1,XBS28096.1,Unavailable,Clostridium autoethanogenum
0.5456711,0.45432895,-1,XBS28081.1,Unavailable,Clostridium autoethanogenum
0.0054815356,0.99451846,-1,XBS28119.1,Unavailable,Clostridium autoethanogenum
0.9984352,0.001564742,-1,XBS28101.1,Unavailable,Clostridium autoethanogenum
0.9983822,0.0016178156,-1,XBS28100.1,Unavailable,Clostridium autoethanogenum
0.99903655,0.0009634905,-1,XBS28102.1,Unavailable,Clostridium autoethanogenum
0.9996301,0.0003698485,-1,XBS28108.1,Unavailable,Clostridium autoethanogenum
0.03565549,0.9643445,-1,XBS28118.1,Unavailable,Clostridium autoethanogenum
0.9976077,0.0023922876,-1,XBS28103.1,Unavailable,Clostridium autoethanogenum
0.99789786,0.0021021743,-1,XBS28117.1,Unavailable,Clostridium autoethanogenum
0.99979264,0.00020732646,-1,XBS28123.1,Unavailable,Clostridium autoethanogenum
0.99960047,0.00039957275,-1,XBS28109.1,Unavailable,Clostridium autoethanogenum
0.13641942,0.86358064,-1,XBS28121.1,Unavailable,Clostridium autoethanogenum
0.9733682,0.026631797,-1,XBS28110.1,Unavailable,Clostridium autoethanogenum
0.996655,0.0033449344,-1,XBS28112.1,Unavailable,Clostridium autoethanogenum
0.98367834,0.016321683,-1,XBS28104.1,Unavailable,Clostridium autoethanogenum
0.45915827,0.54084176,-1,XBS28106.1,Unavailable,Clostridium autoethanogenum
0.9922855,0.007714526,-1,XBS28116.1,Unavailable,Clostridium autoethanogenum
0.9958468,0.0041532475,-1,XBS28111.1,Unavailable,Clostridium autoethanogenum
0.999171,0.0008289495,-1,XBS28114.1,Unavailable,Clostridium autoethanogenum
0.0031545204,0.9968454,-1,XBS28122.1,Unavailable,Clostridium autoethanogenum
0.9144646,0.08553542,-1,XBS28120.1,Unavailable,Clostridium autoethanogenum
0.9998927,0.00010724622,-1,XBS28113.1,Unavailable,Clostridium autoethanogenum
0.9994672,0.00053279626,-1,XBS28105.1,Unavailable,Clostridium autoethanogenum
0.16687311,0.8331269,-1,XBS28115.1,Unavailable,Clostridium autoethanogenum
0.4833466,0.5166534,-1,XBS28124.1,Unavailable,Clostridium autoethanogenum
0.99731356,0.00268647,-1,XBS28107.1,Unavailable,Clostridium autoethanogenum
0.9986185,0.0013815383,-1,XBS28148.1,Unavailable,Clostridium autoethanogenum
0.99931157,0.0006884102,-1,XBS28141.1,Unavailable,Clostridium autoethanogenum
0.9997205,0.00027943304,-1,XBS28129.1,Unavailable,Clostridium autoethanogenum
0.99949825,0.00050171965,-1,XBS28143.1,Unavailable,Clostridium autoethanogenum
0.99991643,8.351499e-05,-1,XBS28131.1,Unavailable,Clostridium autoethanogenum
0.99968386,0.00031622013,-1,XBS28133.1,Unavailable,Clostridium autoethanogenum
0.99647695,0.0035230147,-1,XBS28146.1,Unavailable,Clostridium autoethanogenum
0.9990938,0.00090620783,-1,XBS28138.1,Unavailable,Clostridium autoethanogenum
0.9993892,0.0006108695,-1,XBS28132.1,Unavailable,Clostridium autoethanogenum
0.9993395,0.00066050066,-1,XBS28147.1,Unavailable,Clostridium autoethanogenum
0.99994016,5.9895643e-05,-1,XBS28142.1,Unavailable,Clostridium autoethanogenum
0.9994561,0.00054385903,-1,XBS28128.1,Unavailable,Clostridium autoethanogenum
0.9873581,0.012641955,-1,XBS28127.1,Unavailable,Clostridium autoethanogenum
0.999943,5.6989375e-05,-1,XBS28145.1,Unavailable,Clostridium autoethanogenum
0.99825317,0.0017468118,-1,XBS28140.1,Unavailable,Clostridium autoethanogenum
0.9998816,0.00011835685,-1,XBS28137.1,Unavailable,Clostridium autoethanogenum
0.99973065,0.00026933456,-1,XBS28136.1,Unavailable,Clostridium autoethanogenum
0.99990845,9.155222e-05,-1,XBS28139.1,Unavailable,Clostridium autoethanogenum
0.9996147,0.000385223,-1,XBS28135.1,Unavailable,Clostridium autoethanogenum
0.99972373,0.00027624113,-1,XBS28144.1,Unavailable,Clostridium autoethanogenum
0.99916005,0.0008399144,-1,XBS28134.1,Unavailable,Clostridium autoethanogenum
0.99956506,0.00043495648,-1,XBS28130.1,Unavailable,Clostridium autoethanogenum
0.99284416,0.0071558612,-1,XBS28125.1,Unavailable,Clostridium autoethanogenum
0.9991398,0.0008602086,-1,XBS28126.1,Unavailable,Clostridium autoethanogenum
0.99944526,0.00055469316,-1,XBS28149.1,Unavailable,Clostridium autoethanogenum
0.9991709,0.0008291447,-1,XBS28160.1,Unavailable,Clostridium autoethanogenum
0.9988838,0.0011161636,-1,XBS28171.1,Unavailable,Clostridium autoethanogenum
0.99952734,0.0004726769,-1,XBS28162.1,Unavailable,Clostridium autoethanogenum
0.99954873,0.00045119104,-1,XBS28172.1,Unavailable,Clostridium autoethanogenum
0.9995975,0.00040255318,-1,XBS28170.1,Unavailable,Clostridium autoethanogenum
0.99970824,0.0002917723,-1,XBS28173.1,Unavailable,Clostridium autoethanogenum
0.9987697,0.0012302914,-1,XBS28167.1,Unavailable,Clostridium autoethanogenum
0.99842167,0.001578353,-1,XBS28168.1,Unavailable,Clostridium autoethanogenum
0.99866545,0.0013345261,-1,XBS28150.1,Unavailable,Clostridium autoethanogenum
0.9998691,0.00013083204,-1,XBS28163.1,Unavailable,Clostridium autoethanogenum
0.9995208,0.00047925272,-1,XBS28165.1,Unavailable,Clostridium autoethanogenum
0.9997104,0.00028957223,-1,XBS28157.1,Unavailable,Clostridium autoethanogenum
0.9992393,0.0007606798,-1,XBS28161.1,Unavailable,Clostridium autoethanogenum
0.9900725,0.009927482,-1,XBS28158.1,Unavailable,Clostridium autoethanogenum
0.9995733,0.00042676425,-1,XBS28169.1,Unavailable,Clostridium autoethanogenum
0.9977036,0.002296463,-1,XBS28154.1,Unavailable,Clostridium autoethanogenum
0.9977685,0.0022314792,-1,XBS28153.1,Unavailable,Clostridium autoethanogenum
0.9994087,0.0005912757,-1,XBS28151.1,Unavailable,Clostridium autoethanogenum
0.9998247,0.00017536829,-1,XBS28155.1,Unavailable,Clostridium autoethanogenum
0.9993537,0.00064628554,-1,XBS28166.1,Unavailable,Clostridium autoethanogenum
0.9997029,0.00029715025,-1,XBS28156.1,Unavailable,Clostridium autoethanogenum
0.03333898,0.96666104,-1,XBS28152.1,Unavailable,Clostridium autoethanogenum
0.9990127,0.0009873215,-1,XBS28159.1,Unavailable,Clostridium autoethanogenum
0.9997701,0.00022988865,-1,XBS30424.1,Unavailable,Clostridium autoethanogenum
0.9755592,0.024440808,-1,XBS28164.1,Unavailable,Clostridium autoethanogenum
0.99817455,0.0018254181,-1,XBS28197.1,Unavailable,Clostridium autoethanogenum
0.99433595,0.005663978,-1,XBS28193.1,Unavailable,Clostridium autoethanogenum
0.99942976,0.0005701776,-1,XBS28196.1,Unavailable,Clostridium autoethanogenum
0.9976216,0.0023783671,-1,XBS28198.1,Unavailable,Clostridium autoethanogenum
0.99782854,0.0021714217,-1,XBS28188.1,Unavailable,Clostridium autoethanogenum
0.99939156,0.0006084159,-1,XBS28194.1,Unavailable,Clostridium autoethanogenum
0.9998124,0.000187658,-1,XBS28192.1,Unavailable,Clostridium autoethanogenum
0.99951637,0.0004836552,-1,XBS28178.1,Unavailable,Clostridium autoethanogenum
0.9994875,0.0005125143,-1,XBS28180.1,Unavailable,Clostridium autoethanogenum
0.9995122,0.0004877455,-1,XBS28185.1,Unavailable,Clostridium autoethanogenum
0.99965143,0.00034857637,-1,XBS28175.1,Unavailable,Clostridium autoethanogenum
0.9991862,0.0008137659,-1,XBS28182.1,Unavailable,Clostridium autoethanogenum
0.99956316,0.0004367713,-1,XBS28177.1,Unavailable,Clostridium autoethanogenum
0.00016612906,0.9998338,-1,XBS28195.1,Unavailable,Clostridium autoethanogenum
0.9989818,0.0010182138,-1,XBS28184.1,Unavailable,Clostridium autoethanogenum
0.9996172,0.00038271595,-1,XBS28176.1,Unavailable,Clostridium autoethanogenum
0.99904376,0.00095623796,-1,XBS28183.1,Unavailable,Clostridium autoethanogenum
0.99977034,0.00022969324,-1,XBS28181.1,Unavailable,Clostridium autoethanogenum
0.99972886,0.00027111612,-1,XBS28191.1,Unavailable,Clostridium autoethanogenum
0.9997707,0.00022931948,-1,XBS28186.1,Unavailable,Clostridium autoethanogenum
0.999556,0.0004439381,-1,XBS28187.1,Unavailable,Clostridium autoethanogenum
0.99946934,0.0005306499,-1,XBS28189.1,Unavailable,Clostridium autoethanogenum
0.99972135,0.0002786352,-1,XBS28174.1,Unavailable,Clostridium autoethanogenum
0.9990351,0.00096489,-1,XBS28190.1,Unavailable,Clostridium autoethanogenum
0.99792874,0.0020712784,-1,XBS28179.1,Unavailable,Clostridium autoethanogenum
0.99987054,0.0001293926,-1,XBS28217.1,Unavailable,Clostridium autoethanogenum
0.999537,0.00046301234,-1,XBS28205.1,Unavailable,Clostridium autoethanogenum
0.9992693,0.0007306903,-1,XBS28199.1,Unavailable,Clostridium autoethanogenum
0.9997336,0.00026640756,-1,XBS28209.1,Unavailable,Clostridium autoethanogenum
0.9997218,0.0002782097,-1,XBS28206.1,Unavailable,Clostridium autoethanogenum
0.99985933,0.00014070455,-1,XBS28211.1,Unavailable,Clostridium autoethanogenum
0.9997167,0.00028329747,-1,XBS28210.1,Unavailable,Clostridium autoethanogenum
0.998171,0.0018290344,-1,XBS28207.1,Unavailable,Clostridium autoethanogenum
0.9997594,0.00024057404,-1,XBS28221.1,Unavailable,Clostridium autoethanogenum
0.9989231,0.0010768458,-1,XBS28222.1,Unavailable,Clostridium autoethanogenum
0.9998362,0.00016372457,-1,XBS28201.1,Unavailable,Clostridium autoethanogenum
0.9998555,0.00014447903,-1,XBS28212.1,Unavailable,Clostridium autoethanogenum
0.9996835,0.00031654225,-1,XBS28214.1,Unavailable,Clostridium autoethanogenum
0.9994887,0.0005113174,-1,XBS28203.1,Unavailable,Clostridium autoethanogenum
0.9999205,7.948632e-05,-1,XBS28208.1,Unavailable,Clostridium autoethanogenum
0.9997614,0.00023860655,-1,XBS28202.1,Unavailable,Clostridium autoethanogenum
0.99974316,0.00025680952,-1,XBS28218.1,Unavailable,Clostridium autoethanogenum
0.99924076,0.0007592461,-1,XBS28213.1,Unavailable,Clostridium autoethanogenum
0.9995254,0.0004746061,-1,XBS28200.1,Unavailable,Clostridium autoethanogenum
0.99986017,0.00013983675,-1,XBS28204.1,Unavailable,Clostridium autoethanogenum
0.9996178,0.00038214817,-1,XBS28215.1,Unavailable,Clostridium autoethanogenum
0.99992394,7.610415e-05,-1,XBS28220.1,Unavailable,Clostridium autoethanogenum
0.9997868,0.00021321277,-1,XBS28219.1,Unavailable,Clostridium autoethanogenum
0.9997639,0.00023611264,-1,XBS30413.1,Unavailable,Clostridium autoethanogenum
0.99832577,0.0016742671,-1,XBS28216.1,Unavailable,Clostridium autoethanogenum
0.99850345,0.0014965642,-1,XBS28237.1,Unavailable,Clostridium autoethanogenum
0.99855965,0.0014403187,-1,XBS28245.1,Unavailable,Clostridium autoethanogenum
0.9982212,0.0017788038,-1,XBS28225.1,Unavailable,Clostridium autoethanogenum
0.99970907,0.00029087573,-1,XBS28239.1,Unavailable,Clostridium autoethanogenum
0.99921095,0.00078897714,-1,XBS28244.1,Unavailable,Clostridium autoethanogenum
0.99945694,0.00054300134,-1,XBS28228.1,Unavailable,Clostridium autoethanogenum
0.99882036,0.0011795897,-1,XBS28229.1,Unavailable,Clostridium autoethanogenum
0.9992156,0.00078435644,-1,XBS28223.1,Unavailable,Clostridium autoethanogenum
0.9991524,0.00084757584,-1,XBS28231.1,Unavailable,Clostridium autoethanogenum
0.99947625,0.00052377424,-1,XBS28235.1,Unavailable,Clostridium autoethanogenum
0.9999037,9.6367075e-05,-1,XBS28243.1,Unavailable,Clostridium autoethanogenum
0.9998591,0.00014084495,-1,XBS28224.1,Unavailable,Clostridium autoethanogenum
0.9998863,0.00011368683,-1,XBS28226.1,Unavailable,Clostridium autoethanogenum
0.99869186,0.0013081036,-1,XBS28236.1,Unavailable,Clostridium autoethanogenum
0.9998437,0.00015630187,-1,XBS28240.1,Unavailable,Clostridium autoethanogenum
0.9972133,0.0027867244,-1,XBS28242.1,Unavailable,Clostridium autoethanogenum
0.99940324,0.0005968036,-1,XBS28232.1,Unavailable,Clostridium autoethanogenum
0.998555,0.0014449401,-1,XBS28246.1,Unavailable,Clostridium autoethanogenum
0.9993574,0.00064256246,-1,XBS28238.1,Unavailable,Clostridium autoethanogenum
0.99937433,0.0006257319,-1,XBS28241.1,Unavailable,Clostridium autoethanogenum
0.99975365,0.00024630682,-1,XBS28227.1,Unavailable,Clostridium autoethanogenum
0.9959757,0.0040243412,-1,XBS28247.1,Unavailable,Clostridium autoethanogenum
0.99961734,0.0003826675,-1,XBS28230.1,Unavailable,Clostridium autoethanogenum
0.9120499,0.08795007,-1,XBS28233.1,Unavailable,Clostridium autoethanogenum
0.9926456,0.007354389,-1,XBS28234.1,Unavailable,Clostridium autoethanogenum
0.99944335,0.00055660825,-1,XBS28250.1,Unavailable,Clostridium autoethanogenum
0.9995409,0.00045910216,-1,XBS28257.1,Unavailable,Clostridium autoethanogenum
0.9998808,0.00011918292,-1,XBS28258.1,Unavailable,Clostridium autoethanogenum
0.99972636,0.00027360793,-1,XBS28263.1,Unavailable,Clostridium autoethanogenum
0.998955,0.0010449701,-1,XBS28256.1,Unavailable,Clostridium autoethanogenum
0.9993893,0.0006107285,-1,XBS28262.1,Unavailable,Clostridium autoethanogenum
0.99879056,0.0012094047,-1,XBS28248.1,Unavailable,Clostridium autoethanogenum
0.9994885,0.0005115238,-1,XBS28252.1,Unavailable,Clostridium autoethanogenum
0.9982998,0.0017002919,-1,XBS28249.1,Unavailable,Clostridium autoethanogenum
0.9992803,0.00071979605,-1,XBS28267.1,Unavailable,Clostridium autoethanogenum
0.999889,0.000111013665,-1,XBS28251.1,Unavailable,Clostridium autoethanogenum
0.9997409,0.00025907968,-1,XBS28259.1,Unavailable,Clostridium autoethanogenum
0.9822099,0.01779013,-1,XBS28265.1,Unavailable,Clostridium autoethanogenum
0.99940133,0.0005986642,-1,XBS28269.1,Unavailable,Clostridium autoethanogenum
0.9992524,0.0007476068,-1,XBS30414.1,Unavailable,Clostridium autoethanogenum
0.9994863,0.00051364943,-1,XBS28261.1,Unavailable,Clostridium autoethanogenum
0.9988078,0.0011922177,-1,XBS28264.1,Unavailable,Clostridium autoethanogenum
0.99922776,0.0007722681,-1,XBS28260.1,Unavailable,Clostridium autoethanogenum
0.9996606,0.00033935354,-1,XBS28253.1,Unavailable,Clostridium autoethanogenum
0.9987846,0.0012154308,-1,XBS28254.1,Unavailable,Clostridium autoethanogenum
0.9993636,0.0006363616,-1,XBS28270.1,Unavailable,Clostridium autoethanogenum
0.99974495,0.00025503902,-1,XBS28268.1,Unavailable,Clostridium autoethanogenum
0.99934345,0.00065655867,-1,XBS30415.1,Unavailable,Clostridium autoethanogenum
0.9979417,0.002058285,-1,XBS28266.1,Unavailable,Clostridium autoethanogenum
0.99965703,0.0003429093,-1,XBS28255.1,Unavailable,Clostridium autoethanogenum
0.99967563,0.00032441114,-1,XBS28288.1,Unavailable,Clostridium autoethanogenum
0.99906725,0.00093275774,-1,XBS28272.1,Unavailable,Clostridium autoethanogenum
0.9992398,0.00076017063,-1,XBS28292.1,Unavailable,Clostridium autoethanogenum
0.99846625,0.00153378,-1,XBS28280.1,Unavailable,Clostridium autoethanogenum
0.9991984,0.000801681,-1,XBS28274.1,Unavailable,Clostridium autoethanogenum
0.99842876,0.001571217,-1,XBS28271.1,Unavailable,Clostridium autoethanogenum
0.9997472,0.0002527924,-1,XBS28275.1,Unavailable,Clostridium autoethanogenum
0.99861,0.0013899482,-1,XBS28293.1,Unavailable,Clostridium autoethanogenum
0.9996619,0.0003380516,-1,XBS28290.1,Unavailable,Clostridium autoethanogenum
0.9995608,0.00043917695,-1,XBS28291.1,Unavailable,Clostridium autoethanogenum
0.99934715,0.0006528243,-1,XBS28273.1,Unavailable,Clostridium autoethanogenum
0.99950397,0.000495974,-1,XBS28279.1,Unavailable,Clostridium autoethanogenum
0.99986243,0.00013758588,-1,XBS28282.1,Unavailable,Clostridium autoethanogenum
0.99737465,0.002625346,-1,XBS28281.1,Unavailable,Clostridium autoethanogenum
0.9998679,0.00013207347,-1,XBS28277.1,Unavailable,Clostridium autoethanogenum
0.9996271,0.000372853,-1,XBS28283.1,Unavailable,Clostridium autoethanogenum
0.99970347,0.0002964671,-1,XBS28278.1,Unavailable,Clostridium autoethanogenum
0.16672693,0.83327305,-1,XBS28286.1,Unavailable,Clostridium autoethanogenum
0.9986204,0.0013795537,-1,XBS28289.1,Unavailable,Clostridium autoethanogenum
0.98743546,0.0125645595,-1,XBS28276.1,Unavailable,Clostridium autoethanogenum
0.99945825,0.0005417164,-1,XBS28284.1,Unavailable,Clostridium autoethanogenum
0.99975854,0.00024144957,-1,XBS28294.1,Unavailable,Clostridium autoethanogenum
0.9978144,0.002185618,-1,XBS28287.1,Unavailable,Clostridium autoethanogenum
0.99945456,0.0005454498,-1,XBS28285.1,Unavailable,Clostridium autoethanogenum
0.9988225,0.0011775298,-1,XBS28295.1,Unavailable,Clostridium autoethanogenum
0.9996068,0.0003931961,-1,XBS28315.1,Unavailable,Clostridium autoethanogenum
0.999595,0.00040506804,-1,XBS28309.1,Unavailable,Clostridium autoethanogenum
0.99975306,0.00024689085,-1,XBS28306.1,Unavailable,Clostridium autoethanogenum
0.9986557,0.0013443347,-1,XBS28319.1,Unavailable,Clostridium autoethanogenum
0.99922466,0.0007753293,-1,XBS28297.1,Unavailable,Clostridium autoethanogenum
0.9989666,0.001033403,-1,XBS28316.1,Unavailable,Clostridium autoethanogenum
0.99909854,0.0009014855,-1,XBS28314.1,Unavailable,Clostridium autoethanogenum
0.9994487,0.0005513246,-1,XBS28305.1,Unavailable,Clostridium autoethanogenum
0.9997676,0.00023238308,-1,XBS28296.1,Unavailable,Clostridium autoethanogenum
0.9996538,0.00034615194,-1,XBS28317.1,Unavailable,Clostridium autoethanogenum
0.99954575,0.0004542055,-1,XBS28303.1,Unavailable,Clostridium autoethanogenum
0.9995421,0.00045790727,-1,XBS28318.1,Unavailable,Clostridium autoethanogenum
0.99989927,0.00010066464,-1,XBS28304.1,Unavailable,Clostridium autoethanogenum
0.9993026,0.0006973978,-1,XBS28301.1,Unavailable,Clostridium autoethanogenum
0.99947125,0.0005287729,-1,XBS28307.1,Unavailable,Clostridium autoethanogenum
0.9994543,0.00054571265,-1,XBS28312.1,Unavailable,Clostridium autoethanogenum
0.99981683,0.00018320091,-1,XBS28300.1,Unavailable,Clostridium autoethanogenum
0.99886334,0.0011366215,-1,XBS28308.1,Unavailable,Clostridium autoethanogenum
0.7655822,0.23441787,-1,XBS28310.1,Unavailable,Clostridium autoethanogenum
0.99762756,0.0023724672,-1,XBS30416.1,Unavailable,Clostridium autoethanogenum
0.99880946,0.0011905619,-1,XBS28302.1,Unavailable,Clostridium autoethanogenum
0.9957196,0.004280393,-1,XBS28311.1,Unavailable,Clostridium autoethanogenum
0.88567424,0.1143257,-1,XBS28298.1,Unavailable,Clostridium autoethanogenum
0.0037674499,0.99623257,-1,XBS28313.1,Unavailable,Clostridium autoethanogenum
0.03361425,0.9663857,-1,XBS28299.1,Unavailable,Clostridium autoethanogenum
0.99874014,0.0012598598,-1,XBS28328.1,Unavailable,Clostridium autoethanogenum
0.9996469,0.0003531515,-1,XBS30417.1,Unavailable,Clostridium autoethanogenum
0.99960655,0.00039347436,-1,XBS28330.1,Unavailable,Clostridium autoethanogenum
0.9992675,0.00073250337,-1,XBS28332.1,Unavailable,Clostridium autoethanogenum
0.99984753,0.00015248179,-1,XBS28337.1,Unavailable,Clostridium autoethanogenum
0.99958795,0.0004120845,-1,XBS28341.1,Unavailable,Clostridium autoethanogenum
0.99986064,0.00013930254,-1,XBS28335.1,Unavailable,Clostridium autoethanogenum
0.99961,0.00039007515,-1,XBS28333.1,Unavailable,Clostridium autoethanogenum
0.99972755,0.00027241188,-1,XBS28334.1,Unavailable,Clostridium autoethanogenum
0.99984455,0.00015536693,-1,XBS28331.1,Unavailable,Clostridium autoethanogenum
0.99991655,8.342401e-05,-1,XBS28339.1,Unavailable,Clostridium autoethanogenum
0.9991014,0.0008986156,-1,XBS28336.1,Unavailable,Clostridium autoethanogenum
0.9998087,0.00019125745,-1,XBS28343.1,Unavailable,Clostridium autoethanogenum
0.061821595,0.9381784,-1,XBS28324.1,Unavailable,Clostridium autoethanogenum
0.9998758,0.00012419741,-1,XBS28327.1,Unavailable,Clostridium autoethanogenum
0.9979609,0.0020390463,-1,XBS28320.1,Unavailable,Clostridium autoethanogenum
0.99983895,0.0001610716,-1,XBS28342.1,Unavailable,Clostridium autoethanogenum
0.9994504,0.000549639,-1,XBS28325.1,Unavailable,Clostridium autoethanogenum
0.9996989,0.00030111807,-1,XBS28340.1,Unavailable,Clostridium autoethanogenum
0.9986533,0.0013467388,-1,XBS28338.1,Unavailable,Clostridium autoethanogenum
0.9977714,0.0022286752,-1,XBS28326.1,Unavailable,Clostridium autoethanogenum
0.9995009,0.0004991239,-1,XBS28329.1,Unavailable,Clostridium autoethanogenum
0.9990025,0.000997476,-1,XBS28321.1,Unavailable,Clostridium autoethanogenum
0.9987669,0.0012331802,-1,XBS28323.1,Unavailable,Clostridium autoethanogenum
0.99318755,0.006812414,-1,XBS28322.1,Unavailable,Clostridium autoethanogenum
0.9658828,0.03411717,-1,XBS28362.1,Unavailable,Clostridium autoethanogenum
0.9995846,0.0004153429,-1,XBS28357.1,Unavailable,Clostridium autoethanogenum
0.9997135,0.00028647555,-1,XBS28353.1,Unavailable,Clostridium autoethanogenum
0.999188,0.0008119998,-1,XBS28360.1,Unavailable,Clostridium autoethanogenum
0.9998777,0.00012227413,-1,XBS28365.1,Unavailable,Clostridium autoethanogenum
0.99963546,0.000364499,-1,XBS28358.1,Unavailable,Clostridium autoethanogenum
0.99455017,0.0054498254,-1,XBS28367.1,Unavailable,Clostridium autoethanogenum
0.9998797,0.00012028619,-1,XBS28364.1,Unavailable,Clostridium autoethanogenum
0.9981121,0.0018879278,-1,XBS28361.1,Unavailable,Clostridium autoethanogenum
0.99961996,0.00038007257,-1,XBS28366.1,Unavailable,Clostridium autoethanogenum
0.99980754,0.00019248392,-1,XBS28347.1,Unavailable,Clostridium autoethanogenum
0.99990594,9.4099225e-05,-1,XBS28344.1,Unavailable,Clostridium autoethanogenum
0.99982774,0.00017222404,-1,XBS28350.1,Unavailable,Clostridium autoethanogenum
0.9998423,0.00015763183,-1,XBS28345.1,Unavailable,Clostridium autoethanogenum
0.9998306,0.0001693631,-1,XBS28346.1,Unavailable,Clostridium autoethanogenum
0.9993092,0.00069080276,-1,XBS28352.1,Unavailable,Clostridium autoethanogenum
0.9978017,0.0021982621,-1,XBS28355.1,Unavailable,Clostridium autoethanogenum
0.9972525,0.0027475124,-1,XBS30418.1,Unavailable,Clostridium autoethanogenum
0.063412964,0.936587,-1,XBS28363.1,Unavailable,Clostridium autoethanogenum
0.999619,0.0003810145,-1,XBS28348.1,Unavailable,Clostridium autoethanogenum
0.9992204,0.00077964616,-1,XBS28351.1,Unavailable,Clostridium autoethanogenum
0.99952114,0.00047884515,-1,XBS28356.1,Unavailable,Clostridium autoethanogenum
0.9997117,0.00028831302,-1,XBS28359.1,Unavailable,Clostridium autoethanogenum
0.99458355,0.005416437,-1,XBS28354.1,Unavailable,Clostridium autoethanogenum
0.9986324,0.0013676253,-1,XBS28349.1,Unavailable,Clostridium autoethanogenum
0.9989975,0.0010024919,-1,XBS28378.1,Unavailable,Clostridium autoethanogenum
0.99473476,0.005265249,-1,XBS28370.1,Unavailable,Clostridium autoethanogenum
0.0046453904,0.99535465,-1,XBS28372.1,Unavailable,Clostridium autoethanogenum
0.99823904,0.0017610112,-1,XBS28368.1,Unavailable,Clostridium autoethanogenum
0.9995877,0.00041225308,-1,XBS28385.1,Unavailable,Clostridium autoethanogenum
0.99915576,0.00084428355,-1,XBS28386.1,Unavailable,Clostridium autoethanogenum
0.9997421,0.00025789157,-1,XBS28375.1,Unavailable,Clostridium autoethanogenum
0.99949694,0.0005029939,-1,XBS28377.1,Unavailable,Clostridium autoethanogenum
0.96131504,0.03868499,-1,XBS28373.1,Unavailable,Clostridium autoethanogenum
0.99870515,0.001294855,-1,XBS28374.1,Unavailable,Clostridium autoethanogenum
0.9943756,0.0056243977,-1,XBS30419.1,Unavailable,Clostridium autoethanogenum
0.9997379,0.00026209388,-1,XBS28380.1,Unavailable,Clostridium autoethanogenum
0.99970055,0.00029942958,-1,XBS28384.1,Unavailable,Clostridium autoethanogenum
0.9994253,0.0005747281,-1,XBS28383.1,Unavailable,Clostridium autoethanogenum
0.9997818,0.00021827557,-1,XBS28376.1,Unavailable,Clostridium autoethanogenum
0.9979183,0.0020817213,-1,XBS28379.1,Unavailable,Clostridium autoethanogenum
0.99913186,0.00086819776,-1,XBS28369.1,Unavailable,Clostridium autoethanogenum
0.99871945,0.0012805485,-1,XBS28387.1,Unavailable,Clostridium autoethanogenum
0.9981865,0.0018134087,-1,XBS28371.1,Unavailable,Clostridium autoethanogenum
0.9761964,0.023803586,-1,XBS28382.1,Unavailable,Clostridium autoethanogenum
0.9989862,0.0010137444,-1,XBS28388.1,Unavailable,Clostridium autoethanogenum
0.975654,0.024345946,-1,XBS28381.1,Unavailable,Clostridium autoethanogenum
0.99464756,0.0053524226,-1,BGAL_ECOLI,5.0,Escherichia coli
0.3645802,0.6354197,-1,DPO1_ECOLI,5.0,Escherichia coli
0.99822575,0.0017742824,-1,CAPP_ECOLI,5.0,Escherichia coli
0.99494296,0.0050569717,-1,AK1H_ECOLI,5.0,Escherichia coli
0.9909888,0.0090111755,-1,AK2H_ECOLI,5.0,Escherichia coli
0.9908652,0.00913487,-1,PHSM_ECOLI,5.0,Escherichia coli
0.9997011,0.0002988908,-1,RIR1_ECOLI,5.0,Escherichia coli
0.9989058,0.0010941676,-1,PTM3C_ECOLI,5.0,Escherichia coli
0.9681829,0.031817053,-1,RPOD_ECOLI,5.0,Escherichia coli
0.9976071,0.0023928143,-1,FRDA_ECOLI,5.0,Escherichia coli
0.9982431,0.0017568641,-1,PPB_ECOLI,5.0,Escherichia coli
0.9985429,0.0014571478,-1,6PGD_ECOLI,5.0,Escherichia coli
0.99782807,0.0021718896,-1,DHE4_ECOLI,5.0,Escherichia coli
0.98831916,0.011680838,-1,NDH_ECOLI,5.0,Escherichia coli
0.9954964,0.004503608,-1,DCDA_ECOLI,5.0,Escherichia coli
0.9957288,0.0042712083,-1,AAT_ECOLI,5.0,Escherichia coli
0.9989778,0.0010222684,-1,AMPC_ECOLI,5.0,Escherichia coli
0.99862385,0.001376104,-1,ASPG2_ECOLI,5.0,Escherichia coli
0.9994143,0.00058573706,-1,LEP_ECOLI,5.0,Escherichia coli
0.99971956,0.00028047265,-1,HCHA_ECODH,5.0,Escherichia coli
0.99971956,0.00028047265,-1,HCHA_ECOBW,5.0,Escherichia coli
0.98902625,0.010973801,-1,SODM_ECOLI,5.0,Escherichia coli
0.9991609,0.00083912443,-1,LSPA_ECOLI,5.0,Escherichia coli
0.9994832,0.0005167856,-1,THIS_ECOLI,5.0,Escherichia coli
0.99949396,0.0005060355,-1,MGTS_ECOLI,5.0,Escherichia coli
0.997922,0.0020779725,-1,CARB_ECOLI,5.0,Escherichia coli
0.00013866853,0.99986136,-1,SYI_ECOLI,5.0,Escherichia coli
0.0003735582,0.9996264,-1,SYA_ECOLI,5.0,Escherichia coli
0.82597786,0.17402214,-1,PBPA_ECOLI,5.0,Escherichia coli
0.99807847,0.0019214728,-1,CYAA_ECOLI,5.0,Escherichia coli
0.09818196,0.9018181,-1,PBPB_ECOLI,5.0,Escherichia coli
0.0022733193,0.99772674,-1,SYM_ECOLI,5.0,Escherichia coli
0.99748355,0.002516517,-1,ILVI_ECOLI,5.0,Escherichia coli
0.00032730677,0.99967265,-1,SYQ_ECOLI,5.0,Escherichia coli
0.9456382,0.054361776,-1,TRPGD_ECOLI,5.0,Escherichia coli
0.9992828,0.00071726047,-1,MALF_ECOLI,5.0,Escherichia coli
0.9993724,0.00062757824,-1,TOLC_ECOLI,5.0,Escherichia coli
0.9992912,0.00070880726,-1,MELB_ECOLI,5.0,Escherichia coli
0.9926082,0.007391789,-1,PHR_ECOLI,5.0,Escherichia coli
0.99703026,0.0029696797,-1,SDHD_ECOLI,5.0,Escherichia coli
0.9994881,0.0005118323,-1,LACY_ECOLI,5.0,Escherichia coli
0.99472433,0.005275686,-1,MANA_ECOLI,5.0,Escherichia coli
0.97014445,0.029855618,-1,METB_ECOLI,5.0,Escherichia coli
0.9957482,0.004251772,-1,ASNA_ECOLI,5.0,Escherichia coli
0.9991092,0.00089075067,-1,RBSB_ECOLI,5.0,Escherichia coli
0.9988662,0.0011337817,-1,TONB_ECOLI,5.0,Escherichia coli
0.99445033,0.005549683,-1,PABA_ECOLI,5.0,Escherichia coli
0.00017205613,0.99982786,-1,RS7_ECOLI,5.0,Escherichia coli
0.9841393,0.015860649,-1,ILVH_ECOLI,5.0,Escherichia coli
0.002695306,0.9973047,-1,RS6_ECOLI,5.0,Escherichia coli
0.60186404,0.398136,-1,AMPN_ECOLI,5.0,Escherichia coli
0.1544348,0.8455652,-1,UVRD_ECOLI,5.0,Escherichia coli
0.9983364,0.0016636219,-1,KDPB_ECOLI,5.0,Escherichia coli
0.99844295,0.0015571129,-1,KEFC_ECOLI,5.0,Escherichia coli
0.58960277,0.41039723,-1,RECD_ECOLI,5.0,Escherichia coli
0.99663675,0.0033631823,-1,KDPA_ECOLI,5.0,Escherichia coli
0.9952253,0.0047746464,-1,MCP1_ECOLI,5.0,Escherichia coli
0.9816892,0.018310769,-1,GUAA_ECOLI,5.0,Escherichia coli
0.9971185,0.0028815055,-1,ILVA_ECOLI,5.0,Escherichia coli
0.9899188,0.010081155,-1,RBSA_ECOLI,5.0,Escherichia coli
0.00014502119,0.9998549,-1,SYE_ECOLI,5.0,Escherichia coli
0.9876031,0.012396933,-1,DNAA_ECOLI,5.0,Escherichia coli
0.9993612,0.0006388056,-1,LAMB_ECOLI,5.0,Escherichia coli
0.87716967,0.122830324,-1,UMUC_ECOLI,5.0,Escherichia coli
0.9961868,0.0038132188,-1,TYRB_ECOLI,5.0,Escherichia coli
0.9994715,0.00052854413,-1,OMPF_ECOLI,5.0,Escherichia coli
0.9990815,0.0009185366,-1,LACI_ECOLI,5.0,Escherichia coli
0.9979965,0.0020034285,-1,OTC1_ECOLI,5.0,Escherichia coli
0.9900019,0.009998092,-1,GSHB_ECOLI,5.0,Escherichia coli
0.96674234,0.033257607,-1,3MG2_ECOLI,5.0,Escherichia coli
0.99789846,0.0021015091,-1,DAPB_ECOLI,5.0,Escherichia coli
0.98418427,0.015815787,-1,DPO3E_ECOLI,5.0,Escherichia coli
0.99882597,0.0011740554,-1,KDPC_ECOLI,5.0,Escherichia coli
0.9995757,0.00042429424,-1,RBSD_ECOLI,5.0,Escherichia coli
0.9991966,0.00080344605,-1,PIL1_ECOLI,5.0,Escherichia coli
0.9969146,0.0030853492,-1,PTRA_ECOLI,5.0,Escherichia coli
0.30940714,0.6905929,-1,TOP1_ECOLI,5.0,Escherichia coli
0.9995377,0.00046229127,-1,FEPA_ECOLI,5.0,Escherichia coli
7.66368e-06,0.9999924,-1,PNP_ECOLI,5.0,Escherichia coli
0.9781131,0.021886865,-1,ILVD_ECOLI,5.0,Escherichia coli
0.9973126,0.0026873155,-1,BTUB_ECOLI,5.0,Escherichia coli
0.9970084,0.002991587,-1,BGLR_ECOLI,5.0,Escherichia coli
0.996599,0.0034009765,-1,DLD_ECOLI,5.0,Escherichia coli
0.9983851,0.0016149869,-1,RECN_ECOLI,5.0,Escherichia coli
0.9953531,0.004646925,-1,MCP3_ECOLI,5.0,Escherichia coli
0.9985067,0.0014932276,-1,ILVC_ECOLI,5.0,Escherichia coli
0.9893834,0.010616629,-1,EX1_ECOLI,5.0,Escherichia coli
0.9951786,0.0048214123,-1,FUMC_ECOLI,5.0,Escherichia coli
0.9594539,0.040546115,-1,EX7L_ECOLI,5.0,Escherichia coli
0.5642942,0.43570578,-1,PABB_ECOLI,5.0,Escherichia coli
0.9848378,0.015162254,-1,ADA_ECOLI,5.0,Escherichia coli
0.99290943,0.007090612,-1,PYRC_ECOLI,5.0,Escherichia coli
0.99775547,0.002244544,-1,TSAD_ECOLI,5.0,Escherichia coli
0.99912447,0.0008755131,-1,BTUC_ECOLI,5.0,Escherichia coli
0.9987985,0.0012014735,-1,APAH_ECOLI,5.0,Escherichia coli
0.99848133,0.0015187012,-1,FTSQ_ECOLI,5.0,Escherichia coli
0.73859686,0.26140308,-1,FPG_ECOLI,5.0,Escherichia coli
0.99812835,0.0018716485,-1,AROD_ECOLI,5.0,Escherichia coli
0.9985796,0.0014203909,-1,BTUD_ECOLI,5.0,Escherichia coli
0.99466234,0.005337648,-1,ALKB_ECOLI,5.0,Escherichia coli
0.9985821,0.0014178777,-1,MALT_ECOLI,5.0,Escherichia coli
0.99820805,0.0017919444,-1,FHUA_ECOLI,5.0,Escherichia coli
0.99937624,0.00062373833,-1,FHUB_ECOLI,5.0,Escherichia coli
0.99317604,0.0068240166,-1,DPO3X_ECOLI,5.0,Escherichia coli
0.97159463,0.02840541,-1,ODP2_ECOLI,5.0,Escherichia coli
0.9971418,0.0028581494,-1,POXB_ECOLI,5.0,Escherichia coli
0.9945589,0.0054411143,-1,PNTA_ECOLI,5.0,Escherichia coli
0.99412954,0.0058704955,-1,GSHR_ECOLI,5.0,Escherichia coli
0.9205284,0.079471596,-1,HISX_ECOLI,5.0,Escherichia coli
0.99335563,0.00664437,-1,PROA_ECOLI,5.0,Escherichia coli
0.004108405,0.9958916,-1,CCA_ECOLI,5.0,Escherichia coli
0.98791915,0.012080833,-1,METC_ECOLI,5.0,Escherichia coli
0.9993179,0.00068217196,-1,OMPC_ECOLI,5.0,Escherichia coli
0.9515784,0.048421577,-1,RF2_ECOLI,5.0,Escherichia coli
0.99774206,0.0022579774,-1,OTC2_ECOLI,5.0,Escherichia coli
0.99809223,0.0019077193,-1,FLIM_ECOLI,5.0,Escherichia coli
0.9069097,0.09309038,-1,BIRA_ECOLI,5.0,Escherichia coli
0.9749307,0.025069257,-1,HEM3_ECOLI,5.0,Escherichia coli
0.9993777,0.00062225544,-1,PFKB_ECOLI,5.0,Escherichia coli
1.3308686e-05,0.99998665,-1,ERA_ECOLI,5.0,Escherichia coli
6.389047e-05,0.9999361,-1,RSMA_ECOLI,5.0,Escherichia coli
0.9672976,0.032702386,-1,SDHB_ECOLI,5.0,Escherichia coli
0.9974624,0.0025376435,-1,MUTH_ECOLI,5.0,Escherichia coli
0.99885845,0.0011415108,-1,DUT_ECOLI,5.0,Escherichia coli
0.6858423,0.31415775,-1,PRIB_ECOLI,5.0,Escherichia coli
0.9977476,0.0022523701,-1,RECC_ECOLI,5.0,Escherichia coli
0.015762147,0.98423785,-1,SYV_ECOLI,5.0,Escherichia coli
0.8910724,0.10892763,-1,NIRB_ECOLI,5.0,Escherichia coli
2.713917e-05,0.9999728,-1,SYFB_ECOLI,5.0,Escherichia coli
0.99790716,0.0020928942,-1,FDHF_ECOLI,5.0,Escherichia coli
0.9944062,0.005593831,-1,CHEA_ECOLI,5.0,Escherichia coli
0.9985511,0.0014488912,-1,ILVB_ECOLI,5.0,Escherichia coli
0.9929703,0.007029713,-1,MCP2_ECOLI,5.0,Escherichia coli
0.9989567,0.001043306,-1,USHA_ECOLI,5.0,Escherichia coli
0.9207137,0.079286225,-1,TYRR_ECOLI,5.0,Escherichia coli
0.99922895,0.00077108276,-1,PUTP_ECOLI,5.0,Escherichia coli
0.9991904,0.0008096518,-1,PPA_ECOLI,5.0,Escherichia coli
0.98365515,0.016344912,-1,FOLC_ECOLI,5.0,Escherichia coli
0.98788434,0.012115684,-1,IDH_ECOLI,5.0,Escherichia coli
0.996906,0.0030940338,-1,AROB_ECOLI,5.0,Escherichia coli
0.99770725,0.0022926703,-1,CHEB_ECOLI,5.0,Escherichia coli
0.9978982,0.002101704,-1,TDH_ECOLI,5.0,Escherichia coli
0.99943095,0.00056896324,-1,METAS_ECOLI,5.0,Escherichia coli
0.99127406,0.008725932,-1,DDLB_ECOLI,5.0,Escherichia coli
0.99968326,0.00031679161,-1,FIMH_ECOLI,5.0,Escherichia coli
0.99932516,0.00067481626,-1,FHUD_ECOLI,5.0,Escherichia coli
3.011682e-05,0.99996984,-1,TRUA_ECOLI,5.0,Escherichia coli
0.9954613,0.0045386944,-1,FHUC_ECOLI,5.0,Escherichia coli
0.9984693,0.0015307071,-1,PUR3_ECOLI,5.0,Escherichia coli
0.99957126,0.00042871654,-1,THGA_ECOLI,5.0,Escherichia coli
0.9976991,0.0023009467,-1,NARG_ECOLI,5.0,Escherichia coli
0.99516124,0.0048388042,-1,RECB_ECOLI,5.0,Escherichia coli
0.9969138,0.0030861648,-1,T1RK_ECOLI,5.0,Escherichia coli
0.999241,0.0007590295,-1,PFLB_ECOLI,5.0,Escherichia coli
0.99974555,0.0002543998,-1,TRAD1_ECOLI,5.0,Escherichia coli
0.99771106,0.0022889662,-1,PTW3C_ECOLI,5.0,Escherichia coli
0.9989047,0.0010953107,-1,SPPA_ECOLI,5.0,Escherichia coli
0.9930409,0.0069591114,-1,PT1_ECOLI,5.0,Escherichia coli
0.998092,0.0019079762,-1,XYLB_ECOLI,5.0,Escherichia coli
0.99300534,0.006994645,-1,AK3_ECOLI,5.0,Escherichia coli
0.81963325,0.18036675,-1,DACC_ECOLI,5.0,Escherichia coli
0.9864269,0.013573088,-1,DNAJ_ECOLI,5.0,Escherichia coli
0.9608756,0.0391244,-1,PURK_ECOLI,5.0,Escherichia coli
0.99262166,0.007378307,-1,GAL7_ECOLI,5.0,Escherichia coli
0.42828152,0.57171845,-1,MURB_ECOLI,5.0,Escherichia coli
0.99938154,0.0006183959,-1,GALE_ECOLI,5.0,Escherichia coli
0.0001996846,0.9998004,-1,SYFA_ECOLI,5.0,Escherichia coli
0.9997056,0.00029437308,-1,OMPT_ECOLI,5.0,Escherichia coli
0.99909854,0.0009015173,-1,MOTA_ECOLI,5.0,Escherichia coli
0.99609226,0.0039077867,-1,SPEE_ECOLI,5.0,Escherichia coli
0.70189977,0.2981002,-1,EX3_ECOLI,5.0,Escherichia coli
0.998331,0.0016689824,-1,PYRF_ECOLI,5.0,Escherichia coli
0.99850684,0.0014930803,-1,ARAD_ECOLI,5.0,Escherichia coli
0.99171597,0.008284082,-1,GRPE_ECOLI,5.0,Escherichia coli
0.9996458,0.000354195,-1,MUTT_ECOLI,5.0,Escherichia coli
0.9964245,0.003575461,-1,GLTB_ECOLI,5.0,Escherichia coli
0.80543905,0.19456099,-1,PUTA_ECOLI,5.0,Escherichia coli
0.9712223,0.028777737,-1,UVRA_ECOLI,5.0,Escherichia coli
0.5864318,0.41356817,-1,REP_ECOLI,5.0,Escherichia coli
0.8028327,0.19716726,-1,UBIB_ECOLI,5.0,Escherichia coli
0.99732226,0.0026777955,-1,GLPK_ECOLI,5.0,Escherichia coli
0.99848986,0.0015101166,-1,UHPB_ECOLI,5.0,Escherichia coli
0.9973947,0.0026052922,-1,GLTD_ECOLI,5.0,Escherichia coli
0.9943011,0.0056988774,-1,ASSY_ECOLI,5.0,Escherichia coli
0.99272126,0.007278727,-1,AROA_ECOLI,5.0,Escherichia coli
0.9977406,0.0022593979,-1,ISCS_ECOLI,5.0,Escherichia coli
0.99777347,0.0022265278,-1,ACKA_ECOLI,5.0,Escherichia coli
0.9924576,0.007542357,-1,CARA_ECOLI,5.0,Escherichia coli
0.1457849,0.85421515,-1,ALR1_ECOLI,5.0,Escherichia coli
0.9985697,0.0014302601,-1,GLPQ_ECOLI,5.0,Escherichia coli
0.9975776,0.002422422,-1,YDIB_ECOLI,5.0,Escherichia coli
0.9979479,0.0020521083,-1,END4_ECOLI,5.0,Escherichia coli
0.9990088,0.0009911639,-1,RHAS_ECOLI,5.0,Escherichia coli
0.99844766,0.0015522897,-1,GLPG_ECOLI,5.0,Escherichia coli
0.994121,0.0058789556,-1,ARGB_ECOLI,5.0,Escherichia coli
0.99922013,0.00077989994,-1,AROL_ECOLI,5.0,Escherichia coli
0.9990802,0.0009198082,-1,AROK_ECOLI,5.0,Escherichia coli
0.99909914,0.0009008681,-1,ARGR_ECOLI,5.0,Escherichia coli
0.99869305,0.0013069204,-1,ATPE_ECOLI,5.0,Escherichia coli
0.99719393,0.0028060444,-1,ACP_ECOLI,5.0,Escherichia coli
0.9768985,0.02310143,-1,EFG_ECOLI,5.0,Escherichia coli
0.9933995,0.0066005,-1,CH60_ECOLI,5.0,Escherichia coli
0.005053564,0.9949464,-1,DER_ECOLI,5.0,Escherichia coli
0.9978917,0.0021083253,-1,CLSA_ECOLI,5.0,Escherichia coli
0.1326805,0.86731946,-1,HSLU_ECOLI,5.0,Escherichia coli
0.9883575,0.011642521,-1,DADA_ECOLI,5.0,Escherichia coli
0.99674857,0.003251417,-1,ENO_ECOLI,5.0,Escherichia coli
0.9937263,0.0062737605,-1,CLPX_ECOLI,5.0,Escherichia coli
0.9970534,0.0029465759,-1,DEOB_ECOLI,5.0,Escherichia coli
0.999132,0.00086808106,-1,NANA_ECOLI,5.0,Escherichia coli
0.9983954,0.001604585,-1,DAPA_ECOLI,5.0,Escherichia coli
0.9838966,0.016103366,-1,EFTS_ECOLI,5.0,Escherichia coli
0.9888263,0.011173667,-1,DAPF_ECOLI,5.0,Escherichia coli
0.9977361,0.002263888,-1,DEOC_ECOLI,5.0,Escherichia coli
0.9991571,0.0008429788,-1,CYSZ_ECOLI,5.0,Escherichia coli
0.018057289,0.9819427,-1,KCY_ECOLI,5.0,Escherichia coli
0.99643683,0.0035631557,-1,CLPP_ECOLI,5.0,Escherichia coli
0.9972281,0.0027719159,-1,EFP_ECOLI,5.0,Escherichia coli
0.99765503,0.0023448954,-1,DSBB_ECOLI,5.0,Escherichia coli
0.99734616,0.00265379,-1,FABA_ECOLI,5.0,Escherichia coli
0.58957136,0.41042867,-1,DEF_ECOLI,5.0,Escherichia coli
0.99398637,0.0060136206,-1,COAD_ECOLI,5.0,Escherichia coli
0.9964474,0.003552695,-1,FABZ_ECOLI,5.0,Escherichia coli
8.855615e-05,0.9999114,-1,DTD_ECOLI,5.0,Escherichia coli
0.9779283,0.022071712,-1,CH10_ECOLI,5.0,Escherichia coli
0.001738502,0.9982615,-1,IF2_ECOLI,5.0,Escherichia coli
0.9975649,0.0024350933,-1,DNAK_ECOLI,5.0,Escherichia coli
0.91808534,0.08191466,-1,MNMG_ECOLI,5.0,Escherichia coli
0.99744713,0.0025528362,-1,HTPG_ECOLI,5.0,Escherichia coli
0.9971374,0.002862575,-1,HSCA_ECOLI,5.0,Escherichia coli
0.99726117,0.002738856,-1,G6PI_ECOLI,5.0,Escherichia coli
0.99666435,0.0033356338,-1,GLGC_ECOLI,5.0,Escherichia coli
0.91337395,0.08662609,-1,HEM1_ECOLI,5.0,Escherichia coli
0.99657637,0.003423566,-1,GAL1_ECOLI,5.0,Escherichia coli
0.9954904,0.004509697,-1,MRAY_ECOLI,5.0,Escherichia coli
0.99316674,0.0068333205,-1,GPDA_ECOLI,5.0,Escherichia coli
0.9970047,0.002995287,-1,FABH_ECOLI,5.0,Escherichia coli
0.9983728,0.0016272276,-1,HSLO_ECOLI,5.0,Escherichia coli
0.99425745,0.0057425178,-1,GCH1_ECOLI,5.0,Escherichia coli
0.9950086,0.004991455,-1,RSMG_ECOLI,5.0,Escherichia coli
0.10615864,0.8938413,-1,IF3_ECOLI,5.0,Escherichia coli
0.99932766,0.0006723785,-1,YCIB_ECOLI,5.0,Escherichia coli
0.99861526,0.0013847426,-1,NIKR_ECOLI,5.0,Escherichia coli
0.99794716,0.0020528096,-1,HYPA_ECOLI,5.0,Escherichia coli
0.9958521,0.0041479454,-1,HYBF_ECOLI,5.0,Escherichia coli
0.99917537,0.0008245705,-1,FTSB_ECOLI,5.0,Escherichia coli
0.008589114,0.99141085,-1,HFQ_ECOLI,5.0,Escherichia coli
0.47223648,0.52776355,-1,IHFA_ECOLI,5.0,Escherichia coli
0.9972492,0.0027507793,-1,FIS_ECOLI,5.0,Escherichia coli
0.18570398,0.814296,-1,IHFB_ECOLI,5.0,Escherichia coli
0.9945381,0.0054618046,-1,PLSB_ECOLI,5.0,Escherichia coli
0.9949987,0.005001338,-1,MURA_ECOLI,5.0,Escherichia coli
0.99906963,0.0009304447,-1,MNTH_ECOLI,5.0,Escherichia coli
0.9960989,0.0039010544,-1,PGK_ECOLI,5.0,Escherichia coli
0.9992466,0.0007534038,-1,KDGT_ECOLI,5.0,Escherichia coli
0.99859565,0.0014043755,-1,PFKA_ECOLI,5.0,Escherichia coli
0.9974744,0.0025256204,-1,KPRS_ECOLI,5.0,Escherichia coli
0.998139,0.0018609415,-1,PYRB_ECOLI,5.0,Escherichia coli
0.11001612,0.8899839,-1,LPXC_ECOLI,5.0,Escherichia coli
0.9964547,0.0035453578,-1,KDSA_ECOLI,5.0,Escherichia coli
0.9982179,0.0017821464,-1,NAGB_ECOLI,5.0,Escherichia coli
0.9948908,0.0051091337,-1,PDXJ_ECOLI,5.0,Escherichia coli
0.9952667,0.004733338,-1,KTHY_ECOLI,5.0,Escherichia coli
0.99847037,0.0015296284,-1,MSRA_ECOLI,5.0,Escherichia coli
0.99844474,0.0015553436,-1,NTPPB_ECOLI,5.0,Escherichia coli
0.992442,0.007557967,-1,ORN_ECOLI,5.0,Escherichia coli
0.9991602,0.00083981594,-1,KEFF_ECOLI,5.0,Escherichia coli
0.9918379,0.008162115,-1,RPPH_ECOLI,5.0,Escherichia coli
0.99511814,0.0048818323,-1,IPYR_ECOLI,5.0,Escherichia coli
0.13664208,0.8633579,-1,MOAC_ECOLI,5.0,Escherichia coli
0.99885774,0.0011423028,-1,MGSA_ECOLI,5.0,Escherichia coli
0.994905,0.0050950353,-1,NDK_ECOLI,5.0,Escherichia coli
0.999156,0.0008439931,-1,MSRB_ECOLI,5.0,Escherichia coli
0.9958087,0.0041913297,-1,MSCL_ECOLI,5.0,Escherichia coli
0.99693894,0.0030610238,-1,PAND_ECOLI,5.0,Escherichia coli
0.9721478,0.027852215,-1,PPK1_ECOLI,5.0,Escherichia coli
0.99707544,0.0029245776,-1,PYRG_ECOLI,5.0,Escherichia coli
0.0039934465,0.99600655,-1,RF3_ECOLI,5.0,Escherichia coli
0.99424803,0.005751918,-1,PURA_ECOLI,5.0,Escherichia coli
0.00027685336,0.99972314,-1,PROB_ECOLI,5.0,Escherichia coli
0.06669466,0.9333053,-1,QUEA_ECOLI,5.0,Escherichia coli
0.99141496,0.008584999,-1,RECA_ECOLI,5.0,Escherichia coli
0.9112548,0.08874519,-1,PYRD_ECOLI,5.0,Escherichia coli
0.98715115,0.0128488485,-1,NADK_ECOLI,5.0,Escherichia coli
0.99908304,0.0009169758,-1,SPED_ECOLI,5.0,Escherichia coli
0.9961216,0.0038783744,-1,PYRH_ECOLI,5.0,Escherichia coli
1.085703e-05,0.99998915,-1,RL1_ECOLI,5.0,Escherichia coli
0.99680054,0.003199407,-1,RIBB_ECOLI,5.0,Escherichia coli
0.9942438,0.005756146,-1,PYRE_ECOLI,5.0,Escherichia coli
0.99036855,0.009631368,-1,LEXA_ECOLI,5.0,Escherichia coli
0.9980877,0.0019123026,-1,RIBA_ECOLI,5.0,Escherichia coli
0.9951977,0.0048022466,-1,HSLV_ECOLI,5.0,Escherichia coli
0.00017813554,0.99982184,-1,RL10_ECOLI,5.0,Escherichia coli
3.970332e-06,0.99999607,-1,RL11_ECOLI,5.0,Escherichia coli
0.4697896,0.5302104,-1,RBFA_ECOLI,5.0,Escherichia coli
0.97936535,0.020634655,-1,RL7_ECOLI,5.0,Escherichia coli
4.0399394e-05,0.9999596,-1,RL20_ECOLI,5.0,Escherichia coli
0.17324077,0.8267592,-1,RL19_ECOLI,5.0,Escherichia coli
0.97534263,0.024657339,-1,RL27_ECOLI,5.0,Escherichia coli
0.9807977,0.019202221,-1,RL28_ECOLI,5.0,Escherichia coli
0.8311624,0.16883758,-1,RPOA_ECOLI,5.0,Escherichia coli
0.9547865,0.045213554,-1,RS2_ECOLI,5.0,Escherichia coli
0.0001690485,0.99983096,-1,RS3_ECOLI,5.0,Escherichia coli
2.2126513e-05,0.9999778,-1,RNC_ECOLI,5.0,Escherichia coli
0.9845642,0.015435759,-1,RPIA_ECOLI,5.0,Escherichia coli
1.2306411e-05,0.9999877,-1,RS4_ECOLI,5.0,Escherichia coli
0.013508922,0.9864911,-1,RIMM_ECOLI,5.0,Escherichia coli
0.00021352891,0.99978644,-1,RS5_ECOLI,5.0,Escherichia coli
0.9981812,0.0018187421,-1,RNH_ECOLI,5.0,Escherichia coli
0.0001478754,0.99985206,-1,RL9_ECOLI,5.0,Escherichia coli
8.123532e-06,0.9999919,-1,RS8_ECOLI,5.0,Escherichia coli
0.2301405,0.76985955,-1,RS9_ECOLI,5.0,Escherichia coli
8.434198e-05,0.9999156,-1,RS11_ECOLI,5.0,Escherichia coli
2.8734205e-05,0.9999713,-1,RS12_ECOLI,5.0,Escherichia coli
3.5589732e-05,0.99996436,-1,RS13_ECOLI,5.0,Escherichia coli
7.264061e-05,0.9999274,-1,RS10_ECOLI,5.0,Escherichia coli
1.6189682e-05,0.9999838,-1,RS19_ECOLI,5.0,Escherichia coli
0.99689984,0.003100201,-1,RPOZ_ECOLI,5.0,Escherichia coli
8.85271e-05,0.9999114,-1,RS20_ECOLI,5.0,Escherichia coli
0.9440376,0.055962402,-1,RS16_ECOLI,5.0,Escherichia coli
8.6525884e-05,0.99991345,-1,RS18_ECOLI,5.0,Escherichia coli
5.4105214e-05,0.9999459,-1,RL31_ECOLI,5.0,Escherichia coli
0.05828255,0.94171745,-1,RL29_ECOLI,5.0,Escherichia coli
0.9997161,0.00028390557,-1,RL32_ECOLI,5.0,Escherichia coli
0.005082429,0.99491763,-1,RL33_ECOLI,5.0,Escherichia coli
0.9986456,0.0013543481,-1,TNAA_ECOLI,5.0,Escherichia coli
0.05324218,0.94675785,-1,SELA_ECOLI,5.0,Escherichia coli
0.56089324,0.43910682,-1,TIG_ECOLI,5.0,Escherichia coli
0.9991949,0.00080509036,-1,TOLB_ECOLI,5.0,Escherichia coli
0.9962618,0.0037381714,-1,DCTA_ECOLI,5.0,Escherichia coli
0.9950557,0.004944344,-1,GLYA_ECOLI,5.0,Escherichia coli
0.99664587,0.0033541387,-1,TRPB_ECOLI,5.0,Escherichia coli
0.98723453,0.012765405,-1,SUCC_ECOLI,5.0,Escherichia coli
0.9930663,0.006933652,-1,METK_ECOLI,5.0,Escherichia coli
0.9797078,0.020292148,-1,TGT_ECOLI,5.0,Escherichia coli
0.9966048,0.0033951532,-1,RUVB_ECOLI,5.0,Escherichia coli
0.9973985,0.0026015656,-1,TALB_ECOLI,5.0,Escherichia coli
0.9965365,0.0034635486,-1,RAPZ_ECOLI,5.0,Escherichia coli
0.9932018,0.0067982855,-1,TYSY_ECOLI,5.0,Escherichia coli
0.9981121,0.0018879729,-1,TPIS_ECOLI,5.0,Escherichia coli
0.91209847,0.087901555,-1,TRMD_ECOLI,5.0,Escherichia coli
0.5522077,0.4477923,-1,SURE_ECOLI,5.0,Escherichia coli
0.9947364,0.005263588,-1,UBIE_ECOLI,5.0,Escherichia coli
0.94258344,0.057416562,-1,RUVA_ECOLI,5.0,Escherichia coli
0.99935526,0.0006447733,-1,YMDB_ECOLI,5.0,Escherichia coli
0.9194216,0.08057837,-1,RUVC_ECOLI,5.0,Escherichia coli
0.9980756,0.0019243731,-1,TPX_ECOLI,5.0,Escherichia coli
5.46038e-06,0.9999945,-1,SSRP_ECOLI,5.0,Escherichia coli
0.98825884,0.011741104,-1,YBEY_ECOLI,5.0,Escherichia coli
0.9983822,0.001617774,-1,TUSA_ECOLI,5.0,Escherichia coli
0.98473597,0.015264045,-1,UVRB_ECOLI,5.0,Escherichia coli
1.381057e-05,0.9999862,-1,SYT_ECOLI,5.0,Escherichia coli
0.3413052,0.65869486,-1,UVRC_ECOLI,5.0,Escherichia coli
0.12638609,0.87361395,-1,SYK1_ECOLI,5.0,Escherichia coli
0.090288475,0.9097115,-1,SYK2_ECOLI,5.0,Escherichia coli
0.011229917,0.9887701,-1,SYN_ECOLI,5.0,Escherichia coli
0.0044104713,0.9955895,-1,SYS_ECOLI,5.0,Escherichia coli
0.0017305498,0.99826944,-1,RHLB_ECOLI,5.0,Escherichia coli
0.062810026,0.93719006,-1,EPMA_ECOLI,5.0,Escherichia coli
0.9940949,0.0059051597,-1,PSD_ECOLI,5.0,Escherichia coli
0.8970181,0.10298192,-1,XERC_ECOLI,5.0,Escherichia coli
0.9732998,0.026700193,-1,XERD_ECOLI,5.0,Escherichia coli
0.99979264,0.00020738658,-1,ZUPT_ECOLI,5.0,Escherichia coli
0.44828406,0.5517159,-1,TRMB_ECOLI,5.0,Escherichia coli
0.995765,0.004235053,-1,UPP_ECOLI,5.0,Escherichia coli
0.9990491,0.0009509144,-1,NQOR_ECOLI,5.0,Escherichia coli
0.99950886,0.00049111806,-1,DNAT_ECOLI,5.0,Escherichia coli
0.9908913,0.009108743,-1,YIHI_ECOLI,5.0,Escherichia coli
0.9988526,0.0011474417,-1,RRAA_ECOLI,5.0,Escherichia coli
0.9786063,0.021393742,-1,RLMH_ECOLI,5.0,Escherichia coli
0.6635367,0.3364633,-1,MATP_ECOLI,5.0,Escherichia coli
0.99608177,0.003918288,-1,YQGF_ECOLI,5.0,Escherichia coli
0.99936455,0.00063549314,-1,FRDC_ECOLI,5.0,Escherichia coli
0.99934834,0.0006516373,-1,FRDD_ECOLI,5.0,Escherichia coli
0.9989472,0.0010528123,-1,EX7S_ECOLI,5.0,Escherichia coli
0.98658645,0.013413608,-1,RPOC_ECOLI,5.0,Escherichia coli
0.86800104,0.1319989,-1,RPOB_ECOLI,5.0,Escherichia coli
0.99682033,0.0031796123,-1,BAMA_ECOLI,5.0,Escherichia coli
0.9967937,0.003206311,-1,FABB_ECOLI,5.0,Escherichia coli
0.99836546,0.0016344992,-1,ALAA_ECOLI,5.0,Escherichia coli
0.9819323,0.018067768,-1,MLTA_ECOLI,5.0,Escherichia coli
0.9995173,0.00048268592,-1,OMPA_ECOLI,5.0,Escherichia coli
0.99914026,0.00085972104,-1,BAMC_ECOLI,5.0,Escherichia coli
0.99832326,0.0016767397,-1,RBN_ECOLI,5.0,Escherichia coli
0.99952924,0.0004707616,-1,ARGP_ECOLI,5.0,Escherichia coli
0.9995134,0.0004865918,-1,PA1_ECOLI,5.0,Escherichia coli
0.998133,0.0018670374,-1,YIDA_ECOLI,5.0,Escherichia coli
0.9995943,0.00040579351,-1,NANR_ECOLI,5.0,Escherichia coli
0.99808806,0.0019119496,-1,PGPB_ECOLI,5.0,Escherichia coli
0.99923444,0.00076562463,-1,FADR_ECOLI,5.0,Escherichia coli
0.9991761,0.0008238754,-1,YJJG_ECOLI,5.0,Escherichia coli
0.9945069,0.005493063,-1,ALKH_ECOLI,5.0,Escherichia coli
0.999164,0.00083597476,-1,YIHX_ECOLI,5.0,Escherichia coli
0.9968315,0.003168569,-1,RIMJ_ECOLI,5.0,Escherichia coli
0.9802915,0.019708551,-1,ATDA_ECOLI,5.0,Escherichia coli
0.9991387,0.0008612436,-1,PAL_ECOLI,5.0,Escherichia coli
0.99507445,0.0049255197,-1,RIMI_ECOLI,5.0,Escherichia coli
0.9987834,0.0012165827,-1,ENTH_ECOLI,5.0,Escherichia coli
0.9991856,0.0008143935,-1,FLHD_ECOLI,5.0,Escherichia coli
0.9983858,0.0016142775,-1,BAME_ECOLI,5.0,Escherichia coli
0.99910307,0.00089692656,-1,LDCI_ECOLI,5.0,Escherichia coli
0.9966509,0.003349083,-1,GLPA_ECOLI,5.0,Escherichia coli
0.9903964,0.0096036,-1,GLN1B_ECOLI,5.0,Escherichia coli
0.9982362,0.0017638005,-1,ACEA_ECOLI,5.0,Escherichia coli
0.99778783,0.0022121053,-1,FTSZ_ECOLI,5.0,Escherichia coli
0.99824035,0.0017596446,-1,CFA_ECOLI,5.0,Escherichia coli
0.9987752,0.0012248456,-1,DPO3B_ECOLI,5.0,Escherichia coli
0.99830914,0.0016908499,-1,ALF1_ECOLI,5.0,Escherichia coli
0.8859162,0.11408384,-1,E4PD_ECOLI,5.0,Escherichia coli
0.9979608,0.002039181,-1,ASPG1_ECOLI,5.0,Escherichia coli
0.9982804,0.0017196089,-1,GLPX_ECOLI,5.0,Escherichia coli
0.9991793,0.00082069583,-1,F16PA_ECOLI,5.0,Escherichia coli
0.99434704,0.0056530023,-1,G3P1_ECOLI,5.0,Escherichia coli
0.9990671,0.0009329351,-1,ARAC_ECOLI,5.0,Escherichia coli
0.8555264,0.14447366,-1,DAPD_ECOLI,5.0,Escherichia coli
0.9803725,0.01962756,-1,MODE_ECOLI,5.0,Escherichia coli
0.9988978,0.0011022247,-1,FNR_ECOLI,5.0,Escherichia coli
0.9991191,0.00088093814,-1,CHEZ_ECOLI,5.0,Escherichia coli
0.9982659,0.0017341453,-1,GSTA_ECOLI,5.0,Escherichia coli
0.99390537,0.0060946443,-1,CHEW_ECOLI,5.0,Escherichia coli
0.99947816,0.00052180956,-1,FTNA_ECOLI,5.0,Escherichia coli
0.99662066,0.00337933,-1,FUR_ECOLI,5.0,Escherichia coli
0.99968886,0.0003111004,-1,CUER_ECOLI,5.0,Escherichia coli
0.80672765,0.19327234,-1,CSPD_ECOLI,5.0,Escherichia coli
0.98574185,0.014258191,-1,CSPE_ECOLI,5.0,Escherichia coli
0.99662364,0.0033764201,-1,ADHE_ECOLI,5.0,Escherichia coli
0.77442086,0.22557914,-1,LON_ECOLI,5.0,Escherichia coli
0.98845017,0.011549806,-1,PTA_ECOLI,5.0,Escherichia coli
1.9528903e-05,0.99998045,-1,DEAD_ECOLI,5.0,Escherichia coli
0.01539401,0.984606,-1,RNG_ECOLI,5.0,Escherichia coli
0.9721119,0.02788815,-1,DLDH_ECOLI,5.0,Escherichia coli
0.99677664,0.0032233454,-1,CMPDT_ECOLI,5.0,Escherichia coli
0.99851185,0.0014881564,-1,FUCO_ECOLI,5.0,Escherichia coli
0.99887615,0.0011238459,-1,DHAS_ECOLI,5.0,Escherichia coli
0.99834454,0.0016555027,-1,GLDA_ECOLI,5.0,Escherichia coli
0.9944149,0.0055850074,-1,TRXB_ECOLI,5.0,Escherichia coli
0.99886644,0.0011335778,-1,RBSK_ECOLI,5.0,Escherichia coli
0.99487114,0.0051288656,-1,ACCD_ECOLI,5.0,Escherichia coli
0.9982021,0.0017978786,-1,PANE_ECOLI,5.0,Escherichia coli
0.9644925,0.035507437,-1,LIVG_ECOLI,5.0,Escherichia coli
0.99827385,0.0017262044,-1,PFLA_ECOLI,5.0,Escherichia coli
0.9968573,0.0031426686,-1,PHOU_ECOLI,5.0,Escherichia coli
0.99811757,0.0018824323,-1,ARCA_ECOLI,5.0,Escherichia coli
0.9973973,0.0026027558,-1,FTSE_ECOLI,5.0,Escherichia coli
0.029355466,0.97064453,-1,FKBB_ECOLI,5.0,Escherichia coli
0.8875808,0.11241912,-1,SLYD_ECOLI,5.0,Escherichia coli
0.99709344,0.0029065371,-1,HPRT_ECOLI,5.0,Escherichia coli
0.999143,0.0008569374,-1,NRDG_ECOLI,5.0,Escherichia coli
0.99517775,0.004822215,-1,XGPT_ECOLI,5.0,Escherichia coli
0.999054,0.000945947,-1,FER_ECOLI,5.0,Escherichia coli
0.9988065,0.001193521,-1,YPDA_ECOLI,5.0,Escherichia coli
7.0898284e-05,0.9999291,-1,ETTA_ECOLI,5.0,Escherichia coli
0.11063672,0.8893633,-1,UBID_ECOLI,5.0,Escherichia coli
0.9982332,0.0017667942,-1,DOSC_ECOLI,5.0,Escherichia coli
0.99957544,0.00042455684,-1,PLAP_ECOLI,5.0,Escherichia coli
0.99849236,0.001507679,-1,EXUT_ECOLI,5.0,Escherichia coli
0.9986528,0.0013471607,-1,DGOT_ECOLI,5.0,Escherichia coli
0.99406224,0.0059377104,-1,CLSB_ECOLI,5.0,Escherichia coli
0.9982174,0.001782618,-1,SERA_ECOLI,5.0,Escherichia coli
0.9948344,0.005165616,-1,MREB_ECOLI,5.0,Escherichia coli
0.9986595,0.0013404416,-1,SQUU_ECOLI,5.0,Escherichia coli
4.1812895e-05,0.99995816,-1,TRUC_ECOLI,5.0,Escherichia coli
0.952636,0.04736396,-1,LPTB_ECOLI,5.0,Escherichia coli
0.98760325,0.012396809,-1,OMPR_ECOLI,5.0,Escherichia coli
4.567414e-05,0.99995434,-1,RSUA_ECOLI,5.0,Escherichia coli
9.53457e-05,0.99990463,-1,RLUA_ECOLI,5.0,Escherichia coli
0.99899656,0.001003458,-1,YCCA_ECOLI,5.0,Escherichia coli
0.19316341,0.80683655,-1,RL13_ECOLI,5.0,Escherichia coli
0.99541384,0.004586165,-1,ZRAP_ECOLI,5.0,Escherichia coli
0.99536264,0.0046373624,-1,GLNB_ECOLI,5.0,Escherichia coli
0.9966883,0.0033116639,-1,THIO_ECOLI,5.0,Escherichia coli
0.9965934,0.003406607,-1,ISCA_ECOLI,5.0,Escherichia coli
0.9958776,0.004122357,-1,PTHP_ECOLI,5.0,Escherichia coli
0.99647236,0.0035276213,-1,CSPA_ECOLI,5.0,Escherichia coli
0.9870516,0.012948367,-1,CSPC_ECOLI,5.0,Escherichia coli
0.9965887,0.0034112905,-1,FTSH_ECOLI,5.0,Escherichia coli
0.9994456,0.00055433455,-1,CYCA_ECOLI,5.0,Escherichia coli
0.9600375,0.039962463,-1,RARA_ECOLI,5.0,Escherichia coli
0.99932253,0.0006774683,-1,CADB_ECOLI,5.0,Escherichia coli
0.9994198,0.0005802455,-1,TDCC_ECOLI,5.0,Escherichia coli
0.9994197,0.0005803597,-1,POTE_ECOLI,5.0,Escherichia coli
0.99948645,0.0005135157,-1,SDAC_ECOLI,5.0,Escherichia coli
0.9902705,0.009729523,-1,FABF_ECOLI,5.0,Escherichia coli
0.9960343,0.003965667,-1,KBL_ECOLI,5.0,Escherichia coli
0.9967264,0.0032735285,-1,LAPB_ECOLI,5.0,Escherichia coli
0.99870384,0.001296111,-1,ALF_ECOLI,5.0,Escherichia coli
0.99922955,0.0007704701,-1,SAPD_ECOLI,5.0,Escherichia coli
0.9977344,0.0022655332,-1,DPPD_ECOLI,5.0,Escherichia coli
0.42193884,0.5780612,-1,YBIS_ECOLI,5.0,Escherichia coli
0.9991235,0.0008764396,-1,FDOH_ECOLI,5.0,Escherichia coli
0.9989304,0.0010696205,-1,FDNH_ECOLI,5.0,Escherichia coli
0.9987847,0.0012153359,-1,HYPB_ECOLI,5.0,Escherichia coli
0.99897265,0.0010273111,-1,KBAY_ECOLI,5.0,Escherichia coli
0.9951749,0.004825138,-1,PSTB_ECOLI,5.0,Escherichia coli
0.9993362,0.00066379854,-1,CYBH_ECOLI,5.0,Escherichia coli
0.999653,0.00034704016,-1,LPOB_ECOLI,5.0,Escherichia coli
0.0010611003,0.99893886,-1,YBAK_ECOLI,5.0,Escherichia coli
0.99923444,0.00076561846,-1,HYPC_ECOLI,5.0,Escherichia coli
0.99894947,0.0010505009,-1,HYBG_ECOLI,5.0,Escherichia coli
0.9997024,0.00029761525,-1,ACRZ_ECOLI,5.0,Escherichia coli
0.9984586,0.001541414,-1,ATMA_ECOLI,5.0,Escherichia coli
0.9947767,0.005223239,-1,CLPA_ECOLI,5.0,Escherichia coli
0.9970061,0.0029938978,-1,CYOB_ECOLI,5.0,Escherichia coli
0.9953968,0.004603247,-1,ATPA_ECOLI,5.0,Escherichia coli
0.000647809,0.99935216,-1,PCNB_ECOLI,5.0,Escherichia coli
0.995704,0.00429598,-1,ATPB_ECOLI,5.0,Escherichia coli
0.9924313,0.0075687193,-1,PUR8_ECOLI,5.0,Escherichia coli
0.7035664,0.29643363,-1,CISY_ECOLI,5.0,Escherichia coli
0.97668105,0.023318935,-1,FTSA_ECOLI,5.0,Escherichia coli
0.9990606,0.0009394533,-1,HFLK_ECOLI,5.0,Escherichia coli
0.9983791,0.0016208414,-1,FTSW_ECOLI,5.0,Escherichia coli
0.99732167,0.002678339,-1,RODA_ECOLI,5.0,Escherichia coli
0.9964819,0.0035181034,-1,AROG_ECOLI,5.0,Escherichia coli
0.996472,0.0035280238,-1,ACCA_ECOLI,5.0,Escherichia coli
0.99890924,0.0010907182,-1,CORA_ECOLI,5.0,Escherichia coli
0.9869214,0.013078625,-1,ILVE_ECOLI,5.0,Escherichia coli
0.9870504,0.0129495375,-1,CDD_ECOLI,5.0,Escherichia coli
0.99116194,0.008838052,-1,ATPG_ECOLI,5.0,Escherichia coli
0.99444026,0.005559763,-1,ATP6_ECOLI,5.0,Escherichia coli
0.9992944,0.00070556696,-1,FUCA_ECOLI,5.0,Escherichia coli
0.036482986,0.96351695,-1,END3_ECOLI,5.0,Escherichia coli
0.9640242,0.035975825,-1,ATPD_ECOLI,5.0,Escherichia coli
0.9996068,0.0003932381,-1,C561_ECOLI,5.0,Escherichia coli
0.99844897,0.0015510058,-1,BFR_ECOLI,5.0,Escherichia coli
0.9967644,0.0032355944,-1,BCCP_ECOLI,5.0,Escherichia coli
0.67809844,0.32190156,-1,DNAG_ECOLI,5.0,Escherichia coli
0.99698085,0.0030191822,-1,CYDA_ECOLI,5.0,Escherichia coli
0.99877876,0.0012212407,-1,NRFA_ECOLI,5.0,Escherichia coli
0.9980305,0.0019694758,-1,DCUC_ECOLI,5.0,Escherichia coli
0.999111,0.00088896457,-1,DCUB_ECOLI,5.0,Escherichia coli
0.99899083,0.0010091811,-1,DCUA_ECOLI,5.0,Escherichia coli
0.98382527,0.016174689,-1,COABC_ECOLI,5.0,Escherichia coli
0.99953187,0.0004681431,-1,CYDB_ECOLI,5.0,Escherichia coli
0.099019654,0.90098035,-1,YCHF_ECOLI,5.0,Escherichia coli
0.9988147,0.0011853437,-1,CYSK_ECOLI,5.0,Escherichia coli
0.9984906,0.0015093884,-1,CYOA_ECOLI,5.0,Escherichia coli
0.9994137,0.0005862615,-1,MHPB_ECOLI,5.0,Escherichia coli
0.9956937,0.0043063015,-1,MENB_ECOLI,5.0,Escherichia coli
0.99695563,0.003044361,-1,EXBB_ECOLI,5.0,Escherichia coli
0.9991141,0.00088589435,-1,DEOD_ECOLI,5.0,Escherichia coli
0.99896693,0.0010331181,-1,TOLQ_ECOLI,5.0,Escherichia coli
0.9967405,0.0032594723,-1,CYOC_ECOLI,5.0,Escherichia coli
0.99913245,0.0008675258,-1,DPS_ECOLI,5.0,Escherichia coli
0.99631625,0.0036837626,-1,DYR_ECOLI,5.0,Escherichia coli
0.99934155,0.0006584649,-1,CSGB_ECOLI,5.0,Escherichia coli
0.9977323,0.0022676736,-1,DKSA_ECOLI,5.0,Escherichia coli
0.99799854,0.0020014571,-1,NAPB_ECOLI,5.0,Escherichia coli
0.9992322,0.00076787,-1,KDGL_ECOLI,5.0,Escherichia coli
0.9970203,0.002979617,-1,CYOD_ECOLI,5.0,Escherichia coli
0.98727965,0.012720336,-1,HOLE_ECOLI,5.0,Escherichia coli
0.9961733,0.0038267374,-1,SDHA_ECOLI,5.0,Escherichia coli
0.9966633,0.0033367407,-1,FUMA_ECOLI,5.0,Escherichia coli
0.019265354,0.98073465,-1,G6PD_ECOLI,5.0,Escherichia coli
0.99742645,0.0025734995,-1,ASPA_ECOLI,5.0,Escherichia coli
0.9946402,0.0053598173,-1,SURA_ECOLI,5.0,Escherichia coli
0.9937689,0.0062310994,-1,KDTA_ECOLI,5.0,Escherichia coli
0.9992461,0.00075393287,-1,GM4D_ECOLI,5.0,Escherichia coli
0.9993937,0.0006063459,-1,WECA_ECOLI,5.0,Escherichia coli
0.99884665,0.0011532793,-1,FTSX_ECOLI,5.0,Escherichia coli
0.99973196,0.00026805035,-1,FRLB_ECOLI,5.0,Escherichia coli
0.9996563,0.0003436245,-1,FLIG_ECOLI,5.0,Escherichia coli
0.9991685,0.00083146564,-1,FOCA_ECOLI,5.0,Escherichia coli
0.9938333,0.0061667333,-1,DHPS_ECOLI,5.0,Escherichia coli
0.9977551,0.0022448539,-1,GLO2_ECOLI,5.0,Escherichia coli
0.9994752,0.0005248047,-1,BAMD_ECOLI,5.0,Escherichia coli
0.9967591,0.003240932,-1,FRDB_ECOLI,5.0,Escherichia coli
0.99939907,0.00060087506,-1,SATP_ECOLI,5.0,Escherichia coli
0.999151,0.0008489794,-1,TOLR_ECOLI,5.0,Escherichia coli
0.9981109,0.0018891161,-1,EXBD_ECOLI,5.0,Escherichia coli
0.9965982,0.0034018806,-1,LGUL_ECOLI,5.0,Escherichia coli
0.98340213,0.016597927,-1,FOLB_ECOLI,5.0,Escherichia coli
0.13022667,0.8697733,-1,FOLX_ECOLI,5.0,Escherichia coli
0.9987784,0.0012215711,-1,DHSD_ECOLI,5.0,Escherichia coli
0.99061733,0.00938272,-1,GLRX4_ECOLI,5.0,Escherichia coli
0.9846838,0.015316219,-1,GLNK_ECOLI,5.0,Escherichia coli
0.99916995,0.00083006837,-1,MBHL_ECOLI,5.0,Escherichia coli
0.9991602,0.00083988963,-1,MBHM_ECOLI,5.0,Escherichia coli
0.9982822,0.0017177876,-1,BTSS_ECOLI,5.0,Escherichia coli
0.894946,0.10505397,-1,DNAB_ECOLI,5.0,Escherichia coli
0.9553072,0.044692744,-1,GLMU_ECOLI,5.0,Escherichia coli
0.99872774,0.0012722726,-1,PURR_ECOLI,5.0,Escherichia coli
0.99785537,0.0021445726,-1,HEM2_ECOLI,5.0,Escherichia coli
0.97892475,0.021075202,-1,LPXL_ECOLI,5.0,Escherichia coli
0.9985537,0.0014463045,-1,OXYR_ECOLI,5.0,Escherichia coli
0.9979814,0.0020184952,-1,PRMC_ECOLI,5.0,Escherichia coli
0.9994554,0.000544563,-1,ALLR_ECOLI,5.0,Escherichia coli
0.9987658,0.0012342124,-1,MPAA_ECOLI,5.0,Escherichia coli
0.9950427,0.004957249,-1,CRP_ECOLI,5.0,Escherichia coli
0.9997272,0.0002727778,-1,HEMG_ECOLI,5.0,Escherichia coli
0.99923956,0.00076049566,-1,LRP_ECOLI,5.0,Escherichia coli
0.03613285,0.9638671,-1,HNS_ECOLI,5.0,Escherichia coli
0.045767903,0.95423216,-1,STPA_ECOLI,5.0,Escherichia coli
0.05388914,0.9461109,-1,HSLR_ECOLI,5.0,Escherichia coli
0.99726284,0.0027371242,-1,ISCU_ECOLI,5.0,Escherichia coli
0.9929965,0.007003497,-1,HINT_ECOLI,5.0,Escherichia coli
0.9972759,0.0027241004,-1,ERPA_ECOLI,5.0,Escherichia coli
0.9914175,0.008582488,-1,YFIA_ECOLI,5.0,Escherichia coli
0.27195233,0.7280477,-1,DBHA_ECOLI,5.0,Escherichia coli
0.44501188,0.55498815,-1,DBHB_ECOLI,5.0,Escherichia coli
0.9997451,0.00025489097,-1,HHA_ECOLI,5.0,Escherichia coli
0.06728275,0.93271726,-1,MRDA_ECOLI,5.0,Escherichia coli
0.9830465,0.016953507,-1,PPID_ECOLI,5.0,Escherichia coli
0.025986474,0.97401357,-1,FTSI_ECOLI,5.0,Escherichia coli
0.99276406,0.0072359215,-1,TAMA_ECOLI,5.0,Escherichia coli
0.99036926,0.009630751,-1,IMDH_ECOLI,5.0,Escherichia coli
0.93974,0.06026,-1,KPYK1_ECOLI,5.0,Escherichia coli
0.996684,0.0033159382,-1,PPNN_ECOLI,5.0,Escherichia coli
0.9993679,0.0006321764,-1,BRNQ_ECOLI,5.0,Escherichia coli
0.99942434,0.0005756656,-1,NEPI_ECOLI,5.0,Escherichia coli
0.99769837,0.0023016562,-1,AMPH_ECOLI,5.0,Escherichia coli
0.99754506,0.002454871,-1,ISPB_ECOLI,5.0,Escherichia coli
0.9989241,0.0010758907,-1,ENTB_ECOLI,5.0,Escherichia coli
0.9940684,0.0059315693,-1,SUHB_ECOLI,5.0,Escherichia coli
0.9923195,0.0076804007,-1,YIGB_ECOLI,5.0,Escherichia coli
0.99924785,0.00075216964,-1,TESA_ECOLI,5.0,Escherichia coli
0.99905807,0.0009419701,-1,LPTE_ECOLI,5.0,Escherichia coli
0.9996363,0.00036370655,-1,LPTC_ECOLI,5.0,Escherichia coli
0.9987457,0.0012543305,-1,LPTA_ECOLI,5.0,Escherichia coli
0.99872094,0.0012790419,-1,IVY_ECOLI,5.0,Escherichia coli
0.9975903,0.002409691,-1,YIGI_ECOLI,5.0,Escherichia coli
2.2742905e-05,0.99997723,-1,RL16_ECOLI,5.0,Escherichia coli
1.730055e-05,0.9999827,-1,RL14_ECOLI,5.0,Escherichia coli
0.9943885,0.005611441,-1,ZAPA_ECOLI,5.0,Escherichia coli
1.6513839e-05,0.99998343,-1,RL23_ECOLI,5.0,Escherichia coli
4.7640356e-06,0.99999523,-1,RS15_ECOLI,5.0,Escherichia coli
0.99843436,0.0015655675,-1,BARA_ECOLI,5.0,Escherichia coli
0.9977762,0.002223771,-1,ARCB_ECOLI,5.0,Escherichia coli
0.9970983,0.0029016552,-1,DCUS_ECOLI,5.0,Escherichia coli
0.9990386,0.00096147956,-1,AMN_ECOLI,5.0,Escherichia coli
0.9978352,0.0021647504,-1,ARAE_ECOLI,5.0,Escherichia coli
0.99373055,0.006269454,-1,CPXA_ECOLI,5.0,Escherichia coli
0.13489202,0.865108,-1,CYSG_ECOLI,5.0,Escherichia coli
0.9207967,0.07920326,-1,DACA_ECOLI,5.0,Escherichia coli
0.99764675,0.0023532207,-1,ACRA_ECOLI,5.0,Escherichia coli
0.9953471,0.004652977,-1,DAPE_ECOLI,5.0,Escherichia coli
0.9960508,0.003949235,-1,DEGS_ECOLI,5.0,Escherichia coli
0.99861026,0.0013896973,-1,DPPB_ECOLI,5.0,Escherichia coli
0.9995403,0.00045971834,-1,MGLB_ECOLI,5.0,Escherichia coli
0.9980579,0.0019420682,-1,DMA_ECOLI,5.0,Escherichia coli
0.9931636,0.006836441,-1,MAP1_ECOLI,5.0,Escherichia coli
0.0006384149,0.9993616,-1,TRMJ_ECOLI,5.0,Escherichia coli
0.99950004,0.0004999455,-1,DNAC_ECOLI,5.0,Escherichia coli
0.99926156,0.00073842047,-1,APHA_ECOLI,5.0,Escherichia coli
0.9955409,0.0044590696,-1,CPXR_ECOLI,5.0,Escherichia coli
0.9991849,0.00081506657,-1,AHPC_ECOLI,5.0,Escherichia coli
0.9991394,0.00086051313,-1,CPXP_ECOLI,5.0,Escherichia coli
0.9986518,0.0013481908,-1,BCP_ECOLI,5.0,Escherichia coli
0.9967631,0.00323684,-1,CHEY_ECOLI,5.0,Escherichia coli
0.12636171,0.8736382,-1,MAZF_ECOLI,5.0,Escherichia coli
0.99712723,0.00287283,-1,MAZE_ECOLI,5.0,Escherichia coli
0.996765,0.003234953,-1,GSP_ECOLI,5.0,Escherichia coli
0.99893147,0.0010685349,-1,GCL_ECOLI,5.0,Escherichia coli
0.9987238,0.001276186,-1,EMRB_ECOLI,5.0,Escherichia coli
0.9977112,0.0022888202,-1,GLCD_ECOLI,5.0,Escherichia coli
0.9606983,0.03930174,-1,MIAB_ECOLI,5.0,Escherichia coli
0.9991966,0.0008033867,-1,EUTB_ECOLI,5.0,Escherichia coli
0.99124664,0.0087533705,-1,RSEP_ECOLI,5.0,Escherichia coli
0.99518025,0.0048197485,-1,ENVZ_ECOLI,5.0,Escherichia coli
0.99822694,0.0017730988,-1,GUDD_ECOLI,5.0,Escherichia coli
0.9890465,0.010953512,-1,ENTC_ECOLI,5.0,Escherichia coli
0.9959623,0.004037758,-1,GALU_ECOLI,5.0,Escherichia coli
0.9979069,0.0020930853,-1,DPPC_ECOLI,5.0,Escherichia coli
0.99841225,0.0015877814,-1,GLPF_ECOLI,5.0,Escherichia coli
0.9991001,0.0008999153,-1,TCYJ_ECOLI,5.0,Escherichia coli
0.9940952,0.0059048184,-1,FABI_ECOLI,5.0,Escherichia coli
0.99615353,0.0038464372,-1,FABG_ECOLI,5.0,Escherichia coli
0.95752984,0.042470112,-1,FLIA_ECOLI,5.0,Escherichia coli
0.99815494,0.0018450526,-1,DSBC_ECOLI,5.0,Escherichia coli
0.9960763,0.003923673,-1,FRE_ECOLI,5.0,Escherichia coli
0.9972727,0.002727276,-1,FDNI_ECOLI,5.0,Escherichia coli
0.998245,0.0017550472,-1,FDOI_ECOLI,5.0,Escherichia coli
0.99737823,0.0026217764,-1,DSBA_ECOLI,5.0,Escherichia coli
0.9905007,0.009499234,-1,FKBX_ECOLI,5.0,Escherichia coli
0.999446,0.0005539839,-1,FUCM_ECOLI,5.0,Escherichia coli
0.9994018,0.00059822167,-1,FTSL_ECOLI,5.0,Escherichia coli
0.033738576,0.9662614,-1,GYRA_ECOLI,5.0,Escherichia coli
0.8499638,0.15003619,-1,GYRB_ECOLI,5.0,Escherichia coli
0.997012,0.0029879168,-1,MURJ_ECOLI,5.0,Escherichia coli
0.99977905,0.00022092967,-1,INGK_ECOLI,5.0,Escherichia coli
0.9995591,0.00044089364,-1,MDFA_ECOLI,5.0,Escherichia coli
0.9987851,0.001214955,-1,MALE_ECOLI,5.0,Escherichia coli
0.98621863,0.013781318,-1,NAGA_ECOLI,5.0,Escherichia coli
0.9992698,0.000730235,-1,RSSB_ECOLI,5.0,Escherichia coli
0.99900925,0.0009907023,-1,K1PF_ECOLI,5.0,Escherichia coli
0.9992455,0.00075456,-1,LIVH_ECOLI,5.0,Escherichia coli
0.9982509,0.00174912,-1,MOTB_ECOLI,5.0,Escherichia coli
0.96418124,0.035818774,-1,METF_ECOLI,5.0,Escherichia coli
0.9893115,0.010688473,-1,MIND_ECOLI,5.0,Escherichia coli
0.99851626,0.0014837508,-1,MAZG_ECOLI,5.0,Escherichia coli
0.99985003,0.00014996062,-1,HDHA_ECOLI,5.0,Escherichia coli
0.96752286,0.032477178,-1,NAGD_ECOLI,5.0,Escherichia coli
0.99905807,0.0009419822,-1,MTNN_ECOLI,5.0,Escherichia coli
0.9989503,0.0010496866,-1,NARV_ECOLI,5.0,Escherichia coli
0.9942883,0.0057116505,-1,NARL_ECOLI,5.0,Escherichia coli
0.9996159,0.00038403593,-1,MDAB_ECOLI,5.0,Escherichia coli
0.9953034,0.0046966407,-1,SKP_ECOLI,5.0,Escherichia coli
0.99943775,0.00056225236,-1,HYCI_ECOLI,5.0,Escherichia coli
0.99787676,0.0021232541,-1,HDEA_ECOLI,5.0,Escherichia coli
0.998439,0.0015609546,-1,HDEB_ECOLI,5.0,Escherichia coli
0.9992623,0.00073772453,-1,ZAPB_ECOLI,5.0,Escherichia coli
0.96595496,0.03404497,-1,ODO1_ECOLI,5.0,Escherichia coli
0.99804014,0.0019599167,-1,NARX_ECOLI,5.0,Escherichia coli
0.999461,0.0005389852,-1,NHAB_ECOLI,5.0,Escherichia coli
0.9982498,0.0017501618,-1,NUOM_ECOLI,5.0,Escherichia coli
0.000117044176,0.99988294,-1,NUSA_ECOLI,5.0,Escherichia coli
0.9992737,0.00072634016,-1,NUON_ECOLI,5.0,Escherichia coli
0.9563278,0.04367226,-1,NTRC_ECOLI,5.0,Escherichia coli
0.998293,0.0017070181,-1,GHXP_ECOLI,5.0,Escherichia coli
0.9988611,0.0011389615,-1,NUPG_ECOLI,5.0,Escherichia coli
0.16230291,0.8376971,-1,ODO2_ECOLI,5.0,Escherichia coli
0.999076,0.0009239638,-1,NUPC_ECOLI,5.0,Escherichia coli
0.98720413,0.012795855,-1,NTRB_ECOLI,5.0,Escherichia coli
0.9967526,0.0032473803,-1,NUOH_ECOLI,5.0,Escherichia coli
0.9988055,0.0011944581,-1,NLPI_ECOLI,5.0,Escherichia coli
0.9984816,0.0015184084,-1,NUOB_ECOLI,5.0,Escherichia coli
0.99875045,0.0012495583,-1,NUOJ_ECOLI,5.0,Escherichia coli
0.9989982,0.0010017549,-1,NUOI_ECOLI,5.0,Escherichia coli
0.9977041,0.0022958925,-1,NUOE_ECOLI,5.0,Escherichia coli
0.9972882,0.0027118244,-1,TSAE_ECOLI,5.0,Escherichia coli
0.9963993,0.003600745,-1,NUDB_ECOLI,5.0,Escherichia coli
0.9994369,0.00056306244,-1,NUOA_ECOLI,5.0,Escherichia coli
0.9994019,0.00059810735,-1,RRAB_ECOLI,5.0,Escherichia coli
0.99372053,0.0062794858,-1,RIDA_ECOLI,5.0,Escherichia coli
0.998892,0.0011080297,-1,NUOK_ECOLI,5.0,Escherichia coli
0.99945074,0.0005492561,-1,GHOS_ECOLI,5.0,Escherichia coli
0.98208207,0.01791795,-1,ODP1_ECOLI,5.0,Escherichia coli
0.10729435,0.8927057,-1,PARC_ECOLI,5.0,Escherichia coli
0.99806005,0.0019399447,-1,OXC_ECOLI,5.0,Escherichia coli
0.9986921,0.0013079,-1,DAUA_ECOLI,5.0,Escherichia coli
0.94803256,0.05196752,-1,PPX_ECOLI,5.0,Escherichia coli
0.99665004,0.0033499077,-1,PITA_ECOLI,5.0,Escherichia coli
0.9812558,0.01874419,-1,GLRR_ECOLI,5.0,Escherichia coli
0.43118247,0.5688175,-1,MEPM_ECOLI,5.0,Escherichia coli
0.9995951,0.00040491554,-1,SBMA_ECOLI,5.0,Escherichia coli
0.99959356,0.00040651366,-1,PROX_ECOLI,5.0,Escherichia coli
0.9990652,0.0009347621,-1,RSEB_ECOLI,5.0,Escherichia coli
0.9632834,0.036716595,-1,PBP7_ECOLI,5.0,Escherichia coli
0.9980286,0.0019714283,-1,GCH1L_ECOLI,5.0,Escherichia coli
0.9997156,0.0002843064,-1,FOLM_ECOLI,5.0,Escherichia coli
0.9974286,0.0025713595,-1,PSPA_ECOLI,5.0,Escherichia coli
0.9989717,0.0010282648,-1,TCYL_ECOLI,5.0,Escherichia coli
0.49519497,0.50480497,-1,PDXH_ECOLI,5.0,Escherichia coli
0.99697506,0.0030249304,-1,RSEA_ECOLI,5.0,Escherichia coli
0.96600413,0.03399587,-1,PPIA_ECOLI,5.0,Escherichia coli
0.99528533,0.004714703,-1,MEPS_ECOLI,5.0,Escherichia coli
0.4743583,0.52564174,-1,SEQA_ECOLI,5.0,Escherichia coli
0.9970606,0.0029393644,-1,SSPB_ECOLI,5.0,Escherichia coli
0.63904613,0.36095387,-1,RFAH_ECOLI,5.0,Escherichia coli
0.9984018,0.0015981399,-1,RUTC_ECOLI,5.0,Escherichia coli
0.93916357,0.060836405,-1,HPF_ECOLI,5.0,Escherichia coli
0.02875554,0.97124445,-1,SPOT_ECOLI,5.0,Escherichia coli
0.9962185,0.0037815,-1,SLT_ECOLI,5.0,Escherichia coli
0.98198044,0.018019602,-1,SECD_ECOLI,5.0,Escherichia coli
5.7458224e-06,0.9999943,-1,RS1_ECOLI,5.0,Escherichia coli
0.9917794,0.008220642,-1,PUR1_ECOLI,5.0,Escherichia coli
0.999542,0.0004580177,-1,UHPT_ECOLI,5.0,Escherichia coli
0.99075794,0.009242016,-1,SECY_ECOLI,5.0,Escherichia coli
0.9978644,0.0021355636,-1,UGPB_ECOLI,5.0,Escherichia coli
0.027610974,0.9723891,-1,RHO_ECOLI,5.0,Escherichia coli
0.99144906,0.008550942,-1,SECF_ECOLI,5.0,Escherichia coli
0.99725777,0.002742234,-1,SERB_ECOLI,5.0,Escherichia coli
0.9952675,0.00473246,-1,RPOH_ECOLI,5.0,Escherichia coli
0.99392116,0.006078862,-1,RPE_ECOLI,5.0,Escherichia coli
0.998083,0.0019169644,-1,RPOE_ECOLI,5.0,Escherichia coli
6.185895e-06,0.9999938,-1,RL6_ECOLI,5.0,Escherichia coli
0.99653625,0.003463799,-1,SODC_ECOLI,5.0,Escherichia coli
0.99962294,0.00037699513,-1,SULA_ECOLI,5.0,Escherichia coli
0.9978975,0.0021025317,-1,PURE_ECOLI,5.0,Escherichia coli
0.9975158,0.0024841642,-1,SECB_ECOLI,5.0,Escherichia coli
0.99942183,0.00057813444,-1,UMUD_ECOLI,5.0,Escherichia coli
0.9959992,0.004000751,-1,SECE_ECOLI,5.0,Escherichia coli
0.99762946,0.0023705245,-1,RUSA_ECOLI,5.0,Escherichia coli
0.9989191,0.0010809159,-1,SECG_ECOLI,5.0,Escherichia coli
0.00016277598,0.99983716,-1,RS14_ECOLI,5.0,Escherichia coli
4.466944e-05,0.9999553,-1,RS17_ECOLI,5.0,Escherichia coli
0.9988902,0.0011098128,-1,XYLE_ECOLI,5.0,Escherichia coli
9.0955094e-05,0.99990904,-1,SRP54_ECOLI,5.0,Escherichia coli
0.99912614,0.00087384717,-1,URAA_ECOLI,5.0,Escherichia coli
4.867943e-05,0.99995136,-1,SYY_ECOLI,5.0,Escherichia coli
0.99887735,0.001122669,-1,SSTT_ECOLI,5.0,Escherichia coli
0.9992669,0.000733083,-1,TDCB_ECOLI,5.0,Escherichia coli
0.9985936,0.0014063765,-1,SRKA_ECOLI,5.0,Escherichia coli
0.9960989,0.003901097,-1,THIL_ECOLI,5.0,Escherichia coli
0.9983469,0.0016531054,-1,RBSC_ECOLI,5.0,Escherichia coli
0.9946095,0.0053904904,-1,UBIA_ECOLI,5.0,Escherichia coli
0.99683136,0.0031686742,-1,SUCD_ECOLI,5.0,Escherichia coli
0.9905495,0.009450456,-1,TESB_ECOLI,5.0,Escherichia coli
0.99927694,0.0007231,-1,SLMA_ECOLI,5.0,Escherichia coli
0.9855387,0.014461331,-1,SODF_ECOLI,5.0,Escherichia coli
0.99826473,0.0017353294,-1,CHRR_ECOLI,5.0,Escherichia coli
0.9969909,0.0030090972,-1,SSB_ECOLI,5.0,Escherichia coli
0.011235223,0.98876476,-1,TRML_ECOLI,5.0,Escherichia coli
0.9099114,0.09008862,-1,CSDE_ECOLI,5.0,Escherichia coli
0.9960223,0.0039776918,-1,OSMC_ECOLI,5.0,Escherichia coli
0.99393713,0.006062862,-1,IBPB_ECOLI,5.0,Escherichia coli
0.98606455,0.0139354635,-1,IBPA_ECOLI,5.0,Escherichia coli
1.8491271e-05,0.9999815,-1,RL18_ECOLI,5.0,Escherichia coli
0.28399733,0.7160027,-1,RELE_ECOLI,5.0,Escherichia coli
0.9994949,0.0005051014,-1,PPNP_ECOLI,5.0,Escherichia coli
0.9996668,0.00033317012,-1,RELB_ECOLI,5.0,Escherichia coli
0.9933727,0.0066273552,-1,DPO3A_ECOLI,5.0,Escherichia coli
0.9987876,0.0012124713,-1,RCSC_ECOLI,5.0,Escherichia coli
0.9925553,0.0074446867,-1,SECA_ECOLI,5.0,Escherichia coli
0.9989428,0.0010571721,-1,CRFC_ECOLI,5.0,Escherichia coli
0.00041887694,0.99958116,-1,BIPA_ECOLI,5.0,Escherichia coli
0.9983333,0.0016667936,-1,ILVG_ECOLI,5.0,Escherichia coli
0.9755146,0.024485353,-1,NADB_ECOLI,5.0,Escherichia coli
0.99682873,0.003171287,-1,ENTE_ECOLI,5.0,Escherichia coli
0.99927014,0.0007298329,-1,PROP_ECOLI,5.0,Escherichia coli
0.9968009,0.0031990923,-1,FTSY_ECOLI,5.0,Escherichia coli
0.9938599,0.006140091,-1,DEGP_ECOLI,5.0,Escherichia coli
0.9988041,0.0011958567,-1,NARK_ECOLI,5.0,Escherichia coli
0.99375784,0.0062422208,-1,PAAJ_ECOLI,5.0,Escherichia coli
0.97097236,0.029027577,-1,EFTU1_ECOLI,5.0,Escherichia coli
0.97030985,0.029690204,-1,EFTU2_ECOLI,5.0,Escherichia coli
0.99505097,0.0049490808,-1,UGPC_ECOLI,5.0,Escherichia coli
0.9986212,0.0013787531,-1,UGPA_ECOLI,5.0,Escherichia coli
0.99925727,0.0007427326,-1,MSCS_ECOLI,5.0,Escherichia coli
0.9991406,0.0008594123,-1,UGPE_ECOLI,5.0,Escherichia coli
0.99378246,0.0062175733,-1,MEPA_ECOLI,5.0,Escherichia coli
8.538378e-06,0.9999914,-1,RNPH_ECOLI,5.0,Escherichia coli
0.9987412,0.0012588156,-1,RCSB_ECOLI,5.0,Escherichia coli
0.00079959084,0.9992004,-1,RLME_ECOLI,5.0,Escherichia coli
0.99883384,0.0011661352,-1,TRAM1_ECOLI,5.0,Escherichia coli
0.9732284,0.026771542,-1,SPEFL_ECOLI,5.0,Escherichia coli
0.99875,0.0012499915,-1,ENTF_ECOLI,5.0,Escherichia coli
0.99500436,0.004995706,-1,METH_ECOLI,5.0,Escherichia coli
0.9991928,0.00080724515,-1,FECA_ECOLI,5.0,Escherichia coli
0.9945766,0.0054233926,-1,KATG_ECOLI,5.0,Escherichia coli
0.99580824,0.004191708,-1,ACEK_ECOLI,5.0,Escherichia coli
0.9985429,0.0014571652,-1,NARH_ECOLI,5.0,Escherichia coli
0.9183396,0.08166045,-1,GLPD_ECOLI,5.0,Escherichia coli
0.9935143,0.0064856973,-1,MURF_ECOLI,5.0,Escherichia coli
0.99954754,0.00045239239,-1,FUCP_ECOLI,5.0,Escherichia coli
0.99771476,0.002285211,-1,BIOA_ECOLI,5.0,Escherichia coli
0.9938857,0.0061142654,-1,DAMX_ECOLI,5.0,Escherichia coli
0.6566015,0.34339848,-1,MOEA_ECOLI,5.0,Escherichia coli
0.99775344,0.0022465696,-1,TDCD_ECOLI,5.0,Escherichia coli
0.9959506,0.0040494623,-1,BIOF_ECOLI,5.0,Escherichia coli
0.003058913,0.99694103,-1,AROC_ECOLI,5.0,Escherichia coli
0.998895,0.0011050261,-1,NADA_ECOLI,5.0,Escherichia coli
0.9737119,0.026288116,-1,BIOB_ECOLI,5.0,Escherichia coli
0.99968433,0.00031564536,-1,BIOH_ECOLI,5.0,Escherichia coli
0.9990532,0.0009468145,-1,UDP_ECOLI,5.0,Escherichia coli
0.9874534,0.012546623,-1,MOEB_ECOLI,5.0,Escherichia coli
0.87298524,0.12701468,-1,UGPQ_ECOLI,5.0,Escherichia coli
0.9889142,0.011085838,-1,UNG_ECOLI,5.0,Escherichia coli
0.9991761,0.00082389114,-1,NARI_ECOLI,5.0,Escherichia coli
0.98042876,0.019571241,-1,BIOD1_ECOLI,5.0,Escherichia coli
0.99963605,0.00036388446,-1,ARGO_ECOLI,5.0,Escherichia coli
0.99766254,0.0023374134,-1,TRAI1_ECOLI,5.0,Escherichia coli
0.9993228,0.00067728077,-1,SBCC_ECOLI,5.0,Escherichia coli
0.9996755,0.0003245324,-1,CHIA_ECOLI,5.0,Escherichia coli
0.026612017,0.97338796,-1,DNLJ_ECOLI,5.0,Escherichia coli
0.9962288,0.0037712194,-1,GLGX_ECOLI,5.0,Escherichia coli
0.5723301,0.4276699,-1,TOP3_ECOLI,5.0,Escherichia coli
0.9966275,0.0033724653,-1,CSRD_ECOLI,5.0,Escherichia coli
0.0030884736,0.9969116,-1,SELB_ECOLI,5.0,Escherichia coli
0.8359179,0.16408218,-1,RECQ_ECOLI,5.0,Escherichia coli
0.9933642,0.0066357483,-1,TREA_ECOLI,5.0,Escherichia coli
0.99678195,0.0032180303,-1,FUMB_ECOLI,5.0,Escherichia coli
0.99971837,0.000281616,-1,ZRAS_ECOLI,5.0,Escherichia coli
0.99753124,0.002468758,-1,MCRB_ECOLI,5.0,Escherichia coli
0.99931693,0.00068310386,-1,ZRAR_ECOLI,5.0,Escherichia coli
0.9324453,0.06755468,-1,AMPP_ECOLI,5.0,Escherichia coli
0.98522735,0.014772647,-1,MURD_ECOLI,5.0,Escherichia coli
0.9964953,0.0035047322,-1,FES_ECOLI,5.0,Escherichia coli
0.98954004,0.010459972,-1,PROV_ECOLI,5.0,Escherichia coli
0.99908197,0.00091802917,-1,NHAA_ECOLI,5.0,Escherichia coli
0.9979766,0.0020234347,-1,PROW_ECOLI,5.0,Escherichia coli
0.99971503,0.0002849064,-1,FECC_ECOLI,5.0,Escherichia coli
0.9914595,0.008540534,-1,RPOS_ECOLI,5.0,Escherichia coli
0.9997173,0.00028268123,-1,FECD_ECOLI,5.0,Escherichia coli
0.99929965,0.0007003977,-1,FECB_ECOLI,5.0,Escherichia coli
0.99983215,0.00016785445,-1,ENTA_ECOLI,5.0,Escherichia coli
0.9959812,0.0040188027,-1,PUR4_ECOLI,5.0,Escherichia coli
0.9985916,0.0014083713,-1,DHG_ECOLI,5.0,Escherichia coli
0.9985139,0.00148611,-1,FHUE_ECOLI,5.0,Escherichia coli
0.9965305,0.0034695677,-1,GLMS_ECOLI,5.0,Escherichia coli
0.21044703,0.789553,-1,SYP_ECOLI,5.0,Escherichia coli
0.9877751,0.012224947,-1,MEND_ECOLI,5.0,Escherichia coli
0.92016035,0.07983964,-1,DGTP_ECOLI,5.0,Escherichia coli
0.99563724,0.004362807,-1,PEPD_ECOLI,5.0,Escherichia coli
0.99935204,0.00064797665,-1,AROP_ECOLI,5.0,Escherichia coli
0.999132,0.00086810056,-1,CHBF_ECOLI,5.0,Escherichia coli
0.99452704,0.005472985,-1,PUR2_ECOLI,5.0,Escherichia coli
0.99418384,0.005816181,-1,MREC_ECOLI,5.0,Escherichia coli
0.99501425,0.004985729,-1,MURG_ECOLI,5.0,Escherichia coli
0.9990971,0.0009028505,-1,PHNI_ECOLI,5.0,Escherichia coli
0.98882943,0.011170581,-1,SELD_ECOLI,5.0,Escherichia coli
0.99030113,0.009698863,-1,GUTQ_ECOLI,5.0,Escherichia coli
0.6866047,0.3133953,-1,MIAA_ECOLI,5.0,Escherichia coli
0.99727964,0.0027203592,-1,CYSM_ECOLI,5.0,Escherichia coli
0.9981053,0.0018946816,-1,PHNJ_ECOLI,5.0,Escherichia coli
0.9980405,0.0019595455,-1,ICLR_ECOLI,5.0,Escherichia coli
0.9951159,0.0048840935,-1,AROE_ECOLI,5.0,Escherichia coli
0.99885654,0.0011433994,-1,PHNP_ECOLI,5.0,Escherichia coli
0.9986173,0.0013827448,-1,NFSA_ECOLI,5.0,Escherichia coli
0.99798596,0.0020140882,-1,PHNH_ECOLI,5.0,Escherichia coli
0.9995579,0.0004420488,-1,PRLF_ECOLI,5.0,Escherichia coli
0.99859816,0.0014018086,-1,NARZ_ECOLI,5.0,Escherichia coli
0.9976987,0.0023012573,-1,DMSA_ECOLI,5.0,Escherichia coli
0.0020100086,0.99799,-1,PRIA_ECOLI,5.0,Escherichia coli
0.021690063,0.97831,-1,PARE_ECOLI,5.0,Escherichia coli
0.9966119,0.0033880665,-1,GGT_ECOLI,5.0,Escherichia coli
0.98594683,0.014053244,-1,CYSI_ECOLI,5.0,Escherichia coli
0.9978136,0.0021864166,-1,PTFBC_ECOLI,5.0,Escherichia coli
0.9947412,0.0052587744,-1,BETA_ECOLI,5.0,Escherichia coli
0.9986046,0.0013953993,-1,NARY_ECOLI,5.0,Escherichia coli
0.9861968,0.013803125,-1,MURC_ECOLI,5.0,Escherichia coli
0.9976017,0.0023983645,-1,BETB_ECOLI,5.0,Escherichia coli
0.6100531,0.38994688,-1,TOLA_ECOLI,5.0,Escherichia coli
0.9982565,0.0017434849,-1,AGP_ECOLI,5.0,Escherichia coli
0.9960045,0.003995425,-1,ARGD_ECOLI,5.0,Escherichia coli
0.9905392,0.009460863,-1,FADA_ECOLI,5.0,Escherichia coli
0.99498415,0.0050157974,-1,PDXA_ECOLI,5.0,Escherichia coli
0.8741597,0.12584023,-1,CYSD_ECOLI,5.0,Escherichia coli
0.9986273,0.0013727334,-1,EUTC_ECOLI,5.0,Escherichia coli
0.9988206,0.0011793182,-1,NADE_ECOLI,5.0,Escherichia coli
0.9870187,0.012981312,-1,CYSH_ECOLI,5.0,Escherichia coli
0.99142516,0.008574842,-1,UBIG_ECOLI,5.0,Escherichia coli
0.99589396,0.004106091,-1,MINC_ECOLI,5.0,Escherichia coli
0.9980976,0.0019024662,-1,ENTD_ECOLI,5.0,Escherichia coli
0.9991899,0.0008100925,-1,DMSB_ECOLI,5.0,Escherichia coli
0.9996309,0.00036906943,-1,PGPA_ECOLI,5.0,Escherichia coli
0.9980305,0.001969537,-1,MUKB_ECOLI,5.0,Escherichia coli
0.24791679,0.7520832,-1,RNE_ECOLI,5.0,Escherichia coli
0.9959869,0.004013077,-1,KDPD_ECOLI,5.0,Escherichia coli
1.276553e-05,0.99998724,-1,RNR_ECOLI,5.0,Escherichia coli
0.99815327,0.0018466918,-1,CATE_ECOLI,5.0,Escherichia coli
0.9783756,0.021624433,-1,FADB_ECOLI,5.0,Escherichia coli
0.99599624,0.0040037967,-1,SPEA_ECOLI,5.0,Escherichia coli
0.988499,0.011501007,-1,YCBB_ECOLI,5.0,Escherichia coli
0.994722,0.005278059,-1,ASNB_ECOLI,5.0,Escherichia coli
0.9952329,0.0047670845,-1,PCKA_ECOLI,5.0,Escherichia coli
0.98762,0.012379971,-1,MURE_ECOLI,5.0,Escherichia coli
0.5970354,0.40296453,-1,KPYK2_ECOLI,5.0,Escherichia coli
0.4672363,0.53276366,-1,SYC_ECOLI,5.0,Escherichia coli
0.00028182523,0.9997181,-1,DBPA_ECOLI,5.0,Escherichia coli
0.0004289608,0.999571,-1,SRMB_ECOLI,5.0,Escherichia coli
0.9982817,0.0017183291,-1,PEPQ_ECOLI,5.0,Escherichia coli
0.99577916,0.004220856,-1,GABT_ECOLI,5.0,Escherichia coli
0.9992269,0.0007730913,-1,PDEL_ECOLI,5.0,Escherichia coli
0.98101497,0.018985057,-1,LPXD_ECOLI,5.0,Escherichia coli
0.9964941,0.003505925,-1,ADD_ECOLI,5.0,Escherichia coli
0.9987601,0.0012399248,-1,GLPX2_ECOLI,5.0,Escherichia coli
0.9986972,0.0013027752,-1,YBHA_ECOLI,5.0,Escherichia coli
0.99566203,0.0043379436,-1,RNI_ECOLI,5.0,Escherichia coli
0.9990607,0.0009393486,-1,CYSQ_ECOLI,5.0,Escherichia coli
0.99943334,0.0005666458,-1,PNCA_ECOLI,5.0,Escherichia coli
0.99660975,0.0033902312,-1,PPSA_ECOLI,5.0,Escherichia coli
0.9842412,0.01575881,-1,PRC_ECOLI,5.0,Escherichia coli
0.49937227,0.5006277,-1,MUTL_ECOLI,5.0,Escherichia coli
0.9892342,0.010765783,-1,OPPA_ECOLI,5.0,Escherichia coli
0.9947418,0.005258231,-1,DPPA_ECOLI,5.0,Escherichia coli
0.99258316,0.007416815,-1,PUUC_ECOLI,5.0,Escherichia coli
0.99891853,0.001081486,-1,PHOQ_ECOLI,5.0,Escherichia coli
0.050649647,0.94935036,-1,CYSN_ECOLI,5.0,Escherichia coli
0.99575233,0.0042476715,-1,HIPA_ECOLI,5.0,Escherichia coli
0.99850756,0.001492376,-1,LIVM_ECOLI,5.0,Escherichia coli
0.99883634,0.0011637107,-1,MALY_ECOLI,5.0,Escherichia coli
0.91626376,0.08373625,-1,TRMA_ECOLI,5.0,Escherichia coli
0.9971073,0.002892739,-1,SERC_ECOLI,5.0,Escherichia coli
0.9994506,0.0005493323,-1,AES_ECOLI,5.0,Escherichia coli
0.9892384,0.010761649,-1,FECR_ECOLI,5.0,Escherichia coli
0.031004256,0.96899575,-1,FMT_ECOLI,5.0,Escherichia coli
0.9979323,0.0020676465,-1,RIHC_ECOLI,5.0,Escherichia coli
0.9992487,0.0007512487,-1,MURI_ECOLI,5.0,Escherichia coli
0.9965186,0.0034814388,-1,GARL_ECOLI,5.0,Escherichia coli
0.9749444,0.025055543,-1,LIVF_ECOLI,5.0,Escherichia coli
0.99922705,0.00077289535,-1,PHOP_ECOLI,5.0,Escherichia coli
0.9957248,0.0042752507,-1,FECI_ECOLI,5.0,Escherichia coli
0.99918574,0.00081428484,-1,ECOT_ECOLI,5.0,Escherichia coli
0.9989774,0.0010225504,-1,PSPE_ECOLI,5.0,Escherichia coli
0.9989152,0.0010847792,-1,HIPB_ECOLI,5.0,Escherichia coli
0.99949,0.0005099545,-1,ACRD_ECOLI,5.0,Escherichia coli
0.9977773,0.0022227524,-1,FDNG_ECOLI,5.0,Escherichia coli
0.991546,0.008454046,-1,MUTS_ECOLI,5.0,Escherichia coli
0.014570976,0.985429,-1,RECG_ECOLI,5.0,Escherichia coli
0.83387405,0.16612588,-1,DCP_ECOLI,5.0,Escherichia coli
0.9994554,0.000544589,-1,TRAN_ECOLI,5.0,Escherichia coli
0.9930396,0.0069604,-1,CYDC_ECOLI,5.0,Escherichia coli
0.9995484,0.0004515626,-1,CADC_ECOLI,5.0,Escherichia coli
0.99560213,0.0043978514,-1,LNT_ECOLI,5.0,Escherichia coli
0.9791524,0.020847645,-1,DACB_ECOLI,5.0,Escherichia coli
0.99949193,0.0005080914,-1,PHEP_ECOLI,5.0,Escherichia coli
0.99598974,0.0040102666,-1,ACCC_ECOLI,5.0,Escherichia coli
0.9979475,0.002052547,-1,GSA_ECOLI,5.0,Escherichia coli
0.9854091,0.014590913,-1,HMP_ECOLI,5.0,Escherichia coli
0.9992993,0.0007007529,-1,UXUA_ECOLI,5.0,Escherichia coli
0.9979559,0.0020440258,-1,ARGE_ECOLI,5.0,Escherichia coli
0.9930281,0.006971939,-1,HYPD_ECOLI,5.0,Escherichia coli
0.99777454,0.002225476,-1,TRHO_ECOLI,5.0,Escherichia coli
0.99711645,0.0028836166,-1,HYPE_ECOLI,5.0,Escherichia coli
0.9925916,0.0074083875,-1,WAAC_ECOLI,5.0,Escherichia coli
0.93835115,0.061648883,-1,YJIA_ECOLI,5.0,Escherichia coli
0.9971318,0.0028681336,-1,HTPX_ECOLI,5.0,Escherichia coli
0.9936632,0.006336838,-1,FOLD_ECOLI,5.0,Escherichia coli
0.99883133,0.0011686428,-1,ACPS_ECOLI,5.0,Escherichia coli
0.9997259,0.0002741056,-1,EMRE_ECOLI,5.0,Escherichia coli
0.8958778,0.104122244,-1,ACNA_ECOLI,5.0,Escherichia coli
0.98902774,0.010972259,-1,METE_ECOLI,5.0,Escherichia coli
0.99890864,0.001091358,-1,AMY1_ECOLI,5.0,Escherichia coli
0.92915887,0.070841104,-1,YIDC_ECOLI,5.0,Escherichia coli
0.9138591,0.086140916,-1,GPPA_ECOLI,5.0,Escherichia coli
0.9992157,0.0007842623,-1,LYSP_ECOLI,5.0,Escherichia coli
0.9959552,0.004044755,-1,GABD_ECOLI,5.0,Escherichia coli
0.999064,0.0009359854,-1,ALDA_ECOLI,5.0,Escherichia coli
0.999413,0.00058696367,-1,GABP_ECOLI,5.0,Escherichia coli
0.47210765,0.52789235,-1,RADA_ECOLI,5.0,Escherichia coli
0.55979246,0.44020748,-1,MNME_ECOLI,5.0,Escherichia coli
0.00011802201,0.999882,-1,RHLE_ECOLI,5.0,Escherichia coli
0.9955889,0.0044110576,-1,CODA_ECOLI,5.0,Escherichia coli
0.004673098,0.9953269,-1,HFLX_ECOLI,5.0,Escherichia coli
0.9942918,0.00570824,-1,PREA_ECOLI,5.0,Escherichia coli
0.8899147,0.11008537,-1,UBII_ECOLI,5.0,Escherichia coli
0.875125,0.12487495,-1,UBIH_ECOLI,5.0,Escherichia coli
0.99968815,0.00031185197,-1,APPB_ECOLI,5.0,Escherichia coli
0.9995227,0.00047729642,-1,WAAG_ECOLI,5.0,Escherichia coli
0.9976809,0.0023190526,-1,FRMA_ECOLI,5.0,Escherichia coli
0.0004236979,0.9995763,-1,MNMA_ECOLI,5.0,Escherichia coli
0.06947562,0.93052435,-1,RIBD_ECOLI,5.0,Escherichia coli
0.9989786,0.0010214249,-1,LOIP_ECOLI,5.0,Escherichia coli
0.99961543,0.0003845099,-1,TEHB_ECOLI,5.0,Escherichia coli
0.9423089,0.057691112,-1,NTPPA_ECOLI,5.0,Escherichia coli
0.98950154,0.01049852,-1,GLND_ECOLI,5.0,Escherichia coli
0.11402607,0.8859739,-1,DING_ECOLI,5.0,Escherichia coli
0.9938642,0.0061358004,-1,TKT1_ECOLI,5.0,Escherichia coli
0.9925504,0.007449614,-1,ACSA_ECOLI,5.0,Escherichia coli
0.9967803,0.003219724,-1,MAO1_ECOLI,5.0,Escherichia coli
0.9975521,0.002447925,-1,APPC_ECOLI,5.0,Escherichia coli
0.99489045,0.00510949,-1,FTSP_ECOLI,5.0,Escherichia coli
0.9962335,0.0037665304,-1,STHA_ECOLI,5.0,Escherichia coli
0.99873906,0.0012609578,-1,WECC_ECOLI,5.0,Escherichia coli
0.99897087,0.0010291724,-1,WAAL_ECOLI,5.0,Escherichia coli
0.99386036,0.0061396663,-1,NADR_ECOLI,5.0,Escherichia coli
0.9991928,0.00080718164,-1,BCR_ECOLI,5.0,Escherichia coli
0.99846125,0.001538824,-1,EMRA_ECOLI,5.0,Escherichia coli
0.99865854,0.0013414385,-1,WECB_ECOLI,5.0,Escherichia coli
0.99902225,0.0009778037,-1,WECE_ECOLI,5.0,Escherichia coli
0.9920586,0.007941496,-1,ROXA_ECOLI,5.0,Escherichia coli
0.99929404,0.00070593547,-1,RMLB2_ECOLI,5.0,Escherichia coli
0.9994986,0.0005014259,-1,RHAT_ECOLI,5.0,Escherichia coli
0.99968266,0.00031738353,-1,WAAO_ECOLI,5.0,Escherichia coli
0.9952395,0.004760547,-1,AHR_ECOLI,5.0,Escherichia coli
0.99840194,0.001598025,-1,RODZ_ECOLI,5.0,Escherichia coli
0.99762183,0.0023782167,-1,YIGL_ECOLI,5.0,Escherichia coli
0.9896556,0.010344402,-1,TATD_ECOLI,5.0,Escherichia coli
0.99952745,0.00047252234,-1,UBIC_ECOLI,5.0,Escherichia coli
0.99843127,0.0015687473,-1,CYAY_ECOLI,5.0,Escherichia coli
0.99908197,0.0009180195,-1,ADIA_ECOLI,5.0,Escherichia coli
0.99536884,0.0046311663,-1,HYPF_ECOLI,5.0,Escherichia coli
0.9997147,0.00028530732,-1,NRDD_ECOLI,5.0,Escherichia coli
0.99830604,0.0016939677,-1,CYDD_ECOLI,5.0,Escherichia coli
0.9955878,0.0044121975,-1,PEPT_ECOLI,5.0,Escherichia coli
0.99469686,0.005303112,-1,THIH_ECOLI,5.0,Escherichia coli
0.98551846,0.014481528,-1,LEU3_ECOLI,5.0,Escherichia coli
0.997097,0.0029029397,-1,HCXB_ECOLI,5.0,Escherichia coli
0.99387723,0.0061228164,-1,HOLA_ECOLI,5.0,Escherichia coli
0.06647084,0.93352914,-1,MLTG_ECOLI,5.0,Escherichia coli
0.99343336,0.0065666316,-1,HOLB_ECOLI,5.0,Escherichia coli
0.946119,0.05388097,-1,MOAA_ECOLI,5.0,Escherichia coli
0.9917259,0.008274019,-1,FTSN_ECOLI,5.0,Escherichia coli
0.38245896,0.617541,-1,NADC_ECOLI,5.0,Escherichia coli
0.9862721,0.01372791,-1,PABC_ECOLI,5.0,Escherichia coli
0.99937063,0.0006293353,-1,HYI_ECOLI,5.0,Escherichia coli
0.9958839,0.0041161114,-1,THIG_ECOLI,5.0,Escherichia coli
0.993042,0.006957971,-1,THIF_ECOLI,5.0,Escherichia coli
0.9871307,0.012869258,-1,FENR_ECOLI,5.0,Escherichia coli
0.99590164,0.004098394,-1,RNT_ECOLI,5.0,Escherichia coli
0.997623,0.002376987,-1,DCD_ECOLI,5.0,Escherichia coli
0.9989434,0.0010566441,-1,RIBX_ECOLI,5.0,Escherichia coli
0.98596674,0.014033219,-1,HOLC_ECOLI,5.0,Escherichia coli
0.9977278,0.0022721612,-1,HOLD_ECOLI,5.0,Escherichia coli
0.996323,0.0036770029,-1,MOAD_ECOLI,5.0,Escherichia coli
0.9990883,0.00091165904,-1,EVGS_ECOLI,5.0,Escherichia coli
0.7913434,0.2086566,-1,MFD_ECOLI,5.0,Escherichia coli
0.9994185,0.0005814634,-1,ACRB_ECOLI,5.0,Escherichia coli
0.996669,0.003330962,-1,GLNE_ECOLI,5.0,Escherichia coli
0.84327507,0.15672491,-1,AAS_ECOLI,5.0,Escherichia coli
6.44427e-05,0.9999355,-1,RNB_ECOLI,5.0,Escherichia coli
0.99858606,0.0014139371,-1,CAIC_ECOLI,5.0,Escherichia coli
0.9957417,0.0042582573,-1,RAVA_ECOLI,5.0,Escherichia coli
0.9967692,0.0032308244,-1,BAES_ECOLI,5.0,Escherichia coli
0.98973745,0.010262517,-1,GLMM_ECOLI,5.0,Escherichia coli
0.9952537,0.0047463104,-1,ADEP_ECOLI,5.0,Escherichia coli
0.9991609,0.00083915447,-1,EFEB_ECOLI,5.0,Escherichia coli
0.9990244,0.0009755967,-1,KCH_ECOLI,5.0,Escherichia coli
0.9903099,0.009690065,-1,POTG_ECOLI,5.0,Escherichia coli
0.9972736,0.002726393,-1,POTF_ECOLI,5.0,Escherichia coli
0.99896336,0.0010366406,-1,BASS_ECOLI,5.0,Escherichia coli
0.993342,0.0066580935,-1,METN_ECOLI,5.0,Escherichia coli
0.99937123,0.0006287352,-1,THIB_ECOLI,5.0,Escherichia coli
0.99950695,0.0004930736,-1,DGCZ_ECOLI,5.0,Escherichia coli
0.99786645,0.0021335406,-1,THTM_ECOLI,5.0,Escherichia coli
0.9973832,0.0026167587,-1,PANB_ECOLI,5.0,Escherichia coli
0.99893016,0.0010698804,-1,CAID_ECOLI,5.0,Escherichia coli
0.99928313,0.00071691466,-1,DGOR_ECOLI,5.0,Escherichia coli
0.99885297,0.0011470689,-1,METI_ECOLI,5.0,Escherichia coli
0.9661382,0.033861782,-1,MOAE_ECOLI,5.0,Escherichia coli
0.9994937,0.0005062495,-1,LPTD_ECOLI,5.0,Escherichia coli
0.99741024,0.0025897475,-1,SQASE_ECOLI,5.0,Escherichia coli
0.84532225,0.15467775,-1,NNR_ECOLI,5.0,Escherichia coli
0.99947053,0.0005294628,-1,CAIT_ECOLI,5.0,Escherichia coli
0.9995441,0.00045592157,-1,RHAB_ECOLI,5.0,Escherichia coli
0.99812645,0.001873495,-1,OTSA_ECOLI,5.0,Escherichia coli
0.99290496,0.0070950612,-1,HEMN_ECOLI,5.0,Escherichia coli
0.9955842,0.0044158855,-1,NUOF_ECOLI,5.0,Escherichia coli
0.99857163,0.001428371,-1,RHAA_ECOLI,5.0,Escherichia coli
0.9997439,0.00025606086,-1,SQUS_ECOLI,5.0,Escherichia coli
0.9995591,0.00044086442,-1,CAIB_ECOLI,5.0,Escherichia coli
0.8759653,0.12403471,-1,PRPC_ECOLI,5.0,Escherichia coli
0.6199683,0.3800317,-1,LPLA_ECOLI,5.0,Escherichia coli
0.9985476,0.0014524064,-1,FCL_ECOLI,5.0,Escherichia coli
0.99885917,0.0011408228,-1,MENA_ECOLI,5.0,Escherichia coli
0.9995634,0.00043653842,-1,SQUV_ECOLI,5.0,Escherichia coli
0.9997008,0.0002992504,-1,RPNA_ECOLI,5.0,Escherichia coli
0.99971956,0.00028047242,-1,HCHA_ECOLI,5.0,Escherichia coli
0.059484053,0.9405159,-1,PANC_ECOLI,5.0,Escherichia coli
0.99923956,0.0007604967,-1,RHAD_ECOLI,5.0,Escherichia coli
0.9992663,0.00073362107,-1,OTSB_ECOLI,5.0,Escherichia coli
0.9990753,0.00092473713,-1,MOBA_ECOLI,5.0,Escherichia coli
0.99112236,0.008877621,-1,GMM_ECOLI,5.0,Escherichia coli
0.9995524,0.00044751863,-1,RHAM_ECOLI,5.0,Escherichia coli
0.9995365,0.00046346494,-1,PPTA_ECOLI,5.0,Escherichia coli
0.99774206,0.0022579741,-1,FDOG_ECOLI,5.0,Escherichia coli
0.9906955,0.009304531,-1,GCSP_ECOLI,5.0,Escherichia coli
0.9968267,0.003173277,-1,NUOG_ECOLI,5.0,Escherichia coli
0.99804175,0.0019582028,-1,TORA_ECOLI,5.0,Escherichia coli
0.99883324,0.0011668275,-1,LPAKS_ECOLI,5.0,Escherichia coli
0.7906076,0.20939246,-1,NUOCD_ECOLI,5.0,Escherichia coli
0.99864537,0.0013545996,-1,LLDP_ECOLI,5.0,Escherichia coli
0.9988655,0.0011345511,-1,ACTP_ECOLI,5.0,Escherichia coli
0.7807464,0.21925358,-1,AIDB_ECOLI,5.0,Escherichia coli
0.9652785,0.034721553,-1,LLDD_ECOLI,5.0,Escherichia coli
0.30166867,0.69833136,-1,PURT_ECOLI,5.0,Escherichia coli
0.9986486,0.0013514452,-1,TORC_ECOLI,5.0,Escherichia coli
0.9509093,0.049090754,-1,DACD_ECOLI,5.0,Escherichia coli
0.9993383,0.0006616962,-1,TSUA_ECOLI,5.0,Escherichia coli
0.0040065427,0.9959934,-1,DUSA_ECOLI,5.0,Escherichia coli
0.0040531713,0.9959468,-1,DUSC_ECOLI,5.0,Escherichia coli
0.9989778,0.0010222413,-1,RIHB_ECOLI,5.0,Escherichia coli
0.99353194,0.0064680204,-1,PSUG_ECOLI,5.0,Escherichia coli
6.61105e-05,0.99993384,-1,RLUF_ECOLI,5.0,Escherichia coli
0.998955,0.0010450091,-1,SFGH2_ECOLI,5.0,Escherichia coli
0.9856301,0.014369925,-1,FDHD_ECOLI,5.0,Escherichia coli
0.99867576,0.0013242093,-1,NUDC_ECOLI,5.0,Escherichia coli
0.99894696,0.001053064,-1,GPH_ECOLI,5.0,Escherichia coli
0.99840975,0.0015901679,-1,ALSE_ECOLI,5.0,Escherichia coli
0.99902606,0.000973978,-1,YEBF_ECOLI,5.0,Escherichia coli
0.99390525,0.0060947537,-1,ACNB_ECOLI,5.0,Escherichia coli
0.9991253,0.0008746935,-1,NAPA_ECOLI,5.0,Escherichia coli
0.99701893,0.0029810995,-1,FEOB_ECOLI,5.0,Escherichia coli
0.9984573,0.0015426663,-1,NUOL_ECOLI,5.0,Escherichia coli
0.9988979,0.0011021119,-1,RADD_ECOLI,5.0,Escherichia coli
0.9961708,0.003829126,-1,DSBD_ECOLI,5.0,Escherichia coli
0.98339915,0.016600845,-1,AHPF_ECOLI,5.0,Escherichia coli
0.62334085,0.37665918,-1,CUEO_ECOLI,5.0,Escherichia coli
0.99264115,0.007358884,-1,NORR_ECOLI,5.0,Escherichia coli
0.9991291,0.0008708963,-1,DTPB_ECOLI,5.0,Escherichia coli
0.9990258,0.00097423093,-1,PTTBC_ECOLI,5.0,Escherichia coli
0.000105105944,0.99989486,-1,RSMB_ECOLI,5.0,Escherichia coli
0.00029711795,0.9997029,-1,RLMN_ECOLI,5.0,Escherichia coli
0.94178194,0.058218032,-1,SELU_ECOLI,5.0,Escherichia coli
7.925097e-06,0.99999213,-1,RLUD_ECOLI,5.0,Escherichia coli
0.99850875,0.0014912459,-1,HEM6_ECOLI,5.0,Escherichia coli
0.95254475,0.047455292,-1,AMIA_ECOLI,5.0,Escherichia coli
0.99714905,0.0028509246,-1,CMOM_ECOLI,5.0,Escherichia coli
0.999204,0.00079600717,-1,ZAPD_ECOLI,5.0,Escherichia coli
0.99681646,0.003183564,-1,PURNU_ECOLI,5.0,Escherichia coli
0.9997646,0.00023542184,-1,PAGP_ECOLI,5.0,Escherichia coli
0.9993661,0.0006338732,-1,FLUC_ECOLI,5.0,Escherichia coli
0.9940257,0.005974261,-1,CHPB_ECOLI,5.0,Escherichia coli
0.0110570295,0.988943,-1,ARFA_ECOLI,5.0,Escherichia coli
0.992636,0.0073639993,-1,KDPF_ECOLI,5.0,Escherichia coli
0.999498,0.00050193036,-1,MDTF_ECOLI,5.0,Escherichia coli
0.9966023,0.0033976696,-1,RBBA_ECOLI,5.0,Escherichia coli
0.99948716,0.00051280996,-1,BCSA_ECOLI,5.0,Escherichia coli
0.9371465,0.06285347,-1,PT1P_ECOLI,5.0,Escherichia coli
0.99683446,0.0031655896,-1,ZNTA_ECOLI,5.0,Escherichia coli
0.99721354,0.002786466,-1,MASZ_ECOLI,5.0,Escherichia coli
0.9990538,0.0009462798,-1,CLCA_ECOLI,5.0,Escherichia coli
0.9991002,0.00089977466,-1,DHAM_ECOLI,5.0,Escherichia coli
0.9971457,0.002854301,-1,MDTK_ECOLI,5.0,Escherichia coli
0.9966413,0.003358688,-1,PEPB_ECOLI,5.0,Escherichia coli
0.9939959,0.0060041025,-1,LHGD_ECOLI,5.0,Escherichia coli
0.9965842,0.003415792,-1,DPPF_ECOLI,5.0,Escherichia coli
0.9960657,0.003934286,-1,PSPF_ECOLI,5.0,Escherichia coli
0.9980829,0.0019170949,-1,IAAA_ECOLI,5.0,Escherichia coli
0.9991934,0.0008066777,-1,KDGK_ECOLI,5.0,Escherichia coli
0.98253953,0.017460456,-1,TAUD_ECOLI,5.0,Escherichia coli
0.9960162,0.003983812,-1,PURU_ECOLI,5.0,Escherichia coli
0.88270885,0.11729113,-1,RLMJ_ECOLI,5.0,Escherichia coli
0.99933404,0.000665947,-1,BTUF_ECOLI,5.0,Escherichia coli
0.997719,0.0022809391,-1,MODA_ECOLI,5.0,Escherichia coli
0.9983127,0.0016873371,-1,NUDK_ECOLI,5.0,Escherichia coli
0.0069693415,0.9930307,-1,THPR_ECOLI,5.0,Escherichia coli
0.9996784,0.00032163793,-1,RPIB_ECOLI,5.0,Escherichia coli
0.99967444,0.00032558793,-1,PANZ_ECOLI,5.0,Escherichia coli
0.99990714,9.286231e-05,-1,PTKB_ECOLI,5.0,Escherichia coli
0.99937797,0.00062195415,-1,CUSA_ECOLI,5.0,Escherichia coli
0.523642,0.476358,-1,CAS3_ECOLI,5.0,Escherichia coli
0.07640202,0.92359793,-1,CYSJ_ECOLI,5.0,Escherichia coli
0.9982728,0.0017272071,-1,FADK_ECOLI,5.0,Escherichia coli
0.9971896,0.0028104808,-1,GPMI_ECOLI,5.0,Escherichia coli
0.99875736,0.0012426868,-1,ALDB_ECOLI,5.0,Escherichia coli
0.99924135,0.00075868383,-1,LYXK_ECOLI,5.0,Escherichia coli
0.9990901,0.0009099299,-1,NARU_ECOLI,5.0,Escherichia coli
0.9266459,0.07335415,-1,MPL_ECOLI,5.0,Escherichia coli
0.99014246,0.009857543,-1,DEGQ_ECOLI,5.0,Escherichia coli
0.9929127,0.0070873224,-1,MENF_ECOLI,5.0,Escherichia coli
0.9262007,0.07379935,-1,ENVC_ECOLI,5.0,Escherichia coli
0.9982673,0.0017326468,-1,GLF_ECOLI,5.0,Escherichia coli
0.9991579,0.0008421094,-1,DLGD_ECOLI,5.0,Escherichia coli
0.99940145,0.00059854897,-1,GHRB_ECOLI,5.0,Escherichia coli
0.99867177,0.0013282305,-1,ZNUA_ECOLI,5.0,Escherichia coli
0.5745287,0.4254714,-1,ERFK_ECOLI,5.0,Escherichia coli
0.9979663,0.0020337098,-1,RMLA1_ECOLI,5.0,Escherichia coli
0.99865097,0.0013490411,-1,KDUD_ECOLI,5.0,Escherichia coli
0.28174922,0.71825075,-1,XNI_ECOLI,5.0,Escherichia coli
0.9939779,0.006022109,-1,TCYN_ECOLI,5.0,Escherichia coli
0.99942267,0.0005773451,-1,CHBG_ECOLI,5.0,Escherichia coli
0.99820054,0.0017993973,-1,NFSB_ECOLI,5.0,Escherichia coli
0.9972064,0.00279359,-1,RMLC_ECOLI,5.0,Escherichia coli
0.9983303,0.0016696713,-1,USPG_ECOLI,5.0,Escherichia coli
0.99915266,0.00084729685,-1,TAMB_ECOLI,5.0,Escherichia coli
0.99956137,0.0004386611,-1,AG43_ECOLI,5.0,Escherichia coli
0.9991053,0.00089473714,-1,TORS_ECOLI,5.0,Escherichia coli
0.99873096,0.0012690048,-1,RCSD_ECOLI,5.0,Escherichia coli
0.9976954,0.0023045384,-1,BTST_ECOLI,5.0,Escherichia coli
0.9996898,0.00031020955,-1,RIR3_ECOLI,5.0,Escherichia coli
0.992712,0.0072880154,-1,TTDT_ECOLI,5.0,Escherichia coli
0.9992353,0.0007646807,-1,DTPC_ECOLI,5.0,Escherichia coli
0.9988539,0.0011460563,-1,ULAA_ECOLI,5.0,Escherichia coli
0.9985921,0.0014078745,-1,IDNT_ECOLI,5.0,Escherichia coli
0.9994923,0.0005076533,-1,YJEH_ECOLI,5.0,Escherichia coli
0.9995234,0.00047657857,-1,MDTM_ECOLI,5.0,Escherichia coli
0.99887973,0.001120293,-1,IADA_ECOLI,5.0,Escherichia coli
0.99975103,0.00024891525,-1,NANY_ECOLI,5.0,Escherichia coli
0.99975914,0.00024085635,-1,NANM_ECOLI,5.0,Escherichia coli
0.0002440103,0.99975604,-1,RSGA_ECOLI,5.0,Escherichia coli
0.83059776,0.16940226,-1,RSMC_ECOLI,5.0,Escherichia coli
0.99914145,0.00085857656,-1,QOR2_ECOLI,5.0,Escherichia coli
0.9996834,0.00031659988,-1,PDXK_ECOLI,5.0,Escherichia coli
0.99575955,0.0042404337,-1,FHUF_ECOLI,5.0,Escherichia coli
0.99908113,0.00091881753,-1,YDFG_ECOLI,5.0,Escherichia coli
0.99890316,0.0010968753,-1,NLPE_ECOLI,5.0,Escherichia coli
0.99900925,0.0009906612,-1,ULAD_ECOLI,5.0,Escherichia coli
0.99874866,0.001251368,-1,NCPP_ECOLI,5.0,Escherichia coli
0.98228735,0.017712733,-1,SYME_ECOLI,5.0,Escherichia coli
0.99973446,0.000265479,-1,YFAL_ECOLI,5.0,Escherichia coli
0.9991761,0.0008239371,-1,TDCE_ECOLI,5.0,Escherichia coli
0.99937856,0.0006213576,-1,LPOA_ECOLI,5.0,Escherichia coli
0.99840075,0.0015992458,-1,FADH_ECOLI,5.0,Escherichia coli
0.00034393455,0.9996561,-1,UUP_ECOLI,5.0,Escherichia coli
0.998973,0.0010270606,-1,PQIB_ECOLI,5.0,Escherichia coli
0.9992292,0.0007708065,-1,NANT_ECOLI,5.0,Escherichia coli
0.9974375,0.0025624938,-1,PAT_ECOLI,5.0,Escherichia coli
0.9990289,0.0009711408,-1,XAPB_ECOLI,5.0,Escherichia coli
0.04269255,0.9573075,-1,OBG_ECOLI,5.0,Escherichia coli
0.9991967,0.00080335955,-1,MTOX_ECOLI,5.0,Escherichia coli
0.9811157,0.01888433,-1,MLTB_ECOLI,5.0,Escherichia coli
0.9972084,0.0027915544,-1,UBIU_ECOLI,5.0,Escherichia coli
0.9975204,0.002479617,-1,YQJG_ECOLI,5.0,Escherichia coli
0.9944331,0.0055669337,-1,KDSD_ECOLI,5.0,Escherichia coli
0.99870276,0.0012971732,-1,RIHA_ECOLI,5.0,Escherichia coli
0.9956339,0.004366041,-1,UBIV_ECOLI,5.0,Escherichia coli
0.9995091,0.0004908995,-1,NANK_ECOLI,5.0,Escherichia coli
0.99634403,0.0036559538,-1,XAPA_ECOLI,5.0,Escherichia coli
0.99971586,0.00028414687,-1,FRLC_ECOLI,5.0,Escherichia coli
0.99909246,0.0009075679,-1,LPXH_ECOLI,5.0,Escherichia coli
0.9983991,0.0016009705,-1,AZOR_ECOLI,5.0,Escherichia coli
0.99934393,0.0006560295,-1,YHBO_ECOLI,5.0,Escherichia coli
0.9996057,0.00039428985,-1,NANQ_ECOLI,5.0,Escherichia coli
0.9744037,0.025596283,-1,ARFB_ECOLI,5.0,Escherichia coli
0.9938374,0.0061625256,-1,FTSK_ECOLI,5.0,Escherichia coli
0.99821496,0.0017850429,-1,TORZ_ECOLI,5.0,Escherichia coli
0.99919444,0.0008056007,-1,AMO_ECOLI,5.0,Escherichia coli
0.9987269,0.0012731338,-1,LDCC_ECOLI,5.0,Escherichia coli
0.9978388,0.0021612092,-1,ABGT_ECOLI,5.0,Escherichia coli
0.99838185,0.0016181547,-1,GLRK_ECOLI,5.0,Escherichia coli
0.9985423,0.0014576786,-1,PUUE_ECOLI,5.0,Escherichia coli
0.99950397,0.000496,-1,DGCN_ECOLI,5.0,Escherichia coli
0.9922247,0.0077752927,-1,RTCB_ECOLI,5.0,Escherichia coli
0.9814983,0.018501647,-1,GLCF_ECOLI,5.0,Escherichia coli
0.9991548,0.00084520114,-1,MLC_ECOLI,5.0,Escherichia coli
0.98924875,0.010751197,-1,DXR_ECOLI,5.0,Escherichia coli
0.97957164,0.020428315,-1,GLCE_ECOLI,5.0,Escherichia coli
0.96808004,0.031919986,-1,RTCA_ECOLI,5.0,Escherichia coli
0.9997675,0.00023251452,-1,YDDG_ECOLI,5.0,Escherichia coli
0.9972102,0.0027898045,-1,COF_ECOLI,5.0,Escherichia coli
0.9993869,0.0006131241,-1,CPOB_ECOLI,5.0,Escherichia coli
0.99347514,0.0065249195,-1,END8_ECOLI,5.0,Escherichia coli
0.9366184,0.06338164,-1,MTGA_ECOLI,5.0,Escherichia coli
0.014729327,0.9852706,-1,PROQ_ECOLI,5.0,Escherichia coli
0.9973658,0.0026342461,-1,CSGD_ECOLI,5.0,Escherichia coli
0.968059,0.03194099,-1,IXTPA_ECOLI,5.0,Escherichia coli
0.94719255,0.05280744,-1,TSAC_ECOLI,5.0,Escherichia coli
0.9998472,0.00015279354,-1,NUDI_ECOLI,5.0,Escherichia coli
0.95777446,0.042225573,-1,CAS2_ECOLI,5.0,Escherichia coli
0.9807835,0.019216502,-1,RAPA_ECOLI,5.0,Escherichia coli
0.027159166,0.97284085,-1,ABPB_ECOLI,5.0,Escherichia coli
0.9982217,0.0017783053,-1,MNGA_ECOLI,5.0,Escherichia coli
0.11285936,0.8871406,-1,LEPA_ECOLI,5.0,Escherichia coli
0.9951703,0.004829653,-1,MSBA_ECOLI,5.0,Escherichia coli
0.9995265,0.00047356446,-1,ADIC_ECOLI,5.0,Escherichia coli
0.0004056979,0.9995943,-1,RLMD_ECOLI,5.0,Escherichia coli
0.9972072,0.0027927533,-1,RNLA_ECOLI,5.0,Escherichia coli
0.9973016,0.0026983425,-1,GUAC_ECOLI,5.0,Escherichia coli
0.9911506,0.008849455,-1,LIPA_ECOLI,5.0,Escherichia coli
0.9995927,0.000407244,-1,PTHB_ECOLI,5.0,Escherichia coli
7.2106327e-06,0.99999285,-1,TRUB_ECOLI,5.0,Escherichia coli
0.9967438,0.0032562036,-1,SPEB_ECOLI,5.0,Escherichia coli
0.99881697,0.0011831198,-1,LGT_ECOLI,5.0,Escherichia coli
2.159122e-05,0.9999784,-1,RL2_ECOLI,5.0,Escherichia coli
0.9966878,0.0033122275,-1,HIS6_ECOLI,5.0,Escherichia coli
0.99656564,0.003434353,-1,UPPS_ECOLI,5.0,Escherichia coli
0.9974361,0.0025639434,-1,AQPZ_ECOLI,5.0,Escherichia coli
0.99442506,0.0055749533,-1,LIPB_ECOLI,5.0,Escherichia coli
3.8150974e-06,0.9999962,-1,RL3_ECOLI,5.0,Escherichia coli
9.8428674e-05,0.99990153,-1,RL4_ECOLI,5.0,Escherichia coli
0.99866974,0.0013302731,-1,HIS5_ECOLI,5.0,Escherichia coli
0.00017424818,0.9998258,-1,RL24_ECOLI,5.0,Escherichia coli
0.99646086,0.0035391385,-1,BLR_ECOLI,5.0,Escherichia coli
0.9996792,0.00032076368,-1,CYDX_ECOLI,5.0,Escherichia coli
0.99737984,0.002620166,-1,CLPB_ECOLI,5.0,Escherichia coli
0.9994271,0.0005729033,-1,KUP_ECOLI,5.0,Escherichia coli
0.9997423,0.00025771634,-1,GADC_ECOLI,5.0,Escherichia coli
0.060696583,0.9393034,-1,AMIC_ECOLI,5.0,Escherichia coli
0.9935967,0.0064032595,-1,ISPG_ECOLI,5.0,Escherichia coli
0.99907744,0.000922592,-1,ZNTB_ECOLI,5.0,Escherichia coli
0.9986274,0.0013726557,-1,ISPH_ECOLI,5.0,Escherichia coli
0.9986823,0.0013177069,-1,MDH_ECOLI,5.0,Escherichia coli
0.9978662,0.0021338249,-1,RMLA2_ECOLI,5.0,Escherichia coli
0.996276,0.0037239743,-1,MLAF_ECOLI,5.0,Escherichia coli
0.9973347,0.002665319,-1,GPMA_ECOLI,5.0,Escherichia coli
0.9995572,0.00044283518,-1,LOLB_ECOLI,5.0,Escherichia coli
0.99986076,0.00013921384,-1,LOLA_ECOLI,5.0,Escherichia coli
0.9986234,0.0013766178,-1,GMHA_ECOLI,5.0,Escherichia coli
0.99805534,0.0019447247,-1,NFUA_ECOLI,5.0,Escherichia coli
0.998863,0.0011369768,-1,GMHBB_ECOLI,5.0,Escherichia coli
2.3208537e-05,0.99997675,-1,RL5_ECOLI,5.0,Escherichia coli
0.020188978,0.979811,-1,PROXY_ECOLI,5.0,Escherichia coli
0.98557854,0.014421498,-1,ISPF_ECOLI,5.0,Escherichia coli
3.463429e-05,0.9999653,-1,RL22_ECOLI,5.0,Escherichia coli
0.9235272,0.07647279,-1,CCDB_ECOLI,5.0,Escherichia coli
0.99901605,0.0009838875,-1,LSRG_ECOLI,5.0,Escherichia coli
0.9987863,0.0012136885,-1,CCDA_ECOLI,5.0,Escherichia coli
0.99021894,0.009781067,-1,CNU_ECOLI,5.0,Escherichia coli
0.999468,0.0005320143,-1,MGRB_ECOLI,5.0,Escherichia coli
0.9409798,0.05902021,-1,AMPA_ECOLI,5.0,Escherichia coli
0.9976568,0.0023431291,-1,BEPA_ECOLI,5.0,Escherichia coli
0.99903893,0.0009611457,-1,XANQ_ECOLI,5.0,Escherichia coli
0.9981086,0.0018913345,-1,DPAL_ECOLI,5.0,Escherichia coli
0.99670756,0.0032923687,-1,ZAPE_ECOLI,5.0,Escherichia coli
0.99606776,0.003932233,-1,MALK_ECOLI,5.0,Escherichia coli
0.999332,0.00066791254,-1,HLDD_ECOLI,5.0,Escherichia coli
0.99932957,0.0006704329,-1,MALG_ECOLI,5.0,Escherichia coli
0.9984579,0.0015421449,-1,MLAE_ECOLI,5.0,Escherichia coli
0.9663113,0.03368876,-1,NFI_ECOLI,5.0,Escherichia coli
0.99745506,0.0025449456,-1,YRFG_ECOLI,5.0,Escherichia coli
0.9662338,0.03376621,-1,YQJI_ECOLI,5.0,Escherichia coli
0.9994337,0.000566296,-1,NEMR_ECOLI,5.0,Escherichia coli
0.9988795,0.001120468,-1,DIAA_ECOLI,5.0,Escherichia coli
0.99285805,0.0071420018,-1,DOLP_ECOLI,5.0,Escherichia coli
0.9998628,0.0001371429,-1,YFCE_ECOLI,5.0,Escherichia coli
0.99972624,0.00027369193,-1,MLAD_ECOLI,5.0,Escherichia coli
0.99688953,0.003110435,-1,TADA_ECOLI,5.0,Escherichia coli
0.32319778,0.6768022,-1,YHAV_ECOLI,5.0,Escherichia coli
0.9975063,0.0024937561,-1,CBTA_ECOLI,5.0,Escherichia coli
0.99067533,0.00932467,-1,RCNB_ECOLI,5.0,Escherichia coli
0.98007387,0.019926084,-1,AC4CH_ECOLI,5.0,Escherichia coli
0.9984665,0.0015335683,-1,MLAB_ECOLI,5.0,Escherichia coli
0.9990601,0.0009398911,-1,GLRX1_ECOLI,5.0,Escherichia coli
0.9992329,0.00076712423,-1,ATPL_ECOLI,5.0,Escherichia coli
0.97770154,0.02229846,-1,LCFA_ECOLI,5.0,Escherichia coli
0.99852353,0.0014765223,-1,PTGCB_ECOLI,5.0,Escherichia coli
0.99722433,0.0027757068,-1,AMTB_ECOLI,5.0,Escherichia coli
0.9989422,0.0010578089,-1,MBHS_ECOLI,5.0,Escherichia coli
0.9991091,0.00089089066,-1,MBHT_ECOLI,5.0,Escherichia coli
0.99755776,0.0024422784,-1,PTNAB_ECOLI,5.0,Escherichia coli
0.9987355,0.0012645093,-1,FIEF_ECOLI,5.0,Escherichia coli
0.9978581,0.0021418852,-1,PTNC_ECOLI,5.0,Escherichia coli
0.9981566,0.001843347,-1,TATC_ECOLI,5.0,Escherichia coli
0.9974598,0.0025402568,-1,BAER_ECOLI,5.0,Escherichia coli
0.99598783,0.0040121907,-1,KAD_ECOLI,5.0,Escherichia coli
0.9961378,0.003862171,-1,TATB_ECOLI,5.0,Escherichia coli
0.99686486,0.003135107,-1,PTGA_ECOLI,5.0,Escherichia coli
0.9979949,0.002005071,-1,CCME_ECOLI,5.0,Escherichia coli
0.99804246,0.001957509,-1,RCSF_ECOLI,5.0,Escherichia coli
0.9983156,0.0016844631,-1,DHSC_ECOLI,5.0,Escherichia coli
0.99983597,0.00016396829,-1,MDTJ_ECOLI,5.0,Escherichia coli
0.9995653,0.00043474406,-1,PTQA_ECOLI,5.0,Escherichia coli
0.99942696,0.0005730216,-1,MDTI_ECOLI,5.0,Escherichia coli
0.9998404,0.0001596342,-1,PTQB_ECOLI,5.0,Escherichia coli
0.00027424935,0.99972576,-1,RL25_ECOLI,5.0,Escherichia coli
0.99911255,0.00088743534,-1,TATA_ECOLI,5.0,Escherichia coli
0.02742853,0.9725715,-1,YOEB_ECOLI,5.0,Escherichia coli
0.9969765,0.0030235574,-1,YEFM_ECOLI,5.0,Escherichia coli
0.9987696,0.0012303689,-1,LPP_ECOLI,5.0,Escherichia coli
0.9983725,0.0016275926,-1,MACB_ECOLI,5.0,Escherichia coli
0.9992131,0.00078691536,-1,FUCI_ECOLI,5.0,Escherichia coli
0.99882215,0.0011778247,-1,HCP_ECOLI,5.0,Escherichia coli
0.9971624,0.0028376067,-1,DCEA_ECOLI,5.0,Escherichia coli
0.9972146,0.0027854037,-1,DCEB_ECOLI,5.0,Escherichia coli
0.99854916,0.0014508375,-1,PTKC_ECOLI,5.0,Escherichia coli
0.99650323,0.0034967826,-1,FCTA_ECOLI,5.0,Escherichia coli
0.99864095,0.0013589968,-1,POTA_ECOLI,5.0,Escherichia coli
0.99953985,0.00046011506,-1,RIR2_ECOLI,5.0,Escherichia coli
0.9923976,0.007602383,-1,YLII_ECOLI,5.0,Escherichia coli
0.9986003,0.0013996836,-1,MACA_ECOLI,5.0,Escherichia coli
0.9983802,0.0016197528,-1,YAHK_ECOLI,5.0,Escherichia coli
0.9942545,0.0057455027,-1,LTAE_ECOLI,5.0,Escherichia coli
0.9995339,0.00046608996,-1,YAGE_ECOLI,5.0,Escherichia coli
0.9993819,0.00061807194,-1,PTND_ECOLI,5.0,Escherichia coli
0.9921336,0.007866361,-1,AMID_ECOLI,5.0,Escherichia coli
0.99762625,0.0023737499,-1,SUPH_ECOLI,5.0,Escherichia coli
0.99864393,0.0013560376,-1,YBJI_ECOLI,5.0,Escherichia coli
0.9996513,0.00034867006,-1,NANC_ECOLI,5.0,Escherichia coli
0.9961771,0.0038228964,-1,HDA_ECOLI,5.0,Escherichia coli
0.9991171,0.00088293484,-1,DMSD_ECOLI,5.0,Escherichia coli
0.9993011,0.0006989541,-1,PTKA_ECOLI,5.0,Escherichia coli
0.9981554,0.0018445987,-1,GDX_ECOLI,5.0,Escherichia coli
0.9997148,0.00028517217,-1,ULAB_ECOLI,5.0,Escherichia coli
0.04316217,0.95683783,-1,CSRA_ECOLI,5.0,Escherichia coli
0.00037398882,0.99962604,-1,RLMKL_ECOLI,5.0,Escherichia coli
0.9993624,0.0006375982,-1,PGAB_ECOLI,5.0,Escherichia coli
0.9997322,0.00026775457,-1,PUUP_ECOLI,5.0,Escherichia coli
0.99977463,0.00022536026,-1,DGCT_ECOLI,5.0,Escherichia coli
0.99799997,0.0019999843,-1,RUTG_ECOLI,5.0,Escherichia coli
0.99811125,0.0018887601,-1,BLUF_ECOLI,5.0,Escherichia coli
0.00044316502,0.99955684,-1,RLMI_ECOLI,5.0,Escherichia coli
0.9989967,0.0010032877,-1,RUTA_ECOLI,5.0,Escherichia coli
0.9985025,0.0014974758,-1,DHAK_ECOLI,5.0,Escherichia coli
0.008800393,0.9911997,-1,PAAE_ECOLI,5.0,Escherichia coli
0.95603764,0.043962404,-1,NAGZ_ECOLI,5.0,Escherichia coli
0.014123722,0.98587626,-1,TTCA_ECOLI,5.0,Escherichia coli
0.9910452,0.008954812,-1,PAAA_ECOLI,5.0,Escherichia coli
0.9993881,0.00061191974,-1,LDCA_ECOLI,5.0,Escherichia coli
0.9993349,0.0006651307,-1,NAGK_ECOLI,5.0,Escherichia coli
0.9997844,0.00021565724,-1,OMPG_ECOLI,5.0,Escherichia coli
0.9995833,0.00041665827,-1,NPD_ECOLI,5.0,Escherichia coli
0.9993413,0.00065870595,-1,PAAF_ECOLI,5.0,Escherichia coli
0.9994954,0.00050455617,-1,PUUD_ECOLI,5.0,Escherichia coli
0.99650097,0.0034990797,-1,YCDX_ECOLI,5.0,Escherichia coli
0.9941705,0.0058295303,-1,YCGR_ECOLI,5.0,Escherichia coli
0.9957064,0.004293691,-1,LOLD_ECOLI,5.0,Escherichia coli
0.998379,0.0016210075,-1,GLO22_ECOLI,5.0,Escherichia coli
0.9993899,0.0006101325,-1,DHAL_ECOLI,5.0,Escherichia coli
0.997336,0.0026639616,-1,ZAPC_ECOLI,5.0,Escherichia coli
0.9985958,0.001404258,-1,DOSP_ECOLI,5.0,Escherichia coli
0.99768054,0.0023193692,-1,WZC_ECOLI,5.0,Escherichia coli
0.9864819,0.013518049,-1,RLHA_ECOLI,5.0,Escherichia coli
0.11069876,0.88930124,-1,YOAA_ECOLI,5.0,Escherichia coli
0.9990212,0.0009787952,-1,DGCQ_ECOLI,5.0,Escherichia coli
0.9994685,0.0005315064,-1,CDGI_ECOLI,5.0,Escherichia coli
0.99837023,0.0016298249,-1,SAD_ECOLI,5.0,Escherichia coli
0.9996537,0.00034629737,-1,HPRS_ECOLI,5.0,Escherichia coli
0.9985892,0.0014107588,-1,ASTB_ECOLI,5.0,Escherichia coli
0.9992373,0.00076275435,-1,YDCS_ECOLI,5.0,Escherichia coli
0.9973054,0.0026946396,-1,DMLA_ECOLI,5.0,Escherichia coli
0.9988714,0.0011285889,-1,CURA_ECOLI,5.0,Escherichia coli
0.16259538,0.8374046,-1,YNHG_ECOLI,5.0,Escherichia coli
0.89801234,0.10198765,-1,MSRP_ECOLI,5.0,Escherichia coli
0.9987055,0.0012945124,-1,DCYD_ECOLI,5.0,Escherichia coli
0.9753504,0.024649628,-1,MTFA_ECOLI,5.0,Escherichia coli
0.9988256,0.001174396,-1,TSAB_ECOLI,5.0,Escherichia coli
0.61349696,0.38650307,-1,YEDK_ECOLI,5.0,Escherichia coli
0.9989335,0.0010665075,-1,ZINT_ECOLI,5.0,Escherichia coli
0.99517643,0.004823554,-1,MSRQ_ECOLI,5.0,Escherichia coli
0.99902713,0.0009728164,-1,PAAI_ECOLI,5.0,Escherichia coli
0.9886537,0.011346283,-1,SUFE_ECOLI,5.0,Escherichia coli
0.99902725,0.00097274315,-1,HIUH_ECOLI,5.0,Escherichia coli
0.91121846,0.088781476,-1,CBEA_ECOLI,5.0,Escherichia coli
0.99760723,0.0023927668,-1,DRPB_ECOLI,5.0,Escherichia coli
0.99953043,0.00046959208,-1,MDTC_ECOLI,5.0,Escherichia coli
0.9875073,0.012492664,-1,LYSAC_ECOLI,5.0,Escherichia coli
0.8952459,0.10475413,-1,PBPC_ECOLI,5.0,Escherichia coli
0.9968305,0.0031694693,-1,MAO2_ECOLI,5.0,Escherichia coli
0.99895966,0.0010402788,-1,PDEF_ECOLI,5.0,Escherichia coli
0.9389663,0.06103377,-1,TMCA_ECOLI,5.0,Escherichia coli
0.9905442,0.009455739,-1,HLDE_ECOLI,5.0,Escherichia coli
0.98509616,0.014903857,-1,FADI_ECOLI,5.0,Escherichia coli
0.9986701,0.0013299661,-1,PRET_ECOLI,5.0,Escherichia coli
0.99877673,0.0012233002,-1,GLAH_ECOLI,5.0,Escherichia coli
0.9926934,0.0073065325,-1,YEGS_ECOLI,5.0,Escherichia coli
0.9984982,0.0015018128,-1,MURQ_ECOLI,5.0,Escherichia coli
0.9991154,0.0008845507,-1,MHPC_ECOLI,5.0,Escherichia coli
0.9990827,0.0009173542,-1,PDXY_ECOLI,5.0,Escherichia coli
0.9804708,0.019529268,-1,RHMA_ECOLI,5.0,Escherichia coli
0.9992718,0.0007281531,-1,THID_ECOLI,5.0,Escherichia coli
0.99872464,0.0012753257,-1,LPXT_ECOLI,5.0,Escherichia coli
0.99802977,0.001970242,-1,PAOA_ECOLI,5.0,Escherichia coli
0.9986077,0.0013923543,-1,ATOD_ECOLI,5.0,Escherichia coli
0.98792946,0.012070549,-1,EUTL_ECOLI,5.0,Escherichia coli
0.9954633,0.0045367284,-1,ATOA_ECOLI,5.0,Escherichia coli
0.99888414,0.0011158772,-1,YFGM_ECOLI,5.0,Escherichia coli
0.99780124,0.002198797,-1,5DNU_ECOLI,5.0,Escherichia coli
0.99959093,0.00040904345,-1,CSE2_ECOLI,5.0,Escherichia coli
0.99987674,0.00012319564,-1,ARNF_ECOLI,5.0,Escherichia coli
0.9218212,0.078178816,-1,FADJ_ECOLI,5.0,Escherichia coli
0.99298877,0.007011298,-1,MNMC_ECOLI,5.0,Escherichia coli
0.99067724,0.009322754,-1,ARNA_ECOLI,5.0,Escherichia coli
0.9940586,0.005941399,-1,MPPA_ECOLI,5.0,Escherichia coli
0.9990276,0.0009724156,-1,DTPA_ECOLI,5.0,Escherichia coli
0.9952899,0.0047100373,-1,PRPD_ECOLI,5.0,Escherichia coli
0.99965775,0.00034221512,-1,CUSC_ECOLI,5.0,Escherichia coli
0.99886143,0.0011385232,-1,RCLA_ECOLI,5.0,Escherichia coli
0.9967835,0.0032165505,-1,ALAC_ECOLI,5.0,Escherichia coli
0.9987109,0.0012891822,-1,ALLC_ECOLI,5.0,Escherichia coli
0.99829334,0.0017066459,-1,DGCM_ECOLI,5.0,Escherichia coli
0.998789,0.0012109719,-1,CUSB_ECOLI,5.0,Escherichia coli
0.9992447,0.0007553362,-1,RHMD_ECOLI,5.0,Escherichia coli
0.9992144,0.0007856072,-1,GLXK2_ECOLI,5.0,Escherichia coli
0.9970962,0.0029038193,-1,NEMA_ECOLI,5.0,Escherichia coli
0.9556336,0.044366464,-1,EUTD_ECOLI,5.0,Escherichia coli
0.9991455,0.00085448276,-1,ZIPA_ECOLI,5.0,Escherichia coli
0.99957794,0.00042200892,-1,AKRMG_ECOLI,5.0,Escherichia coli
0.6747669,0.32523316,-1,PAOB_ECOLI,5.0,Escherichia coli
0.9995034,0.00049657904,-1,HLYE_ECOLI,5.0,Escherichia coli
0.9973916,0.0026083554,-1,CNOX_ECOLI,5.0,Escherichia coli
0.9975114,0.0024885873,-1,DSBG_ECOLI,5.0,Escherichia coli
0.9983747,0.0016253177,-1,HXPB_ECOLI,5.0,Escherichia coli
0.99956673,0.0004332212,-1,PGMB_ECOLI,5.0,Escherichia coli
0.9988392,0.0011607956,-1,CUSF_ECOLI,5.0,Escherichia coli
0.97894466,0.021055397,-1,D2HDH_ECOLI,5.0,Escherichia coli
0.83067614,0.16932383,-1,PAOC_ECOLI,5.0,Escherichia coli
0.9717971,0.028202936,-1,PAAZ_ECOLI,5.0,Escherichia coli
0.99444985,0.005550128,-1,DXS_ECOLI,5.0,Escherichia coli
0.9968219,0.0031780952,-1,DPIB_ECOLI,5.0,Escherichia coli
0.007222476,0.9927776,-1,THII_ECOLI,5.0,Escherichia coli
0.9969362,0.0030638524,-1,CUSS_ECOLI,5.0,Escherichia coli
0.9980141,0.0019859306,-1,SELO_ECOLI,5.0,Escherichia coli
0.9960978,0.003902163,-1,ABDH_ECOLI,5.0,Escherichia coli
0.99910516,0.0008948591,-1,TCYP_ECOLI,5.0,Escherichia coli
0.9986739,0.0013260728,-1,ALLB_ECOLI,5.0,Escherichia coli
0.99832886,0.0016711719,-1,SUFS_ECOLI,5.0,Escherichia coli
0.9969896,0.0030104006,-1,ASTC_ECOLI,5.0,Escherichia coli
0.9990146,0.000985337,-1,MHPT_ECOLI,5.0,Escherichia coli
0.999509,0.00049099635,-1,ALLD_ECOLI,5.0,Escherichia coli
0.9973488,0.0026512383,-1,GLSA1_ECOLI,5.0,Escherichia coli
0.99855155,0.0014483939,-1,PRPB_ECOLI,5.0,Escherichia coli
0.9996245,0.0003755238,-1,NHOA_ECOLI,5.0,Escherichia coli
0.03886139,0.9611386,-1,SUFC_ECOLI,5.0,Escherichia coli
0.99853194,0.0014680148,-1,HXPA_ECOLI,5.0,Escherichia coli
0.9978104,0.0021895734,-1,YFCG_ECOLI,5.0,Escherichia coli
0.99924266,0.0007573583,-1,YFCF_ECOLI,5.0,Escherichia coli
0.9929101,0.0070898794,-1,SPY_ECOLI,5.0,Escherichia coli
0.9970017,0.0029982945,-1,FADM_ECOLI,5.0,Escherichia coli
0.9987526,0.0012474,-1,SUFA_ECOLI,5.0,Escherichia coli
0.9998273,0.00017265584,-1,ATOS_ECOLI,5.0,Escherichia coli
0.9988181,0.0011818503,-1,GLCA_ECOLI,5.0,Escherichia coli
0.99459606,0.005404011,-1,FEAB_ECOLI,5.0,Escherichia coli
0.9988857,0.0011142688,-1,UACT_ECOLI,5.0,Escherichia coli
0.99935335,0.00064666907,-1,NORV_ECOLI,5.0,Escherichia coli
0.9985085,0.001491454,-1,PUUA_ECOLI,5.0,Escherichia coli
0.99939644,0.00060351635,-1,ATOC_ECOLI,5.0,Escherichia coli
0.9966839,0.003316102,-1,PHYDA_ECOLI,5.0,Escherichia coli
0.99914,0.00085989136,-1,BAMB_ECOLI,5.0,Escherichia coli
0.9981433,0.0018566428,-1,YQHD_ECOLI,5.0,Escherichia coli
0.99689555,0.0031044215,-1,YBDL_ECOLI,5.0,Escherichia coli
0.99680495,0.0031950532,-1,SSUD_ECOLI,5.0,Escherichia coli
0.9954632,0.0045367777,-1,RNM_ECOLI,5.0,Escherichia coli
0.9941402,0.0058597634,-1,YGHU_ECOLI,5.0,Escherichia coli
0.99787474,0.0021252858,-1,DKGA_ECOLI,5.0,Escherichia coli
0.99458826,0.005411708,-1,YQJH_ECOLI,5.0,Escherichia coli
0.41805136,0.58194864,-1,ISPD_ECOLI,5.0,Escherichia coli
0.9981694,0.0018305446,-1,FSAA_ECOLI,5.0,Escherichia coli
0.99928194,0.00071804144,-1,MOCA_ECOLI,5.0,Escherichia coli
0.9994729,0.0005270716,-1,MAA_ECOLI,5.0,Escherichia coli
0.9990227,0.0009772568,-1,IDI_ECOLI,5.0,Escherichia coli
0.99741924,0.0025807228,-1,MENI_ECOLI,5.0,Escherichia coli
0.9994837,0.00051622454,-1,NUDG_ECOLI,5.0,Escherichia coli
0.99916935,0.00083071255,-1,MQSA_ECOLI,5.0,Escherichia coli
0.04279822,0.9572018,-1,MQSR_ECOLI,5.0,Escherichia coli
0.9948019,0.005198154,-1,COPA_ECOLI,5.0,Escherichia coli
0.9991253,0.0008746935,-1,NAPA_ECODH,4.0,Escherichia coli
0.98867595,0.011324085,-1,FADE_ECOLI,5.0,Escherichia coli
0.9935056,0.006494414,-1,CSE1_ECOLI,5.0,Escherichia coli
0.13489345,0.8651066,-1,CYSG_ECODH,4.0,Escherichia coli
0.997881,0.0021189554,-1,CSDA_ECOLI,5.0,Escherichia coli
0.9972893,0.0027106665,-1,DGOD_ECOLI,5.0,Escherichia coli
0.36350304,0.6364969,-1,CASC_ECOLI,5.0,Escherichia coli
0.8651657,0.13483426,-1,DPO4_ECOLI,5.0,Escherichia coli
0.0026292885,0.9973707,-1,TRUD_ECOLI,5.0,Escherichia coli
0.9982223,0.0017776602,-1,CAS1_ECOLI,5.0,Escherichia coli
0.9968695,0.0031305458,-1,QUEF_ECOLI,5.0,Escherichia coli
0.9996455,0.00035452135,-1,KDUI_ECOLI,5.0,Escherichia coli
0.9773308,0.02266925,-1,TCDA_ECOLI,5.0,Escherichia coli
0.53228116,0.46771887,-1,TAPT_ECOLI,5.0,Escherichia coli
0.035280723,0.96471924,-1,CAS5_ECOLI,5.0,Escherichia coli
0.99635196,0.0036480299,-1,ADPP_ECOLI,5.0,Escherichia coli
0.9982222,0.0017778592,-1,DGOA_ECOLI,5.0,Escherichia coli
0.00037897663,0.99962103,-1,CAS6_ECOLI,5.0,Escherichia coli
0.99936,0.0006400056,-1,YAJL_ECOLI,5.0,Escherichia coli
0.94209933,0.05790062,-1,RAYT_ECOLI,5.0,Escherichia coli
0.99985325,0.00014669415,-1,ARNE_ECOLI,5.0,Escherichia coli
0.90314925,0.09685076,-1,YAFQ_ECOLI,5.0,Escherichia coli
0.99933904,0.0006609036,-1,DINJ_ECOLI,5.0,Escherichia coli
0.99951696,0.00048298298,-1,TISB_ECOLI,4.0,Escherichia coli
0.9991253,0.0008746935,-1,NAPA_ECOBW,4.0,Escherichia coli
0.9783756,0.021624433,-1,FADB_ECODH,4.0,Escherichia coli
0.9218212,0.07817879,-1,FADJ_ECODH,4.0,Escherichia coli
0.9218212,0.07817879,-1,FADJ_ECOBW,4.0,Escherichia coli
0.99067724,0.009322736,-1,ARNA_ECODH,4.0,Escherichia coli
0.99067724,0.009322754,-1,ARNA_ECOBW,4.0,Escherichia coli
0.99707544,0.0029245776,-1,PYRG_ECODH,4.0,Escherichia coli
0.9409799,0.059020117,-1,AMPA_ECOBW,4.0,Escherichia coli
0.007222476,0.9927776,-1,THII_ECODH,4.0,Escherichia coli
0.007222476,0.9927776,-1,THII_ECOBW,4.0,Escherichia coli
0.9905442,0.009455809,-1,HLDE_ECODH,4.0,Escherichia coli
0.9905442,0.009455809,-1,HLDE_ECOBW,4.0,Escherichia coli
0.9974375,0.0025624938,-1,PAT_ECODH,4.0,Escherichia coli
0.13489202,0.865108,-1,CYSG_ECOBW,4.0,Escherichia coli
0.9553069,0.044693105,-1,GLMU_ECODH,4.0,Escherichia coli
0.9553069,0.044693105,-1,GLMU_ECOBW,4.0,Escherichia coli
0.00029711766,0.9997029,-1,RLMN_ECODH,4.0,Escherichia coli
0.00029711766,0.9997029,-1,RLMN_ECOBW,4.0,Escherichia coli
0.9981121,0.0018879729,-1,TPIS_ECODH,4.0,Escherichia coli
0.99517775,0.0048222058,-1,XGPT_ECODH,4.0,Escherichia coli
0.99517775,0.0048222058,-1,XGPT_ECOBW,4.0,Escherichia coli
0.9998472,0.00015279354,-1,NUDI_ECODH,4.0,Escherichia coli
0.9998472,0.00015279354,-1,NUDI_ECOBW,4.0,Escherichia coli
0.9994949,0.0005051014,-1,PPNP_ECODH,4.0,Escherichia coli
0.9994949,0.0005051014,-1,PPNP_ECOBW,4.0,Escherichia coli
0.9783756,0.021624452,-1,FADB_ECOBW,4.0,Escherichia coli
0.64592177,0.35407817,-1,SYGB_ECOLI,4.0,Escherichia coli
0.99707544,0.0029245776,-1,PYRG_ECOBW,4.0,Escherichia coli
0.051013328,0.9489867,-1,TRPE_ECOLI,4.0,Escherichia coli
0.9345665,0.0654335,-1,TRPC_ECOLI,4.0,Escherichia coli
0.9982784,0.0017216097,-1,XYLA_ECOLI,4.0,Escherichia coli
0.99699736,0.003002661,-1,THRC_ECOLI,4.0,Escherichia coli
0.9992237,0.0007762608,-1,FRSA_ECOLI,4.0,Escherichia coli
0.9960372,0.0039628935,-1,PDXB_ECOLI,4.0,Escherichia coli
0.9993642,0.0006358473,-1,LIVK_ECOLI,4.0,Escherichia coli
0.9967841,0.003215916,-1,AROF_ECOLI,4.0,Escherichia coli
0.99952304,0.00047702313,-1,PHOE_ECOLI,4.0,Escherichia coli
0.99722797,0.0027720714,-1,AROH_ECOLI,4.0,Escherichia coli
0.9987929,0.0012071335,-1,GALR_ECOLI,4.0,Escherichia coli
0.06700889,0.9329911,-1,SYW_ECOLI,4.0,Escherichia coli
0.99958163,0.0004183522,-1,ARAF_ECOLI,4.0,Escherichia coli
0.99580896,0.004191097,-1,KHSE_ECOLI,4.0,Escherichia coli
0.9997049,0.0002951048,-1,SRLD_ECOLI,4.0,Escherichia coli
0.98512787,0.0148721915,-1,KDSB_ECOLI,4.0,Escherichia coli
0.9934889,0.0065110554,-1,3MG1_ECOLI,4.0,Escherichia coli
0.96783465,0.032165337,-1,PINE_ECOLI,4.0,Escherichia coli
0.9964206,0.0035794305,-1,CYNS_ECOLI,4.0,Escherichia coli
0.9998523,0.00014764517,-1,MIOC_ECOLI,4.0,Escherichia coli
4.0988205e-05,0.999959,-1,RL15_ECOLI,4.0,Escherichia coli
0.9990043,0.0009956786,-1,PTHA_ECOLI,4.0,Escherichia coli
0.9948154,0.00518458,-1,BGA2_ECOLI,4.0,Escherichia coli
0.1515008,0.8484992,-1,SYL_ECOLI,4.0,Escherichia coli
0.9974233,0.0025767663,-1,GLGB_ECOLI,4.0,Escherichia coli
0.9974648,0.0025351641,-1,CPDB_ECOLI,4.0,Escherichia coli
0.99895537,0.0010446217,-1,ARAB_ECOLI,4.0,Escherichia coli
0.9970464,0.0029536113,-1,MCP4_ECOLI,4.0,Escherichia coli
0.9982687,0.0017312644,-1,ARAA_ECOLI,4.0,Escherichia coli
0.9983454,0.0016546549,-1,CREC_ECOLI,4.0,Escherichia coli
0.99657506,0.003424884,-1,T1SK_ECOLI,4.0,Escherichia coli
0.9994318,0.00056816824,-1,GLPT_ECOLI,4.0,Escherichia coli
0.99940896,0.0005910873,-1,AGAL_ECOLI,4.0,Escherichia coli
0.98320574,0.01679426,-1,TYPH_ECOLI,4.0,Escherichia coli
0.60455275,0.3954473,-1,PHOR_ECOLI,4.0,Escherichia coli
0.99867636,0.001323606,-1,TYRA_ECOLI,4.0,Escherichia coli
0.9978947,0.0021052896,-1,HIS8_ECOLI,4.0,Escherichia coli
0.9721787,0.027821308,-1,HIS7_ECOLI,4.0,Escherichia coli
0.9971738,0.002826212,-1,PUR5_ECOLI,4.0,Escherichia coli
0.9848713,0.015128733,-1,CHER_ECOLI,4.0,Escherichia coli
0.9898977,0.010102273,-1,HISP_ECOLI,4.0,Escherichia coli
0.9994904,0.0005095633,-1,CREB_ECOLI,4.0,Escherichia coli
0.19051562,0.80948436,-1,HIS2_ECOLI,4.0,Escherichia coli
0.99957496,0.0004250653,-1,BTUE_ECOLI,4.0,Escherichia coli
0.9998109,0.00018911906,-1,FIMF_ECOLI,4.0,Escherichia coli
0.999795,0.00020497524,-1,FIMG_ECOLI,4.0,Escherichia coli
0.9978933,0.0021067697,-1,CHPS_ECOLI,4.0,Escherichia coli
0.99747,0.002530015,-1,PTV3B_ECOLI,4.0,Escherichia coli
0.99474156,0.005258387,-1,T1MK_ECOLI,4.0,Escherichia coli
0.97970325,0.020296752,-1,LEU1_ECOLI,4.0,Escherichia coli
0.9980877,0.0019122644,-1,GSH1_ECOLI,4.0,Escherichia coli
0.99816173,0.001838241,-1,GLGA_ECOLI,4.0,Escherichia coli
0.98736435,0.012635629,-1,LEUC_ECOLI,4.0,Escherichia coli
0.9941294,0.005870591,-1,ARGA_ECOLI,4.0,Escherichia coli
0.99928385,0.0007161696,-1,UHPC_ECOLI,4.0,Escherichia coli
0.99859804,0.0014019288,-1,AVTA_ECOLI,4.0,Escherichia coli
0.98509556,0.014904388,-1,FLGI_ECOLI,4.0,Escherichia coli
0.99865353,0.001346486,-1,DDLA_ECOLI,4.0,Escherichia coli
0.99942905,0.0005708949,-1,GLK_ECOLI,4.0,Escherichia coli
0.9952048,0.004795229,-1,COAA_ECOLI,4.0,Escherichia coli
0.99884915,0.001150859,-1,RHAR_ECOLI,4.0,Escherichia coli
0.9975625,0.0024374214,-1,LPXA_ECOLI,4.0,Escherichia coli
0.9987464,0.001253557,-1,ARGT_ECOLI,4.0,Escherichia coli
0.97422326,0.025776695,-1,BIOD2_ECOLI,4.0,Escherichia coli
0.99694026,0.0030597157,-1,DEDD_ECOLI,4.0,Escherichia coli
0.9990337,0.0009663022,-1,COAE_ECOLI,4.0,Escherichia coli
0.99852645,0.0014735409,-1,CYSC_ECOLI,4.0,Escherichia coli
0.9996061,0.0003939262,-1,HSCB_ECOLI,4.0,Escherichia coli
0.99934036,0.0006596294,-1,VSR_ECOLI,4.0,Escherichia coli
0.99731475,0.0026851783,-1,GCSH_ECOLI,4.0,Escherichia coli
0.9993697,0.0006303724,-1,GLPE_ECOLI,4.0,Escherichia coli
0.9988739,0.0011260546,-1,MINE_ECOLI,4.0,Escherichia coli
0.9500486,0.049951397,-1,RF1_ECOLI,4.0,Escherichia coli
0.98367244,0.016327588,-1,RECF_ECOLI,4.0,Escherichia coli
0.99469274,0.005307234,-1,PSRP_ECOLI,4.0,Escherichia coli
0.9964796,0.003520435,-1,TRPA_ECOLI,4.0,Escherichia coli
0.98538554,0.014614448,-1,RECO_ECOLI,4.0,Escherichia coli
0.9960335,0.00396648,-1,PUR7_ECOLI,4.0,Escherichia coli
0.9987419,0.0012580412,-1,LFTR_ECOLI,4.0,Escherichia coli
0.99894625,0.0010538007,-1,NANE_ECOLI,4.0,Escherichia coli
0.68569916,0.3143008,-1,NADD_ECOLI,4.0,Escherichia coli
0.9979964,0.0020036367,-1,URK_ECOLI,4.0,Escherichia coli
0.87981,0.12019,-1,PIMT_ECOLI,4.0,Escherichia coli
0.7781695,0.22183053,-1,PTH_ECOLI,4.0,Escherichia coli
0.9986809,0.0013190949,-1,RSXA_ECOLI,4.0,Escherichia coli
0.9940655,0.0059344037,-1,RRF_ECOLI,4.0,Escherichia coli
0.9994566,0.0005433881,-1,KEFG_ECOLI,4.0,Escherichia coli
0.016678236,0.9833218,-1,YAJQ_ECOLI,4.0,Escherichia coli
0.9883305,0.011669586,-1,PYRI_ECOLI,4.0,Escherichia coli
0.22035776,0.7796423,-1,RIMP_ECOLI,4.0,Escherichia coli
3.0707815e-05,0.99996924,-1,NUSB_ECOLI,4.0,Escherichia coli
1.4975024e-05,0.999985,-1,RNPA_ECOLI,4.0,Escherichia coli
0.9982133,0.0017867287,-1,TRPR_ECOLI,4.0,Escherichia coli
0.96377534,0.036224674,-1,RL31B_ECOLI,4.0,Escherichia coli
0.9983766,0.0016233488,-1,TATE_ECOLI,4.0,Escherichia coli
0.99466985,0.0053301905,-1,RL35_ECOLI,4.0,Escherichia coli
0.99971634,0.00028359308,-1,YACG_ECOLI,4.0,Escherichia coli
0.9887573,0.011242701,-1,YBHF_ECOLI,4.0,Escherichia coli
0.9937318,0.0062682,-1,GLPC_ECOLI,4.0,Escherichia coli
0.918501,0.08149906,-1,GALM_ECOLI,4.0,Escherichia coli
0.99957293,0.00042708535,-1,GATD_ECOLI,4.0,Escherichia coli
0.99896705,0.0010329487,-1,CYSB_ECOLI,4.0,Escherichia coli
0.98834026,0.011659763,-1,CITE_ECOLI,4.0,Escherichia coli
0.99960047,0.00039953788,-1,TSX_ECOLI,4.0,Escherichia coli
0.9954065,0.0045935237,-1,PRMA_ECOLI,4.0,Escherichia coli
0.9957765,0.0042235604,-1,CYSE_ECOLI,4.0,Escherichia coli
0.999411,0.00058908307,-1,P5CR_ECOLI,4.0,Escherichia coli
0.9991786,0.00082135375,-1,IDNO_ECOLI,4.0,Escherichia coli
0.99951816,0.00048189223,-1,ULAR_ECOLI,4.0,Escherichia coli
0.9351937,0.06480635,-1,ZNUC_ECOLI,4.0,Escherichia coli
0.998312,0.0016880279,-1,MIPA_ECOLI,4.0,Escherichia coli
0.9425631,0.057436887,-1,BTUR_ECOLI,4.0,Escherichia coli
0.998961,0.0010389615,-1,MUG_ECOLI,4.0,Escherichia coli
0.9990134,0.0009865673,-1,MNTR_ECOLI,4.0,Escherichia coli
0.99972886,0.00027109723,-1,SLYA_ECOLI,4.0,Escherichia coli
0.2676448,0.7323552,-1,YBGC_ECOLI,4.0,Escherichia coli
0.9981463,0.0018536927,-1,SOXS_ECOLI,4.0,Escherichia coli
0.99967074,0.00032924872,-1,CLPS_ECOLI,4.0,Escherichia coli
0.9993383,0.0006616258,-1,METJ_ECOLI,4.0,Escherichia coli
0.9984125,0.0015874607,-1,PPIC_ECOLI,4.0,Escherichia coli
0.99946266,0.00053739984,-1,NAPD_ECOLI,4.0,Escherichia coli
0.99729735,0.0027026734,-1,IBAG_ECOLI,4.0,Escherichia coli
0.99773395,0.0022660508,-1,MDLB_ECOLI,4.0,Escherichia coli
0.9951042,0.004895807,-1,MGLA_ECOLI,4.0,Escherichia coli
0.9886286,0.011371354,-1,ARAG_ECOLI,4.0,Escherichia coli
0.99881303,0.0011869917,-1,GARP_ECOLI,4.0,Escherichia coli
0.9981341,0.0018659597,-1,WZXE_ECOLI,4.0,Escherichia coli
0.99768317,0.0023168141,-1,YBDG_ECOLI,4.0,Escherichia coli
0.99940073,0.0005992745,-1,MTR_ECOLI,4.0,Escherichia coli
0.9996007,0.00039936387,-1,TYRP_ECOLI,4.0,Escherichia coli
0.9995003,0.0004997584,-1,DGCC_ECOLI,4.0,Escherichia coli
0.99937844,0.0006215056,-1,HYBA_ECOLI,4.0,Escherichia coli
1.7825312e-06,0.9999982,-1,RLUC_ECOLI,4.0,Escherichia coli
0.9982816,0.0017184388,-1,USPE_ECOLI,4.0,Escherichia coli
0.9980222,0.0019777683,-1,QMCA_ECOLI,4.0,Escherichia coli
0.99975353,0.00024646326,-1,RHTA_ECOLI,4.0,Escherichia coli
0.9964682,0.003531804,-1,SAPF_ECOLI,4.0,Escherichia coli
0.9981622,0.0018378606,-1,ARTP_ECOLI,4.0,Escherichia coli
0.997682,0.0023180412,-1,NAPG_ECOLI,4.0,Escherichia coli
0.99882,0.0011799391,-1,YQJA_ECOLI,4.0,Escherichia coli
0.9990152,0.0009847822,-1,YGHB_ECOLI,4.0,Escherichia coli
0.998793,0.0012069253,-1,HYCB_ECOLI,4.0,Escherichia coli
0.99955994,0.00044002238,-1,PQIC_ECOLI,4.0,Escherichia coli
0.99864095,0.0013590221,-1,DSBE_ECOLI,4.0,Escherichia coli
0.9983687,0.0016312988,-1,NAPF_ECOLI,4.0,Escherichia coli
0.014093783,0.98590624,-1,IOJAP_ECOLI,4.0,Escherichia coli
0.99981016,0.00018982762,-1,IRAP_ECOLI,4.0,Escherichia coli
0.9996575,0.00034253145,-1,BETT_ECOLI,4.0,Escherichia coli
0.9971718,0.0028282178,-1,PNTB_ECOLI,4.0,Escherichia coli
0.9995695,0.00043045898,-1,HCAE_ECOLI,4.0,Escherichia coli
0.99822015,0.0017798549,-1,ARSB_ECOLI,4.0,Escherichia coli
0.9985892,0.0014107857,-1,EFEO_ECOLI,4.0,Escherichia coli
0.9994205,0.0005795231,-1,CNTA_ECOLI,4.0,Escherichia coli
0.99731416,0.0026858093,-1,APBE_ECOLI,4.0,Escherichia coli
0.9992787,0.0007212868,-1,CCMH_ECOLI,4.0,Escherichia coli
0.9997129,0.00028713595,-1,HFLC_ECOLI,4.0,Escherichia coli
0.005445671,0.9945543,-1,DUSB_ECOLI,4.0,Escherichia coli
0.9997855,0.0002145612,-1,YIJE_ECOLI,4.0,Escherichia coli
0.99648345,0.0035165625,-1,GARR_ECOLI,4.0,Escherichia coli
0.99933124,0.000668813,-1,CDSA_ECOLI,4.0,Escherichia coli
0.9986727,0.0013272549,-1,CCMC_ECOLI,4.0,Escherichia coli
0.99949765,0.0005023291,-1,CYNT_ECOLI,4.0,Escherichia coli
0.9995993,0.0004007643,-1,ELBB_ECOLI,4.0,Escherichia coli
0.99885345,0.001146504,-1,FLHC_ECOLI,4.0,Escherichia coli
0.99919385,0.0008061966,-1,NRFB_ECOLI,4.0,Escherichia coli
0.99637705,0.0036229142,-1,PGSA_ECOLI,4.0,Escherichia coli
0.9964394,0.0035605389,-1,ATPF_ECOLI,4.0,Escherichia coli
0.9969494,0.0030506242,-1,TUSE_ECOLI,4.0,Escherichia coli
0.99983513,0.0001647852,-1,HCAC_ECOLI,4.0,Escherichia coli
0.98707426,0.012925704,-1,EUTM_ECOLI,4.0,Escherichia coli
0.99899477,0.0010051792,-1,ACYP_ECOLI,4.0,Escherichia coli
0.99582833,0.004171609,-1,BHSA_ECOLI,4.0,Escherichia coli
0.9914928,0.0085072,-1,PHSG_ECOLI,4.0,Escherichia coli
0.99841547,0.001584498,-1,GNTP_ECOLI,4.0,Escherichia coli
0.9990747,0.00092526054,-1,CRA_ECOLI,4.0,Escherichia coli
0.9986167,0.0013832458,-1,RBSR_ECOLI,4.0,Escherichia coli
0.98862714,0.011372876,-1,LPXP_ECOLI,4.0,Escherichia coli
0.99942315,0.00057682337,-1,LLDR_ECOLI,4.0,Escherichia coli
0.9997738,0.00022625418,-1,GLCC_ECOLI,4.0,Escherichia coli
0.99929285,0.0007071627,-1,FABR_ECOLI,4.0,Escherichia coli
0.99817705,0.0018229515,-1,CUSR_ECOLI,4.0,Escherichia coli
0.9994659,0.00053413765,-1,CECR_ECOLI,4.0,Escherichia coli
0.999571,0.00042899087,-1,ACRR_ECOLI,4.0,Escherichia coli
0.9987006,0.001299383,-1,SSPA_ECOLI,4.0,Escherichia coli
0.99830484,0.0016951107,-1,RUTR_ECOLI,4.0,Escherichia coli
0.9983004,0.0016996055,-1,GSTB_ECOLI,4.0,Escherichia coli
0.99895275,0.0010472845,-1,EVGA_ECOLI,4.0,Escherichia coli
0.9972761,0.0027238892,-1,KDSC_ECOLI,4.0,Escherichia coli
0.971229,0.028771007,-1,5FCL_ECOLI,4.0,Escherichia coli
0.99978215,0.00021783666,-1,MPRA_ECOLI,4.0,Escherichia coli
0.9994456,0.0005544152,-1,ZUR_ECOLI,4.0,Escherichia coli
0.9996911,0.0003088886,-1,SOXR_ECOLI,4.0,Escherichia coli
0.9998004,0.00019967202,-1,ZNTR_ECOLI,4.0,Escherichia coli
0.9990495,0.0009504913,-1,MARA_ECOLI,4.0,Escherichia coli
0.9990846,0.00091537996,-1,LAPA_ECOLI,4.0,Escherichia coli
0.9983296,0.0016704131,-1,GLRX3_ECOLI,4.0,Escherichia coli
0.99953973,0.0004602436,-1,HOKC_ECOLI,4.0,Escherichia coli
0.996405,0.0035950288,-1,EDD_ECOLI,4.0,Escherichia coli
0.99779606,0.0022040182,-1,AMPG_ECOLI,4.0,Escherichia coli
0.9992036,0.00079642714,-1,LOLC_ECOLI,4.0,Escherichia coli
0.9945227,0.0054772953,-1,NLPD_ECOLI,4.0,Escherichia coli
0.9992907,0.00070923223,-1,LIVJ_ECOLI,4.0,Escherichia coli
0.0068739457,0.99312603,-1,RLMM_ECOLI,4.0,Escherichia coli
0.9979519,0.002048085,-1,LPTG_ECOLI,4.0,Escherichia coli
0.99811137,0.0018886576,-1,YNAI_ECOLI,4.0,Escherichia coli
0.9995747,0.00042529043,-1,BIOP_ECOLI,4.0,Escherichia coli
0.99758935,0.0024106945,-1,CYOE_ECOLI,4.0,Escherichia coli
0.9998055,0.00019455753,-1,CSGG_ECOLI,4.0,Escherichia coli
0.99927694,0.00072311825,-1,YJJP_ECOLI,4.0,Escherichia coli
0.9989862,0.0010137811,-1,DCUR_ECOLI,4.0,Escherichia coli
0.99902403,0.0009759504,-1,PGPC_ECOLI,4.0,Escherichia coli
0.99740416,0.0025958219,-1,MLAC_ECOLI,4.0,Escherichia coli
0.99875426,0.0012456996,-1,UBIJ_ECOLI,4.0,Escherichia coli
0.9996082,0.00039186064,-1,COBU_ECOLI,4.0,Escherichia coli
0.9996834,0.00031668352,-1,YJJB_ECOLI,4.0,Escherichia coli
0.9932294,0.0067706457,-1,KBP_ECOLI,4.0,Escherichia coli
0.9993212,0.0006787601,-1,ZAPG_ECOLI,4.0,Escherichia coli
0.99625766,0.0037423957,-1,YAJC_ECOLI,4.0,Escherichia coli
0.99865556,0.0013444225,-1,YGIN_ECOLI,4.0,Escherichia coli
0.9978492,0.00215077,-1,ILVN_ECOLI,4.0,Escherichia coli
0.99700695,0.0029931036,-1,ILVM_ECOLI,4.0,Escherichia coli
0.9702064,0.029793613,-1,LPTN_ECOLI,4.0,Escherichia coli
0.9266569,0.07334305,-1,MLTD_ECOLI,4.0,Escherichia coli
0.9809425,0.019057536,-1,RIMO_ECOLI,4.0,Escherichia coli
0.9992767,0.00072336226,-1,GLTS_ECOLI,4.0,Escherichia coli
0.9979621,0.0020378989,-1,LPTF_ECOLI,4.0,Escherichia coli
0.99873644,0.0012635504,-1,POTD_ECOLI,4.0,Escherichia coli
0.9990119,0.0009881501,-1,OPPB_ECOLI,4.0,Escherichia coli
0.99845624,0.0015438022,-1,OPPC_ECOLI,4.0,Escherichia coli
0.99795413,0.002045804,-1,POTI_ECOLI,4.0,Escherichia coli
0.99953663,0.0004633925,-1,NIKC_ECOLI,4.0,Escherichia coli
0.998776,0.0012239694,-1,POTB_ECOLI,4.0,Escherichia coli
0.99871826,0.001281764,-1,POTC_ECOLI,4.0,Escherichia coli
0.9987515,0.0012485079,-1,HISJ_ECOLI,4.0,Escherichia coli
0.998461,0.0015390057,-1,GLTJ_ECOLI,4.0,Escherichia coli
0.99791473,0.0020852995,-1,NARJ_ECOLI,4.0,Escherichia coli
0.9866818,0.013318173,-1,PHOB_ECOLI,4.0,Escherichia coli
0.9986853,0.0013147033,-1,DPIA_ECOLI,4.0,Escherichia coli
0.99867344,0.0013265718,-1,GLTK_ECOLI,4.0,Escherichia coli
0.93512195,0.064878,-1,UVRY_ECOLI,4.0,Escherichia coli
0.99572927,0.004270738,-1,MOG_ECOLI,4.0,Escherichia coli
0.020018667,0.97998136,-1,NUSG_ECOLI,4.0,Escherichia coli
0.9984546,0.001545448,-1,OGT_ECOLI,4.0,Escherichia coli
0.98339754,0.016602473,-1,MOAB_ECOLI,4.0,Escherichia coli
0.9990651,0.00093486457,-1,NUDJ_ECOLI,4.0,Escherichia coli
0.9984012,0.0015987381,-1,USPA_ECOLI,4.0,Escherichia coli
0.9924499,0.007550095,-1,EUTN_ECOLI,4.0,Escherichia coli
0.009457651,0.99054235,-1,RELA_ECOLI,4.0,Escherichia coli
0.9958139,0.0041860826,-1,MLTF_ECOLI,4.0,Escherichia coli
0.9990146,0.0009853621,-1,TRKH_ECOLI,4.0,Escherichia coli
0.9992107,0.00078921404,-1,PQIA_ECOLI,4.0,Escherichia coli
0.99813914,0.0018608867,-1,SBCD_ECOLI,4.0,Escherichia coli
0.9993517,0.0006482877,-1,YBHS_ECOLI,4.0,Escherichia coli
0.999321,0.00067905354,-1,YBHR_ECOLI,4.0,Escherichia coli
0.99927574,0.0007242409,-1,WZZE_ECOLI,4.0,Escherichia coli
0.99699867,0.003001394,-1,PSTS_ECOLI,4.0,Escherichia coli
0.9985838,0.0014161955,-1,TQSA_ECOLI,4.0,Escherichia coli
0.9983575,0.0016425328,-1,SUBI_ECOLI,4.0,Escherichia coli
0.0002534167,0.9997466,-1,RIBF_ECOLI,4.0,Escherichia coli
0.9991799,0.00082010403,-1,YDCV_ECOLI,4.0,Escherichia coli
0.9890886,0.010911396,-1,BTSR_ECOLI,4.0,Escherichia coli
0.9959059,0.00409411,-1,RISA_ECOLI,4.0,Escherichia coli
0.99679023,0.003209688,-1,UHPA_ECOLI,4.0,Escherichia coli
0.99082327,0.009176692,-1,UBIX_ECOLI,4.0,Escherichia coli
0.9984849,0.0015150836,-1,RSD_ECOLI,4.0,Escherichia coli
0.97922164,0.020778362,-1,RNK_ECOLI,4.0,Escherichia coli
0.99660563,0.0033944098,-1,ATL_ECOLI,4.0,Escherichia coli
0.020191675,0.9798083,-1,RL17_ECOLI,4.0,Escherichia coli
0.999637,0.00036303746,-1,PSPC_ECOLI,4.0,Escherichia coli
0.00026917562,0.99973077,-1,RL21_ECOLI,4.0,Escherichia coli
0.99084,0.009159976,-1,RL30_ECOLI,4.0,Escherichia coli
0.9668675,0.033132516,-1,RMF_ECOLI,4.0,Escherichia coli
0.9988825,0.0011175675,-1,XANP_ECOLI,4.0,Escherichia coli
0.9996061,0.00039390102,-1,FADL_ECOLI,4.0,Escherichia coli
0.9968905,0.0031095806,-1,LPXB_ECOLI,4.0,Escherichia coli
0.9831476,0.016852306,-1,RLPA_ECOLI,4.0,Escherichia coli
0.99041766,0.009582349,-1,MLTC_ECOLI,4.0,Escherichia coli
0.99936384,0.0006361166,-1,SAPB_ECOLI,4.0,Escherichia coli
0.9994566,0.00054343394,-1,LEUO_ECOLI,4.0,Escherichia coli
0.15168074,0.84831923,-1,RIMK_ECOLI,4.0,Escherichia coli
0.9985845,0.0014155195,-1,SAPC_ECOLI,4.0,Escherichia coli
0.9991221,0.00087788556,-1,GATY_ECOLI,4.0,Escherichia coli
0.99989843,0.00010159351,-1,HCAB_ECOLI,4.0,Escherichia coli
0.99935156,0.0006483989,-1,BCSQ_ECOLI,4.0,Escherichia coli
0.9711457,0.028854286,-1,HIS4_ECOLI,4.0,Escherichia coli
0.00016445496,0.9998355,-1,RSME_ECOLI,4.0,Escherichia coli
0.98766416,0.012335892,-1,GLNQ_ECOLI,4.0,Escherichia coli
3.870715e-06,0.9999962,-1,RNPH_ECOBW,4.0,Escherichia coli
0.99919766,0.000802321,-1,RCSA_ECOLI,4.0,Escherichia coli
0.99783933,0.0021606209,-1,EMTA_ECOLI,4.0,Escherichia coli
8.5283864e-05,0.99991477,-1,RNH2_ECOLI,4.0,Escherichia coli
0.9979633,0.0020367508,-1,ISCR_ECOLI,4.0,Escherichia coli
0.9983127,0.0016873387,-1,RATA_ECOLI,4.0,Escherichia coli
0.9996648,0.0003352616,-1,THIO2_ECOLI,4.0,Escherichia coli
0.99509335,0.004906663,-1,TDCF_ECOLI,4.0,Escherichia coli
0.99872094,0.0012790541,-1,ISCX_ECOLI,4.0,Escherichia coli
0.99684525,0.0031547756,-1,SPFP_ECOLI,4.0,Escherichia coli
0.96353555,0.03646446,-1,RECE_ECOLI,4.0,Escherichia coli
0.9973266,0.0026734155,-1,CSTA_ECOLI,4.0,Escherichia coli
0.9859788,0.014021204,-1,HELD_ECOLI,4.0,Escherichia coli
0.998528,0.0014719266,-1,CIRA_ECOLI,4.0,Escherichia coli
0.9994616,0.0005383652,-1,HYCC_ECOLI,4.0,Escherichia coli
0.9952461,0.0047538774,-1,HYCE_ECOLI,4.0,Escherichia coli
0.9995882,0.00041177918,-1,PANF_ECOLI,4.0,Escherichia coli
0.99944705,0.00055293436,-1,FUCK_ECOLI,4.0,Escherichia coli
0.99339914,0.006600857,-1,SDHL_ECOLI,4.0,Escherichia coli
0.9988488,0.0011511473,-1,PTQC_ECOLI,4.0,Escherichia coli
0.998109,0.0018910537,-1,GLPB_ECOLI,4.0,Escherichia coli
0.99549025,0.00450978,-1,CYSA_ECOLI,4.0,Escherichia coli
0.99894816,0.001051901,-1,CYSP_ECOLI,4.0,Escherichia coli
0.99871683,0.0012831808,-1,HYCD_ECOLI,4.0,Escherichia coli
0.99857366,0.0014263137,-1,FECE_ECOLI,4.0,Escherichia coli
0.9995608,0.00043921822,-1,HYCG_ECOLI,4.0,Escherichia coli
0.9977145,0.0022854318,-1,PHNK_ECOLI,4.0,Escherichia coli
0.9997024,0.0002975366,-1,MNGR_ECOLI,4.0,Escherichia coli
0.9984377,0.0015623197,-1,PHNL_ECOLI,4.0,Escherichia coli
0.9990615,0.0009384504,-1,BETI_ECOLI,4.0,Escherichia coli
0.99874336,0.0012566815,-1,AMPD_ECOLI,4.0,Escherichia coli
0.9998091,0.00019099542,-1,HYCF_ECOLI,4.0,Escherichia coli
0.99903476,0.0009652325,-1,RIML_ECOLI,4.0,Escherichia coli
0.9984779,0.0015221346,-1,PHNG_ECOLI,4.0,Escherichia coli
0.9996891,0.0003108626,-1,PHNO_ECOLI,4.0,Escherichia coli
0.9968856,0.0031143439,-1,DPO2_ECOLI,4.0,Escherichia coli
0.9982881,0.0017119299,-1,BISC_ECOLI,4.0,Escherichia coli
0.99729484,0.002705124,-1,FHLA_ECOLI,4.0,Escherichia coli
0.9996443,0.00035572762,-1,HYFB_ECOLI,4.0,Escherichia coli
0.9989435,0.0010565396,-1,MALZ_ECOLI,4.0,Escherichia coli
0.019546578,0.9804535,-1,SYD_ECOLI,4.0,Escherichia coli
0.99899274,0.0010073124,-1,PTOCB_ECOLI,4.0,Escherichia coli
0.99879646,0.0012034692,-1,TRKG_ECOLI,4.0,Escherichia coli
0.99744785,0.0025521624,-1,PSS_ECOLI,4.0,Escherichia coli
0.9984034,0.0015966601,-1,GLTP_ECOLI,4.0,Escherichia coli
0.9955621,0.004437882,-1,RSTB_ECOLI,4.0,Escherichia coli
0.99953926,0.00046079853,-1,TNAB_ECOLI,4.0,Escherichia coli
0.99876654,0.0012334426,-1,PNCB_ECOLI,4.0,Escherichia coli
0.9995228,0.00047719158,-1,GLXK1_ECOLI,4.0,Escherichia coli
0.024772884,0.9752271,-1,MUTY_ECOLI,4.0,Escherichia coli
0.9992053,0.0007947585,-1,MGLC_ECOLI,4.0,Escherichia coli
0.99731195,0.002688129,-1,HEMH_ECOLI,4.0,Escherichia coli
0.9980843,0.0019157277,-1,ISPA_ECOLI,4.0,Escherichia coli
0.99983406,0.00016594683,-1,DMSC_ECOLI,4.0,Escherichia coli
0.9996655,0.00033453014,-1,MUKE_ECOLI,4.0,Escherichia coli
0.9963586,0.0036414117,-1,KDPE_ECOLI,4.0,Escherichia coli
0.99316156,0.0068384353,-1,KITH_ECOLI,4.0,Escherichia coli
0.99980325,0.00019673786,-1,PRIC_ECOLI,4.0,Escherichia coli
0.98659384,0.013406112,-1,PPIB_ECOLI,4.0,Escherichia coli
0.9982254,0.0017745796,-1,MRAZ_ECOLI,4.0,Escherichia coli
0.9991134,0.0008865682,-1,DCOS_ECOLI,4.0,Escherichia coli
0.99810576,0.0018941783,-1,PTRB_ECOLI,4.0,Escherichia coli
0.9925425,0.007457452,-1,LIGB_ECOLI,4.0,Escherichia coli
0.99755883,0.0024411073,-1,FLIF_ECOLI,4.0,Escherichia coli
0.9997789,0.00022104703,-1,BGLH_ECOLI,4.0,Escherichia coli
0.9978678,0.002132094,-1,RP54_ECOLI,4.0,Escherichia coli
0.9972389,0.0027611416,-1,FLID_ECOLI,4.0,Escherichia coli
0.9995328,0.00046715658,-1,ENTS_ECOLI,4.0,Escherichia coli
0.99929464,0.00070538407,-1,WAAQ_ECOLI,4.0,Escherichia coli
0.9996705,0.0003294949,-1,WAAJ_ECOLI,4.0,Escherichia coli
0.99933547,0.00066446024,-1,FEPD_ECOLI,4.0,Escherichia coli
0.99937785,0.0006220657,-1,FEPG_ECOLI,4.0,Escherichia coli
0.99968827,0.0003117444,-1,TEHA_ECOLI,4.0,Escherichia coli
0.99085695,0.009142995,-1,ACUI_ECOLI,4.0,Escherichia coli
0.9916836,0.008316345,-1,LPXM_ECOLI,4.0,Escherichia coli
0.99876994,0.0012299845,-1,MAK_ECOLI,4.0,Escherichia coli
0.9960775,0.0039225216,-1,PDXI_ECOLI,4.0,Escherichia coli
0.99879825,0.0012016984,-1,WAAZ_ECOLI,4.0,Escherichia coli
0.9984597,0.0015403002,-1,FEPC_ECOLI,4.0,Escherichia coli
0.9985012,0.0014988799,-1,YGID_ECOLI,4.0,Escherichia coli
0.9724291,0.027570903,-1,PLSC_ECOLI,4.0,Escherichia coli
0.9985644,0.0014356198,-1,END1_ECOLI,4.0,Escherichia coli
0.9974347,0.0025652996,-1,HFLD_ECOLI,4.0,Escherichia coli
0.98226607,0.017733984,-1,HPPK_ECOLI,4.0,Escherichia coli
0.9986004,0.0013995423,-1,CRL_ECOLI,4.0,Escherichia coli
0.9981317,0.00186832,-1,SCPA_ECOLI,4.0,Escherichia coli
0.876234,0.123766005,-1,OPDA_ECOLI,4.0,Escherichia coli
0.9985279,0.0014720927,-1,NARQ_ECOLI,4.0,Escherichia coli
0.9981852,0.0018147393,-1,TREC_ECOLI,4.0,Escherichia coli
0.99714893,0.0028510657,-1,EPTA_ECOLI,4.0,Escherichia coli
0.9918378,0.008162152,-1,SDHM_ECOLI,4.0,Escherichia coli
0.89956045,0.10043958,-1,GCST_ECOLI,4.0,Escherichia coli
0.9990996,0.0009003694,-1,WAAU_ECOLI,4.0,Escherichia coli
0.76006186,0.23993811,-1,PLSX_ECOLI,4.0,Escherichia coli
0.4132355,0.58676445,-1,ALR2_ECOLI,4.0,Escherichia coli
0.9858906,0.014109429,-1,DCUP_ECOLI,4.0,Escherichia coli
0.5707992,0.42920083,-1,ARGK_ECOLI,4.0,Escherichia coli
0.9097386,0.090261415,-1,LPXK_ECOLI,4.0,Escherichia coli
0.9971738,0.00282617,-1,QOR1_ECOLI,4.0,Escherichia coli
0.9514596,0.04854046,-1,MENC_ECOLI,4.0,Escherichia coli
0.038857806,0.96114224,-1,GLUQ_ECOLI,4.0,Escherichia coli
0.99946326,0.0005367364,-1,METQ_ECOLI,4.0,Escherichia coli
0.99913764,0.0008623229,-1,ARTJ_ECOLI,4.0,Escherichia coli
0.0002052694,0.9997948,-1,TRMO_ECOLI,4.0,Escherichia coli
0.9996755,0.00032447051,-1,BASR_ECOLI,4.0,Escherichia coli
0.89729035,0.10270966,-1,THIE_ECOLI,4.0,Escherichia coli
0.9949393,0.0050606686,-1,LEUD_ECOLI,4.0,Escherichia coli
0.9996679,0.0003320685,-1,CSGA_ECOLI,4.0,Escherichia coli
0.9998078,0.00019226821,-1,MARR_ECOLI,4.0,Escherichia coli
0.99980086,0.00019915181,-1,MLIC_ECOLI,4.0,Escherichia coli
0.999501,0.00049895135,-1,HTRE_ECOLI,4.0,Escherichia coli
0.75196373,0.24803631,-1,PTFX2_ECOLI,4.0,Escherichia coli
0.99781126,0.0021887964,-1,XYLS_ECOLI,4.0,Escherichia coli
0.99949265,0.000507349,-1,MDTO_ECOLI,4.0,Escherichia coli
0.9896171,0.010382963,-1,ADEC_ECOLI,4.0,Escherichia coli
0.99850607,0.0014939879,-1,ALSA_ECOLI,4.0,Escherichia coli
0.7726272,0.22737284,-1,3PASE_ECOLI,4.0,Escherichia coli
0.074381895,0.9256182,-1,INTA_ECOLI,4.0,Escherichia coli
0.99979657,0.00020343339,-1,YADC_ECOLI,4.0,Escherichia coli
0.9994942,0.0005057701,-1,SETB_ECOLI,4.0,Escherichia coli
0.99943346,0.00056653924,-1,SETA_ECOLI,4.0,Escherichia coli
0.99971396,0.0002860217,-1,CHAA_ECOLI,4.0,Escherichia coli
0.9990978,0.000902215,-1,MDTN_ECOLI,4.0,Escherichia coli
0.85230976,0.14769028,-1,YEIR_ECOLI,4.0,Escherichia coli
0.9966223,0.0033776392,-1,POTH_ECOLI,4.0,Escherichia coli
0.99971694,0.0002830094,-1,ALSK_ECOLI,4.0,Escherichia coli
0.99906534,0.00093467406,-1,SQUT_ECOLI,4.0,Escherichia coli
0.9957021,0.004297874,-1,DJLA_ECOLI,4.0,Escherichia coli
0.96689343,0.03310658,-1,DKGB_ECOLI,4.0,Escherichia coli
0.9992623,0.00073771534,-1,CSQR_ECOLI,4.0,Escherichia coli
0.99934,0.0006599328,-1,FIMC_ECOLI,4.0,Escherichia coli
0.9991196,0.0008804687,-1,YIEH_ECOLI,4.0,Escherichia coli
0.9982297,0.0017702854,-1,FSAB_ECOLI,4.0,Escherichia coli
0.99891746,0.0010825199,-1,MOBB_ECOLI,4.0,Escherichia coli
0.9998128,0.00018722797,-1,SBMC_ECOLI,4.0,Escherichia coli
0.9704644,0.029535629,-1,BGLX_ECOLI,4.0,Escherichia coli
0.9965804,0.003419542,-1,TKT2_ECOLI,4.0,Escherichia coli
0.997647,0.0023530587,-1,MQO_ECOLI,4.0,Escherichia coli
0.9978988,0.0021011143,-1,YOJI_ECOLI,4.0,Escherichia coli
0.9973658,0.0026342864,-1,PGM_ECOLI,4.0,Escherichia coli
0.9989982,0.0010017874,-1,NIKA_ECOLI,4.0,Escherichia coli
0.99752337,0.0024765958,-1,MENE_ECOLI,4.0,Escherichia coli
0.9990683,0.0009317146,-1,YEHY_ECOLI,4.0,Escherichia coli
0.62298477,0.3770152,-1,INTS_ECOLI,4.0,Escherichia coli
0.9995055,0.0004945026,-1,RIR4_ECOLI,4.0,Escherichia coli
0.9992399,0.0007601138,-1,TRER_ECOLI,4.0,Escherichia coli
0.9996482,0.0003517785,-1,NIKB_ECOLI,4.0,Escherichia coli
0.98993087,0.010069152,-1,YEHX_ECOLI,4.0,Escherichia coli
0.99673957,0.0032603864,-1,CBPA_ECOLI,4.0,Escherichia coli
0.9994367,0.00056324917,-1,NAPH_ECOLI,4.0,Escherichia coli
0.9968099,0.0031900515,-1,RLMA_ECOLI,4.0,Escherichia coli
0.9994351,0.0005648007,-1,MENH_ECOLI,4.0,Escherichia coli
0.9990828,0.00091722264,-1,MLRA_ECOLI,4.0,Escherichia coli
0.9995074,0.0004925621,-1,YEHW_ECOLI,4.0,Escherichia coli
0.9993856,0.0006143677,-1,GLAR_ECOLI,4.0,Escherichia coli
0.99811256,0.0018874318,-1,CCMA_ECOLI,4.0,Escherichia coli
0.99932647,0.00067355507,-1,TORD_ECOLI,4.0,Escherichia coli
0.9994516,0.0005483927,-1,SLP_ECOLI,4.0,Escherichia coli
0.8269683,0.17303169,-1,ASR_ECOLI,4.0,Escherichia coli
0.9953773,0.0046226475,-1,RALR_ECOLI,4.0,Escherichia coli
0.99854904,0.0014509894,-1,DGCE_ECOLI,4.0,Escherichia coli
0.99824846,0.0017515487,-1,EPTB_ECOLI,4.0,Escherichia coli
0.9989256,0.0010743017,-1,BCSE_ECOLI,4.0,Escherichia coli
0.98792773,0.012072215,-1,XYLG_ECOLI,4.0,Escherichia coli
0.99894446,0.0010554992,-1,YIAN_ECOLI,4.0,Escherichia coli
0.9993278,0.0006722943,-1,YHHS_ECOLI,4.0,Escherichia coli
0.99846435,0.0015356726,-1,MDTE_ECOLI,4.0,Escherichia coli
0.99439645,0.0056036087,-1,NORW_ECOLI,4.0,Escherichia coli
0.9996227,0.00037726475,-1,GUN_ECOLI,4.0,Escherichia coli
0.99941266,0.0005873779,-1,RMLB1_ECOLI,4.0,Escherichia coli
0.992304,0.007695894,-1,WAAF_ECOLI,4.0,Escherichia coli
0.9994018,0.0005981703,-1,WECH_ECOLI,4.0,Escherichia coli
0.9994306,0.0005694342,-1,XYLF_ECOLI,4.0,Escherichia coli
0.9991055,0.0008944643,-1,YIAO_ECOLI,4.0,Escherichia coli
0.99889743,0.0011025391,-1,GLTI_ECOLI,4.0,Escherichia coli
0.99938715,0.00061278,-1,RMLD_ECOLI,4.0,Escherichia coli
1.0280686e-05,0.99998975,-1,RLUB_ECOLI,4.0,Escherichia coli
0.9972211,0.0027789476,-1,GADX_ECOLI,4.0,Escherichia coli
0.99952376,0.0004762439,-1,PDEH_ECOLI,4.0,Escherichia coli
0.99866915,0.0013309075,-1,SGBE_ECOLI,4.0,Escherichia coli
0.9995784,0.00042156648,-1,QPTR_ECOLI,4.0,Escherichia coli
0.99903536,0.0009646147,-1,SGBH_ECOLI,4.0,Escherichia coli
0.99745125,0.0025486797,-1,YIAD_ECOLI,4.0,Escherichia coli
0.99969494,0.0003050283,-1,EAMB_ECOLI,4.0,Escherichia coli
0.9998698,0.00013017052,-1,YIAM_ECOLI,4.0,Escherichia coli
0.9983701,0.0016298549,-1,OPGB_ECOLI,4.0,Escherichia coli
0.9968855,0.0031145038,-1,ETK_ECOLI,4.0,Escherichia coli
0.9989851,0.0010149181,-1,YJHG_ECOLI,4.0,Escherichia coli
0.9986627,0.0013373393,-1,OPGD_ECOLI,4.0,Escherichia coli
0.9984067,0.0015933136,-1,GARD_ECOLI,4.0,Escherichia coli
0.99945515,0.00054485217,-1,LGOT_ECOLI,4.0,Escherichia coli
0.9989967,0.0010033136,-1,QSEC_ECOLI,4.0,Escherichia coli
0.99842644,0.0015735376,-1,GNTT_ECOLI,4.0,Escherichia coli
0.9991499,0.0008500877,-1,GSPF_ECOLI,4.0,Escherichia coli
0.95817363,0.041826338,-1,QUEG_ECOLI,4.0,Escherichia coli
0.9994518,0.0005481725,-1,ULAG_ECOLI,4.0,Escherichia coli
0.9989876,0.0010123415,-1,IDND_ECOLI,4.0,Escherichia coli
0.9367469,0.06325313,-1,EPMB_ECOLI,4.0,Escherichia coli
0.9990565,0.0009435163,-1,LGOD_ECOLI,4.0,Escherichia coli
0.99827266,0.0017272786,-1,ADHP_ECOLI,4.0,Escherichia coli
0.9993125,0.00068748585,-1,NANS_ECOLI,4.0,Escherichia coli
0.9989231,0.0010768407,-1,YTFQ_ECOLI,4.0,Escherichia coli
0.9000407,0.09995928,-1,PRMB_ECOLI,4.0,Escherichia coli
0.9995258,0.00047423344,-1,YJIE_ECOLI,4.0,Escherichia coli
0.9995803,0.0004196619,-1,BDCA_ECOLI,4.0,Escherichia coli
0.99972266,0.0002773149,-1,TORR_ECOLI,4.0,Escherichia coli
0.9982803,0.0017197431,-1,ULAF_ECOLI,4.0,Escherichia coli
0.99942577,0.0005742019,-1,BGLJ_ECOLI,4.0,Escherichia coli
0.99102026,0.008979788,-1,YTFB_ECOLI,4.0,Escherichia coli
0.9996717,0.00032833722,-1,IRAD_ECOLI,4.0,Escherichia coli
0.0047222744,0.99527776,-1,HRPA_ECOLI,4.0,Escherichia coli
0.99942243,0.0005776355,-1,YGJK_ECOLI,4.0,Escherichia coli
0.99945146,0.00054859224,-1,GSPD_ECOLI,4.0,Escherichia coli
0.9983144,0.0016855963,-1,KEFB_ECOLI,4.0,Escherichia coli
0.9965642,0.0034358648,-1,AER_ECOLI,4.0,Escherichia coli
0.99719054,0.0028094787,-1,PITB_ECOLI,4.0,Escherichia coli
0.9977106,0.0022894572,-1,UXAA_ECOLI,4.0,Escherichia coli
0.99956614,0.00043381422,-1,DLST_ECOLI,4.0,Escherichia coli
0.99941015,0.0005898832,-1,YBHC_ECOLI,4.0,Escherichia coli
0.9987919,0.0012082091,-1,TORY_ECOLI,4.0,Escherichia coli
0.9983728,0.0016272004,-1,HCXA_ECOLI,4.0,Escherichia coli
0.9986119,0.0013880188,-1,HOA_ECOLI,4.0,Escherichia coli
0.36560455,0.6343954,-1,AEEP_ECOLI,4.0,Escherichia coli
0.99949324,0.0005067195,-1,PHP_ECOLI,4.0,Escherichia coli
0.9966697,0.0033302577,-1,SFGH1_ECOLI,4.0,Escherichia coli
0.7085674,0.29143265,-1,FKBA_ECOLI,4.0,Escherichia coli
0.99984276,0.00015723854,-1,FRLD_ECOLI,4.0,Escherichia coli
0.99953353,0.00046644465,-1,SCPB_ECOLI,4.0,Escherichia coli
0.99862015,0.0013798361,-1,YCAL_ECOLI,4.0,Escherichia coli
0.9951814,0.0048186397,-1,YHHW_ECOLI,4.0,Escherichia coli
0.997421,0.0025790269,-1,NUDE_ECOLI,4.0,Escherichia coli
0.99870586,0.0012941771,-1,LUXS_ECOLI,4.0,Escherichia coli
0.997707,0.0022929648,-1,RSEC_ECOLI,4.0,Escherichia coli
0.9992712,0.0007287661,-1,TUSD_ECOLI,4.0,Escherichia coli
0.9994067,0.0005933445,-1,MZRA_ECOLI,4.0,Escherichia coli
0.99850035,0.0014996643,-1,TREF_ECOLI,4.0,Escherichia coli
0.9995079,0.00049206463,-1,EMRY_ECOLI,4.0,Escherichia coli
0.8573894,0.14261055,-1,FLII_ECOLI,4.0,Escherichia coli
0.9995679,0.00043212494,-1,MUKF_ECOLI,4.0,Escherichia coli
0.9060882,0.09391184,-1,TILS_ECOLI,4.0,Escherichia coli
0.01379399,0.986206,-1,SYH_ECOLI,4.0,Escherichia coli
0.99889284,0.0011072262,-1,EMRK_ECOLI,4.0,Escherichia coli
0.9990879,0.0009120609,-1,CAIA_ECOLI,4.0,Escherichia coli
0.994072,0.005928006,-1,HEMW_ECOLI,4.0,Escherichia coli
0.99685526,0.0031446575,-1,6PGL_ECOLI,4.0,Escherichia coli
0.9993905,0.00060950365,-1,LDHD_ECOLI,4.0,Escherichia coli
0.24918246,0.75081754,-1,RSMH_ECOLI,4.0,Escherichia coli
0.9987974,0.0012025923,-1,HIS1_ECOLI,4.0,Escherichia coli
0.9992642,0.00073577085,-1,UPPP_ECOLI,4.0,Escherichia coli
0.99912244,0.0008775067,-1,HISQ_ECOLI,4.0,Escherichia coli
0.9996125,0.00038747318,-1,CAN_ECOLI,4.0,Escherichia coli
0.9990677,0.00093229127,-1,PRP1_ECOLI,4.0,Escherichia coli
0.9995877,0.0004122397,-1,PRP2_ECOLI,4.0,Escherichia coli
0.99814117,0.0018588277,-1,KGUA_ECOLI,4.0,Escherichia coli
0.9987583,0.0012416483,-1,PLSY_ECOLI,4.0,Escherichia coli
0.99940896,0.0005910461,-1,FLAV_ECOLI,4.0,Escherichia coli
0.9978263,0.0021737476,-1,SECM_ECOLI,4.0,Escherichia coli
0.99843174,0.0015682919,-1,RISB_ECOLI,4.0,Escherichia coli
0.9053396,0.09466036,-1,RNLB_ECOLI,4.0,Escherichia coli
0.9994824,0.00051752327,-1,YMGF_ECOLI,4.0,Escherichia coli
0.99971265,0.00028727748,-1,PGAA_ECOLI,4.0,Escherichia coli
0.9942332,0.0057668183,-1,ISPE_ECOLI,4.0,Escherichia coli
0.116844624,0.88315535,-1,EUTT_ECOLI,4.0,Escherichia coli
0.7669082,0.23309176,-1,RSMJ_ECOLI,4.0,Escherichia coli
0.000121939716,0.99987805,-1,RLMB_ECOLI,4.0,Escherichia coli
0.9993143,0.0006856403,-1,GADW_ECOLI,4.0,Escherichia coli
0.9904241,0.009575838,-1,PLPHP_ECOLI,4.0,Escherichia coli
0.9984964,0.0015036258,-1,QUEE_ECOLI,4.0,Escherichia coli
0.9981964,0.0018036112,-1,APT_ECOLI,4.0,Escherichia coli
0.9993906,0.00060935086,-1,ALAE_ECOLI,4.0,Escherichia coli
0.9992329,0.0007670852,-1,HICB_ECOLI,4.0,Escherichia coli
0.9975799,0.0024202059,-1,HIGA_ECOLI,4.0,Escherichia coli
0.99968994,0.00031003743,-1,PGAD_ECOLI,4.0,Escherichia coli
0.99897873,0.0010213456,-1,GRCA_ECOLI,4.0,Escherichia coli
0.998898,0.0011019581,-1,QUED_ECOLI,4.0,Escherichia coli
0.9993593,0.000640693,-1,CUTA_ECOLI,4.0,Escherichia coli
0.99657404,0.0034260387,-1,EUTS_ECOLI,4.0,Escherichia coli
0.041287534,0.9587124,-1,HIGB_ECOLI,4.0,Escherichia coli
0.9948742,0.005125776,-1,YQJD_ECOLI,4.0,Escherichia coli
0.99919814,0.0008018368,-1,CITD_ECOLI,4.0,Escherichia coli
0.9982974,0.0017026358,-1,SDHE_ECOLI,4.0,Escherichia coli
0.00018301792,0.99981695,-1,IF1_ECOLI,4.0,Escherichia coli
0.9976069,0.0023931263,-1,RS21_ECOLI,4.0,Escherichia coli
0.999226,0.0007740249,-1,GHOT_ECOLI,4.0,Escherichia coli
0.7432704,0.25672954,-1,SRA_ECOLI,4.0,Escherichia coli
0.9993006,0.0006994072,-1,FIU_ECOLI,4.0,Escherichia coli
0.99722135,0.002778711,-1,YBIO_ECOLI,4.0,Escherichia coli
0.99948883,0.0005111853,-1,HYFR_ECOLI,4.0,Escherichia coli
0.9973647,0.0026352997,-1,GSIA_ECOLI,4.0,Escherichia coli
0.9982564,0.0017435995,-1,GSIB_ECOLI,4.0,Escherichia coli
0.9993205,0.0006795531,-1,CILA_ECOLI,4.0,Escherichia coli
0.9995622,0.00043772478,-1,ALLP_ECOLI,4.0,Escherichia coli
0.997673,0.0023269663,-1,WCAJ_ECOLI,4.0,Escherichia coli
0.9992536,0.0007463881,-1,DGCI_ECOLI,4.0,Escherichia coli
0.9998247,0.00017538166,-1,PGAC_ECOLI,4.0,Escherichia coli
0.9822187,0.017781308,-1,UBIF_ECOLI,4.0,Escherichia coli
0.7651279,0.23487215,-1,PTFAH_ECOLI,4.0,Escherichia coli
0.96704227,0.032957733,-1,HCR_ECOLI,4.0,Escherichia coli
0.9985317,0.0014682707,-1,GHRA_ECOLI,4.0,Escherichia coli
0.9990777,0.0009223608,-1,GSIC_ECOLI,4.0,Escherichia coli
0.99969697,0.00030303092,-1,RUTD_ECOLI,4.0,Escherichia coli
0.999757,0.00024302145,-1,ALLE_ECOLI,4.0,Escherichia coli
0.9992955,0.00070446334,-1,RUTB_ECOLI,4.0,Escherichia coli
0.99924684,0.0007531364,-1,YTFE_ECOLI,4.0,Escherichia coli
0.9947724,0.005227664,-1,SXY_ECOLI,4.0,Escherichia coli
0.9992599,0.0007401176,-1,YBJG_ECOLI,4.0,Escherichia coli
0.9961169,0.003883104,-1,RUTE_ECOLI,4.0,Escherichia coli
0.9953837,0.0046163644,-1,RUTF_ECOLI,4.0,Escherichia coli
0.90302086,0.09697909,-1,PTSN_ECOLI,4.0,Escherichia coli
0.99902976,0.0009703089,-1,ULAC_ECOLI,4.0,Escherichia coli
0.9976533,0.0023467245,-1,PQQU_ECOLI,4.0,Escherichia coli
0.99499655,0.0050034453,-1,DHAR_ECOLI,4.0,Escherichia coli
0.9992686,0.00073140056,-1,GGAP_ECOLI,4.0,Escherichia coli
0.9980585,0.0019414972,-1,ABGB_ECOLI,4.0,Escherichia coli
0.994292,0.0057079885,-1,PAAH_ECOLI,4.0,Escherichia coli
0.98975825,0.010241707,-1,CLSC_ECOLI,4.0,Escherichia coli
0.99672,0.0032799495,-1,PAAK_ECOLI,4.0,Escherichia coli
0.99906117,0.00093889225,-1,LOLE_ECOLI,4.0,Escherichia coli
0.9976852,0.002314841,-1,OPPD_ECOLI,4.0,Escherichia coli
0.1640133,0.8359867,-1,YCFS_ECOLI,4.0,Escherichia coli
0.9994142,0.00058581354,-1,LSRR_ECOLI,4.0,Escherichia coli
0.9988444,0.0011556344,-1,PAAX_ECOLI,4.0,Escherichia coli
0.99934345,0.0006565011,-1,DGCF_ECOLI,4.0,Escherichia coli
0.998828,0.0011720196,-1,LSRF_ECOLI,4.0,Escherichia coli
0.9993573,0.00064266403,-1,YCJR_ECOLI,4.0,Escherichia coli
0.99957377,0.00042622493,-1,TAM_ECOLI,4.0,Escherichia coli
0.99906105,0.00093894766,-1,PAAC_ECOLI,4.0,Escherichia coli
0.99882036,0.0011795739,-1,BLUR_ECOLI,4.0,Escherichia coli
0.022354713,0.9776453,-1,YCGM_ECOLI,4.0,Escherichia coli
0.0003721467,0.9996278,-1,RLUE_ECOLI,4.0,Escherichia coli
0.9996836,0.00031642636,-1,COMR_ECOLI,4.0,Escherichia coli
0.998382,0.0016179751,-1,MNAT_ECOLI,4.0,Escherichia coli
0.9991646,0.0008354377,-1,ARIR_ECOLI,4.0,Escherichia coli
0.99604744,0.0039525605,-1,SAFA_ECOLI,4.0,Escherichia coli
0.99952173,0.00047828042,-1,HICA_ECOLI,4.0,Escherichia coli
0.999613,0.00038707393,-1,YEEJ_ECOLI,4.0,Escherichia coli
0.99942017,0.00057988777,-1,MDTB_ECOLI,4.0,Escherichia coli
0.9989427,0.0010573071,-1,YEBT_ECOLI,4.0,Escherichia coli
0.9987312,0.0012688079,-1,YEEO_ECOLI,4.0,Escherichia coli
0.9989293,0.0010706594,-1,DGCJ_ECOLI,4.0,Escherichia coli
0.99329054,0.0067094797,-1,ASTD_ECOLI,4.0,Escherichia coli
0.98760635,0.012393615,-1,TRHP_ECOLI,4.0,Escherichia coli
0.99789387,0.0021062098,-1,SHIA_ECOLI,4.0,Escherichia coli
0.99814224,0.0018577486,-1,MDTA_ECOLI,4.0,Escherichia coli
0.99956065,0.00043938216,-1,NIMT_ECOLI,4.0,Escherichia coli
0.9993393,0.00066069514,-1,UDG_ECOLI,4.0,Escherichia coli
0.99884737,0.0011525935,-1,RSXD_ECOLI,4.0,Escherichia coli
0.9995042,0.00049583986,-1,DGCP_ECOLI,4.0,Escherichia coli
0.99945194,0.00054803607,-1,CMOB_ECOLI,4.0,Escherichia coli
0.9979894,0.0020105776,-1,ASTE_ECOLI,4.0,Escherichia coli
0.99919456,0.00080545025,-1,DMLR_ECOLI,4.0,Escherichia coli
0.070045546,0.92995447,-1,CHO_ECOLI,4.0,Escherichia coli
0.99892235,0.0010776679,-1,RCNA_ECOLI,4.0,Escherichia coli
0.1471262,0.85287374,-1,MEPH_ECOLI,4.0,Escherichia coli
0.99893314,0.0010668962,-1,THIM_ECOLI,4.0,Escherichia coli
0.9996039,0.00039608596,-1,PRP3_ECOLI,4.0,Escherichia coli
0.99873024,0.0012697309,-1,CMOA_ECOLI,4.0,Escherichia coli
0.99942976,0.00057016156,-1,HPRR_ECOLI,4.0,Escherichia coli
0.99971205,0.00028797073,-1,LEUE_ECOLI,4.0,Escherichia coli
0.99960345,0.00039659187,-1,MNTP_ECOLI,4.0,Escherichia coli
0.99821377,0.0017862525,-1,A2MG_ECOLI,4.0,Escherichia coli
0.9955747,0.0044252914,-1,MSCK_ECOLI,4.0,Escherichia coli
0.9974952,0.002504888,-1,KOJP_ECOLI,4.0,Escherichia coli
0.99487925,0.0051207305,-1,PDER_ECOLI,4.0,Escherichia coli
0.9992729,0.00072716887,-1,YQIK_ECOLI,4.0,Escherichia coli
0.9986518,0.0013481915,-1,ARNT_ECOLI,4.0,Escherichia coli
0.9944541,0.00554594,-1,LSRA_ECOLI,4.0,Escherichia coli
0.9992015,0.0007985473,-1,PTYBC_ECOLI,4.0,Escherichia coli
0.99829954,0.0017004951,-1,GUAD_ECOLI,4.0,Escherichia coli
0.99870217,0.0012978535,-1,ABGA_ECOLI,4.0,Escherichia coli
0.99627846,0.0037215424,-1,EUTG_ECOLI,4.0,Escherichia coli
0.9992424,0.00075758353,-1,ACOCT_ECOLI,4.0,Escherichia coli
0.9929386,0.0070614847,-1,YPDF_ECOLI,4.0,Escherichia coli
0.9996519,0.00034807538,-1,DDPB_ECOLI,4.0,Escherichia coli
0.9992711,0.0007288688,-1,YFEX_ECOLI,4.0,Escherichia coli
0.99901605,0.0009838968,-1,PGRR_ECOLI,4.0,Escherichia coli
0.9986166,0.0013833902,-1,GLXR_ECOLI,4.0,Escherichia coli
0.99968326,0.00031680398,-1,MURR_ECOLI,4.0,Escherichia coli
0.9991955,0.0008044492,-1,FETB_ECOLI,4.0,Escherichia coli
0.99959105,0.0004089339,-1,XYNR_ECOLI,4.0,Escherichia coli
0.99953926,0.00046072336,-1,OMPL_ECOLI,4.0,Escherichia coli
0.9991703,0.00082970975,-1,FETA_ECOLI,4.0,Escherichia coli
0.99719405,0.0028059378,-1,RSXG_ECOLI,4.0,Escherichia coli
0.99882716,0.0011728706,-1,RSXB_ECOLI,4.0,Escherichia coli
0.9995426,0.00045748407,-1,EPMC_ECOLI,4.0,Escherichia coli
0.871955,0.12804505,-1,PTFX1_ECOLI,4.0,Escherichia coli
0.99839157,0.0016084006,-1,YNFE_ECOLI,4.0,Escherichia coli
0.51143366,0.48856628,-1,RSXC_ECOLI,4.0,Escherichia coli
0.9963811,0.00361897,-1,MHPA_ECOLI,4.0,Escherichia coli
0.9967583,0.0032416806,-1,PRPR_ECOLI,4.0,Escherichia coli
0.98881245,0.011187629,-1,SUFB_ECOLI,4.0,Escherichia coli
0.9992761,0.0007239308,-1,YFEW_ECOLI,4.0,Escherichia coli
0.9984707,0.0015292357,-1,HCAD_ECOLI,4.0,Escherichia coli
0.9983796,0.0016203538,-1,ARNB_ECOLI,4.0,Escherichia coli
0.9993074,0.0006925635,-1,OMPN_ECOLI,4.0,Escherichia coli
0.99840397,0.0015960331,-1,ANMK_ECOLI,4.0,Escherichia coli
0.999376,0.0006239813,-1,YCJS_ECOLI,4.0,Escherichia coli
0.9991862,0.0008137166,-1,YPDE_ECOLI,4.0,Escherichia coli
0.9974778,0.0025221198,-1,OPPF_ECOLI,4.0,Escherichia coli
0.9966119,0.003388047,-1,YAJO_ECOLI,4.0,Escherichia coli
0.99920315,0.000796831,-1,ARNC_ECOLI,4.0,Escherichia coli
0.99842465,0.0015753983,-1,ACDH_ECOLI,4.0,Escherichia coli
0.9991716,0.00082837394,-1,DDPC_ECOLI,4.0,Escherichia coli
0.9996866,0.0003134198,-1,RCLR_ECOLI,4.0,Escherichia coli
0.99938405,0.0006159731,-1,FOCB_ECOLI,4.0,Escherichia coli
0.9986848,0.0013151165,-1,MHPD_ECOLI,4.0,Escherichia coli
0.9985752,0.0014248252,-1,PAAG_ECOLI,4.0,Escherichia coli
0.9971411,0.002858953,-1,YQAB_ECOLI,4.0,Escherichia coli
0.99928623,0.00071379845,-1,SUTR_ECOLI,4.0,Escherichia coli
0.9997261,0.0002738574,-1,ALLA_ECOLI,4.0,Escherichia coli
0.9983631,0.0016369795,-1,YNFF_ECOLI,4.0,Escherichia coli
0.9228211,0.077178925,-1,XDHA_ECOLI,4.0,Escherichia coli
0.9989642,0.0010357705,-1,BGLA_ECOLI,4.0,Escherichia coli
0.9981012,0.001898845,-1,GHXQ_ECOLI,4.0,Escherichia coli
0.9987294,0.0012705601,-1,GUDP_ECOLI,4.0,Escherichia coli
0.9997794,0.00022066338,-1,A0A1V1IFM5_ECOLI,3.0,Escherichia coli
0.9997818,0.00021826205,-1,A0A1V1IFN1_ECOLI,3.0,Escherichia coli
0.9997818,0.0002181967,-1,A0A1V1IFN2_ECOLI,3.0,Escherichia coli
0.99979633,0.00020369676,-1,A0A1V1IGJ0_ECOLI,3.0,Escherichia coli
1.2855863e-05,0.9999871,-1,A0A0H2UKY9_ECOLI,3.0,Escherichia coli
0.00010599185,0.999894,-1,A0A0H2UKZ0_ECOLI,3.0,Escherichia coli
0.99563557,0.004364477,-1,GPR_ECOLI,4.0,Escherichia coli
0.998844,0.0011559438,-1,TAUA_ECOLI,4.0,Escherichia coli
0.99837637,0.0016236518,-1,MMUM_ECOLI,4.0,Escherichia coli
0.9992513,0.0007486869,-1,HCAR_ECOLI,4.0,Escherichia coli
0.995265,0.004735039,-1,XDHB_ECOLI,4.0,Escherichia coli
0.9988632,0.0011368392,-1,TAUB_ECOLI,4.0,Escherichia coli
0.9964503,0.003549654,-1,A0A0J9X1X4_ECOLI,3.0,Escherichia coli
0.99911326,0.00088671606,-1,DDPX_ECOLI,4.0,Escherichia coli
0.999178,0.0008219754,-1,SSUE_ECOLI,4.0,Escherichia coli
0.9989434,0.0010566496,-1,HCAF_ECOLI,4.0,Escherichia coli
0.9923177,0.00768228,-1,LYSD_ECOLI,4.0,Escherichia coli
0.011511447,0.9884885,-1,YAFO_ECOLI,4.0,Escherichia coli
0.9977557,0.002244279,-1,UBIK_ECOLI,4.0,Escherichia coli
0.9998342,0.00016585145,-1,TORI_ECOLI,4.0,Escherichia coli
0.9985821,0.0014178777,-1,MALT_ECODH,3.0,Escherichia coli
0.9983364,0.0016636219,-1,KDPB_ECODH,3.0,Escherichia coli
0.00032730677,0.99967265,-1,SYQ_ECODH,3.0,Escherichia coli
0.9952329,0.004767108,-1,PCKA_ECODH,3.0,Escherichia coli
0.9606983,0.03930174,-1,MIAB_ECODH,3.0,Escherichia coli
0.99812645,0.001873495,-1,OTSA_ECODH,3.0,Escherichia coli
0.99977285,0.00022717005,-1,A0A1V1IGM6_ECOLI,3.0,Escherichia coli
0.99977905,0.00022093009,-1,A0A1V1IGN2_ECOLI,3.0,Escherichia coli
0.00010510544,0.99989486,-1,RSMB_ECODH,3.0,Escherichia coli
0.98723465,0.012765389,-1,SUCC_ECODH,3.0,Escherichia coli
0.996906,0.0030940338,-1,AROB_ECODH,3.0,Escherichia coli
0.9987974,0.0012025923,-1,HIS1_ECODH,3.0,Escherichia coli
0.9951159,0.004884084,-1,AROE_ECODH,3.0,Escherichia coli
0.9982179,0.0017821473,-1,NAGB_ECODH,3.0,Escherichia coli
0.9753504,0.024649628,-1,MTFA_ECODH,3.0,Escherichia coli
0.99347514,0.0065249195,-1,END8_ECODH,3.0,Escherichia coli
0.9966878,0.0033122275,-1,HIS6_ECODH,3.0,Escherichia coli
0.99968433,0.00031564536,-1,BIOH_ECODH,3.0,Escherichia coli
0.99965334,0.00034668596,-1,COBS_ECODH,3.0,Escherichia coli
0.997623,0.0023769701,-1,DCD_ECODH,3.0,Escherichia coli
0.94719255,0.05280744,-1,TSAC_ECODH,3.0,Escherichia coli
0.9994566,0.0005433881,-1,KEFG_ECODH,3.0,Escherichia coli
0.9990802,0.0009198082,-1,AROK_ECODH,3.0,Escherichia coli
0.9786063,0.021393742,-1,RLMH_ECODH,3.0,Escherichia coli
0.9962775,0.0037224726,-1,YNHF_ECOLI,3.0,Escherichia coli
0.0022733202,0.99772674,-1,SYM_ECODH,3.0,Escherichia coli
0.98473597,0.015264045,-1,UVRB_ECODH,3.0,Escherichia coli
0.9962288,0.0037712194,-1,GLGX_ECODH,3.0,Escherichia coli
0.99882215,0.0011778247,-1,HCP_ECODH,3.0,Escherichia coli
0.99850035,0.0014996572,-1,TREF_ECODH,3.0,Escherichia coli
0.98094237,0.019057602,-1,RIMO_ECODH,3.0,Escherichia coli
0.99666435,0.0033356338,-1,GLGC_ECODH,3.0,Escherichia coli
0.0044104964,0.9955895,-1,SYS_ECODH,3.0,Escherichia coli
0.99272126,0.007278706,-1,AROA_ECODH,3.0,Escherichia coli
0.9959506,0.0040494623,-1,BIOF_ECODH,3.0,Escherichia coli
0.9971073,0.0028927375,-1,SERC_ECODH,3.0,Escherichia coli
0.9737119,0.026288116,-1,BIOB_ECODH,3.0,Escherichia coli
0.9461189,0.053881094,-1,MOAA_ECODH,3.0,Escherichia coli
0.9989778,0.0010222413,-1,RIHB_ECODH,3.0,Escherichia coli
0.15168074,0.84831923,-1,RIMK_ECODH,3.0,Escherichia coli
0.9926934,0.0073065325,-1,YEGS_ECODH,3.0,Escherichia coli
0.98705053,0.012949453,-1,CDD_ECODH,3.0,Escherichia coli
0.9991221,0.00087788556,-1,GATY_ECODH,3.0,Escherichia coli
0.99893314,0.0010668942,-1,THIM_ECODH,3.0,Escherichia coli
0.9973347,0.002665319,-1,GPMA_ECODH,3.0,Escherichia coli
0.99142516,0.008574842,-1,UBIG_ECODH,3.0,Escherichia coli
0.9987419,0.0012580412,-1,LFTR_ECODH,3.0,Escherichia coli
0.99425745,0.0057425145,-1,GCH1_ECODH,3.0,Escherichia coli
0.99913245,0.0008675258,-1,DPS_ECODH,3.0,Escherichia coli
0.9979949,0.0020050672,-1,CCME_ECODH,3.0,Escherichia coli
0.9980305,0.001969537,-1,MUKB_ECODH,3.0,Escherichia coli
0.99298877,0.007011298,-1,MNMC_ECODH,3.0,Escherichia coli
0.86236745,0.13763253,-1,NUOCD_ECODH,3.0,Escherichia coli
0.9877751,0.012224947,-1,MEND_ECODH,3.0,Escherichia coli
0.9986518,0.0013481915,-1,ARNT_ECODH,3.0,Escherichia coli
0.9993407,0.0006592378,-1,RHMD_ECODH,3.0,Escherichia coli
0.9652785,0.034721553,-1,LLDD_ECODH,3.0,Escherichia coli
0.9982691,0.0017308496,-1,ARNB_ECODH,3.0,Escherichia coli
0.99603707,0.003962914,-1,PDXB_ECODH,3.0,Escherichia coli
0.9112547,0.08874535,-1,PYRD_ECODH,3.0,Escherichia coli
0.9991579,0.0008421082,-1,DLGD_ECODH,3.0,Escherichia coli
0.9967526,0.0032473772,-1,NUOH_ECODH,3.0,Escherichia coli
0.99940145,0.00059854955,-1,GHRB_ECODH,3.0,Escherichia coli
0.99920315,0.0007968298,-1,ARNC_ECODH,3.0,Escherichia coli
0.9514596,0.04854046,-1,MENC_ECODH,3.0,Escherichia coli
0.99487114,0.0051288656,-1,ACCD_ECODH,3.0,Escherichia coli
0.9992478,0.0007522635,-1,ARND_ECODH,3.0,Escherichia coli
3.011682e-05,0.99996984,-1,TRUA_ECODH,3.0,Escherichia coli
0.9804708,0.019529268,-1,RHMA_ECODH,3.0,Escherichia coli
0.9984816,0.0015184084,-1,NUOB_ECODH,3.0,Escherichia coli
0.9978011,0.0021988018,-1,5DNU_ECODH,3.0,Escherichia coli
0.99734616,0.00265379,-1,FABA_ECODH,3.0,Escherichia coli
0.9994369,0.00056306215,-1,NUOA_ECODH,3.0,Escherichia coli
0.99985325,0.0001466936,-1,ARNE_ECODH,3.0,Escherichia coli
0.998892,0.0011080292,-1,NUOK_ECODH,3.0,Escherichia coli
0.92915916,0.070840776,-1,YIDC_ECODH,3.0,Escherichia coli
0.9953967,0.0046032644,-1,ATPA_ECODH,3.0,Escherichia coli
0.9985067,0.0014932276,-1,ILVC_ECODH,3.0,Escherichia coli
0.00014502119,0.9998549,-1,SYE_ECODH,3.0,Escherichia coli
0.995704,0.00429598,-1,ATPB_ECODH,3.0,Escherichia coli
0.5597935,0.44020653,-1,MNME_ECODH,3.0,Escherichia coli
0.98509616,0.014903836,-1,FADI_ECODH,3.0,Escherichia coli
0.0017305367,0.99826944,-1,RHLB_ECODH,3.0,Escherichia coli
0.9972893,0.0027106665,-1,DGOD_ECODH,3.0,Escherichia coli
0.003058926,0.99694103,-1,AROC_ECODH,3.0,Escherichia coli
0.76006186,0.23993811,-1,PLSX_ECODH,3.0,Escherichia coli
0.99290943,0.007090619,-1,PYRC_ECODH,3.0,Escherichia coli
0.99789834,0.0021016982,-1,TDH_ECODH,3.0,Escherichia coli
0.9931666,0.006833378,-1,GPDA_ECODH,3.0,Escherichia coli
0.9985317,0.0014682686,-1,GHRA_ECODH,3.0,Escherichia coli
0.999332,0.00066791446,-1,HLDD_ECODH,3.0,Escherichia coli
0.99378246,0.0062175733,-1,MEPA_ECODH,3.0,Escherichia coli
0.73859686,0.26140308,-1,FPG_ECODH,3.0,Escherichia coli
0.99927694,0.0007231,-1,SLMA_ECODH,3.0,Escherichia coli
0.9990491,0.0009509144,-1,NQOR_ECODH,3.0,Escherichia coli
0.9953837,0.0046163644,-1,RUTF_ECODH,3.0,Escherichia coli
0.99398637,0.0060136323,-1,COAD_ECODH,3.0,Escherichia coli
0.9987826,0.0012174068,-1,DUT_ECODH,3.0,Escherichia coli
0.9995757,0.00042429386,-1,RBSD_ECODH,3.0,Escherichia coli
0.9992329,0.00076712423,-1,ATPL_ECODH,3.0,Escherichia coli
0.98902774,0.010972305,-1,METE_ECODH,3.0,Escherichia coli
0.026612211,0.9733878,-1,DNLJ_ECODH,3.0,Escherichia coli
0.99336433,0.0066357297,-1,TREA_ECODH,3.0,Escherichia coli
0.8028327,0.19716726,-1,UBIB_ECODH,3.0,Escherichia coli
0.9816891,0.018310875,-1,GUAA_ECODH,3.0,Escherichia coli
0.91337395,0.08662609,-1,HEM1_ECODH,3.0,Escherichia coli
0.9955878,0.0044121975,-1,PEPT_ECODH,3.0,Escherichia coli
0.9953471,0.004652977,-1,DAPE_ECODH,3.0,Escherichia coli
0.9935967,0.0064033056,-1,ISPG_ECODH,3.0,Escherichia coli
0.00042369607,0.9995763,-1,MNMA_ECODH,3.0,Escherichia coli
0.99936527,0.0006347268,-1,WECF_ECODH,3.0,Escherichia coli
0.95603764,0.043962404,-1,NAGZ_ECODH,3.0,Escherichia coli
0.9749307,0.025069257,-1,HEM3_ECODH,3.0,Escherichia coli
0.99850875,0.0014912459,-1,HEM6_ECODH,3.0,Escherichia coli
0.9984982,0.0015018128,-1,MURQ_ECODH,3.0,Escherichia coli
0.8970181,0.10298192,-1,XERC_ECODH,3.0,Escherichia coli
0.9986273,0.0013727334,-1,EUTC_ECODH,3.0,Escherichia coli
0.99968326,0.00031680398,-1,MURR_ECODH,3.0,Escherichia coli
0.9996834,0.00031659988,-1,PDXK_ECODH,3.0,Escherichia coli
0.9942332,0.0057668043,-1,ISPE_ECODH,3.0,Escherichia coli
0.9888263,0.011173667,-1,DAPF_ECODH,3.0,Escherichia coli
0.9947364,0.005263588,-1,UBIE_ECODH,3.0,Escherichia coli
0.995765,0.004235053,-1,UPP_ECODH,3.0,Escherichia coli
0.99783933,0.0021606209,-1,EMTA_ECODH,3.0,Escherichia coli
0.9983127,0.0016873371,-1,NUDK_ECODH,3.0,Escherichia coli
0.00013866853,0.99986136,-1,SYI_ECODH,3.0,Escherichia coli
0.9945766,0.0054233926,-1,KATG_ECODH,3.0,Escherichia coli
0.11285936,0.8871406,-1,LEPA_ECODH,3.0,Escherichia coli
0.9958139,0.0041860826,-1,MLTF_ECODH,3.0,Escherichia coli
0.99732226,0.0026777955,-1,GLPK_ECODH,3.0,Escherichia coli
0.9995441,0.00045592157,-1,RHAB_ECODH,3.0,Escherichia coli
0.13267995,0.86732,-1,HSLU_ECODH,3.0,Escherichia coli
0.9966413,0.0033586926,-1,PEPB_ECODH,3.0,Escherichia coli
0.99857163,0.001428371,-1,RHAA_ECODH,3.0,Escherichia coli
0.9950557,0.004944351,-1,GLYA_ECODH,3.0,Escherichia coli
0.9977406,0.002259402,-1,ISCS_ECODH,3.0,Escherichia coli
0.9979559,0.0020440307,-1,ARGE_ECODH,3.0,Escherichia coli
0.9864269,0.013573088,-1,DNAJ_ECODH,3.0,Escherichia coli
0.99840194,0.001598025,-1,RODZ_ECODH,3.0,Escherichia coli
0.99859565,0.0014043769,-1,PFKA_ECODH,3.0,Escherichia coli
1.3308686e-05,0.99998665,-1,ERA_ECODH,3.0,Escherichia coli
0.9987355,0.0012645044,-1,FIEF_ECODH,3.0,Escherichia coli
0.99923956,0.0007604967,-1,RHAD_ECODH,3.0,Escherichia coli
0.99989843,0.000101593316,-1,HCAB_ECODH,3.0,Escherichia coli
0.993576,0.0064239744,-1,ARGB_ECODH,3.0,Escherichia coli
2.2126513e-05,0.9999778,-1,RNC_ECODH,3.0,Escherichia coli
0.9951977,0.0048022466,-1,HSLV_ECODH,3.0,Escherichia coli
8.855615e-05,0.9999114,-1,DTD_ECODH,3.0,Escherichia coli
0.994905,0.0050950353,-1,NDK_ECODH,3.0,Escherichia coli
0.9995524,0.00044751863,-1,RHAM_ECODH,3.0,Escherichia coli
0.98658645,0.013413608,-1,RPOC_ECODH,3.0,Escherichia coli
0.86800104,0.1319989,-1,RPOB_ECODH,3.0,Escherichia coli
0.9895159,0.010484095,-1,THIC_ECODH,3.0,Escherichia coli
0.99580824,0.004191708,-1,ACEK_ECODH,3.0,Escherichia coli
0.99726117,0.002738856,-1,G6PI_ECODH,3.0,Escherichia coli
0.9942978,0.0057022567,-1,PUR9_ECODH,3.0,Escherichia coli
0.99858606,0.0014139405,-1,CAIC_ECODH,3.0,Escherichia coli
0.9993612,0.00063880684,-1,LAMB_ECODH,3.0,Escherichia coli
0.9995591,0.00044086503,-1,CAIB_ECODH,3.0,Escherichia coli
0.91626406,0.08373593,-1,TRMA_ECODH,3.0,Escherichia coli
0.9858906,0.014109429,-1,DCUP_ECODH,3.0,Escherichia coli
0.9986273,0.0013726569,-1,ISPH_ECODH,3.0,Escherichia coli
0.9994137,0.0005862615,-1,MHPB_ECODH,3.0,Escherichia coli
0.99943095,0.00056896324,-1,METAS_ECODH,3.0,Escherichia coli
0.98715115,0.0128488615,-1,NADK_ECODH,3.0,Escherichia coli
0.9946095,0.0053904876,-1,UBIA_ECODH,3.0,Escherichia coli
0.9991154,0.0008845507,-1,MHPC_ECODH,3.0,Escherichia coli
0.99789846,0.0021015091,-1,DAPB_ECODH,3.0,Escherichia coli
0.99867576,0.0013242093,-1,NUDC_ECODH,3.0,Escherichia coli
0.9958839,0.0041161114,-1,THIG_ECODH,3.0,Escherichia coli
0.998331,0.0016689824,-1,PYRF_ECODH,3.0,Escherichia coli
0.9663116,0.033688415,-1,NFI_ECODH,3.0,Escherichia coli
0.99036866,0.009631342,-1,LEXA_ECODH,3.0,Escherichia coli
0.9980877,0.0019122972,-1,RIBA_ECODH,3.0,Escherichia coli
0.9991609,0.00083912566,-1,LSPA_ECODH,3.0,Escherichia coli
0.9925553,0.0074446867,-1,SECA_ECODH,3.0,Escherichia coli
0.0003735582,0.9996264,-1,SYA_ECODH,3.0,Escherichia coli
0.99844295,0.0015571129,-1,KEFC_ECODH,3.0,Escherichia coli
0.99264115,0.007358884,-1,NORR_ECODH,3.0,Escherichia coli
0.9861968,0.013803125,-1,MURC_ECODH,3.0,Escherichia coli
0.99935335,0.00064666907,-1,NORV_ECODH,3.0,Escherichia coli
0.9943963,0.005603624,-1,NORW_ECODH,3.0,Escherichia coli
0.9954904,0.0045096884,-1,MRAY_ECODH,3.0,Escherichia coli
0.99501425,0.004985746,-1,MURG_ECODH,3.0,Escherichia coli
0.0026292885,0.9973707,-1,TRUD_ECODH,3.0,Escherichia coli
0.9973016,0.0026983374,-1,GUAC_ECODH,3.0,Escherichia coli
0.99498415,0.0050157974,-1,PDXA_ECODH,3.0,Escherichia coli
0.014123722,0.98587626,-1,TTCA_ECODH,3.0,Escherichia coli
0.11001785,0.88998216,-1,LPXC_ECODH,3.0,Escherichia coli
0.99609226,0.0039077867,-1,SPEE_ECODH,3.0,Escherichia coli
0.059484467,0.94051546,-1,PANC_ECODH,3.0,Escherichia coli
6.389047e-05,0.9999361,-1,RSMA_ECODH,3.0,Escherichia coli
0.99908304,0.00091697834,-1,SPED_ECODH,3.0,Escherichia coli
0.9973832,0.0026167587,-1,PANB_ECODH,3.0,Escherichia coli
0.5522077,0.4477923,-1,SURE_ECODH,3.0,Escherichia coli
0.87981,0.12019,-1,PIMT_ECODH,3.0,Escherichia coli
0.99852645,0.0014735409,-1,CYSC_ECODH,3.0,Escherichia coli
0.9991602,0.00083981594,-1,KEFF_ECODH,3.0,Escherichia coli
0.98557854,0.014421498,-1,ISPF_ECODH,3.0,Escherichia coli
0.99693894,0.0030610238,-1,PAND_ECODH,3.0,Escherichia coli
0.98950154,0.01049852,-1,GLND_ECODH,3.0,Escherichia coli
0.84327507,0.15672491,-1,AAS_ECODH,3.0,Escherichia coli
0.9992131,0.00078691536,-1,FUCI_ECODH,3.0,Escherichia coli
0.9933995,0.0066005,-1,CH60_ECODH,3.0,Escherichia coli
0.99877876,0.0012212407,-1,NRFA_ECODH,3.0,Escherichia coli
0.0506496,0.94935036,-1,CYSN_ECODH,3.0,Escherichia coli
0.9960978,0.003902163,-1,ABDH_ECODH,3.0,Escherichia coli
0.9990538,0.0009462798,-1,CLCA_ECODH,3.0,Escherichia coli
0.99674857,0.0032514234,-1,ENO_ECODH,3.0,Escherichia coli
0.9979475,0.0020525518,-1,GSA_ECODH,3.0,Escherichia coli
0.006873897,0.99312603,-1,RLMM_ECODH,3.0,Escherichia coli
0.00024401078,0.99975604,-1,RSGA_ECODH,3.0,Escherichia coli
0.062810026,0.93719006,-1,EPMA_ECODH,3.0,Escherichia coli
0.9940949,0.0059051597,-1,PSD_ECODH,3.0,Escherichia coli
0.996472,0.0035280238,-1,ACCA_ECODH,3.0,Escherichia coli
0.6866061,0.3133939,-1,MIAA_ECODH,3.0,Escherichia coli
0.9968695,0.003130552,-1,QUEF_ECODH,3.0,Escherichia coli
0.28174922,0.71825075,-1,XNI_ECODH,3.0,Escherichia coli
0.9870187,0.012981312,-1,CYSH_ECODH,3.0,Escherichia coli
0.99905807,0.0009419822,-1,MTNN_ECODH,3.0,Escherichia coli
8.528403e-05,0.99991477,-1,RNH2_ECODH,3.0,Escherichia coli
0.9986234,0.0013766178,-1,GMHA_ECODH,3.0,Escherichia coli
0.9981812,0.0018187421,-1,RNH_ECODH,3.0,Escherichia coli
0.9964474,0.003552695,-1,FABZ_ECODH,3.0,Escherichia coli
0.999446,0.0005539849,-1,FUCM_ECODH,3.0,Escherichia coli
0.99444985,0.005550117,-1,DXS_ECODH,3.0,Escherichia coli
0.9967803,0.0032197135,-1,MAO1_ECODH,3.0,Escherichia coli
0.9947412,0.0052587744,-1,BETA_ECODH,3.0,Escherichia coli
0.9409799,0.059020117,-1,AMPA_ECODH,3.0,Escherichia coli
0.9976017,0.0023983645,-1,BETB_ECODH,3.0,Escherichia coli
0.9966839,0.0033161086,-1,PHYDA_ECODH,3.0,Escherichia coli
0.99424803,0.005751918,-1,PURA_ECODH,3.0,Escherichia coli
0.9970534,0.0029465759,-1,DEOB_ECODH,3.0,Escherichia coli
0.9930663,0.006933652,-1,METK_ECODH,3.0,Escherichia coli
0.9797079,0.020292113,-1,TGT_ECODH,3.0,Escherichia coli
0.0002768544,0.99972314,-1,PROB_ECODH,3.0,Escherichia coli
0.99041766,0.009582349,-1,MLTC_ECODH,3.0,Escherichia coli
0.8859172,0.11408283,-1,E4PD_ECODH,3.0,Escherichia coli
0.9964941,0.003505925,-1,ADD_ECODH,3.0,Escherichia coli
0.9991793,0.000820695,-1,F16PA_ECODH,3.0,Escherichia coli
0.998139,0.0018609468,-1,PYRB_ECODH,3.0,Escherichia coli
0.9996455,0.00035452135,-1,KDUI_ECODH,3.0,Escherichia coli
0.9977361,0.002263888,-1,DEOC_ECODH,3.0,Escherichia coli
0.9982803,0.0017197366,-1,ULAF_ECODH,3.0,Escherichia coli
0.98456407,0.015435896,-1,RPIA_ECODH,3.0,Escherichia coli
0.99900925,0.0009906607,-1,ULAD_ECODH,3.0,Escherichia coli
0.99882716,0.0011728706,-1,RSXB_ECODH,3.0,Escherichia coli
0.9990227,0.000977255,-1,IDI_ECODH,3.0,Escherichia coli
0.99922013,0.00077989994,-1,AROL_ECODH,3.0,Escherichia coli
0.99843174,0.0015682919,-1,RISB_ECODH,3.0,Escherichia coli
0.996669,0.003330962,-1,GLNE_ECODH,3.0,Escherichia coli
0.51143366,0.48856628,-1,RSXC_ECODH,3.0,Escherichia coli
0.9980141,0.0019859353,-1,SELO_ECODH,3.0,Escherichia coli
0.5608925,0.4391074,-1,TIG_ECODH,3.0,Escherichia coli
0.9937263,0.0062737605,-1,CLPX_ECODH,3.0,Escherichia coli
4.8679012e-05,0.99995136,-1,SYY_ECODH,3.0,Escherichia coli
0.004108405,0.9958916,-1,CCA_ECODH,3.0,Escherichia coli
0.99832886,0.0016711743,-1,SUFS_ECODH,3.0,Escherichia coli
0.99840397,0.0015960331,-1,ANMK_ECODH,3.0,Escherichia coli
0.9417817,0.058218293,-1,SELU_ECODH,3.0,Escherichia coli
0.6199683,0.3800317,-1,LPLA_ECODH,3.0,Escherichia coli
0.0001996846,0.9998004,-1,SYFA_ECODH,3.0,Escherichia coli
0.99731195,0.002688129,-1,HEMH_ECODH,3.0,Escherichia coli
0.99758935,0.002410698,-1,CYOE_ECODH,3.0,Escherichia coli
0.9975776,0.002422422,-1,YDIB_ECODH,3.0,Escherichia coli
0.99469274,0.005307234,-1,PSRP_ECODH,3.0,Escherichia coli
0.99812835,0.0018716485,-1,AROD_ECODH,3.0,Escherichia coli
0.9985796,0.0014203942,-1,BTUD_ECODH,3.0,Escherichia coli
0.9991141,0.00088589435,-1,DEOD_ECODH,3.0,Escherichia coli
0.9959234,0.0040766513,-1,QUEC_ECODH,3.0,Escherichia coli
0.4951928,0.5048072,-1,PDXH_ECODH,3.0,Escherichia coli
0.99680054,0.0031994083,-1,RIBB_ECODH,3.0,Escherichia coli
0.99598783,0.0040122042,-1,KAD_ECODH,3.0,Escherichia coli
0.99874866,0.0012513746,-1,NCPP_ECODH,3.0,Escherichia coli
0.9997261,0.00027385794,-1,ALLA_ECODH,3.0,Escherichia coli
0.001738502,0.9982615,-1,IF2_ECODH,3.0,Escherichia coli
7.66368e-06,0.9999924,-1,PNP_ECODH,3.0,Escherichia coli
1.381053e-05,0.9999862,-1,SYT_ECODH,3.0,Escherichia coli
0.019546704,0.98045325,-1,SYD_ECODH,3.0,Escherichia coli
0.99329054,0.0067094797,-1,ASTD_ECODH,3.0,Escherichia coli
0.9986739,0.0013260766,-1,ALLB_ECODH,3.0,Escherichia coli
0.9943011,0.0056988774,-1,ASSY_ECODH,3.0,Escherichia coli
0.9969896,0.0030104006,-1,ASTC_ECODH,3.0,Escherichia coli
0.30166975,0.6983302,-1,PURT_ECODH,3.0,Escherichia coli
0.04269255,0.9573075,-1,OBG_ECODH,3.0,Escherichia coli
0.99775547,0.002244544,-1,TSAD_ECODH,3.0,Escherichia coli
0.9966048,0.0033951614,-1,RUVB_ECODH,3.0,Escherichia coli
0.9979894,0.0020105776,-1,ASTE_ECODH,3.0,Escherichia coli
0.9936632,0.006336838,-1,FOLD_ECODH,3.0,Escherichia coli
0.99897265,0.0010273111,-1,KBAY_ECODH,3.0,Escherichia coli
0.9988206,0.0011793182,-1,NADE_ECODH,3.0,Escherichia coli
0.9992642,0.00073577085,-1,UPPP_ECODH,3.0,Escherichia coli
0.9965186,0.0034814388,-1,GARL_ECODH,3.0,Escherichia coli
0.99942267,0.0005773451,-1,CHBG_ECODH,3.0,Escherichia coli
0.93661815,0.06338183,-1,MTGA_ECODH,3.0,Escherichia coli
0.99909246,0.0009075679,-1,LPXH_ECODH,3.0,Escherichia coli
0.00079959084,0.9992004,-1,RLME_ECODH,3.0,Escherichia coli
0.9987583,0.0012416483,-1,PLSY_ECODH,3.0,Escherichia coli
0.94258344,0.057416562,-1,RUVA_ECODH,3.0,Escherichia coli
0.9194216,0.08057837,-1,RUVC_ECODH,3.0,Escherichia coli
0.99464756,0.0053524226,-1,B8LFD6_ECOLI,3.0,Escherichia coli
0.9807835,0.019216502,-1,RAPA_ECOBW,3.0,Escherichia coli
0.00013866853,0.99986136,-1,SYI_ECOBW,3.0,Escherichia coli
0.99844295,0.0015571129,-1,KEFC_ECOBW,3.0,Escherichia coli
0.97970337,0.020296624,-1,LEU1_ECOBW,3.0,Escherichia coli
0.99858606,0.0014139371,-1,CAIC_ECOBW,3.0,Escherichia coli
0.9873645,0.012635547,-1,LEUC_ECOBW,3.0,Escherichia coli
0.004410501,0.9955895,-1,SYS_ECOBW,3.0,Escherichia coli
0.99272126,0.007278727,-1,AROA_ECOBW,3.0,Escherichia coli
0.9995591,0.00044086503,-1,CAIB_ECOBW,3.0,Escherichia coli
0.9882067,0.0117933145,-1,DNAJ_ECOBW,3.0,Escherichia coli
0.9971073,0.0028927375,-1,SERC_ECOBW,3.0,Escherichia coli
0.99498415,0.005015831,-1,PDXA_ECOBW,3.0,Escherichia coli
0.9986273,0.0013726569,-1,ISPH_ECOBW,3.0,Escherichia coli
0.999132,0.00086808106,-1,NANA_ECODH,3.0,Escherichia coli
0.9995091,0.0004908995,-1,NANK_ECODH,3.0,Escherichia coli
0.99789846,0.0021015091,-1,DAPB_ECOBW,3.0,Escherichia coli
6.389028e-05,0.9999361,-1,RSMA_ECOBW,3.0,Escherichia coli
0.9987419,0.0012580412,-1,LFTR_ECOBW,3.0,Escherichia coli
0.9991602,0.00083981594,-1,KEFF_ECOBW,3.0,Escherichia coli
0.9991609,0.00083912443,-1,LSPA_ECOBW,3.0,Escherichia coli
0.98805827,0.011941671,-1,IBSA_ECOLI,3.0,Escherichia coli
0.9716474,0.028352644,-1,IBSC_ECOLI,3.0,Escherichia coli
0.97665066,0.0233493,-1,IBSD_ECOLI,3.0,Escherichia coli
0.9854929,0.014507068,-1,IBSE_ECOLI,3.0,Escherichia coli
0.9980305,0.001969537,-1,MUKB_ECOBW,3.0,Escherichia coli
0.996669,0.003330962,-1,GLNE_ECOBW,3.0,Escherichia coli
0.019546704,0.98045325,-1,SYD_ECOBW,3.0,Escherichia coli
0.9974375,0.002562495,-1,PAT_ECOBW,3.0,Escherichia coli
0.99424803,0.005751918,-1,PURA_ECOBW,3.0,Escherichia coli
0.004108405,0.9958916,-1,CCA_ECOBW,3.0,Escherichia coli
0.99775547,0.0022445398,-1,TSAD_ECOBW,3.0,Escherichia coli
0.9112548,0.08874519,-1,PYRD_ECOBW,3.0,Escherichia coli
0.9966048,0.0033951777,-1,RUVB_ECOBW,3.0,Escherichia coli
0.9093205,0.09067953,-1,MSRP_ECOBW,3.0,Escherichia coli
0.6866061,0.3133939,-1,MIAA_ECOBW,3.0,Escherichia coli
0.99897265,0.0010273111,-1,KBAY_ECOBW,3.0,Escherichia coli
0.9992642,0.00073577085,-1,UPPP_ECOBW,3.0,Escherichia coli
0.9753504,0.024649628,-1,MTFA_ECOBW,3.0,Escherichia coli
0.9965186,0.0034814388,-1,GARL_ECOBW,3.0,Escherichia coli
0.99965334,0.0003466865,-1,COBS_ECOBW,3.0,Escherichia coli
0.9982803,0.0017197431,-1,ULAF_ECOBW,3.0,Escherichia coli
0.99680054,0.003199407,-1,RIBB_ECOBW,3.0,Escherichia coli
0.99900925,0.0009906612,-1,ULAD_ECOBW,3.0,Escherichia coli
0.9987583,0.0012416483,-1,PLSY_ECOBW,3.0,Escherichia coli
0.94258344,0.057416562,-1,RUVA_ECOBW,3.0,Escherichia coli
0.9990491,0.0009509144,-1,NQOR_ECOBW,3.0,Escherichia coli
0.9194216,0.08057837,-1,RUVC_ECOBW,3.0,Escherichia coli
0.99734616,0.00265379,-1,FABA_ECOBW,3.0,Escherichia coli
0.9953837,0.0046163644,-1,RUTF_ECOBW,3.0,Escherichia coli
0.9925553,0.0074446867,-1,SECA_ECOBW,3.0,Escherichia coli
0.98950154,0.0104985,-1,GLND_ECOBW,3.0,Escherichia coli
0.9861968,0.013803125,-1,MURC_ECOBW,3.0,Escherichia coli
0.9990538,0.0009462798,-1,CLCA_ECOBW,3.0,Escherichia coli
0.9979475,0.002052547,-1,GSA_ECOBW,3.0,Escherichia coli
0.9954904,0.004509697,-1,MRAY_ECOBW,3.0,Escherichia coli
0.7600621,0.23993787,-1,PLSX_ECOBW,3.0,Escherichia coli
0.99501425,0.004985746,-1,MURG_ECOBW,3.0,Escherichia coli
0.99290943,0.007090619,-1,PYRC_ECOBW,3.0,Escherichia coli
0.9973016,0.0026983374,-1,GUAC_ECOBW,3.0,Escherichia coli
0.996472,0.0035280238,-1,ACCA_ECOBW,3.0,Escherichia coli
0.9985317,0.0014682686,-1,GHRA_ECOBW,3.0,Escherichia coli
0.998139,0.0018609468,-1,PYRB_ECOBW,3.0,Escherichia coli
0.11001785,0.88998216,-1,LPXC_ECOBW,3.0,Escherichia coli
0.99609226,0.0039077867,-1,SPEE_ECOBW,3.0,Escherichia coli
0.059484467,0.94051546,-1,PANC_ECOBW,3.0,Escherichia coli
0.8555264,0.14447366,-1,DAPD_ECOBW,3.0,Escherichia coli
0.99908304,0.00091697834,-1,SPED_ECOBW,3.0,Escherichia coli
0.9973832,0.0026167599,-1,PANB_ECOBW,3.0,Escherichia coli
0.99905807,0.0009419822,-1,MTNN_ECOBW,3.0,Escherichia coli
8.528321e-05,0.99991477,-1,RNH2_ECOBW,3.0,Escherichia coli
0.9986234,0.0013766192,-1,GMHA_ECOBW,3.0,Escherichia coli
0.9981812,0.0018187438,-1,RNH_ECOBW,3.0,Escherichia coli
0.9964474,0.0035526967,-1,FABZ_ECOBW,3.0,Escherichia coli
0.99693894,0.0030610326,-1,PAND_ECOBW,3.0,Escherichia coli
0.001738502,0.9982615,-1,IF2_ECOBW,3.0,Escherichia coli
7.66368e-06,0.9999924,-1,PNP_ECOBW,3.0,Escherichia coli
0.0022733193,0.99772674,-1,SYM_ECOBW,3.0,Escherichia coli
0.9943011,0.005698883,-1,ASSY_ECOBW,3.0,Escherichia coli
0.99524164,0.0047584013,-1,MURA_ECOBW,3.0,Escherichia coli
0.9955878,0.0044121975,-1,PEPT_ECOBW,3.0,Escherichia coli
0.9970534,0.0029465675,-1,DEOB_ECOBW,3.0,Escherichia coli
0.00027685284,0.99972314,-1,PROB_ECOBW,3.0,Escherichia coli
0.95603764,0.043962404,-1,NAGZ_ECOBW,3.0,Escherichia coli
0.6199606,0.38003933,-1,LPLA_ECOBW,3.0,Escherichia coli
0.9987974,0.0012025923,-1,HIS1_ECOBW,3.0,Escherichia coli
0.9926934,0.0073065325,-1,YEGS_ECOBW,3.0,Escherichia coli
0.999132,0.00086808106,-1,NANA_ECOBW,3.0,Escherichia coli
0.98705053,0.012949453,-1,CDD_ECOBW,3.0,Escherichia coli
0.9988055,0.0011944581,-1,NLPI_ECOBW,3.0,Escherichia coli
0.9995091,0.0004908995,-1,NANK_ECOBW,3.0,Escherichia coli
0.9991221,0.00087788556,-1,GATY_ECOBW,3.0,Escherichia coli
0.99893314,0.0010668962,-1,THIM_ECOBW,3.0,Escherichia coli
0.9977361,0.002263888,-1,DEOC_ECOBW,3.0,Escherichia coli
0.9966878,0.0033122275,-1,HIS6_ECOBW,3.0,Escherichia coli
0.9366184,0.06338164,-1,MTGA_ECOBW,3.0,Escherichia coli
0.9991141,0.00088589184,-1,DEOD_ECOBW,3.0,Escherichia coli
0.0007995951,0.9992004,-1,RLME_ECOBW,3.0,Escherichia coli
0.997623,0.0023769701,-1,DCD_ECOBW,3.0,Escherichia coli
0.99874866,0.001251368,-1,NCPP_ECOBW,3.0,Escherichia coli
0.99444985,0.005550117,-1,DXS_ECOBW,3.0,Escherichia coli
0.9933642,0.0066357483,-1,TREA_ECOBW,3.0,Escherichia coli
0.9877751,0.012224936,-1,MEND_ECOBW,3.0,Escherichia coli
0.5608925,0.4391074,-1,TIG_ECOBW,3.0,Escherichia coli
0.9937263,0.0062737605,-1,CLPX_ECOBW,3.0,Escherichia coli
0.91337395,0.08662609,-1,HEM1_ECOBW,3.0,Escherichia coli
0.9993407,0.0006592378,-1,RHMD_ECOBW,3.0,Escherichia coli
0.9982691,0.0017308496,-1,ARNB_ECOBW,3.0,Escherichia coli
0.9797078,0.020292148,-1,TGT_ECOBW,3.0,Escherichia coli
0.99920315,0.0007968298,-1,ARNC_ECOBW,3.0,Escherichia coli
0.9514596,0.04854046,-1,MENC_ECOBW,3.0,Escherichia coli
0.99842465,0.0015753983,-1,ACDH_ECOBW,3.0,Escherichia coli
0.9989778,0.0010222413,-1,RIHB_ECOBW,3.0,Escherichia coli
0.99832326,0.0016767397,-1,RBN_ECOBW,3.0,Escherichia coli
0.9942332,0.0057668043,-1,ISPE_ECOBW,3.0,Escherichia coli
0.9804708,0.019529268,-1,RHMA_ECOBW,3.0,Escherichia coli
0.998331,0.0016689824,-1,PYRF_ECOBW,3.0,Escherichia coli
0.99142516,0.008574842,-1,UBIG_ECOBW,3.0,Escherichia coli
0.9959234,0.0040766513,-1,QUEC_ECOBW,3.0,Escherichia coli
0.99425745,0.0057425145,-1,GCH1_ECOBW,3.0,Escherichia coli
0.99783933,0.0021606209,-1,EMTA_ECOBW,3.0,Escherichia coli
0.9980877,0.0019123026,-1,RIBA_ECOBW,3.0,Escherichia coli
0.99922013,0.00077990367,-1,AROL_ECOBW,3.0,Escherichia coli
0.9979949,0.0020050702,-1,CCME_ECOBW,3.0,Escherichia coli
0.99843174,0.0015682919,-1,RISB_ECOBW,3.0,Escherichia coli
0.9952329,0.0047670845,-1,PCKA_ECOBW,3.0,Escherichia coli
0.9992737,0.00072634016,-1,NUON_ECOBW,3.0,Escherichia coli
0.9960978,0.0039021717,-1,ABDH_ECOBW,3.0,Escherichia coli
0.9986739,0.0013260766,-1,ALLB_ECOBW,3.0,Escherichia coli
0.98509616,0.014903836,-1,FADI_ECOBW,3.0,Escherichia coli
0.000105105944,0.99989486,-1,RSMB_ECOBW,3.0,Escherichia coli
0.99603707,0.003962914,-1,PDXB_ECOBW,3.0,Escherichia coli
0.9417817,0.058218334,-1,SELU_ECOBW,3.0,Escherichia coli
0.996906,0.0030940296,-1,AROB_ECOBW,3.0,Escherichia coli
0.003058926,0.99694103,-1,AROC_ECOBW,3.0,Escherichia coli
0.9967526,0.0032473772,-1,NUOH_ECOBW,3.0,Escherichia coli
0.99731195,0.002688129,-1,HEMH_ECOBW,3.0,Escherichia coli
0.014123722,0.98587626,-1,TTCA_ECOBW,3.0,Escherichia coli
0.9936632,0.006336838,-1,FOLD_ECOBW,3.0,Escherichia coli
0.9996834,0.00031659988,-1,PDXK_ECOBW,3.0,Escherichia coli
0.99378246,0.0062175733,-1,MEPA_ECOBW,3.0,Escherichia coli
0.9951159,0.004884084,-1,AROE_ECOBW,3.0,Escherichia coli
3.011682e-05,0.99996984,-1,TRUA_ECOBW,3.0,Escherichia coli
0.99968433,0.00031564536,-1,BIOH_ECOBW,3.0,Escherichia coli
0.99909246,0.0009075679,-1,LPXH_ECOBW,3.0,Escherichia coli
0.9984816,0.0015184084,-1,NUOB_ECOBW,3.0,Escherichia coli
0.99598783,0.0040121945,-1,KAD_ECOBW,3.0,Escherichia coli
0.9978011,0.0021988018,-1,5DNU_ECOBW,3.0,Escherichia coli
0.9994566,0.0005433865,-1,KEFG_ECOBW,3.0,Escherichia coli
0.998892,0.0011080292,-1,NUOK_ECOBW,3.0,Escherichia coli
0.9985821,0.0014178777,-1,MALT_ECOBW,3.0,Escherichia coli
0.9983364,0.0016636219,-1,KDPB_ECOBW,3.0,Escherichia coli
0.9962288,0.0037712194,-1,GLGX_ECOBW,3.0,Escherichia coli
0.9967803,0.003219724,-1,MAO1_ECOBW,3.0,Escherichia coli
0.00032730677,0.99967265,-1,SYQ_ECOBW,3.0,Escherichia coli
0.99850035,0.0014996572,-1,TREF_ECOBW,3.0,Escherichia coli
0.9816892,0.018310769,-1,GUAA_ECOBW,3.0,Escherichia coli
0.99666435,0.0033356338,-1,GLGC_ECOBW,3.0,Escherichia coli
0.9966413,0.003358688,-1,PEPB_ECOBW,3.0,Escherichia coli
0.9977406,0.0022594011,-1,ISCS_ECOBW,3.0,Escherichia coli
0.98723465,0.01276534,-1,SUCC_ECOBW,3.0,Escherichia coli
0.9953471,0.004652981,-1,DAPE_ECOBW,3.0,Escherichia coli
0.9935967,0.0064032595,-1,ISPG_ECOBW,3.0,Escherichia coli
0.99840194,0.0015980265,-1,RODZ_ECOBW,3.0,Escherichia coli
0.9911506,0.008849429,-1,LIPA_ECOBW,3.0,Escherichia coli
0.99850875,0.0014912518,-1,HEM6_ECOBW,3.0,Escherichia coli
0.9984982,0.0015018071,-1,MURQ_ECOBW,3.0,Escherichia coli
0.9986273,0.0013727471,-1,EUTC_ECOBW,3.0,Escherichia coli
0.99968326,0.0003168037,-1,MURR_ECOBW,3.0,Escherichia coli
0.99989843,0.000101593316,-1,HCAB_ECOBW,3.0,Escherichia coli
0.9982179,0.0017821464,-1,NAGB_ECOBW,3.0,Escherichia coli
0.99347514,0.0065248827,-1,END8_ECOBW,3.0,Escherichia coli
0.99442506,0.005574964,-1,LIPB_ECOBW,3.0,Escherichia coli
0.995765,0.004235053,-1,UPP_ECOBW,3.0,Escherichia coli
0.994905,0.0050950353,-1,NDK_ECOBW,3.0,Escherichia coli
0.5114377,0.4885622,-1,RSXC_ECOBW,3.0,Escherichia coli
0.98473597,0.015264045,-1,UVRB_ECOBW,3.0,Escherichia coli
0.99882215,0.0011778247,-1,HCP_ECOBW,3.0,Escherichia coli
0.044638902,0.95536107,-1,SELA_ECOBW,3.0,Escherichia coli
4.8679012e-05,0.99995136,-1,SYY_ECOBW,3.0,Escherichia coli
0.9950557,0.0049443343,-1,GLYA_ECOBW,3.0,Escherichia coli
0.9652785,0.034721553,-1,LLDD_ECOBW,3.0,Escherichia coli
0.99657637,0.003423566,-1,GAL1_ECOBW,3.0,Escherichia coli
0.99840397,0.001596037,-1,ANMK_ECOBW,3.0,Escherichia coli
0.99789834,0.0021016982,-1,TDH_ECOBW,3.0,Escherichia coli
0.9931666,0.006833378,-1,GPDA_ECOBW,3.0,Escherichia coli
0.9964941,0.0035059317,-1,ADD_ECOBW,3.0,Escherichia coli
0.9991579,0.0008421082,-1,DLGD_ECOBW,3.0,Escherichia coli
0.946119,0.05388097,-1,MOAA_ECOBW,3.0,Escherichia coli
0.99940145,0.00059854955,-1,GHRB_ECOBW,3.0,Escherichia coli
0.999332,0.00066791446,-1,HLDD_ECOBW,3.0,Escherichia coli
0.15168074,0.84831923,-1,RIMK_ECOBW,3.0,Escherichia coli
0.73859686,0.26140308,-1,FPG_ECOBW,3.0,Escherichia coli
0.9973347,0.002665319,-1,GPMA_ECOBW,3.0,Escherichia coli
0.4951928,0.5048072,-1,PDXH_ECOBW,3.0,Escherichia coli
0.99927694,0.0007231003,-1,SLMA_ECOBW,3.0,Escherichia coli
0.99882716,0.0011728774,-1,RSXB_ECOBW,3.0,Escherichia coli
0.99913245,0.0008675246,-1,DPS_ECOBW,3.0,Escherichia coli
0.99398637,0.0060136323,-1,COAD_ECOBW,3.0,Escherichia coli
0.9987826,0.0012174068,-1,DUT_ECOBW,3.0,Escherichia coli
1.381057e-05,0.9999862,-1,SYT_ECOBW,3.0,Escherichia coli
0.9781131,0.021886865,-1,ILVD_ECOBW,3.0,Escherichia coli
0.11285936,0.8871406,-1,LEPA_ECOBW,3.0,Escherichia coli
0.92915887,0.070841104,-1,YIDC_ECOBW,3.0,Escherichia coli
0.9953968,0.004603247,-1,ATPA_ECOBW,3.0,Escherichia coli
0.9985067,0.0014932276,-1,ILVC_ECOBW,3.0,Escherichia coli
0.9980141,0.0019859353,-1,SELO_ECOBW,3.0,Escherichia coli
0.995704,0.00429598,-1,ATPB_ECOBW,3.0,Escherichia coli
0.55979073,0.44020927,-1,MNME_ECOBW,3.0,Escherichia coli
0.001730545,0.99826944,-1,RHLB_ECOBW,3.0,Escherichia coli
0.99832886,0.0016711719,-1,SUFS_ECOBW,3.0,Escherichia coli
0.9972893,0.002710664,-1,DGOD_ECOBW,3.0,Escherichia coli
0.99936527,0.0006347283,-1,WECF_ECOBW,3.0,Escherichia coli
0.9914151,0.008584951,-1,RECA_ECOBW,3.0,Escherichia coli
0.0001996846,0.9998004,-1,SYFA_ECOBW,3.0,Escherichia coli
0.9749307,0.025069257,-1,HEM3_ECOBW,3.0,Escherichia coli
1.3308686e-05,0.99998665,-1,ERA_ECOBW,3.0,Escherichia coli
0.98715115,0.012848916,-1,NADK_ECOBW,3.0,Escherichia coli
0.9975776,0.0024224278,-1,YDIB_ECOBW,3.0,Escherichia coli
0.99469274,0.005307236,-1,PSRP_ECOBW,3.0,Escherichia coli
0.99812835,0.0018716485,-1,AROD_ECOBW,3.0,Escherichia coli
0.9985796,0.0014203942,-1,BTUD_ECOBW,3.0,Escherichia coli
2.2126513e-05,0.9999778,-1,RNC_ECOBW,3.0,Escherichia coli
0.9995757,0.00042429424,-1,RBSD_ECOBW,3.0,Escherichia coli
0.9992329,0.000767125,-1,ATPL_ECOBW,3.0,Escherichia coli
0.84327585,0.1567241,-1,AAS_ECOBW,3.0,Escherichia coli
0.9992131,0.00078691536,-1,FUCI_ECOBW,3.0,Escherichia coli
0.98594683,0.014053244,-1,CYSI_ECOBW,3.0,Escherichia coli
0.99329054,0.0067094797,-1,ASTD_ECOBW,3.0,Escherichia coli
0.0506496,0.94935036,-1,CYSN_ECOBW,3.0,Escherichia coli
0.99674857,0.003251417,-1,ENO_ECOBW,3.0,Escherichia coli
0.9969896,0.0030104022,-1,ASTC_ECOBW,3.0,Escherichia coli
0.30166745,0.69833255,-1,PURT_ECOBW,3.0,Escherichia coli
0.006873897,0.99312603,-1,RLMM_ECOBW,3.0,Escherichia coli
0.0026292645,0.9973707,-1,TRUD_ECOBW,3.0,Escherichia coli
0.9979894,0.0020105776,-1,ASTE_ECOBW,3.0,Escherichia coli
0.8970181,0.10298192,-1,XERC_ECOBW,3.0,Escherichia coli
0.9968695,0.0031305458,-1,QUEF_ECOBW,3.0,Escherichia coli
0.9988206,0.0011793182,-1,NADE_ECOBW,3.0,Escherichia coli
0.9888263,0.011173667,-1,DAPF_ECOBW,3.0,Escherichia coli
0.9932018,0.0067982855,-1,TYSY_ECOBW,3.0,Escherichia coli
0.5522077,0.4477923,-1,SURE_ECOBW,3.0,Escherichia coli
0.28174922,0.71825075,-1,XNI_ECOBW,3.0,Escherichia coli
0.9947364,0.005263588,-1,UBIE_ECOBW,3.0,Escherichia coli
0.99942267,0.0005773451,-1,CHBG_ECOBW,3.0,Escherichia coli
0.9870187,0.012981244,-1,CYSH_ECOBW,3.0,Escherichia coli
0.8798115,0.12018846,-1,PIMT_ECOBW,3.0,Escherichia coli
0.99852645,0.0014735416,-1,CYSC_ECOBW,3.0,Escherichia coli
0.98557854,0.014421498,-1,ISPF_ECOBW,3.0,Escherichia coli
0.999446,0.0005539849,-1,FUCM_ECOBW,3.0,Escherichia coli
0.86800104,0.1319989,-1,RPOB_ECOBW,3.0,Escherichia coli
0.9895159,0.010484095,-1,THIC_ECOBW,3.0,Escherichia coli
0.80283403,0.19716601,-1,UBIB_ECOBW,3.0,Escherichia coli
0.99732226,0.0026777955,-1,GLPK_ECOBW,3.0,Escherichia coli
0.9995441,0.00045592157,-1,RHAB_ECOBW,3.0,Escherichia coli
0.9966839,0.0033161086,-1,PHYDA_ECOBW,3.0,Escherichia coli
0.1326805,0.86731946,-1,HSLU_ECOBW,3.0,Escherichia coli
0.99857163,0.0014283736,-1,RHAA_ECOBW,3.0,Escherichia coli
0.9930663,0.006933659,-1,METK_ECOBW,3.0,Escherichia coli
0.9979559,0.0020440307,-1,ARGE_ECOBW,3.0,Escherichia coli
0.91626376,0.08373627,-1,TRMA_ECOBW,3.0,Escherichia coli
0.99041766,0.009582349,-1,MLTC_ECOBW,3.0,Escherichia coli
0.8859172,0.11408283,-1,E4PD_ECOBW,3.0,Escherichia coli
0.99859565,0.0014043769,-1,PFKA_ECOBW,3.0,Escherichia coli
0.9987355,0.0012645075,-1,FIEF_ECOBW,3.0,Escherichia coli
0.9996455,0.00035452135,-1,KDUI_ECOBW,3.0,Escherichia coli
0.99923956,0.0007604964,-1,RHAD_ECOBW,3.0,Escherichia coli
0.99412113,0.0058789058,-1,ARGB_ECOBW,3.0,Escherichia coli
0.99867576,0.0013242093,-1,NUDC_ECOBW,3.0,Escherichia coli
0.9958839,0.0041161114,-1,THIG_ECOBW,3.0,Escherichia coli
0.9845642,0.015435759,-1,RPIA_ECOBW,3.0,Escherichia coli
0.9990227,0.000977255,-1,IDI_ECOBW,3.0,Escherichia coli
0.9951977,0.0048022466,-1,HSLV_ECOBW,3.0,Escherichia coli
8.8555564e-05,0.9999114,-1,DTD_ECOBW,3.0,Escherichia coli
0.9995524,0.00044751863,-1,RHAM_ECOBW,3.0,Escherichia coli
0.99464756,0.0053524226,-1,G0ZKW2_ECOLI,3.0,Escherichia coli
0.99580824,0.004191708,-1,ACEK_ECOBW,3.0,Escherichia coli
0.99726117,0.002738856,-1,G6PI_ECOBW,3.0,Escherichia coli
0.9933995,0.0066004936,-1,CH60_ECOBW,3.0,Escherichia coli
0.9942978,0.0057022567,-1,PUR9_ECOBW,3.0,Escherichia coli
0.99877876,0.0012212407,-1,NRFA_ECOBW,3.0,Escherichia coli
0.9993612,0.00063880684,-1,LAMB_ECOBW,3.0,Escherichia coli
0.9858906,0.0141093815,-1,DCUP_ECOBW,3.0,Escherichia coli
0.0002440103,0.99975604,-1,RSGA_ECOBW,3.0,Escherichia coli
0.9931666,0.006833378,-1,D0VEX6_ECOLI,3.0,Escherichia coli
0.06281036,0.93718964,-1,EPMA_ECOBW,3.0,Escherichia coli
0.9916836,0.008316353,-1,D0VEY3_ECOLI,3.0,Escherichia coli
0.9940949,0.0059051486,-1,PSD_ECOBW,3.0,Escherichia coli
0.9940949,0.0059051486,-1,D0VEY8_ECOLI,3.0,Escherichia coli
0.9970047,0.0029952957,-1,D0VEX4_ECOLI,3.0,Escherichia coli
0.99943095,0.00056896324,-1,METAS_ECOBW,3.0,Escherichia coli
0.11001785,0.88998216,-1,D0VEY1_ECOLI,3.0,Escherichia coli
0.99566203,0.004337946,-1,D0VEZ2_ECOLI,3.0,Escherichia coli
0.9946095,0.0053904876,-1,UBIA_ECOBW,3.0,Escherichia coli
0.9940952,0.0059048184,-1,D0VEX5_ECOLI,3.0,Escherichia coli
0.9663116,0.033688415,-1,NFI_ECOBW,3.0,Escherichia coli
0.99036855,0.009631368,-1,LEXA_ECOBW,3.0,Escherichia coli
0.9972761,0.0027238699,-1,D0VEX9_ECOLI,3.0,Escherichia coli
0.99734616,0.0026538004,-1,D0VEX0_ECOLI,3.0,Escherichia coli
0.9964474,0.0035526934,-1,D0VEX8_ECOLI,3.0,Escherichia coli
0.99696857,0.0030314068,-1,MASY_ECOLI,3.0,Escherichia coli
0.99762946,0.002370552,-1,FLIC_ECOLI,3.0,Escherichia coli
0.9986071,0.0013928687,-1,DSDX_ECOLI,3.0,Escherichia coli
0.16632679,0.8336732,-1,RND_ECOLI,3.0,Escherichia coli
0.9996605,0.0003394584,-1,PLDB_ECOLI,3.0,Escherichia coli
0.99971384,0.0002861398,-1,EBGR_ECOLI,3.0,Escherichia coli
0.9993299,0.0006700957,-1,LYSR_ECOLI,3.0,Escherichia coli
0.99498725,0.0050127837,-1,SYGA_ECOLI,3.0,Escherichia coli
0.9987741,0.0012258277,-1,TTDA_ECOLI,3.0,Escherichia coli
0.9991047,0.0008952837,-1,ILVY_ECOLI,3.0,Escherichia coli
0.99759823,0.002401716,-1,PSTA_ECOLI,3.0,Escherichia coli
0.997113,0.0028869484,-1,REDF_ECOLI,3.0,Escherichia coli
0.698553,0.30144703,-1,REPE1_ECOLI,3.0,Escherichia coli
0.9955729,0.0044270013,-1,CDH_ECOLI,3.0,Escherichia coli
0.9988667,0.0011333206,-1,APPY_ECOLI,3.0,Escherichia coli
0.9980362,0.001963842,-1,HEM4_ECOLI,3.0,Escherichia coli
0.9995758,0.00042415512,-1,SDIA_ECOLI,3.0,Escherichia coli
0.99970454,0.00029541415,-1,YGEA_ECOLI,3.0,Escherichia coli
0.99711084,0.0028891594,-1,TNR1_ECOLI,3.0,Escherichia coli
0.9996518,0.0003482281,-1,FIMA1_ECOLI,3.0,Escherichia coli
0.9969869,0.0030130867,-1,CVPA_ECOLI,3.0,Escherichia coli
0.99862134,0.0013786119,-1,YFJS_ECOLI,3.0,Escherichia coli
0.999739,0.00026095536,-1,YJAB_ECOLI,3.0,Escherichia coli
0.99153405,0.008465937,-1,GSPB_ECOLI,3.0,Escherichia coli
0.99981374,0.0001863375,-1,DICA_ECOLI,3.0,Escherichia coli
0.9989236,0.0010763392,-1,UXAB_ECOLI,3.0,Escherichia coli
0.9993198,0.0006802629,-1,UXAC_ECOLI,3.0,Escherichia coli
0.99841213,0.0015878887,-1,MTLD_ECOLI,3.0,Escherichia coli
0.95917076,0.040829323,-1,MODC_ECOLI,3.0,Escherichia coli
0.99834824,0.0016518271,-1,TALA_ECOLI,3.0,Escherichia coli
0.99698204,0.0030179264,-1,GLSA2_ECOLI,3.0,Escherichia coli
0.9992694,0.0007305532,-1,HDFR_ECOLI,3.0,Escherichia coli
0.9194808,0.080519184,-1,YAAA_ECOLI,3.0,Escherichia coli
0.58242524,0.4175747,-1,SFSA_ECOLI,3.0,Escherichia coli
0.9995573,0.00044261382,-1,FLGH_ECOLI,3.0,Escherichia coli
0.9995807,0.00041933198,-1,PEPE_ECOLI,3.0,Escherichia coli
0.9995436,0.0004563816,-1,GPMB_ECOLI,3.0,Escherichia coli
0.035557773,0.96444225,-1,ENGB_ECOLI,3.0,Escherichia coli
0.8965512,0.10344877,-1,RECR_ECOLI,3.0,Escherichia coli
0.9981931,0.0018069693,-1,CITX_ECOLI,3.0,Escherichia coli
0.9988714,0.0011285885,-1,SYDP_ECOLI,3.0,Escherichia coli
0.99945,0.0005499838,-1,PNCC_ECOLI,3.0,Escherichia coli
0.9958205,0.0041794567,-1,GREA_ECOLI,3.0,Escherichia coli
0.997538,0.0024619906,-1,NRDR_ECOLI,3.0,Escherichia coli
0.9997093,0.0002906634,-1,USPB_ECOLI,3.0,Escherichia coli
0.52932614,0.47067392,-1,YBAB_ECOLI,3.0,Escherichia coli
0.99689215,0.0031078383,-1,FETP_ECOLI,3.0,Escherichia coli
0.999705,0.00029500102,-1,YIDD_ECOLI,3.0,Escherichia coli
0.99888164,0.0011183561,-1,RL34_ECOLI,3.0,Escherichia coli
0.99872285,0.00127716,-1,RL36_ECOLI,3.0,Escherichia coli
0.9993968,0.00060319004,-1,PROY_ECOLI,3.0,Escherichia coli
0.9996785,0.00032152698,-1,CODB_ECOLI,3.0,Escherichia coli
0.99911994,0.0008800308,-1,WZA_ECOLI,3.0,Escherichia coli
0.998966,0.0010339863,-1,GFCE_ECOLI,3.0,Escherichia coli
0.99736816,0.002631838,-1,TAS_ECOLI,3.0,Escherichia coli
0.9997842,0.00021584073,-1,YHBE_ECOLI,3.0,Escherichia coli
0.99913305,0.0008670131,-1,METR_ECOLI,3.0,Escherichia coli
0.99851817,0.0014818595,-1,GCVA_ECOLI,3.0,Escherichia coli
0.99911875,0.0008812547,-1,NHAR_ECOLI,3.0,Escherichia coli
0.964128,0.035871938,-1,GALF_ECOLI,3.0,Escherichia coli
0.98810405,0.011895922,-1,SSUB_ECOLI,3.0,Escherichia coli
0.93409246,0.06590752,-1,YAFK_ECOLI,3.0,Escherichia coli
0.9915775,0.00842245,-1,GLTL_ECOLI,3.0,Escherichia coli
0.9998178,0.00018221245,-1,YEIL_ECOLI,3.0,Escherichia coli
0.9993598,0.0006401821,-1,OMPW_ECOLI,3.0,Escherichia coli
0.9985247,0.0014753108,-1,GCVR_ECOLI,3.0,Escherichia coli
0.9998628,0.00013720803,-1,PUUR_ECOLI,3.0,Escherichia coli
0.99780613,0.0021939115,-1,BLC_ECOLI,3.0,Escherichia coli
0.9995591,0.00044091383,-1,OMPX_ECOLI,3.0,Escherichia coli
0.99961853,0.0003814912,-1,WZB_ECOLI,3.0,Escherichia coli
0.9992174,0.0007826341,-1,USPD_ECOLI,3.0,Escherichia coli
0.07315037,0.9268496,-1,YCIA_ECOLI,3.0,Escherichia coli
0.9989951,0.0010048221,-1,YOBA_ECOLI,3.0,Escherichia coli
0.99983704,0.00016288622,-1,NIRD_ECOLI,3.0,Escherichia coli
0.9994641,0.00053588784,-1,PTSO_ECOLI,3.0,Escherichia coli
0.9997148,0.0002851352,-1,YEAV_ECOLI,3.0,Escherichia coli
0.99696046,0.0030394774,-1,FABD_ECOLI,3.0,Escherichia coli
0.9983442,0.0016558084,-1,ELYC_ECOLI,3.0,Escherichia coli
0.9993411,0.00065890147,-1,NRFC_ECOLI,3.0,Escherichia coli
0.999622,0.0003779891,-1,CCMB_ECOLI,3.0,Escherichia coli
0.99719393,0.0028059937,-1,DEDA_ECOLI,3.0,Escherichia coli
0.9283632,0.07163687,-1,PXPB_ECOLI,3.0,Escherichia coli
0.999204,0.0007960603,-1,YNFG_ECOLI,3.0,Escherichia coli
0.9991642,0.0008357752,-1,NAPC_ECOLI,3.0,Escherichia coli
0.9997826,0.00021740094,-1,SFMA_ECOLI,3.0,Escherichia coli
0.99931765,0.00068236404,-1,YCED_ECOLI,3.0,Escherichia coli
0.9993709,0.00062915875,-1,MRED_ECOLI,3.0,Escherichia coli
0.9991359,0.0008641725,-1,YBJN_ECOLI,3.0,Escherichia coli
0.9968599,0.0031400647,-1,ARSC_ECOLI,3.0,Escherichia coli
0.9961423,0.0038576405,-1,FLGB_ECOLI,3.0,Escherichia coli
0.99978036,0.00021963567,-1,ATPZ_ECOLI,3.0,Escherichia coli
0.9996018,0.0003982545,-1,TOMB_ECOLI,3.0,Escherichia coli
0.9987814,0.001218646,-1,HSPQ_ECOLI,3.0,Escherichia coli
0.982873,0.017127002,-1,BOLA_ECOLI,3.0,Escherichia coli
0.9952501,0.0047499225,-1,FRMR_ECOLI,3.0,Escherichia coli
0.9975406,0.002459364,-1,MCBA_ECOLI,3.0,Escherichia coli
0.99920446,0.000795515,-1,BSSS_ECOLI,3.0,Escherichia coli
0.9997013,0.00029860827,-1,YFAE_ECOLI,3.0,Escherichia coli
0.001872094,0.9981279,-1,YBCJ_ECOLI,3.0,Escherichia coli
0.9992318,0.00076821505,-1,CCMD_ECOLI,3.0,Escherichia coli
0.9983872,0.0016128442,-1,GNTU_ECOLI,3.0,Escherichia coli
0.99173003,0.008270007,-1,HEMY_ECOLI,3.0,Escherichia coli
0.99846506,0.0015349378,-1,CYTR_ECOLI,3.0,Escherichia coli
0.99859077,0.0014091744,-1,GNTR_ECOLI,3.0,Escherichia coli
0.9992508,0.00074919045,-1,MELR_ECOLI,3.0,Escherichia coli
0.9989992,0.0010007861,-1,AGAR_ECOLI,3.0,Escherichia coli
0.99922085,0.00077910244,-1,NIRC_ECOLI,3.0,Escherichia coli
0.9896136,0.010386413,-1,FLGG_ECOLI,3.0,Escherichia coli
0.99932754,0.0006725163,-1,PDHR_ECOLI,3.0,Escherichia coli
0.99948126,0.0005187298,-1,DEOR_ECOLI,3.0,Escherichia coli
0.998825,0.001175002,-1,GLPR_ECOLI,3.0,Escherichia coli
0.9965726,0.003427349,-1,FLIP_ECOLI,3.0,Escherichia coli
0.99898976,0.0010102888,-1,FUCR_ECOLI,3.0,Escherichia coli
0.99933344,0.0006665117,-1,GLRX2_ECOLI,3.0,Escherichia coli
0.99925286,0.00074714853,-1,YIBF_ECOLI,3.0,Escherichia coli
0.9991364,0.00086361525,-1,TTDB_ECOLI,3.0,Escherichia coli
0.9995964,0.00040356023,-1,WCAF_ECOLI,3.0,Escherichia coli
0.9994179,0.0005820994,-1,WCAB_ECOLI,3.0,Escherichia coli
0.9988907,0.0011093738,-1,FLIL_ECOLI,3.0,Escherichia coli
0.99957865,0.00042133144,-1,ASNC_ECOLI,3.0,Escherichia coli
0.99920493,0.0007951392,-1,DECR_ECOLI,3.0,Escherichia coli
0.99577916,0.0042207893,-1,FLGC_ECOLI,3.0,Escherichia coli
0.99868566,0.0013143866,-1,FLIQ_ECOLI,3.0,Escherichia coli
0.99917454,0.0008254786,-1,NRDH_ECOLI,3.0,Escherichia coli
0.99923134,0.00076866907,-1,GNSA_ECOLI,3.0,Escherichia coli
0.988818,0.0111820055,-1,VIAA_ECOLI,3.0,Escherichia coli
0.9994549,0.0005450667,-1,YEBS_ECOLI,3.0,Escherichia coli
0.99775994,0.0022399996,-1,YGIC_ECOLI,3.0,Escherichia coli
0.9941088,0.005891208,-1,FABY_ECOLI,3.0,Escherichia coli
0.5893849,0.4106151,-1,YGFZ_ECOLI,3.0,Escherichia coli
0.99957687,0.00042308337,-1,TDCA_ECOLI,3.0,Escherichia coli
0.99070674,0.009293259,-1,YHCC_ECOLI,3.0,Escherichia coli
0.9996153,0.00038466763,-1,ALLS_ECOLI,3.0,Escherichia coli
0.9995988,0.00040117445,-1,RPIR_ECOLI,3.0,Escherichia coli
0.9994635,0.00053655176,-1,YFHG_ECOLI,3.0,Escherichia coli
0.999703,0.0002969551,-1,ENVR_ECOLI,3.0,Escherichia coli
0.99626595,0.003734033,-1,FIMB_ECOLI,3.0,Escherichia coli
0.99349993,0.0065000067,-1,FIME_ECOLI,3.0,Escherichia coli
0.003282281,0.99671775,-1,RSMD_ECOLI,3.0,Escherichia coli
0.99974567,0.00025428704,-1,UIDR_ECOLI,3.0,Escherichia coli
0.9813712,0.018628765,-1,PINR_ECOLI,3.0,Escherichia coli
0.9918395,0.008160435,-1,YDJA_ECOLI,3.0,Escherichia coli
0.9995301,0.00046998324,-1,ETP_ECOLI,3.0,Escherichia coli
0.9985399,0.0014600437,-1,YGIW_ECOLI,3.0,Escherichia coli
0.6700906,0.32990938,-1,YIFE_ECOLI,3.0,Escherichia coli
0.9976223,0.002377669,-1,YGAM_ECOLI,3.0,Escherichia coli
0.9993369,0.0006630588,-1,YDHR_ECOLI,3.0,Escherichia coli
0.99584645,0.004153511,-1,FUMD_ECOLI,3.0,Escherichia coli
0.9980773,0.001922695,-1,ECNB_ECOLI,3.0,Escherichia coli
0.9983815,0.0016185328,-1,ECNA_ECOLI,3.0,Escherichia coli
0.9072004,0.09279965,-1,DCM_ECOLI,3.0,Escherichia coli
0.99816775,0.0018322391,-1,GALP_ECOLI,3.0,Escherichia coli
0.999286,0.00071406725,-1,PAEA_ECOLI,3.0,Escherichia coli
0.9975446,0.0024554294,-1,KGTP_ECOLI,3.0,Escherichia coli
0.9980306,0.0019694313,-1,ASTA_ECOLI,3.0,Escherichia coli
0.99891365,0.0010863899,-1,ARAH_ECOLI,3.0,Escherichia coli
0.99920565,0.0007943939,-1,FEPB_ECOLI,3.0,Escherichia coli
0.9988932,0.0011067917,-1,CYSW_ECOLI,3.0,Escherichia coli
0.9994012,0.0005987401,-1,CPDA_ECOLI,3.0,Escherichia coli
0.9992755,0.0007245475,-1,GLNH_ECOLI,3.0,Escherichia coli
0.9957688,0.0042312583,-1,YPDB_ECOLI,3.0,Escherichia coli
0.9991406,0.0008593554,-1,ARTQ_ECOLI,3.0,Escherichia coli
0.99934596,0.0006539841,-1,HISM_ECOLI,3.0,Escherichia coli
0.99894065,0.0010593786,-1,ARTM_ECOLI,3.0,Escherichia coli
0.96700346,0.032996505,-1,EXOX_ECOLI,3.0,Escherichia coli
0.9987531,0.0012469497,-1,GLNP_ECOLI,3.0,Escherichia coli
0.9993253,0.0006747051,-1,HYFE_ECOLI,3.0,Escherichia coli
0.99977225,0.00022770501,-1,DCRB_ECOLI,3.0,Escherichia coli
0.999488,0.0005119572,-1,CSGF_ECOLI,3.0,Escherichia coli
0.9993191,0.0006808816,-1,CSGE_ECOLI,3.0,Escherichia coli
0.99735814,0.0026418918,-1,ELAB_ECOLI,3.0,Escherichia coli
0.9936288,0.0063712006,-1,FLGM_ECOLI,3.0,Escherichia coli
0.9976083,0.002391729,-1,CEDA_ECOLI,3.0,Escherichia coli
0.99417996,0.0058201035,-1,FEOA_ECOLI,3.0,Escherichia coli
0.9964393,0.0035606406,-1,BFD_ECOLI,3.0,Escherichia coli
0.9984372,0.0015627318,-1,NFRB_ECOLI,3.0,Escherichia coli
0.9697269,0.030273074,-1,TLDD_ECOLI,3.0,Escherichia coli
0.97481155,0.02518849,-1,PMBA_ECOLI,3.0,Escherichia coli
0.99892163,0.0010784043,-1,NAGC_ECOLI,3.0,Escherichia coli
0.068541355,0.9314586,-1,APBC_ECOLI,3.0,Escherichia coli
0.9988109,0.00118916,-1,YEJB_ECOLI,3.0,Escherichia coli
0.9979354,0.0020646164,-1,SOHB_ECOLI,3.0,Escherichia coli
0.99961555,0.0003844011,-1,LSRD_ECOLI,3.0,Escherichia coli
0.9987582,0.001241804,-1,PSTC_ECOLI,3.0,Escherichia coli
0.9985233,0.0014767783,-1,YGHA_ECOLI,3.0,Escherichia coli
0.99909437,0.00090560486,-1,YCJO_ECOLI,3.0,Escherichia coli
0.99177825,0.008221761,-1,YCFH_ECOLI,3.0,Escherichia coli
0.9997788,0.00022121488,-1,PNUC_ECOLI,3.0,Escherichia coli
0.9979366,0.0020634553,-1,SANA_ECOLI,3.0,Escherichia coli
0.9996377,0.0003622064,-1,MODB_ECOLI,3.0,Escherichia coli
0.99866164,0.0013384063,-1,YHID_ECOLI,3.0,Escherichia coli
0.9993819,0.0006181001,-1,RHTB_ECOLI,3.0,Escherichia coli
0.9998074,0.00019263779,-1,RHTC_ECOLI,3.0,Escherichia coli
0.98247933,0.017520687,-1,OSMY_ECOLI,3.0,Escherichia coli
0.9987973,0.001202693,-1,MTLR_ECOLI,3.0,Escherichia coli
0.99944466,0.00055535743,-1,TABA_ECOLI,3.0,Escherichia coli
0.99904877,0.00095121155,-1,NSRR_ECOLI,3.0,Escherichia coli
0.9980823,0.0019177365,-1,YIJD_ECOLI,3.0,Escherichia coli
0.99894637,0.001053635,-1,PSPB_ECOLI,3.0,Escherichia coli
0.9845013,0.015498627,-1,PSPD_ECOLI,3.0,Escherichia coli
0.9990896,0.0009104647,-1,ACFD_ECOLI,3.0,Escherichia coli
0.99734074,0.0026592314,-1,EPTC_ECOLI,3.0,Escherichia coli
0.10658353,0.89341646,-1,SYR_ECOLI,3.0,Escherichia coli
0.99908555,0.0009144351,-1,BGLB_ECOLI,3.0,Escherichia coli
0.9961815,0.0038184824,-1,TRKA_ECOLI,3.0,Escherichia coli
0.9996424,0.00035765738,-1,UIDB_ECOLI,3.0,Escherichia coli
0.9996387,0.0003613461,-1,UIDB2_ECOLI,3.0,Escherichia coli
0.9989379,0.0010621228,-1,KBAZ_ECOLI,3.0,Escherichia coli
0.9990689,0.00093114265,-1,GATZ_ECOLI,3.0,Escherichia coli
0.9975343,0.0024657184,-1,XYLH_ECOLI,3.0,Escherichia coli
0.3682226,0.6317774,-1,INSI1_ECOLI,3.0,Escherichia coli
0.99219453,0.007805513,-1,MCRC_ECOLI,3.0,Escherichia coli
0.9996742,0.0003257546,-1,IAP_ECOLI,3.0,Escherichia coli
0.9781753,0.021824792,-1,ARGC_ECOLI,3.0,Escherichia coli
0.99901605,0.0009839025,-1,ILVGP_ECOLI,3.0,Escherichia coli
0.9988319,0.0011680985,-1,FDHE_ECOLI,3.0,Escherichia coli
0.9990741,0.00092587306,-1,LIT_ECOLI,3.0,Escherichia coli
0.0014462915,0.9985537,-1,BGLG_ECOLI,3.0,Escherichia coli
0.9986532,0.0013468169,-1,ENVY_ECOLI,3.0,Escherichia coli
0.9978738,0.0021261727,-1,BIOC_ECOLI,3.0,Escherichia coli
0.0007802786,0.99921966,-1,TRMH_ECOLI,3.0,Escherichia coli
0.99825186,0.0017481137,-1,PHNE2_ECOLI,3.0,Escherichia coli
0.9995735,0.00042641532,-1,YJIP_ECOLI,3.0,Escherichia coli
0.0046805255,0.9953194,-1,YHBY_ECOLI,3.0,Escherichia coli
0.9958806,0.0041194255,-1,MNTS_ECOLI,3.0,Escherichia coli
0.99912184,0.00087818684,-1,DCOR_ECOLI,3.0,Escherichia coli
0.9911144,0.008885622,-1,MALQ_ECOLI,3.0,Escherichia coli
0.0039177407,0.99608225,-1,RECJ_ECOLI,3.0,Escherichia coli
0.9942978,0.0057022623,-1,PUR9_ECOLI,3.0,Escherichia coli
0.99972516,0.00027479057,-1,CYNX_ECOLI,3.0,Escherichia coli
0.9972596,0.0027403464,-1,PHNM_ECOLI,3.0,Escherichia coli
0.99888295,0.0011170093,-1,MALI_ECOLI,3.0,Escherichia coli
0.99952924,0.00047079212,-1,PHND_ECOLI,3.0,Escherichia coli
0.007475446,0.99252456,-1,TUS_ECOLI,3.0,Escherichia coli
0.9998011,0.00019897417,-1,XAPR_ECOLI,3.0,Escherichia coli
0.91010123,0.089898795,-1,YICC_ECOLI,3.0,Escherichia coli
0.9801768,0.019823203,-1,INSK_ECOLI,3.0,Escherichia coli
0.999629,0.00037097567,-1,CHBR_ECOLI,3.0,Escherichia coli
0.9982602,0.0017398489,-1,CYST_ECOLI,3.0,Escherichia coli
0.9921835,0.007816443,-1,PHNC_ECOLI,3.0,Escherichia coli
0.9980685,0.0019315558,-1,NARW_ECOLI,3.0,Escherichia coli
0.9976841,0.0023158125,-1,YCAC_ECOLI,3.0,Escherichia coli
0.9983005,0.0016995004,-1,FIC_ECOLI,3.0,Escherichia coli
0.9994424,0.0005575707,-1,HYAD_ECOLI,3.0,Escherichia coli
0.99475867,0.00524133,-1,ACPH_ECOLI,3.0,Escherichia coli
0.9990225,0.000977569,-1,PHNN_ECOLI,3.0,Escherichia coli
0.99916494,0.00083502143,-1,SSBF_ECOLI,3.0,Escherichia coli
0.99877864,0.0012214043,-1,FLIN_ECOLI,3.0,Escherichia coli
0.99698895,0.0030110893,-1,FLIO_ECOLI,3.0,Escherichia coli
0.9980844,0.0019155947,-1,YBDZ_ECOLI,3.0,Escherichia coli
0.9994049,0.0005950442,-1,ACRF_ECOLI,3.0,Escherichia coli
0.9989066,0.0010934384,-1,PDEA_ECOLI,3.0,Escherichia coli
0.99891376,0.0010862916,-1,ASLA_ECOLI,3.0,Escherichia coli
0.99915695,0.0008430595,-1,AMY2_ECOLI,3.0,Escherichia coli
0.9984207,0.0015792594,-1,PTIBC_ECOLI,3.0,Escherichia coli
0.9476977,0.05230227,-1,MANC_ECOLI,3.0,Escherichia coli
0.9986506,0.001349372,-1,ASCB_ECOLI,3.0,Escherichia coli
0.9966961,0.0033039404,-1,MANB_ECOLI,3.0,Escherichia coli
0.9639834,0.03601655,-1,AMIB_ECOLI,3.0,Escherichia coli
0.99937695,0.00062306854,-1,MDTG_ECOLI,3.0,Escherichia coli
0.9993635,0.00063650234,-1,ARAJ_ECOLI,3.0,Escherichia coli
0.6612504,0.33874962,-1,INTD_ECOLI,3.0,Escherichia coli
0.9985662,0.0014337992,-1,ACRE_ECOLI,3.0,Escherichia coli
0.9995732,0.00042678212,-1,FEPE_ECOLI,3.0,Escherichia coli
0.9987978,0.0012021764,-1,GALS_ECOLI,3.0,Escherichia coli
0.99894816,0.0010518619,-1,ASCG_ECOLI,3.0,Escherichia coli
0.9996704,0.00032960175,-1,WAAS_ECOLI,3.0,Escherichia coli
0.9957765,0.0042235083,-1,MRR_ECOLI,3.0,Escherichia coli
0.9994535,0.00054653845,-1,CYNR_ECOLI,3.0,Escherichia coli
0.83867896,0.16132097,-1,MCRA_ECOLI,3.0,Escherichia coli
0.9987484,0.0012515193,-1,WAAP_ECOLI,3.0,Escherichia coli
0.9994332,0.0005667215,-1,LEP4_ECOLI,3.0,Escherichia coli
0.9971277,0.0028723332,-1,NLPC_ECOLI,3.0,Escherichia coli
0.99679875,0.0032012004,-1,GLGS_ECOLI,3.0,Escherichia coli
0.9997757,0.00022427434,-1,APPX_ECOLI,3.0,Escherichia coli
0.9978733,0.0021267375,-1,LHR_ECOLI,3.0,Escherichia coli
0.9993561,0.00064389757,-1,FIMD_ECOLI,3.0,Escherichia coli
0.989516,0.010484056,-1,THIC_ECOLI,3.0,Escherichia coli
0.99892443,0.0010755355,-1,ASMA_ECOLI,3.0,Escherichia coli
0.9938305,0.0061695627,-1,MODF_ECOLI,3.0,Escherichia coli
0.9995253,0.00047475792,-1,YIFK_ECOLI,3.0,Escherichia coli
0.999479,0.0005210751,-1,WZYE_ECOLI,3.0,Escherichia coli
0.99788207,0.0021178687,-1,ADEQ_ECOLI,3.0,Escherichia coli
0.9994289,0.00057098904,-1,SOTB_ECOLI,3.0,Escherichia coli
0.999652,0.0003479644,-1,YDEE_ECOLI,3.0,Escherichia coli
0.99967563,0.00032436938,-1,SETC_ECOLI,3.0,Escherichia coli
0.9995763,0.00042378798,-1,EMRD_ECOLI,3.0,Escherichia coli
0.9995363,0.00046376372,-1,MDTL_ECOLI,3.0,Escherichia coli
0.9989561,0.0010439145,-1,PTXC_ECOLI,3.0,Escherichia coli
0.99972004,0.0002798943,-1,WAAB_ECOLI,3.0,Escherichia coli
0.9990163,0.0009836833,-1,PSUK_ECOLI,3.0,Escherichia coli
0.99963784,0.00036209886,-1,EAMA_ECOLI,3.0,Escherichia coli
0.99874336,0.0012567078,-1,YHDJ_ECOLI,3.0,Escherichia coli
0.9994716,0.00052843656,-1,DGOK_ECOLI,3.0,Escherichia coli
0.998872,0.0011280114,-1,WECG_ECOLI,3.0,Escherichia coli
0.9991252,0.00087484194,-1,ARTI_ECOLI,3.0,Escherichia coli
0.9990293,0.00097075035,-1,WAAY_ECOLI,3.0,Escherichia coli
0.35041386,0.6495861,-1,FLIH_ECOLI,3.0,Escherichia coli
0.9984989,0.0015010586,-1,WECD_ECOLI,3.0,Escherichia coli
0.68435717,0.31564286,-1,GREB_ECOLI,3.0,Escherichia coli
0.9995572,0.00044281897,-1,NFRA_ECOLI,3.0,Escherichia coli
0.9994024,0.0005975464,-1,PQQL_ECOLI,3.0,Escherichia coli
0.99971634,0.00028365722,-1,YDDA_ECOLI,3.0,Escherichia coli
0.9992304,0.00076956314,-1,NRFE_ECOLI,3.0,Escherichia coli
0.9990079,0.0009921286,-1,THIP_ECOLI,3.0,Escherichia coli
0.9987832,0.00121679,-1,PDEC_ECOLI,3.0,Escherichia coli
0.999585,0.0004150334,-1,MDTP_ECOLI,3.0,Escherichia coli
0.9993724,0.000627563,-1,PTFLB_ECOLI,3.0,Escherichia coli
0.9984823,0.0015177573,-1,HSRA_ECOLI,3.0,Escherichia coli
0.9996581,0.00034184472,-1,YIHO_ECOLI,3.0,Escherichia coli
0.99917173,0.0008283349,-1,YIHP_ECOLI,3.0,Escherichia coli
0.9975758,0.0024242096,-1,PTFC2_ECOLI,3.0,Escherichia coli
0.9995906,0.00040946365,-1,YIDZ_ECOLI,3.0,Escherichia coli
0.9935592,0.006440888,-1,FIXB_ECOLI,3.0,Escherichia coli
0.99715084,0.0028492145,-1,YIHG_ECOLI,3.0,Escherichia coli
0.9997489,0.00025107377,-1,RPNC_ECOLI,3.0,Escherichia coli
0.9990127,0.000987283,-1,PFLC_ECOLI,3.0,Escherichia coli
0.96476614,0.03523384,-1,TRMN6_ECOLI,3.0,Escherichia coli
0.99860567,0.0013943188,-1,THIQ_ECOLI,3.0,Escherichia coli
0.99852115,0.001478861,-1,YIIM_ECOLI,3.0,Escherichia coli
0.9991339,0.0008661671,-1,NARP_ECOLI,3.0,Escherichia coli
0.9996055,0.0003945245,-1,PTFLA_ECOLI,3.0,Escherichia coli
0.99956065,0.0004393799,-1,NRFF_ECOLI,3.0,Escherichia coli
0.9991743,0.00082561694,-1,PTFB3_ECOLI,3.0,Escherichia coli
0.9946338,0.0053661843,-1,PSPG_ECOLI,3.0,Escherichia coli
0.9997856,0.0002144256,-1,TRAG1_ECOLI,3.0,Escherichia coli
0.99958354,0.00041640614,-1,YEHB_ECOLI,3.0,Escherichia coli
0.9970335,0.0029664622,-1,YEJA_ECOLI,3.0,Escherichia coli
0.9938445,0.006155492,-1,SGRR_ECOLI,3.0,Escherichia coli
0.9915433,0.008456663,-1,YEJF_ECOLI,3.0,Escherichia coli
0.9979087,0.0020913652,-1,OPGG_ECOLI,3.0,Escherichia coli
0.9997111,0.00028890927,-1,MDTQ_ECOLI,3.0,Escherichia coli
0.99864763,0.0013524069,-1,NUPX_ECOLI,3.0,Escherichia coli
0.9986993,0.0013006247,-1,PSUT_ECOLI,3.0,Escherichia coli
0.9987564,0.0012435351,-1,YJFC_ECOLI,3.0,Escherichia coli
0.9996723,0.0003277699,-1,YEHA_ECOLI,3.0,Escherichia coli
0.9985367,0.0014632856,-1,YEJE_ECOLI,3.0,Escherichia coli
0.99978703,0.00021300877,-1,ALSC_ECOLI,3.0,Escherichia coli
0.99945503,0.0005449571,-1,YEHZ_ECOLI,3.0,Escherichia coli
0.97891253,0.021087471,-1,RECT_ECOLI,3.0,Escherichia coli
0.9986135,0.0013865333,-1,NIKE_ECOLI,3.0,Escherichia coli
0.9997825,0.00021752804,-1,FLIR_ECOLI,3.0,Escherichia coli
0.9991499,0.0008500431,-1,NIKD_ECOLI,3.0,Escherichia coli
0.99895537,0.0010445586,-1,ADIY_ECOLI,3.0,Escherichia coli
0.9992761,0.00072388217,-1,YADV_ECOLI,3.0,Escherichia coli
0.9994752,0.00052480993,-1,YEHC_ECOLI,3.0,Escherichia coli
0.9998147,0.00018531196,-1,YEHD_ECOLI,3.0,Escherichia coli
0.103278875,0.8967211,-1,RECX_ECOLI,3.0,Escherichia coli
0.9996207,0.00037925292,-1,TSUB_ECOLI,3.0,Escherichia coli
0.99936527,0.0006346881,-1,RCBA_ECOLI,3.0,Escherichia coli
0.0034088774,0.9965911,-1,HRPB_ECOLI,3.0,Escherichia coli
0.99565023,0.0043498105,-1,AEGA_ECOLI,3.0,Escherichia coli
0.99911517,0.0008848808,-1,CCMF_ECOLI,3.0,Escherichia coli
0.99945897,0.0005409812,-1,HOFQ_ECOLI,3.0,Escherichia coli
0.99959475,0.00040528722,-1,HYBB_ECOLI,3.0,Escherichia coli
0.99748236,0.0025177193,-1,CDAR_ECOLI,3.0,Escherichia coli
0.9997011,0.00029886517,-1,COBT_ECOLI,3.0,Escherichia coli
0.99811053,0.0018894227,-1,FBPC_ECOLI,3.0,Escherichia coli
0.9994555,0.00054451684,-1,NDPA_ECOLI,3.0,Escherichia coli
0.9996362,0.00036381284,-1,OMPP_ECOLI,3.0,Escherichia coli
0.99920386,0.00079614297,-1,LRHA_ECOLI,3.0,Escherichia coli
0.87999976,0.120000325,-1,YADG_ECOLI,3.0,Escherichia coli
0.742314,0.25768605,-1,RDGC_ECOLI,3.0,Escherichia coli
0.99977285,0.00022716008,-1,YAEI_ECOLI,3.0,Escherichia coli
0.9997024,0.00029756242,-1,WBBL_ECOLI,3.0,Escherichia coli
0.99965334,0.0003466865,-1,COBS_ECOLI,3.0,Escherichia coli
0.999938,6.203961e-05,-1,YADL_ECOLI,3.0,Escherichia coli
0.99993825,6.175664e-05,-1,YADK_ECOLI,3.0,Escherichia coli
0.99993837,6.1684004e-05,-1,YADN_ECOLI,3.0,Escherichia coli
0.9999236,7.6383774e-05,-1,YADM_ECOLI,3.0,Escherichia coli
0.9997539,0.00024607396,-1,HYBD_ECOLI,3.0,Escherichia coli
0.9993812,0.0006187532,-1,FXSA_ECOLI,3.0,Escherichia coli
0.9997441,0.00025590515,-1,GSPM_ECOLI,3.0,Escherichia coli
0.9994824,0.00051752647,-1,PPDD_ECOLI,3.0,Escherichia coli
0.9953686,0.0046314634,-1,CSPB_ECOLI,3.0,Escherichia coli
0.9993678,0.000632255,-1,BCSB_ECOLI,3.0,Escherichia coli
0.9977266,0.0022733763,-1,PDEK_ECOLI,3.0,Escherichia coli
0.99164504,0.008354989,-1,RTCR_ECOLI,3.0,Escherichia coli
0.9989604,0.0010396538,-1,YDIF_ECOLI,3.0,Escherichia coli
0.9967867,0.0032132433,-1,UXUB_ECOLI,3.0,Escherichia coli
0.99775356,0.0022464201,-1,YHJA_ECOLI,3.0,Escherichia coli
0.998145,0.0018550636,-1,PUUB_ECOLI,3.0,Escherichia coli
0.9993405,0.0006594615,-1,RFBX_ECOLI,3.0,Escherichia coli
0.9997316,0.00026834288,-1,YDHC_ECOLI,3.0,Escherichia coli
0.9992874,0.00071254646,-1,YHJX_ECOLI,3.0,Escherichia coli
0.9998265,0.00017358587,-1,TORT_ECOLI,3.0,Escherichia coli
0.99876726,0.0012327173,-1,YJFF_ECOLI,3.0,Escherichia coli
0.9997012,0.0002987438,-1,WBBI_ECOLI,3.0,Escherichia coli
0.9992855,0.0007144654,-1,YDDE_ECOLI,3.0,Escherichia coli
0.9992768,0.0007232271,-1,SGBU_ECOLI,3.0,Escherichia coli
0.9991472,0.0008527518,-1,YIAJ_ECOLI,3.0,Escherichia coli
0.999283,0.0007170424,-1,BCSQP_ECOLI,3.0,Escherichia coli
0.9992723,0.00072772475,-1,WBBJ_ECOLI,3.0,Escherichia coli
0.9984958,0.0015042166,-1,ACPT_ECOLI,3.0,Escherichia coli
0.99798137,0.0020186047,-1,DCTR_ECOLI,3.0,Escherichia coli
0.9998097,0.00019032384,-1,SFMF_ECOLI,3.0,Escherichia coli
0.9995383,0.00046167517,-1,YIAC_ECOLI,3.0,Escherichia coli
0.99945277,0.00054726464,-1,ARSR_ECOLI,3.0,Escherichia coli
0.95328623,0.046713825,-1,PMRD_ECOLI,3.0,Escherichia coli
0.99410266,0.0058972905,-1,KILR_ECOLI,3.0,Escherichia coli
0.99644476,0.0035552818,-1,MSCM_ECOLI,3.0,Escherichia coli
0.9983316,0.0016683755,-1,YBAL_ECOLI,3.0,Escherichia coli
0.99571913,0.004280836,-1,YJJJ_ECOLI,3.0,Escherichia coli
0.9979893,0.0020107268,-1,SGCC_ECOLI,3.0,Escherichia coli
0.99936897,0.0006310486,-1,NANX_ECOLI,3.0,Escherichia coli
0.9993192,0.0006807726,-1,LPLT_ECOLI,3.0,Escherichia coli
0.84008515,0.1599148,-1,INTB_ECOLI,3.0,Escherichia coli
0.9985807,0.0014193355,-1,YTFT_ECOLI,3.0,Escherichia coli
0.99959475,0.0004052163,-1,ALSB_ECOLI,3.0,Escherichia coli
0.99939096,0.000609003,-1,LGOR_ECOLI,3.0,Escherichia coli
0.9995196,0.000480392,-1,YJHH_ECOLI,3.0,Escherichia coli
0.9965101,0.003489902,-1,YEAD_ECOLI,3.0,Escherichia coli
0.9978003,0.0021996496,-1,YJJW_ECOLI,3.0,Escherichia coli
0.9990558,0.0009442326,-1,ULAE_ECOLI,3.0,Escherichia coli
0.99943787,0.00056216103,-1,ZNUB_ECOLI,3.0,Escherichia coli
0.937817,0.062182993,-1,YJJV_ECOLI,3.0,Escherichia coli
0.99983406,0.0001658644,-1,YJFP_ECOLI,3.0,Escherichia coli
0.9987381,0.0012618642,-1,CHAC_ECOLI,3.0,Escherichia coli
0.99906844,0.00093153125,-1,SGCE_ECOLI,3.0,Escherichia coli
0.9996685,0.00033155258,-1,BDCR_ECOLI,3.0,Escherichia coli
0.9995498,0.00045018148,-1,CAIE_ECOLI,3.0,Escherichia coli
0.9996984,0.00030159098,-1,IDNK_ECOLI,3.0,Escherichia coli
0.99790907,0.0020909521,-1,KPTA_ECOLI,3.0,Escherichia coli
0.99874794,0.0012520244,-1,SPRT_ECOLI,3.0,Escherichia coli
0.9993666,0.0006334076,-1,BSMA_ECOLI,3.0,Escherichia coli
0.9992362,0.0007637311,-1,YRAJ_ECOLI,3.0,Escherichia coli
0.9979984,0.0020015666,-1,YHBX_ECOLI,3.0,Escherichia coli
0.9990632,0.00093682087,-1,DCUD_ECOLI,3.0,Escherichia coli
0.99380386,0.0061961287,-1,TDCG_ECOLI,3.0,Escherichia coli
0.9998022,0.00019785683,-1,FRLA_ECOLI,3.0,Escherichia coli
0.99787295,0.0021270239,-1,YHAM_ECOLI,3.0,Escherichia coli
0.9990753,0.0009246485,-1,AGAS_ECOLI,3.0,Escherichia coli
0.113217406,0.88678265,-1,RLMG_ECOLI,3.0,Escherichia coli
0.99954396,0.00045606244,-1,YRAK_ECOLI,3.0,Escherichia coli
0.9946584,0.005341584,-1,ALX_ECOLI,3.0,Escherichia coli
0.99945503,0.000544953,-1,TTDR_ECOLI,3.0,Escherichia coli
0.9991621,0.00083793193,-1,PTPC1_ECOLI,3.0,Escherichia coli
0.99940646,0.00059360353,-1,PTPD_ECOLI,3.0,Escherichia coli
0.9987708,0.0012292021,-1,AGAI_ECOLI,3.0,Escherichia coli
0.9953336,0.004666343,-1,YHAK_ECOLI,3.0,Escherichia coli
0.9990501,0.00094988884,-1,YRAI_ECOLI,3.0,Escherichia coli
0.9997303,0.00026975526,-1,YRAH_ECOLI,3.0,Escherichia coli
0.99866104,0.0013389074,-1,NUDL_ECOLI,3.0,Escherichia coli
0.99929893,0.0007010174,-1,GSPH_ECOLI,3.0,Escherichia coli
0.7778145,0.2221855,-1,PTPB1_ECOLI,3.0,Escherichia coli
0.9922007,0.0077993553,-1,PTPB2_ECOLI,3.0,Escherichia coli
0.99963534,0.00036469143,-1,GSPG_ECOLI,3.0,Escherichia coli
0.9969662,0.0030338375,-1,PTPC2_ECOLI,3.0,Escherichia coli
0.99731016,0.0026898796,-1,TUSC_ECOLI,3.0,Escherichia coli
0.9947745,0.0052255294,-1,TUSB_ECOLI,3.0,Escherichia coli
0.0040588924,0.99594116,-1,YHGF_ECOLI,3.0,Escherichia coli
0.9951508,0.0048491405,-1,IGAA_ECOLI,3.0,Escherichia coli
0.9992841,0.0007159902,-1,AAEB_ECOLI,3.0,Escherichia coli
0.9902727,0.009727286,-1,GSPE_ECOLI,3.0,Escherichia coli
0.9995309,0.00046911446,-1,SCPC_ECOLI,3.0,Escherichia coli
0.9957123,0.004287742,-1,GSPA_ECOLI,3.0,Escherichia coli
0.9932187,0.0067813355,-1,YHDX_ECOLI,3.0,Escherichia coli
0.9504715,0.049528494,-1,GSPL_ECOLI,3.0,Escherichia coli
0.9965154,0.0034846396,-1,YHDY_ECOLI,3.0,Escherichia coli
0.9967589,0.0032410766,-1,GSPK_ECOLI,3.0,Escherichia coli
0.9996325,0.0003675312,-1,DSDC_ECOLI,3.0,Escherichia coli
0.9987249,0.0012751276,-1,AAEA_ECOLI,3.0,Escherichia coli
0.99922526,0.0007747171,-1,HEXR_ECOLI,3.0,Escherichia coli
0.9990608,0.00093920634,-1,HOFM_ECOLI,3.0,Escherichia coli
0.98299,0.017009944,-1,YHDZ_ECOLI,3.0,Escherichia coli
0.9995608,0.00043924252,-1,FRLR_ECOLI,3.0,Escherichia coli
0.9990695,0.0009305706,-1,GNTX_ECOLI,3.0,Escherichia coli
0.9992225,0.0007775161,-1,AIS_ECOLI,3.0,Escherichia coli
0.99975175,0.00024830917,-1,GSPJ_ECOLI,3.0,Escherichia coli
0.999316,0.0006840857,-1,GNTK_ECOLI,3.0,Escherichia coli
0.99843115,0.0015687817,-1,AAAT_ECOLI,3.0,Escherichia coli
0.9997248,0.00027515658,-1,HOFO_ECOLI,3.0,Escherichia coli
0.9976421,0.0023579148,-1,USPC_ECOLI,3.0,Escherichia coli
0.99741876,0.002581217,-1,HOFP_ECOLI,3.0,Escherichia coli
0.9995759,0.00042411432,-1,GSPI_ECOLI,3.0,Escherichia coli
0.9994898,0.00051024824,-1,YPJA_ECOLI,3.0,Escherichia coli
0.9973592,0.0026407558,-1,NIFJ_ECOLI,3.0,Escherichia coli
0.99922717,0.0007728519,-1,MNGB_ECOLI,3.0,Escherichia coli
0.9994241,0.00057596253,-1,OPGH_ECOLI,3.0,Escherichia coli
0.00037462165,0.9996253,-1,YHES_ECOLI,3.0,Escherichia coli
0.9944237,0.005576307,-1,ABPA_ECOLI,3.0,Escherichia coli
0.9990466,0.0009533737,-1,DIGH_ECOLI,3.0,Escherichia coli
0.99775875,0.0022411933,-1,FSR_ECOLI,3.0,Escherichia coli
0.9995617,0.00043821428,-1,TSGA_ECOLI,3.0,Escherichia coli
0.020134622,0.9798654,-1,FLIK_ECOLI,3.0,Escherichia coli
0.99936527,0.0006347283,-1,WECF_ECOLI,3.0,Escherichia coli
0.9942146,0.005785456,-1,FIXA_ECOLI,3.0,Escherichia coli
0.99788207,0.0021179598,-1,RSTA_ECOLI,3.0,Escherichia coli
0.9984773,0.0015227407,-1,QSEB_ECOLI,3.0,Escherichia coli
0.9994017,0.00059833226,-1,COBC_ECOLI,3.0,Escherichia coli
0.9997241,0.0002758774,-1,PTHC_ECOLI,3.0,Escherichia coli
0.99793303,0.0020669953,-1,FLIZ_ECOLI,3.0,Escherichia coli
0.99964356,0.0003563698,-1,GADE_ECOLI,3.0,Escherichia coli
0.9975351,0.0024649317,-1,UBIT_ECOLI,3.0,Escherichia coli
0.99931383,0.0006861963,-1,YHBS_ECOLI,3.0,Escherichia coli
0.99983513,0.00016482889,-1,FLIJ_ECOLI,3.0,Escherichia coli
0.9847082,0.0152918445,-1,RATB_ECOLI,3.0,Escherichia coli
0.9998801,0.00011987031,-1,SGCB_ECOLI,3.0,Escherichia coli
0.9997346,0.00026546358,-1,YFHL_ECOLI,3.0,Escherichia coli
0.99698216,0.0030178677,-1,ORTT_ECOLI,3.0,Escherichia coli
0.99937975,0.0006202689,-1,DTPD_ECOLI,3.0,Escherichia coli
0.99958915,0.0004108987,-1,CHIP_ECOLI,3.0,Escherichia coli
0.8976656,0.102334335,-1,INTF_ECOLI,3.0,Escherichia coli
0.9993255,0.00067456625,-1,PTMCB_ECOLI,3.0,Escherichia coli
0.9992798,0.000720263,-1,YAGG_ECOLI,3.0,Escherichia coli
0.9992593,0.00074075133,-1,MDTH_ECOLI,3.0,Escherichia coli
0.998749,0.0012510028,-1,YBHG_ECOLI,3.0,Escherichia coli
0.99955755,0.0004424506,-1,SFMH_ECOLI,3.0,Escherichia coli
0.99910235,0.00089770206,-1,ZITB_ECOLI,3.0,Escherichia coli
0.9961189,0.0038810978,-1,PXPC_ECOLI,3.0,Escherichia coli
0.9996031,0.00039697674,-1,AAER_ECOLI,3.0,Escherichia coli
0.15160105,0.8483989,-1,RLMF_ECOLI,3.0,Escherichia coli
0.0010257459,0.9989743,-1,RSMI_ECOLI,3.0,Escherichia coli
0.99861765,0.001382332,-1,YBFF_ECOLI,3.0,Escherichia coli
0.9985942,0.0014057477,-1,PXPA_ECOLI,3.0,Escherichia coli
0.99921846,0.00078156684,-1,RCLC_ECOLI,3.0,Escherichia coli
0.9991998,0.0008001552,-1,ECPR_ECOLI,3.0,Escherichia coli
0.9990729,0.00092712085,-1,YFCD_ECOLI,3.0,Escherichia coli
0.9994141,0.0005859699,-1,HOFN_ECOLI,3.0,Escherichia coli
0.99965954,0.0003405037,-1,PTXB_ECOLI,3.0,Escherichia coli
0.99964726,0.00035275595,-1,YQCA_ECOLI,3.0,Escherichia coli
0.99950075,0.0004992387,-1,PTFB1_ECOLI,3.0,Escherichia coli
0.99751043,0.00248959,-1,PTFB2_ECOLI,3.0,Escherichia coli
0.9991278,0.0008722496,-1,FEOC_ECOLI,3.0,Escherichia coli
0.99923015,0.00076981547,-1,RCLB_ECOLI,3.0,Escherichia coli
0.99942005,0.0005799646,-1,YCGV_ECOLI,3.0,Escherichia coli
0.9994844,0.00051555946,-1,ELFC_ECOLI,3.0,Escherichia coli
0.99951327,0.00048669407,-1,PDEI_ECOLI,3.0,Escherichia coli
0.99837327,0.0016267529,-1,YCAO_ECOLI,3.0,Escherichia coli
0.9985934,0.0014065894,-1,NHAP2_ECOLI,3.0,Escherichia coli
0.99807894,0.0019210359,-1,OPGE_ECOLI,3.0,Escherichia coli
0.99907804,0.00092194916,-1,OPGC_ECOLI,3.0,Escherichia coli
0.6776753,0.32232463,-1,RLMC_ECOLI,3.0,Escherichia coli
0.95489657,0.045103412,-1,INTE_ECOLI,3.0,Escherichia coli
0.99924505,0.0007550034,-1,ELFG_ECOLI,3.0,Escherichia coli
0.99908864,0.00091138633,-1,SSUA_ECOLI,3.0,Escherichia coli
0.9966216,0.0033783878,-1,FLGJ_ECOLI,3.0,Escherichia coli
0.99883527,0.0011647325,-1,GSID_ECOLI,3.0,Escherichia coli
0.9925277,0.007472312,-1,PFLE_ECOLI,3.0,Escherichia coli
0.99939156,0.00060844846,-1,LYSO_ECOLI,3.0,Escherichia coli
0.9995677,0.00043226746,-1,EFEU_ECOLI,3.0,Escherichia coli
0.99985695,0.00014308376,-1,THIK_ECOLI,3.0,Escherichia coli
0.99849427,0.0015057558,-1,SSUC_ECOLI,3.0,Escherichia coli
0.9975176,0.002482448,-1,FLGF_ECOLI,3.0,Escherichia coli
0.9992436,0.0007564178,-1,C56H2_ECOLI,3.0,Escherichia coli
0.99931276,0.0006872854,-1,YCDY_ECOLI,3.0,Escherichia coli
0.9999105,8.9508554e-05,-1,ELFA_ECOLI,3.0,Escherichia coli
0.9995161,0.00048383084,-1,RCDA_ECOLI,3.0,Escherichia coli
0.9997004,0.0002996447,-1,PLIG_ECOLI,3.0,Escherichia coli
0.9279178,0.072082184,-1,IRAM_ECOLI,3.0,Escherichia coli
0.9998124,0.00018757035,-1,YDHV_ECOLI,3.0,Escherichia coli
0.99076194,0.009237999,-1,FLHA_ECOLI,3.0,Escherichia coli
0.9989932,0.0010067961,-1,PDED_ECOLI,3.0,Escherichia coli
0.99703217,0.0029677914,-1,DDPA_ECOLI,3.0,Escherichia coli
0.9989299,0.0010700383,-1,YNJC_ECOLI,3.0,Escherichia coli
0.0013630878,0.9986369,-1,RSMF_ECOLI,3.0,Escherichia coli
0.9991036,0.000896331,-1,YCJX_ECOLI,3.0,Escherichia coli
0.99780697,0.002192993,-1,HGLS_ECOLI,3.0,Escherichia coli
0.99889284,0.001107183,-1,CLCB_ECOLI,3.0,Escherichia coli
0.08660106,0.9133989,-1,INSQ_ECOLI,3.0,Escherichia coli
0.9929836,0.007016472,-1,INTQ_ECOLI,3.0,Escherichia coli
0.99967587,0.00032417002,-1,YCJQ_ECOLI,3.0,Escherichia coli
0.9996952,0.0003048207,-1,LSRB_ECOLI,3.0,Escherichia coli
0.9910977,0.0089023085,-1,CNTB_ECOLI,3.0,Escherichia coli
0.99785125,0.0021487533,-1,YDHF_ECOLI,3.0,Escherichia coli
0.999808,0.00019199634,-1,YNFH_ECOLI,3.0,Escherichia coli
0.99890757,0.0010923742,-1,NIMR_ECOLI,3.0,Escherichia coli
0.9987657,0.0012342635,-1,KDGR_ECOLI,3.0,Escherichia coli
0.9977476,0.0022524153,-1,YDEO_ECOLI,3.0,Escherichia coli
0.99958116,0.0004188368,-1,YDIV_ECOLI,3.0,Escherichia coli
0.99960274,0.00039729362,-1,MCBR_ECOLI,3.0,Escherichia coli
0.9982135,0.001786511,-1,LYSQ_ECOLI,3.0,Escherichia coli
0.9996358,0.00036416625,-1,PAAD_ECOLI,3.0,Escherichia coli
0.99915206,0.00084797054,-1,MSRC_ECOLI,3.0,Escherichia coli
0.9988067,0.001193318,-1,PAAB_ECOLI,3.0,Escherichia coli
0.9996581,0.00034189507,-1,YQIG_ECOLI,3.0,Escherichia coli
0.9985511,0.0014489694,-1,YEGI_ECOLI,3.0,Escherichia coli
0.9990176,0.0009824483,-1,PDEN_ECOLI,3.0,Escherichia coli
0.9987741,0.0012259136,-1,EUTA_ECOLI,3.0,Escherichia coli
0.99907696,0.00092307164,-1,EUTH_ECOLI,3.0,Escherichia coli
0.3763476,0.62365234,-1,INTZ_ECOLI,3.0,Escherichia coli
0.99448144,0.005518565,-1,ATOB_ECOLI,3.0,Escherichia coli
0.99663925,0.0033607269,-1,FLHB_ECOLI,3.0,Escherichia coli
0.99909234,0.0009076548,-1,WZZB_ECOLI,3.0,Escherichia coli
0.99872905,0.0012709718,-1,YDCU_ECOLI,3.0,Escherichia coli
0.999059,0.0009410434,-1,YDCI_ECOLI,3.0,Escherichia coli
0.9992478,0.0007522635,-1,ARND_ECOLI,3.0,Escherichia coli
0.99666864,0.0033314214,-1,YFCO_ECOLI,3.0,Escherichia coli
0.9990226,0.0009773779,-1,MPGP_ECOLI,3.0,Escherichia coli
0.9981446,0.0018553397,-1,MLAA_ECOLI,3.0,Escherichia coli
0.9994349,0.0005651184,-1,EUTQ_ECOLI,3.0,Escherichia coli
0.9994203,0.0005796985,-1,YNJD_ECOLI,3.0,Escherichia coli
0.9825104,0.017489586,-1,PINQ_ECOLI,3.0,Escherichia coli
0.9997969,0.00020312057,-1,YFCP_ECOLI,3.0,Escherichia coli
0.9993425,0.0006574804,-1,C56H1_ECOLI,3.0,Escherichia coli
0.9998636,0.00013632356,-1,YFCR_ECOLI,3.0,Escherichia coli
0.9988524,0.001147611,-1,EUTK_ECOLI,3.0,Escherichia coli
0.9995278,0.0004722423,-1,YFCQ_ECOLI,3.0,Escherichia coli
0.999585,0.00041503613,-1,SIXA_ECOLI,3.0,Escherichia coli
0.99873036,0.0012696354,-1,EUTP_ECOLI,3.0,Escherichia coli
0.999577,0.00042301344,-1,YFCU_ECOLI,3.0,Escherichia coli
0.9974745,0.002525468,-1,MDLA_ECOLI,3.0,Escherichia coli
0.9995826,0.00041746002,-1,YDEN_ECOLI,3.0,Escherichia coli
0.9993094,0.0006905464,-1,HSCC_ECOLI,3.0,Escherichia coli
0.9965095,0.003490556,-1,HYFG_ECOLI,3.0,Escherichia coli
0.9993531,0.0006469404,-1,LSRK_ECOLI,3.0,Escherichia coli
0.9995072,0.0004927621,-1,HYFF_ECOLI,3.0,Escherichia coli
0.9983346,0.0016654816,-1,WZXC_ECOLI,3.0,Escherichia coli
0.9995552,0.0004448222,-1,HYFD_ECOLI,3.0,Escherichia coli
0.9995859,0.00041405178,-1,YBAT_ECOLI,3.0,Escherichia coli
0.99927634,0.0007237319,-1,YDFJ_ECOLI,3.0,Escherichia coli
0.9990627,0.000937295,-1,GCS2_ECOLI,3.0,Escherichia coli
0.16099933,0.83900064,-1,CITC_ECOLI,3.0,Escherichia coli
0.99862134,0.0013787159,-1,YPHD_ECOLI,3.0,Escherichia coli
0.9981018,0.0018983111,-1,DDPD_ECOLI,3.0,Escherichia coli
0.9998235,0.00017655583,-1,YPHF_ECOLI,3.0,Escherichia coli
0.998221,0.0017790266,-1,PAOD_ECOLI,3.0,Escherichia coli
0.9993113,0.0006887197,-1,GTRB_ECOLI,3.0,Escherichia coli
0.999335,0.0006649284,-1,CITG_ECOLI,3.0,Escherichia coli
0.99867344,0.0013266464,-1,RSXE_ECOLI,3.0,Escherichia coli
0.9996424,0.00035761014,-1,SFMC_ECOLI,3.0,Escherichia coli
0.9995091,0.0004908843,-1,YDHX_ECOLI,3.0,Escherichia coli
0.9998714,0.00012863628,-1,YFCV_ECOLI,3.0,Escherichia coli
0.9938784,0.0061215656,-1,YBCL_ECOLI,3.0,Escherichia coli
0.998439,0.0015609888,-1,YAFY_ECOLI,3.0,Escherichia coli
0.9994153,0.00058477174,-1,SFMD_ECOLI,3.0,Escherichia coli
0.99680114,0.0031988916,-1,YDEP_ECOLI,3.0,Escherichia coli
0.9989254,0.0010746119,-1,YAGF_ECOLI,3.0,Escherichia coli
0.99916255,0.00083747937,-1,PDEB_ECOLI,3.0,Escherichia coli
0.99324495,0.006755118,-1,YPHE_ECOLI,3.0,Escherichia coli
0.99960095,0.00039907766,-1,YDGA_ECOLI,3.0,Escherichia coli
0.9978048,0.0021952332,-1,EUTE_ECOLI,3.0,Escherichia coli
0.99676657,0.0032334835,-1,YNJE_ECOLI,3.0,Escherichia coli
0.9968214,0.0031785346,-1,SUFD_ECOLI,3.0,Escherichia coli
0.99938,0.00061994203,-1,PTFC1_ECOLI,3.0,Escherichia coli
0.99905425,0.00094572623,-1,YFCJ_ECOLI,3.0,Escherichia coli
0.999172,0.00082800415,-1,YCJV_ECOLI,3.0,Escherichia coli
0.9990637,0.0009363301,-1,LSRC_ECOLI,3.0,Escherichia coli
0.9967745,0.0032254725,-1,YDCT_ECOLI,3.0,Escherichia coli
0.9992563,0.000743649,-1,HYFC_ECOLI,3.0,Escherichia coli
0.9989214,0.0010786849,-1,DDPF_ECOLI,3.0,Escherichia coli
0.9994814,0.00051864894,-1,ABGR_ECOLI,3.0,Escherichia coli
0.99968183,0.000318214,-1,RPNB_ECOLI,3.0,Escherichia coli
0.9998147,0.0001853777,-1,YCJP_ECOLI,3.0,Escherichia coli
0.99799085,0.002009146,-1,YGER_ECOLI,3.0,Escherichia coli
0.9995908,0.00040914427,-1,YFCS_ECOLI,3.0,Escherichia coli
0.9959234,0.0040766513,-1,QUEC_ECOLI,3.0,Escherichia coli
0.9993456,0.0006543485,-1,GTRA_ECOLI,3.0,Escherichia coli
0.9979861,0.002013959,-1,YKFI_ECOLI,3.0,Escherichia coli
0.9989905,0.0010095515,-1,HOKB_ECOLI,3.0,Escherichia coli
0.9985114,0.0014885616,-1,YGFK_ECOLI,3.0,Escherichia coli
0.985449,0.014551039,-1,XDHD_ECOLI,3.0,Escherichia coli
0.9981528,0.0018472018,-1,UACF_ECOLI,3.0,Escherichia coli
0.9959501,0.004049833,-1,UACR_ECOLI,3.0,Escherichia coli
0.9966383,0.003361661,-1,FDRA_ECOLI,3.0,Escherichia coli
0.9965777,0.003422343,-1,SAPA_ECOLI,3.0,Escherichia coli
0.9957814,0.0042186156,-1,YGIS_ECOLI,3.0,Escherichia coli
0.9981958,0.001804177,-1,YGCU_ECOLI,3.0,Escherichia coli
0.99846303,0.0015370315,-1,GUDX_ECOLI,3.0,Escherichia coli
0.9975152,0.0024847633,-1,ELAD_ECOLI,3.0,Escherichia coli
0.9993647,0.0006353417,-1,YGEW_ECOLI,3.0,Escherichia coli
0.98747885,0.012521192,-1,YQEF_ECOLI,3.0,Escherichia coli
0.9992685,0.000731525,-1,HCAT_ECOLI,3.0,Escherichia coli
0.9989209,0.0010791258,-1,CBL_ECOLI,3.0,Escherichia coli
0.9988206,0.0011794111,-1,NAC_ECOLI,3.0,Escherichia coli
0.9998276,0.00017230306,-1,FEAR_ECOLI,3.0,Escherichia coli
0.9991447,0.0008553495,-1,TAUC_ECOLI,3.0,Escherichia coli
0.9997582,0.00024180156,-1,PPPA_ECOLI,3.0,Escherichia coli
0.9699074,0.030092634,-1,YGCR_ECOLI,3.0,Escherichia coli
0.99930084,0.0006991579,-1,OTNI_ECOLI,3.0,Escherichia coli
0.99906594,0.00093403296,-1,OTNC_ECOLI,3.0,Escherichia coli
0.997943,0.0020570063,-1,XDHC_ECOLI,3.0,Escherichia coli
0.99971324,0.0002867152,-1,YGFX_ECOLI,3.0,Escherichia coli
0.99863356,0.0013664021,-1,YPJF_ECOLI,3.0,Escherichia coli
0.9994361,0.0005639083,-1,YAFN_ECOLI,3.0,Escherichia coli
0.95782715,0.04217288,-1,A0A8A4RZ36_ECOLI,2.0,Escherichia coli
0.9918704,0.00812966,-1,A0A223DQU8_ECOLI,2.0,Escherichia coli
0.9982564,0.0017435995,-1,A0A0G3HUT6_ECOLI,2.0,Escherichia coli
0.9954432,0.0045567364,-1,A0A8A4RX72_ECOLI,2.0,Escherichia coli
0.98322684,0.01677322,-1,YTFR_ECOLI,3.0,Escherichia coli
0.9893834,0.010616629,-1,A0A0G3HGF9_ECOLI,2.0,Escherichia coli
0.999474,0.0005259933,-1,MMUP_ECOLI,3.0,Escherichia coli
0.99950945,0.00049052155,-1,UIDC_ECOLI,3.0,Escherichia coli
0.9989605,0.0010394804,-1,A0A8A4RXG2_ECOLI,2.0,Escherichia coli
0.9709725,0.029027546,-1,A0A0M3KKV1_ECODH,2.0,Escherichia coli
0.04081961,0.9591804,-1,A0A223DQX2_ECOLI,2.0,Escherichia coli
0.9993747,0.00062529155,-1,A0A223DQU6_ECOLI,2.0,Escherichia coli
0.9735328,0.026467176,-1,INH21_ECOLI,2.0,Escherichia coli
0.99963653,0.0003634695,-1,PERR_ECOLI,3.0,Escherichia coli
0.99133015,0.008669894,-1,A0A4D6FXD9_ECOLI,2.0,Escherichia coli
0.993323,0.006676991,-1,A0A8A4RVT4_ECOLI,2.0,Escherichia coli
0.99966776,0.00033228166,-1,A0A223DQY7_ECOLI,2.0,Escherichia coli
0.99955064,0.00044934993,-1,A0A4D6FVV9_ECOLI,2.0,Escherichia coli
0.9960938,0.0039062393,-1,A0A8A4RYJ1_ECOLI,2.0,Escherichia coli
0.99938035,0.00061963196,-1,A0A8A4RZ31_ECOLI,2.0,Escherichia coli
0.99248827,0.0075117406,-1,INSB9_ECOLI,2.0,Escherichia coli
0.99913234,0.0008676535,-1,A0A8A4RYT0_ECOLI,2.0,Escherichia coli
0.9977913,0.0022087663,-1,A0A6D1P025_ECOW3,2.0,Escherichia coli
0.9691245,0.03087551,-1,INSA9_ECOLI,2.0,Escherichia coli
0.5025557,0.49744433,-1,A0A8A4RYS4_ECOLI,2.0,Escherichia coli
0.34130862,0.65869135,-1,UVRC_ECODH,2.0,Escherichia coli
0.9912355,0.008764464,-1,A0A8A4RZ90_ECOLI,2.0,Escherichia coli
0.6314167,0.3685833,-1,A0A8A4S283_ECOLI,2.0,Escherichia coli
0.9987055,0.0012945087,-1,DCYD_ECODH,2.0,Escherichia coli
0.031004256,0.96899575,-1,FMT_ECODH,2.0,Escherichia coli
0.9971342,0.0028657627,-1,A0A8A4RZE1_ECOLI,2.0,Escherichia coli
0.9990226,0.0009773793,-1,MPGP_ECODH,2.0,Escherichia coli
0.98968035,0.010319607,-1,A0A8A4S2I4_ECOLI,2.0,Escherichia coli
0.99517643,0.0048235143,-1,MSRQ_ECODH,2.0,Escherichia coli
1.2306411e-05,0.9999877,-1,RS4_ECODH,2.0,Escherichia coli
0.9991499,0.0008500524,-1,A0A8A4RZ69_ECOLI,2.0,Escherichia coli
0.9989286,0.0010714154,-1,A5PFK0_ECOLI,2.0,Escherichia coli
0.58956707,0.410433,-1,DEF_ECODH,2.0,Escherichia coli
0.9975526,0.0024475004,-1,YKFM_ECOLI,2.0,Escherichia coli
0.98825896,0.011741059,-1,YBEY_ECODH,2.0,Escherichia coli
0.9958086,0.004191345,-1,MSCL_ECODH,2.0,Escherichia coli
8.434182e-05,0.9999156,-1,RS11_ECODH,2.0,Escherichia coli
0.0201917,0.9798083,-1,RL17_ECODH,2.0,Escherichia coli
0.9998497,0.0001503419,-1,FLIT_ECODH,2.0,Escherichia coli
0.99775475,0.0022452748,-1,FLIE_ECODH,2.0,Escherichia coli
0.99922085,0.0007790906,-1,YJBT_ECOLI,2.0,Escherichia coli
0.99952507,0.00047495594,-1,YTCA_ECOLI,2.0,Escherichia coli
0.99878985,0.0012102086,-1,YNCL_ECOLI,2.0,Escherichia coli
0.99862385,0.001376159,-1,LPFUR_ECOLI,2.0,Escherichia coli
0.9994803,0.00051967,-1,DINQ_ECOLI,2.0,Escherichia coli
0.9768985,0.02310143,-1,EFG_ECODH,2.0,Escherichia coli
0.9983144,0.0016855963,-1,KEFB_ECODH,2.0,Escherichia coli
2.159118e-05,0.9999784,-1,RL2_ECODH,2.0,Escherichia coli
3.8150647e-06,0.9999962,-1,RL3_ECODH,2.0,Escherichia coli
9.842886e-05,0.99990153,-1,RL4_ECODH,2.0,Escherichia coli
2.3208671e-05,0.99997675,-1,RL5_ECODH,2.0,Escherichia coli
0.00017205678,0.99982786,-1,RS7_ECODH,2.0,Escherichia coli
6.1859128e-06,0.9999938,-1,RL6_ECODH,2.0,Escherichia coli
4.0988205e-05,0.999959,-1,RL15_ECODH,2.0,Escherichia coli
2.2743077e-05,0.99997723,-1,RL16_ECODH,2.0,Escherichia coli
8.123563e-06,0.9999919,-1,RS8_ECODH,2.0,Escherichia coli
0.9992712,0.0007287647,-1,TUSD_ECODH,2.0,Escherichia coli
1.7300566e-05,0.9999827,-1,RL14_ECODH,2.0,Escherichia coli
0.99731016,0.0026898796,-1,TUSC_ECODH,2.0,Escherichia coli
1.849134e-05,0.9999815,-1,RL18_ECODH,2.0,Escherichia coli
3.463422e-05,0.9999653,-1,RL22_ECODH,2.0,Escherichia coli
0.00017424866,0.9998258,-1,RL24_ECODH,2.0,Escherichia coli
7.264116e-05,0.9999274,-1,RS10_ECODH,2.0,Escherichia coli
0.00016277473,0.99983716,-1,RS14_ECODH,2.0,Escherichia coli
0.9947745,0.005225537,-1,TUSB_ECODH,2.0,Escherichia coli
1.6189806e-05,0.9999838,-1,RS19_ECODH,2.0,Escherichia coli
4.466953e-05,0.9999553,-1,RS17_ECODH,2.0,Escherichia coli
0.05828221,0.94171774,-1,RL29_ECODH,2.0,Escherichia coli
0.9908399,0.009160083,-1,RL30_ECODH,2.0,Escherichia coli
0.99872285,0.0012771514,-1,RL361_ECODH,2.0,Escherichia coli
0.99942017,0.00057988777,-1,MDTB_ECODH,2.0,Escherichia coli
0.99953043,0.00046959208,-1,MDTC_ECODH,2.0,Escherichia coli
0.99663675,0.0033631823,-1,KDPA_ECODH,2.0,Escherichia coli
0.99816173,0.001838241,-1,GLGA_ECODH,2.0,Escherichia coli
0.9985917,0.0014082877,-1,MDTD_ECODH,2.0,Escherichia coli
0.9991949,0.0008050888,-1,TOLB_ECODH,2.0,Escherichia coli
0.99814224,0.0018577486,-1,MDTA_ECODH,2.0,Escherichia coli
0.9995617,0.00043821323,-1,TSGA_ECODH,2.0,Escherichia coli
0.9997011,0.00029886517,-1,COBT_ECODH,2.0,Escherichia coli
0.9978947,0.0021052845,-1,HIS8_ECODH,2.0,Escherichia coli
0.998895,0.0011050291,-1,NADA_ECODH,2.0,Escherichia coli
0.9680797,0.031920325,-1,RTCA_ECODH,2.0,Escherichia coli
0.998749,0.0012510034,-1,YBHG_ECODH,2.0,Escherichia coli
0.99685526,0.0031446575,-1,6PGL_ECODH,2.0,Escherichia coli
0.15160033,0.8483997,-1,RLMF_ECODH,2.0,Escherichia coli
0.9983728,0.001627233,-1,HSLO_ECODH,2.0,Escherichia coli
0.99844766,0.0015522897,-1,GLPG_ECODH,2.0,Escherichia coli
0.97114545,0.028854486,-1,HIS4_ECODH,2.0,Escherichia coli
0.9985942,0.0014057477,-1,PXPA_ECODH,2.0,Escherichia coli
0.9899009,0.010099126,-1,YBIX_ECODH,2.0,Escherichia coli
0.99805534,0.0019447247,-1,NFUA_ECODH,2.0,Escherichia coli
0.99882597,0.0011740554,-1,KDPC_ECODH,2.0,Escherichia coli
0.13664208,0.8633579,-1,MOAC_ECODH,2.0,Escherichia coli
0.9993697,0.0006303718,-1,GLPE_ECODH,2.0,Escherichia coli
0.9991278,0.0008722496,-1,FEOC_ECODH,2.0,Escherichia coli
0.00037398882,0.99962604,-1,RLMKL_ECODH,2.0,Escherichia coli
0.64592177,0.35407817,-1,SYGB_ECODH,2.0,Escherichia coli
0.99895656,0.0010434004,-1,YBJL_ECODH,2.0,Escherichia coli
0.997647,0.0023530587,-1,MQO_ECODH,2.0,Escherichia coli
0.9982784,0.0017216097,-1,XYLA_ECODH,2.0,Escherichia coli
0.9995679,0.00043212494,-1,MUKF_ECODH,2.0,Escherichia coli
0.998109,0.0018910537,-1,GLPB_ECODH,2.0,Escherichia coli
0.99876654,0.0012334414,-1,PNCB_ECODH,2.0,Escherichia coli
0.9989981,0.0010019178,-1,YCAD_ECODH,2.0,Escherichia coli
0.99841213,0.0015878917,-1,MTLD_ECODH,2.0,Escherichia coli
0.99680495,0.0031950532,-1,SSUD_ECODH,2.0,Escherichia coli
0.67767376,0.3223263,-1,RLMC_ECODH,2.0,Escherichia coli
0.92816997,0.071830064,-1,LPXK_ECODH,2.0,Escherichia coli
0.9979479,0.0020521083,-1,END4_ECODH,2.0,Escherichia coli
0.998955,0.0010450091,-1,SFGH2_ECODH,2.0,Escherichia coli
0.7669087,0.23309126,-1,RSMJ_ECODH,2.0,Escherichia coli
0.98512787,0.014872113,-1,KDSB_ECODH,2.0,Escherichia coli
0.018057289,0.9819427,-1,KCY_ECODH,2.0,Escherichia coli
0.99986076,0.00013921384,-1,LOLA_ECODH,2.0,Escherichia coli
0.99918574,0.00081428484,-1,ECOT_ECODH,2.0,Escherichia coli
0.99861526,0.0013847426,-1,NIKR_ECODH,2.0,Escherichia coli
0.99967074,0.00032924747,-1,CLPS_ECODH,2.0,Escherichia coli
0.18570398,0.814296,-1,IHFB_ECODH,2.0,Escherichia coli
0.00027424935,0.99972576,-1,RL25_ECODH,2.0,Escherichia coli
0.9983822,0.0016177717,-1,TUSA_ECODH,2.0,Escherichia coli
0.989617,0.010383036,-1,ADEC_ECODH,2.0,Escherichia coli
0.9925425,0.0074575194,-1,LIGB_ECODH,2.0,Escherichia coli
0.999038,0.00096205354,-1,YIDE_ECODH,2.0,Escherichia coli
0.00044316502,0.99955684,-1,RLMI_ECODH,2.0,Escherichia coli
0.99673957,0.0032603955,-1,CBPA_ECODH,2.0,Escherichia coli
0.99969697,0.00030303092,-1,RUTD_ECODH,2.0,Escherichia coli
0.9994351,0.0005648023,-1,MENH_ECODH,2.0,Escherichia coli
0.9992955,0.00070446363,-1,RUTB_ECODH,2.0,Escherichia coli
0.99869895,0.0013010139,-1,YICR_ECODH,2.0,Escherichia coli
0.9942438,0.005756168,-1,PYRE_ECODH,2.0,Escherichia coli
0.9992225,0.0007775161,-1,AIS_ECODH,2.0,Escherichia coli
0.9993581,0.0006418472,-1,TORD_ECODH,2.0,Escherichia coli
0.9961169,0.003883106,-1,RUTE_ECODH,2.0,Escherichia coli
0.99962294,0.00037699478,-1,SULA_ECODH,2.0,Escherichia coli
0.9975158,0.0024841726,-1,SECB_ECODH,2.0,Escherichia coli
0.99885774,0.0011422973,-1,MGSA_ECODH,2.0,Escherichia coli
0.6635403,0.33645973,-1,MATP_ECODH,2.0,Escherichia coli
0.99393713,0.0060628443,-1,IBPB_ECODH,2.0,Escherichia coli
0.9860647,0.013935365,-1,IBPA_ECODH,2.0,Escherichia coli
0.99987674,0.00012319564,-1,ARNF_ECODH,2.0,Escherichia coli
0.9984018,0.0015981399,-1,RUTC_ECODH,2.0,Escherichia coli
0.9987814,0.0012186519,-1,HSPQ_ECODH,2.0,Escherichia coli
0.99689984,0.0031001996,-1,RPOZ_ECODH,2.0,Escherichia coli
0.9807978,0.019202108,-1,RL28_ECODH,2.0,Escherichia coli
0.0050824382,0.99491763,-1,RL33_ECODH,2.0,Escherichia coli
0.9997789,0.00022104724,-1,BGLH_ECODH,2.0,Escherichia coli
0.9979087,0.0020913652,-1,OPGG_ECODH,2.0,Escherichia coli
0.9986457,0.0013543456,-1,TNAA_ECODH,2.0,Escherichia coli
0.99703026,0.0029696766,-1,SDHD_ECODH,2.0,Escherichia coli
0.9989754,0.0010246168,-1,YFEO_ECODH,2.0,Escherichia coli
0.99650323,0.0034967826,-1,FCTA_ECODH,2.0,Escherichia coli
0.99906963,0.0009304447,-1,MNTH_ECODH,2.0,Escherichia coli
0.99937695,0.0006230697,-1,MDTG_ECODH,2.0,Escherichia coli
0.9992593,0.00074075337,-1,MDTH_ECODH,2.0,Escherichia coli
0.9995363,0.00046376372,-1,MDTL_ECODH,2.0,Escherichia coli
0.99907804,0.00092195044,-1,OPGC_ECODH,2.0,Escherichia coli
0.9989967,0.0010032877,-1,RUTA_ECODH,2.0,Escherichia coli
0.9991967,0.00080335955,-1,MTOX_ECODH,2.0,Escherichia coli
0.98509556,0.014904388,-1,FLGI_ECODH,2.0,Escherichia coli
0.9836723,0.016327634,-1,RECF_ECODH,2.0,Escherichia coli
0.99777454,0.0022254826,-1,TRHO_ECODH,2.0,Escherichia coli
0.99942905,0.0005708949,-1,GLK_ECODH,2.0,Escherichia coli
0.9995906,0.00040946327,-1,YIDZ_ECODH,2.0,Escherichia coli
0.99116194,0.00883807,-1,ATPG_ECODH,2.0,Escherichia coli
0.99650085,0.0034990846,-1,YCDX_ECODH,2.0,Escherichia coli
0.9995573,0.00044261466,-1,FLGH_ECODH,2.0,Escherichia coli
0.9640242,0.035975825,-1,ATPD_ECODH,2.0,Escherichia coli
0.99869305,0.0013069204,-1,ATPE_ECODH,2.0,Escherichia coli
1.4975082e-05,0.999985,-1,RNPA_ECODH,2.0,Escherichia coli
0.99888164,0.001118363,-1,RL34_ECODH,2.0,Escherichia coli
0.9180842,0.08191577,-1,MNMG_ECODH,2.0,Escherichia coli
0.9994271,0.0005729036,-1,KUP_ECODH,2.0,Escherichia coli
0.9985934,0.0014065894,-1,NHAP2_ECODH,2.0,Escherichia coli
0.999461,0.00053898495,-1,NHAB_ECODH,2.0,Escherichia coli
0.9138591,0.086140916,-1,GPPA_ECODH,2.0,Escherichia coli
0.9883575,0.011642521,-1,DADA_ECODH,2.0,Escherichia coli
0.9957482,0.004251772,-1,ASNA_ECODH,2.0,Escherichia coli
0.9991455,0.0008544819,-1,ZIPA_ECODH,2.0,Escherichia coli
0.9993349,0.0006651303,-1,NAGK_ECODH,2.0,Escherichia coli
0.9992694,0.00073055277,-1,HDFR_ECODH,2.0,Escherichia coli
0.99985695,0.00014308376,-1,THIK_ECODH,2.0,Escherichia coli
0.99444026,0.005559763,-1,ATP6_ECODH,2.0,Escherichia coli
0.9991571,0.0008429788,-1,CYSZ_ECODH,2.0,Escherichia coli
0.99923444,0.00076562463,-1,FADR_ECODH,2.0,Escherichia coli
0.99589396,0.004106091,-1,MINC_ECODH,2.0,Escherichia coli
0.9952667,0.004733338,-1,KTHY_ECODH,2.0,Escherichia coli
0.9974347,0.0025652996,-1,HFLD_ECODH,2.0,Escherichia coli
0.9950086,0.0049914406,-1,RSMG_ECODH,2.0,Escherichia coli
0.9964394,0.0035605389,-1,ATPF_ECODH,2.0,Escherichia coli
0.9990651,0.00093486457,-1,NUDJ_ECODH,2.0,Escherichia coli
0.9279178,0.072082184,-1,IRAM_ECODH,2.0,Escherichia coli
0.9991646,0.00083543605,-1,ARIR_ECODH,2.0,Escherichia coli
0.99719393,0.0028060444,-1,ACP_ECODH,2.0,Escherichia coli
0.99970657,0.0002934481,-1,YPFN_ECODH,2.0,Escherichia coli
0.9997161,0.00028390557,-1,RL32_ECODH,2.0,Escherichia coli
0.9971374,0.002862575,-1,HSCA_ECODH,2.0,Escherichia coli
0.005053564,0.9949464,-1,DER_ECODH,2.0,Escherichia coli
0.9978917,0.0021083253,-1,CLSA_ECODH,2.0,Escherichia coli
0.9594532,0.040546738,-1,EX7L_ECODH,2.0,Escherichia coli
0.999479,0.0005210751,-1,WZYE_ECODH,2.0,Escherichia coli
0.9982817,0.0017183365,-1,PEPQ_ECODH,2.0,Escherichia coli
0.01379399,0.986206,-1,SYH_ECODH,2.0,Escherichia coli
0.9984707,0.0015292343,-1,HCAD_ECODH,2.0,Escherichia coli
0.9500486,0.049951397,-1,RF1_ECODH,2.0,Escherichia coli
0.9971738,0.002826212,-1,PUR5_ECODH,2.0,Escherichia coli
0.9964547,0.0035453392,-1,KDSA_ECODH,2.0,Escherichia coli
0.9990088,0.0009911639,-1,RHAS_ECODH,2.0,Escherichia coli
0.9856301,0.014369925,-1,FDHD_ECODH,2.0,Escherichia coli
0.998872,0.0011280129,-1,WECG_ECODH,2.0,Escherichia coli
0.98538554,0.014614448,-1,RECO_ECODH,2.0,Escherichia coli
0.9960335,0.00396648,-1,PUR7_ECODH,2.0,Escherichia coli
0.9961771,0.003822889,-1,HDA_ECODH,2.0,Escherichia coli
0.9995572,0.00044283518,-1,LOLB_ECODH,2.0,Escherichia coli
0.7781695,0.22183053,-1,PTH_ECODH,2.0,Escherichia coli
0.9989434,0.0010566526,-1,HCAF_ECODH,2.0,Escherichia coli
0.9996061,0.00039392657,-1,HSCB_ECODH,2.0,Escherichia coli
0.9908913,0.009108743,-1,YIHI_ECODH,2.0,Escherichia coli
0.9979633,0.0020367508,-1,ISCR_ECODH,2.0,Escherichia coli
0.9965934,0.003406607,-1,ISCA_ECODH,2.0,Escherichia coli
0.99843127,0.0015687473,-1,CYAY_ECODH,2.0,Escherichia coli
0.99822575,0.001774284,-1,CAPP_ECODH,2.0,Escherichia coli
6.44427e-05,0.9999355,-1,RNB_ECODH,2.0,Escherichia coli
0.9963811,0.00361897,-1,MHPA_ECODH,2.0,Escherichia coli
0.99947053,0.0005294628,-1,CAIT_ECODH,2.0,Escherichia coli
0.99189585,0.008104131,-1,ARLY_ECODH,2.0,Escherichia coli
0.99664587,0.003354142,-1,TRPB_ECODH,2.0,Escherichia coli
0.9990879,0.0009120609,-1,CAIA_ECODH,2.0,Escherichia coli
0.9994986,0.0005014259,-1,RHAT_ECODH,2.0,Escherichia coli
0.9992466,0.0007534053,-1,KDGT_ECODH,2.0,Escherichia coli
0.99355906,0.0064409217,-1,FIXB_ECODH,2.0,Escherichia coli
0.99580896,0.004191097,-1,KHSE_ECODH,2.0,Escherichia coli
0.9979323,0.0020676523,-1,RIHC_ECODH,2.0,Escherichia coli
0.9964796,0.003520435,-1,TRPA_ECODH,2.0,Escherichia coli
0.9942146,0.005785456,-1,FIXA_ECODH,2.0,Escherichia coli
0.9955729,0.0044270013,-1,CDH_ECODH,2.0,Escherichia coli
0.96476614,0.03523384,-1,TRMN6_ECODH,2.0,Escherichia coli
0.9995498,0.00045018148,-1,CAIE_ECODH,2.0,Escherichia coli
0.99932766,0.0006723785,-1,YCIB_ECODH,2.0,Escherichia coli
0.9988526,0.0011474417,-1,RRAA_ECODH,2.0,Escherichia coli
0.9964206,0.0035794305,-1,CYNS_ECODH,2.0,Escherichia coli
0.9993383,0.0006616258,-1,METJ_ECODH,2.0,Escherichia coli
8.85271e-05,0.9999114,-1,RS20_ECODH,2.0,Escherichia coli
0.9992623,0.0007377234,-1,ZAPB_ECODH,2.0,Escherichia coli
5.4105214e-05,0.9999459,-1,RL31_ECODH,2.0,Escherichia coli
0.6911138,0.30888626,-1,LPT_ECODH,2.0,Escherichia coli
0.9945381,0.0054618046,-1,PLSB_ECODH,2.0,Escherichia coli
0.9962335,0.0037665304,-1,STHA_ECODH,2.0,Escherichia coli
0.99877673,0.0012233037,-1,GLAH_ECODH,2.0,Escherichia coli
0.9952048,0.004795238,-1,COAA_ECODH,2.0,Escherichia coli
0.24918184,0.75081813,-1,RSMH_ECODH,2.0,Escherichia coli
0.9992487,0.0007512462,-1,MURI_ECODH,2.0,Escherichia coli
0.9987985,0.0012014707,-1,APAH_ECODH,2.0,Escherichia coli
0.91209924,0.087900706,-1,TRMD_ECODH,2.0,Escherichia coli
1.085703e-05,0.99998915,-1,RL1_ECODH,2.0,Escherichia coli
0.9889142,0.011085838,-1,UNG_ECODH,2.0,Escherichia coli
0.9995807,0.00041933198,-1,PEPE_ECODH,2.0,Escherichia coli
0.99913126,0.0008687766,-1,FABR_ECODH,2.0,Escherichia coli
0.99171597,0.008283979,-1,GRPE_ECODH,2.0,Escherichia coli
0.013508847,0.9864912,-1,RIMM_ECODH,2.0,Escherichia coli
0.00017813622,0.99982184,-1,RL10_ECODH,2.0,Escherichia coli
0.99952745,0.000472521,-1,UBIC_ECODH,2.0,Escherichia coli
5.4604116e-06,0.9999945,-1,SSRP_ECODH,2.0,Escherichia coli
0.9984849,0.0015150822,-1,RSD_ECODH,2.0,Escherichia coli
0.9979075,0.0020924488,-1,MRAZ_ECODH,2.0,Escherichia coli
3.9703395e-06,0.99999607,-1,RL11_ECODH,2.0,Escherichia coli
0.9995272,0.0004727715,-1,PSIE_ECODH,2.0,Escherichia coli
0.99897873,0.0010213496,-1,GRCA_ECODH,2.0,Escherichia coli
0.97936535,0.02063465,-1,RL7_ECODH,2.0,Escherichia coli
0.17324086,0.8267591,-1,RL19_ECODH,2.0,Escherichia coli
0.94403744,0.055962525,-1,RS16_ECODH,2.0,Escherichia coli
0.991546,0.008454046,-1,MUTS_ECODH,2.0,Escherichia coli
0.99682033,0.0031796123,-1,BAMA_ECODH,2.0,Escherichia coli
0.21044703,0.789553,-1,SYP_ECODH,2.0,Escherichia coli
0.9988655,0.0011345489,-1,ACTP_ECODH,2.0,Escherichia coli
0.9980877,0.0019122588,-1,GSH1_ECODH,2.0,Escherichia coli
0.92016035,0.07983964,-1,DGTP_ECODH,2.0,Escherichia coli
0.9968905,0.0031095748,-1,LPXB_ECODH,2.0,Escherichia coli
0.99907744,0.0009225902,-1,ZNTB_ECODH,2.0,Escherichia coli
0.8741597,0.12584023,-1,CYSD_ECODH,2.0,Escherichia coli
0.9838966,0.016103366,-1,EFTS_ECODH,2.0,Escherichia coli
0.8555264,0.14447366,-1,DAPD_ECODH,2.0,Escherichia coli
0.9975625,0.0024374214,-1,LPXA_ECODH,2.0,Escherichia coli
0.999204,0.00079600717,-1,ZAPD_ECODH,2.0,Escherichia coli
0.9547865,0.045213554,-1,RS2_ECODH,2.0,Escherichia coli
0.41805136,0.58194864,-1,ISPD_ECODH,2.0,Escherichia coli
0.5824237,0.41757634,-1,SFSA_ECODH,2.0,Escherichia coli
0.9940655,0.0059344037,-1,RRF_ECODH,2.0,Escherichia coli
0.99870586,0.0012941771,-1,LUXS_ECODH,2.0,Escherichia coli
0.9978263,0.0021737476,-1,SECM_ECODH,2.0,Escherichia coli
0.103278875,0.8967211,-1,RECX_ECODH,2.0,Escherichia coli
0.9972759,0.0027241004,-1,ERPA_ECODH,2.0,Escherichia coli
0.9993593,0.0006406918,-1,CUTA_ECODH,2.0,Escherichia coli
0.99917537,0.0008245705,-1,FTSB_ECODH,2.0,Escherichia coli
0.99971634,0.000283592,-1,YACG_ECODH,2.0,Escherichia coli
0.04316217,0.95683783,-1,CSRA_ECODH,2.0,Escherichia coli
0.49937153,0.5006285,-1,MUTL_ECODH,2.0,Escherichia coli
0.9986627,0.0013373381,-1,OPGD_ECODH,2.0,Escherichia coli
0.99335563,0.00664437,-1,PROA_ECODH,2.0,Escherichia coli
0.9992237,0.0007762612,-1,FRSA_ECODH,2.0,Escherichia coli
0.9993192,0.0006807726,-1,LPLT_ECODH,2.0,Escherichia coli
0.9994518,0.0005481725,-1,ULAG_ECODH,2.0,Escherichia coli
0.99881697,0.001183117,-1,LGT_ECODH,2.0,Escherichia coli
0.9990558,0.00094423175,-1,ULAE_ECODH,2.0,Escherichia coli
0.9977551,0.0022448557,-1,GLO2_ECODH,2.0,Escherichia coli
0.99951816,0.00048189223,-1,ULAR_ECODH,2.0,Escherichia coli
0.9974624,0.002537645,-1,MUTH_ECODH,2.0,Escherichia coli
0.99924684,0.00075313717,-1,YTFE_ECODH,2.0,Escherichia coli
0.99847037,0.0015296268,-1,MSRA_ECODH,2.0,Escherichia coli
0.9972281,0.0027719159,-1,EFP_ECODH,2.0,Escherichia coli
0.9918379,0.008162115,-1,RPPH_ECODH,2.0,Escherichia coli
0.0001478754,0.99985206,-1,RL9_ECODH,2.0,Escherichia coli
0.99904877,0.00095121155,-1,NSRR_ECODH,2.0,Escherichia coli
0.9986004,0.0013995423,-1,CRL_ECODH,2.0,Escherichia coli
0.99936455,0.00063549314,-1,FRDC_ECODH,2.0,Escherichia coli
0.0013739804,0.998626,-1,RS6_ECODH,2.0,Escherichia coli
0.99934834,0.0006516373,-1,FRDD_ECODH,2.0,Escherichia coli
0.008589038,0.991411,-1,HFQ_ECODH,2.0,Escherichia coli
0.9779283,0.022071712,-1,CH10_ECODH,2.0,Escherichia coli
0.9995365,0.00046346494,-1,PPTA_ECODH,2.0,Escherichia coli
8.6525884e-05,0.99991345,-1,RS18_ECODH,2.0,Escherichia coli
0.9906955,0.009304531,-1,GCSP_ECODH,2.0,Escherichia coli
0.9993531,0.0006469404,-1,LSRK_ECODH,2.0,Escherichia coli
0.9944541,0.00554594,-1,LSRA_ECODH,2.0,Escherichia coli
0.9994289,0.0005709885,-1,SOTB_ECODH,2.0,Escherichia coli
0.9515784,0.048421577,-1,RF2_ECODH,2.0,Escherichia coli
0.9990637,0.000936331,-1,LSRC_ECODH,2.0,Escherichia coli
0.9996952,0.00030482133,-1,LSRB_ECODH,2.0,Escherichia coli
0.99961555,0.0003844011,-1,LSRD_ECODH,2.0,Escherichia coli
0.5893803,0.41061968,-1,YGFZ_ECODH,2.0,Escherichia coli
0.9994142,0.00058581354,-1,LSRR_ECODH,2.0,Escherichia coli
0.99952924,0.0004707623,-1,ARGP_ECODH,2.0,Escherichia coli
0.998828,0.0011720196,-1,LSRF_ECODH,2.0,Escherichia coli
0.99957377,0.00042622493,-1,TAM_ECODH,2.0,Escherichia coli
0.99976236,0.00023766,-1,ECPB_ECODH,2.0,Escherichia coli
0.9985891,0.001410904,-1,MARC_ECODH,2.0,Escherichia coli
0.9991998,0.0008001552,-1,ECPR_ECODH,2.0,Escherichia coli
0.9997905,0.00020954796,-1,ECPA_ECODH,2.0,Escherichia coli
0.9990615,0.0009384504,-1,BETI_ECODH,2.0,Escherichia coli
0.9883305,0.011669586,-1,PYRI_ECODH,2.0,Escherichia coli
0.9973149,0.002685171,-1,GCSH_ECODH,2.0,Escherichia coli
0.9943885,0.005611441,-1,ZAPA_ECODH,2.0,Escherichia coli
0.9800741,0.01992594,-1,AC4CH_ECODH,2.0,Escherichia coli
0.99901605,0.0009838875,-1,LSRG_ECODH,2.0,Escherichia coli
0.96377546,0.03622455,-1,RL31B_ECODH,2.0,Escherichia coli
0.9962108,0.003789153,-1,RL362_ECODH,2.0,Escherichia coli
0.0039934237,0.99600655,-1,RF3_ECODH,2.0,Escherichia coli
0.98320574,0.016794315,-1,TYPH_ECODH,2.0,Escherichia coli
0.99889284,0.0011071841,-1,CLCB_ECODH,2.0,Escherichia coli
0.06669466,0.9333053,-1,QUEA_ECODH,2.0,Escherichia coli
0.83059907,0.16940089,-1,RSMC_ECODH,2.0,Escherichia coli
0.0074754246,0.99252456,-1,TUS_ECODH,2.0,Escherichia coli
0.9967438,0.0032562036,-1,SPEB_ECODH,2.0,Escherichia coli
0.74231416,0.25768584,-1,RDGC_ECODH,2.0,Escherichia coli
0.9966698,0.0033302438,-1,SFGH1_ECODH,2.0,Escherichia coli
0.99929726,0.0007026979,-1,YNFC_ECODH,2.0,Escherichia coli
0.99475867,0.00524132,-1,ACPH_ECODH,2.0,Escherichia coli
0.9986809,0.0013190969,-1,RSXA_ECODH,2.0,Escherichia coli
0.99950886,0.0004911164,-1,DNAT_ECODH,2.0,Escherichia coli
0.99874794,0.0012520266,-1,SPRT_ECODH,2.0,Escherichia coli
0.997538,0.0024619906,-1,NRDR_ECODH,2.0,Escherichia coli
3.0707757e-05,0.99996924,-1,NUSB_ECODH,2.0,Escherichia coli
0.99608177,0.0039182846,-1,YQGF_ECODH,2.0,Escherichia coli
0.99983597,0.00016396829,-1,MDTJ_ECODH,2.0,Escherichia coli
0.99942696,0.0005730216,-1,MDTI_ECODH,2.0,Escherichia coli
0.99954623,0.0004537786,-1,YNFA_ECODH,2.0,Escherichia coli
0.9982133,0.0017867287,-1,TRPR_ECODH,2.0,Escherichia coli
0.82696867,0.1730313,-1,ASR_ECODH,2.0,Escherichia coli
0.99689215,0.0031078383,-1,FETP_ECODH,2.0,Escherichia coli
0.99981016,0.00018982726,-1,IRAP_ECODH,2.0,Escherichia coli
0.9989472,0.0010528108,-1,EX7S_ECODH,2.0,Escherichia coli
0.9993198,0.0006802639,-1,UXAC_ECODH,2.0,Escherichia coli
0.46723518,0.5327648,-1,SYC_ECODH,2.0,Escherichia coli
0.9971457,0.002854301,-1,MDTK_ECODH,2.0,Escherichia coli
0.9985892,0.0014107588,-1,ASTB_ECODH,2.0,Escherichia coli
0.9994198,0.00058024324,-1,TDCC_ECODH,2.0,Escherichia coli
0.1132164,0.88678366,-1,RLMG_ECODH,2.0,Escherichia coli
0.99884737,0.0011525935,-1,RSXD_ECODH,2.0,Escherichia coli
0.9980306,0.0019694313,-1,ASTA_ECODH,2.0,Escherichia coli
0.99912447,0.0008755131,-1,BTUC_ECODH,2.0,Escherichia coli
0.9994506,0.0005493299,-1,AES_ECODH,2.0,Escherichia coli
0.9972102,0.0027898045,-1,COF_ECODH,2.0,Escherichia coli
0.99979264,0.00020738658,-1,ZUPT_ECODH,2.0,Escherichia coli
0.99867344,0.0013266464,-1,RSXE_ECODH,2.0,Escherichia coli
0.9995436,0.00045638203,-1,GPMB_ECODH,2.0,Escherichia coli
0.89655155,0.103448465,-1,RECR_ECODH,2.0,Escherichia coli
0.9981964,0.0018036042,-1,APT_ECODH,2.0,Escherichia coli
0.998961,0.0010389615,-1,MUG_ECODH,2.0,Escherichia coli
0.99972886,0.00027109723,-1,SLYA_ECODH,2.0,Escherichia coli
0.9886537,0.011346283,-1,SUFE_ECODH,2.0,Escherichia coli
0.999156,0.0008439931,-1,MSRB_ECODH,2.0,Escherichia coli
4.0399394e-05,0.9999596,-1,RL20_ECODH,2.0,Escherichia coli
0.5293252,0.4706748,-1,YBAB_ECODH,2.0,Escherichia coli
0.47223482,0.52776515,-1,IHFA_ECODH,2.0,Escherichia coli
0.9976069,0.0023931242,-1,RS21_ECODH,2.0,Escherichia coli
0.99466985,0.0053301905,-1,RL35_ECODH,2.0,Escherichia coli
0.10658353,0.89341646,-1,SYR_ECODH,2.0,Escherichia coli
0.9992292,0.0007708065,-1,NANT_ECODH,2.0,Escherichia coli
0.0013630878,0.9986369,-1,RSMF_ECODH,2.0,Escherichia coli
0.98973745,0.010262512,-1,GLMM_ECODH,2.0,Escherichia coli
0.9989379,0.0010621228,-1,KBAZ_ECODH,2.0,Escherichia coli
0.99945194,0.00054803817,-1,CMOB_ECODH,2.0,Escherichia coli
0.9988055,0.0011944593,-1,NLPI_ECODH,2.0,Escherichia coli
0.9971318,0.0028681431,-1,HTPX_ECODH,2.0,Escherichia coli
0.9965365,0.0034635323,-1,RAPZ_ECODH,2.0,Escherichia coli
0.9995943,0.00040579427,-1,NANR_ECODH,2.0,Escherichia coli
0.9984458,0.0015541947,-1,CUTC_ECODH,2.0,Escherichia coli
0.99873024,0.0012697309,-1,CMOA_ECODH,2.0,Escherichia coli
0.014729327,0.9852706,-1,PROQ_ECODH,2.0,Escherichia coli
0.99894625,0.0010537996,-1,NANE_ECODH,2.0,Escherichia coli
0.9988795,0.0011204707,-1,DIAA_ECODH,2.0,Escherichia coli
0.99866104,0.0013389074,-1,NUDL_ECODH,2.0,Escherichia coli
0.99960345,0.00039659187,-1,MNTP_ECODH,2.0,Escherichia coli
0.22035885,0.77964115,-1,RIMP_ECODH,2.0,Escherichia coli
0.4697896,0.5302104,-1,RBFA_ECODH,2.0,Escherichia coli
0.2301405,0.76985955,-1,RS9_ECODH,2.0,Escherichia coli
0.9992939,0.0007060606,-1,FLHD_ECODH,2.0,Escherichia coli
0.00026917562,0.99973077,-1,RL21_ECODH,2.0,Escherichia coli
4.7640356e-06,0.99999523,-1,RS15_ECODH,2.0,Escherichia coli
0.97534263,0.024657339,-1,RL27_ECODH,2.0,Escherichia coli
0.999468,0.0005320143,-1,MGRB_ECODH,2.0,Escherichia coli
0.99947053,0.0005294636,-1,CAIT_ECOBW,2.0,Escherichia coli
0.9990879,0.0009120609,-1,CAIA_ECOBW,2.0,Escherichia coli
0.9935592,0.006440888,-1,FIXB_ECOBW,2.0,Escherichia coli
0.9986823,0.0013177069,-1,MDH_ECODH,2.0,Escherichia coli
0.9987249,0.0012751227,-1,AAEA_ECODH,2.0,Escherichia coli
0.99580884,0.0041911043,-1,KHSE_ECOBW,2.0,Escherichia coli
0.9979323,0.0020676544,-1,RIHC_ECOBW,2.0,Escherichia coli
0.9954065,0.0045935237,-1,PRMA_ECODH,2.0,Escherichia coli
0.9942145,0.00578551,-1,FIXA_ECOBW,2.0,Escherichia coli
0.9995498,0.0004501791,-1,CAIE_ECOBW,2.0,Escherichia coli
0.99909914,0.00090087537,-1,ARGR_ECODH,2.0,Escherichia coli
0.19316292,0.80683714,-1,RL13_ECODH,2.0,Escherichia coli
0.9972492,0.0027507702,-1,FIS_ECODH,2.0,Escherichia coli
8.852727e-05,0.9999114,-1,RS20_ECOBW,2.0,Escherichia coli
0.9993993,0.0006006366,-1,RZOQ_ECOLI,2.0,Escherichia coli
0.99609643,0.003903581,-1,SGRT_ECOLI,2.0,Escherichia coli
0.99609715,0.0039029063,-1,YKGR_ECOLI,2.0,Escherichia coli
0.99976534,0.00023462946,-1,YOAK_ECOLI,2.0,Escherichia coli
0.079705626,0.92029434,-1,AZUC_ECOLI,2.0,Escherichia coli
0.9995963,0.00040376186,-1,YOHP_ECOLI,2.0,Escherichia coli
0.9957606,0.0042393883,-1,SHOB_ECOLI,2.0,Escherichia coli
0.99975413,0.00024589174,-1,YOAJ_ECOLI,2.0,Escherichia coli
0.99879116,0.001208863,-1,YPDK_ECOLI,2.0,Escherichia coli
0.6911135,0.30888653,-1,LPT_ECOBW,2.0,Escherichia coli
0.9805095,0.0194905,-1,IBSB_ECOLI,2.0,Escherichia coli
0.9988502,0.0011497408,-1,ARAB_ECOBW,2.0,Escherichia coli
0.9982773,0.0017227567,-1,ARAA_ECOBW,2.0,Escherichia coli
0.9995679,0.00043212494,-1,MUKF_ECOBW,2.0,Escherichia coli
0.99876654,0.0012334426,-1,PNCB_ECOBW,2.0,Escherichia coli
0.00044316502,0.99955684,-1,RLMI_ECOBW,2.0,Escherichia coli
0.9989981,0.0010019186,-1,YCAD_ECOBW,2.0,Escherichia coli
0.99680495,0.003195064,-1,SSUD_ECOBW,2.0,Escherichia coli
0.92817026,0.07182975,-1,LPXK_ECOBW,2.0,Escherichia coli
0.24918184,0.75081813,-1,RSMH_ECOBW,2.0,Escherichia coli
0.99673957,0.0032603878,-1,CBPA_ECOBW,2.0,Escherichia coli
0.9987985,0.0012014712,-1,APAH_ECOBW,2.0,Escherichia coli
0.99969697,0.00030302975,-1,RUTD_ECOBW,2.0,Escherichia coli
0.98512787,0.014872113,-1,KDSB_ECOBW,2.0,Escherichia coli
0.018057289,0.9819427,-1,KCY_ECOBW,2.0,Escherichia coli
0.99986076,0.00013921384,-1,LOLA_ECOBW,2.0,Escherichia coli
0.9949393,0.005060678,-1,LEUD_ECOBW,2.0,Escherichia coli
0.9993581,0.00064184814,-1,TORD_ECOBW,2.0,Escherichia coli
0.9961169,0.003883104,-1,RUTE_ECOBW,2.0,Escherichia coli
0.99962294,0.00037699513,-1,SULA_ECOBW,2.0,Escherichia coli
0.9979075,0.0020924457,-1,MRAZ_ECOBW,2.0,Escherichia coli
0.99885774,0.0011423028,-1,MGSA_ECOBW,2.0,Escherichia coli
0.6635367,0.3364633,-1,MATP_ECOBW,2.0,Escherichia coli
0.9984018,0.0015981292,-1,RUTC_ECOBW,2.0,Escherichia coli
0.9987814,0.001218653,-1,HSPQ_ECOBW,2.0,Escherichia coli
0.18570301,0.814297,-1,IHFB_ECOBW,2.0,Escherichia coli
0.34130862,0.65869135,-1,UVRC_ECOBW,2.0,Escherichia coli
0.10658353,0.89341646,-1,SYR_ECOBW,2.0,Escherichia coli
0.9993198,0.00068026356,-1,UXAC_ECOBW,2.0,Escherichia coli
0.9994198,0.0005802455,-1,TDCC_ECOBW,2.0,Escherichia coli
0.9989379,0.0010621228,-1,KBAZ_ECOBW,2.0,Escherichia coli
0.9989967,0.0010032877,-1,RUTA_ECOBW,2.0,Escherichia coli
0.9997011,0.00029886517,-1,COBT_ECOBW,2.0,Escherichia coli
0.9994518,0.0005481725,-1,ULAG_ECOBW,2.0,Escherichia coli
0.9987055,0.0012945087,-1,DCYD_ECOBW,2.0,Escherichia coli
0.99945194,0.0005480369,-1,CMOB_ECOBW,2.0,Escherichia coli
0.9990558,0.00094423356,-1,ULAE_ECOBW,2.0,Escherichia coli
0.9990226,0.0009773779,-1,MPGP_ECOBW,2.0,Escherichia coli
0.99979264,0.00020738658,-1,ZUPT_ECOBW,2.0,Escherichia coli
0.99951816,0.0004818913,-1,ULAR_ECOBW,2.0,Escherichia coli
0.9984458,0.0015542007,-1,CUTC_ECOBW,2.0,Escherichia coli
0.99873024,0.0012697236,-1,CMOA_ECOBW,2.0,Escherichia coli
0.9992955,0.00070446334,-1,RUTB_ECOBW,2.0,Escherichia coli
0.99517643,0.004823526,-1,MSRQ_ECOBW,2.0,Escherichia coli
0.998961,0.0010389615,-1,MUG_ECOBW,2.0,Escherichia coli
0.99904877,0.00095121155,-1,NSRR_ECOBW,2.0,Escherichia coli
0.0013739804,0.998626,-1,RS6_ECOBW,2.0,Escherichia coli
0.9998497,0.00015034247,-1,FLIT_ECOBW,2.0,Escherichia coli
0.99775475,0.0022452767,-1,FLIE_ECOBW,2.0,Escherichia coli
0.008589038,0.991411,-1,HFQ_ECOBW,2.0,Escherichia coli
0.9976069,0.0023931242,-1,RS21_ECOBW,2.0,Escherichia coli
0.99682033,0.0031796123,-1,BAMA_ECOBW,2.0,Escherichia coli
0.21044703,0.789553,-1,SYP_ECOBW,2.0,Escherichia coli
0.9979087,0.0020913652,-1,OPGG_ECOBW,2.0,Escherichia coli
0.92016035,0.07983964,-1,DGTP_ECOBW,2.0,Escherichia coli
0.99937695,0.0006230697,-1,MDTG_ECOBW,2.0,Escherichia coli
0.99907804,0.00092194916,-1,OPGC_ECOBW,2.0,Escherichia coli
0.9968905,0.0031095867,-1,LPXB_ECOBW,2.0,Escherichia coli
0.038857844,0.9611421,-1,GLUQ_ECOBW,2.0,Escherichia coli
0.98389673,0.01610333,-1,EFTS_ECOBW,2.0,Escherichia coli
0.99756265,0.002437417,-1,LPXA_ECOBW,2.0,Escherichia coli
0.9977551,0.0022448539,-1,GLO2_ECOBW,2.0,Escherichia coli
0.999204,0.00079600717,-1,ZAPD_ECOBW,2.0,Escherichia coli
0.99650097,0.0034990797,-1,YCDX_ECOBW,2.0,Escherichia coli
0.9547865,0.045213554,-1,RS2_ECOBW,2.0,Escherichia coli
0.5824237,0.41757634,-1,SFSA_ECOBW,2.0,Escherichia coli
0.99924684,0.0007531364,-1,YTFE_ECOBW,2.0,Escherichia coli
0.99847037,0.0015296284,-1,MSRA_ECOBW,2.0,Escherichia coli
0.9940655,0.0059344037,-1,RRF_ECOBW,2.0,Escherichia coli
0.9978263,0.0021737476,-1,SECM_ECOBW,2.0,Escherichia coli
0.9883305,0.011669586,-1,PYRI_ECOBW,2.0,Escherichia coli
0.0001478754,0.99985206,-1,RL9_ECOBW,2.0,Escherichia coli
0.9972759,0.0027241004,-1,ERPA_ECOBW,2.0,Escherichia coli
0.6858423,0.31415775,-1,PRIB_ECOBW,2.0,Escherichia coli
8.6525884e-05,0.99991345,-1,RS18_ECOBW,2.0,Escherichia coli
0.99971634,0.000283592,-1,YACG_ECOBW,2.0,Escherichia coli
0.99942017,0.00057988777,-1,MDTB_ECOBW,2.0,Escherichia coli
0.99953043,0.00046959208,-1,MDTC_ECOBW,2.0,Escherichia coli
0.9985917,0.001408285,-1,MDTD_ECOBW,2.0,Escherichia coli
0.98973745,0.010262493,-1,GLMM_ECOBW,2.0,Escherichia coli
0.9990689,0.00093114795,-1,GATZ_ECOBW,2.0,Escherichia coli
0.99814224,0.0018577477,-1,MDTA_ECOBW,2.0,Escherichia coli
0.9992593,0.00074075337,-1,MDTH_ECOBW,2.0,Escherichia coli
0.9991967,0.00080335955,-1,MTOX_ECOBW,2.0,Escherichia coli
0.98509556,0.014904388,-1,FLGI_ECOBW,2.0,Escherichia coli
0.9978947,0.0021052896,-1,HIS8_ECOBW,2.0,Escherichia coli
0.99777454,0.0022254826,-1,TRHO_ECOBW,2.0,Escherichia coli
0.9993349,0.0006651307,-1,NAGK_ECOBW,2.0,Escherichia coli
0.99985695,0.00014308376,-1,THIK_ECOBW,2.0,Escherichia coli
0.97114545,0.028854486,-1,HIS4_ECOBW,2.0,Escherichia coli
0.9995573,0.00044261594,-1,FLGH_ECOBW,2.0,Escherichia coli
0.99589396,0.004106091,-1,MINC_ECOBW,2.0,Escherichia coli
0.9952667,0.004733338,-1,KTHY_ECOBW,2.0,Escherichia coli
0.9974347,0.0025652996,-1,HFLD_ECOBW,2.0,Escherichia coli
0.9988795,0.0011204701,-1,DIAA_ECOBW,2.0,Escherichia coli
0.75818396,0.24181604,-1,RIMP_ECOBW,2.0,Escherichia coli
0.4697896,0.5302104,-1,RBFA_ECOBW,2.0,Escherichia coli
0.9279178,0.072082184,-1,IRAM_ECOBW,2.0,Escherichia coli
4.7640356e-06,0.99999523,-1,RS15_ECOBW,2.0,Escherichia coli
0.99719393,0.0028060444,-1,ACP_ECOBW,2.0,Escherichia coli
0.9997161,0.00028390557,-1,RL32_ECOBW,2.0,Escherichia coli
0.9983701,0.0016298549,-1,OPGB_ECOBW,2.0,Escherichia coli
0.9992955,0.0007045463,-1,AAEB_ECOBW,2.0,Escherichia coli
0.0039934465,0.99600655,-1,RF3_ECOBW,2.0,Escherichia coli
0.9992292,0.0007708065,-1,NANT_ECOBW,2.0,Escherichia coli
0.9992237,0.0007762612,-1,FRSA_ECOBW,2.0,Escherichia coli
0.9992993,0.0007007529,-1,UXUA_ECOBW,2.0,Escherichia coli
0.9986823,0.0013177069,-1,MDH_ECOBW,2.0,Escherichia coli
0.9987249,0.0012751227,-1,AAEA_ECOBW,2.0,Escherichia coli
0.9954065,0.0045934888,-1,PRMA_ECOBW,2.0,Escherichia coli
0.9965365,0.0034635519,-1,RAPZ_ECOBW,2.0,Escherichia coli
0.9995943,0.00040579351,-1,NANR_ECOBW,2.0,Escherichia coli
0.99894625,0.0010538007,-1,NANE_ECOBW,2.0,Escherichia coli
0.9995436,0.00045638203,-1,GPMB_ECOBW,2.0,Escherichia coli
0.9979442,0.002055799,-1,KPTA_ECOBW,2.0,Escherichia coli
0.99950886,0.00049111806,-1,DNAT_ECOBW,2.0,Escherichia coli
0.9996834,0.00031668352,-1,YJJB_ECOBW,2.0,Escherichia coli
0.99909914,0.0009008681,-1,ARGR_ECOBW,2.0,Escherichia coli
0.19316341,0.80683655,-1,RL13_ECOBW,2.0,Escherichia coli
0.2301405,0.76985955,-1,RS9_ECOBW,2.0,Escherichia coli
0.9996717,0.00032833722,-1,IRAD_ECOBW,2.0,Escherichia coli
0.98228735,0.017712733,-1,SYME_ECOBW,2.0,Escherichia coli
0.9982133,0.0017867201,-1,TRPR_ECOBW,2.0,Escherichia coli
0.00026917562,0.99973077,-1,RL21_ECOBW,2.0,Escherichia coli
0.9972492,0.0027507779,-1,FIS_ECOBW,2.0,Escherichia coli
0.97534263,0.024657339,-1,RL27_ECOBW,2.0,Escherichia coli
6.444246e-05,0.9999355,-1,RNB_ECOBW,2.0,Escherichia coli
0.9985934,0.0014065894,-1,NHAP2_ECOBW,2.0,Escherichia coli
0.999461,0.0005389852,-1,NHAB_ECOBW,2.0,Escherichia coli
0.9978917,0.0021083253,-1,CLSA_ECOBW,2.0,Escherichia coli
0.9883575,0.011642521,-1,DADA_ECOBW,2.0,Escherichia coli
0.99335563,0.00664437,-1,PROA_ECOBW,2.0,Escherichia coli
0.9500485,0.04995146,-1,RF1_ECOBW,2.0,Escherichia coli
0.06669466,0.9333053,-1,QUEA_ECOBW,2.0,Escherichia coli
0.74231136,0.25768864,-1,RDGC_ECOBW,2.0,Escherichia coli
0.9979479,0.0020521025,-1,END4_ECOBW,2.0,Escherichia coli
0.9964547,0.003545363,-1,KDSA_ECOBW,2.0,Escherichia coli
0.9972102,0.0027898017,-1,COF_ECOBW,2.0,Escherichia coli
0.9964796,0.003520435,-1,TRPA_ECOBW,2.0,Escherichia coli
0.99923444,0.00076562463,-1,FADR_ECOBW,2.0,Escherichia coli
0.9995572,0.00044283518,-1,LOLB_ECOBW,2.0,Escherichia coli
0.7781695,0.22183053,-1,PTH_ECOBW,2.0,Escherichia coli
0.99475867,0.00524133,-1,ACPH_ECOBW,2.0,Escherichia coli
0.99932766,0.0006723785,-1,YCIB_ECOBW,2.0,Escherichia coli
0.99918574,0.00081428484,-1,ECOT_ECOBW,2.0,Escherichia coli
0.9975381,0.002461972,-1,NRDR_ECOBW,2.0,Escherichia coli
3.0707874e-05,0.99996924,-1,NUSB_ECOBW,2.0,Escherichia coli
0.9986004,0.0013995423,-1,CRL_ECOBW,2.0,Escherichia coli
0.00027424647,0.99972576,-1,RL25_ECOBW,2.0,Escherichia coli
0.99981016,0.00018982726,-1,IRAP_ECOBW,2.0,Escherichia coli
0.9989472,0.0010528123,-1,EX7S_ECOBW,2.0,Escherichia coli
0.997647,0.0023530608,-1,MQO_ECOBW,2.0,Escherichia coli
0.998109,0.0018910537,-1,GLPB_ECOBW,2.0,Escherichia coli
0.031004256,0.96899575,-1,FMT_ECOBW,2.0,Escherichia coli
0.9994351,0.0005648023,-1,MENH_ECOBW,2.0,Escherichia coli
0.0001690485,0.99983096,-1,RS3_ECOBW,2.0,Escherichia coli
1.2306411e-05,0.9999877,-1,RS4_ECOBW,2.0,Escherichia coli
0.9992225,0.0007775161,-1,AIS_ECOBW,2.0,Escherichia coli
2.3208671e-05,0.99997675,-1,RL5_ECOBW,2.0,Escherichia coli
6.1859128e-06,0.9999938,-1,RL6_ECOBW,2.0,Escherichia coli
0.58957326,0.41042674,-1,DEF_ECOBW,2.0,Escherichia coli
4.0988205e-05,0.999959,-1,RL15_ECOBW,2.0,Escherichia coli
0.9958086,0.004191345,-1,MSCL_ECOBW,2.0,Escherichia coli
2.2743077e-05,0.99997723,-1,RL16_ECOBW,2.0,Escherichia coli
8.123563e-06,0.9999919,-1,RS8_ECOBW,2.0,Escherichia coli
8.434182e-05,0.9999156,-1,RS11_ECOBW,2.0,Escherichia coli
0.020191532,0.9798085,-1,RL17_ECOBW,2.0,Escherichia coli
1.7300566e-05,0.9999827,-1,RL14_ECOBW,2.0,Escherichia coli
1.849134e-05,0.9999815,-1,RL18_ECOBW,2.0,Escherichia coli
3.463422e-05,0.9999653,-1,RL22_ECOBW,2.0,Escherichia coli
0.00017424866,0.9998258,-1,RL24_ECOBW,2.0,Escherichia coli
1.6189806e-05,0.9999838,-1,RS19_ECOBW,2.0,Escherichia coli
4.466953e-05,0.9999553,-1,RS17_ECOBW,2.0,Escherichia coli
0.05828221,0.94171774,-1,RL29_ECOBW,2.0,Escherichia coli
0.9908399,0.009160083,-1,RL30_ECOBW,2.0,Escherichia coli
0.99872285,0.0012771514,-1,RL36_ECOBW,2.0,Escherichia coli
0.9768985,0.02310143,-1,EFG_ECOBW,2.0,Escherichia coli
0.9983144,0.0016855963,-1,KEFB_ECOBW,2.0,Escherichia coli
0.9986627,0.0013373393,-1,OPGD_ECOBW,2.0,Escherichia coli
0.4672363,0.53276366,-1,SYC_ECOBW,2.0,Escherichia coli
0.99703026,0.0029696766,-1,SDHD_ECOBW,2.0,Escherichia coli
0.9995328,0.0004671584,-1,ENTS_ECOBW,2.0,Escherichia coli
0.9995617,0.00043821323,-1,TSGA_ECOBW,2.0,Escherichia coli
0.9990627,0.000937295,-1,GCS2_ECOBW,2.0,Escherichia coli
0.99907744,0.0009225902,-1,ZNTB_ECOBW,2.0,Escherichia coli
0.9994506,0.0005493299,-1,AES_ECOBW,2.0,Escherichia coli
0.9983728,0.001627233,-1,HSLO_ECOBW,2.0,Escherichia coli
2.159122e-05,0.9999784,-1,RL2_ECOBW,2.0,Escherichia coli
3.8150756e-06,0.9999962,-1,RL3_ECOBW,2.0,Escherichia coli
9.842896e-05,0.99990153,-1,RL4_ECOBW,2.0,Escherichia coli
0.89655155,0.103448465,-1,RECR_ECOBW,2.0,Escherichia coli
0.9981964,0.0018036042,-1,APT_ECOBW,2.0,Escherichia coli
0.00017205547,0.99982786,-1,RS7_ECOBW,2.0,Escherichia coli
0.9997261,0.0002738574,-1,ALLA_ECOBW,2.0,Escherichia coli
0.9992712,0.0007287661,-1,TUSD_ECOBW,2.0,Escherichia coli
3.0610045e-05,0.99996936,-1,RS12_ECOBW,2.0,Escherichia coli
0.99731016,0.0026898796,-1,TUSC_ECOBW,2.0,Escherichia coli
0.5293252,0.4706748,-1,YBAB_ECOBW,2.0,Escherichia coli
7.264061e-05,0.9999274,-1,RS10_ECOBW,2.0,Escherichia coli
0.9947745,0.0052255294,-1,TUSB_ECOBW,2.0,Escherichia coli
0.9991278,0.0008722496,-1,FEOC_ECOBW,2.0,Escherichia coli
0.1515008,0.8484992,-1,SYL_ECOBW,2.0,Escherichia coli
0.99816173,0.001838241,-1,GLGA_ECOBW,2.0,Escherichia coli
0.9963174,0.0036825812,-1,DCTA_ECOBW,2.0,Escherichia coli
0.9989754,0.0010246168,-1,YFEO_ECOBW,2.0,Escherichia coli
0.99650323,0.0034967826,-1,FCTA_ECOBW,2.0,Escherichia coli
0.99906963,0.0009304447,-1,MNTH_ECOBW,2.0,Escherichia coli
0.9680798,0.031920202,-1,RTCA_ECOBW,2.0,Escherichia coli
0.9991455,0.0008544819,-1,ZIPA_ECOBW,2.0,Escherichia coli
0.99942905,0.0005708949,-1,GLK_ECOBW,2.0,Escherichia coli
0.99870276,0.0012971732,-1,RIHA_ECOBW,2.0,Escherichia coli
0.999335,0.0006649284,-1,CITG_ECOBW,2.0,Escherichia coli
0.99844766,0.0015522897,-1,GLPG_ECOBW,2.0,Escherichia coli
0.9991571,0.0008429788,-1,CYSZ_ECOBW,2.0,Escherichia coli
0.7669087,0.23309126,-1,RSMJ_ECOBW,2.0,Escherichia coli
0.99905807,0.0009419701,-1,LPTE_ECOBW,2.0,Escherichia coli
0.99805534,0.0019447247,-1,NFUA_ECOBW,2.0,Escherichia coli
0.99882597,0.0011740554,-1,KDPC_ECOBW,2.0,Escherichia coli
0.9981931,0.0018069607,-1,CITX_ECOBW,2.0,Escherichia coli
0.9786063,0.021393742,-1,RLMH_ECOBW,2.0,Escherichia coli
0.98825884,0.011741104,-1,YBEY_ECOBW,2.0,Escherichia coli
0.99861526,0.0013847406,-1,NIKR_ECOBW,2.0,Escherichia coli
0.9993661,0.0006338732,-1,FLUC_ECOBW,2.0,Escherichia coli
0.9993697,0.0006303718,-1,GLPE_ECOBW,2.0,Escherichia coli
0.99919814,0.00080183905,-1,CITD_ECOBW,2.0,Escherichia coli
0.9983822,0.001617774,-1,TUSA_ECOBW,2.0,Escherichia coli
0.64592177,0.35407817,-1,SYGB_ECOBW,2.0,Escherichia coli
0.9971374,0.002862575,-1,HSCA_ECOBW,2.0,Escherichia coli
0.99663675,0.0033631888,-1,KDPA_ECOBW,2.0,Escherichia coli
0.005053564,0.9949464,-1,DER_ECOBW,2.0,Escherichia coli
0.9989236,0.0010763387,-1,UXAB_ECOBW,2.0,Escherichia coli
0.9594532,0.040546738,-1,EX7L_ECOBW,2.0,Escherichia coli
0.9982784,0.0017216097,-1,XYLA_ECOBW,2.0,Escherichia coli
0.9991949,0.00080509036,-1,TOLB_ECOBW,2.0,Escherichia coli
0.013794003,0.986206,-1,SYH_ECOBW,2.0,Escherichia coli
0.9984707,0.0015292357,-1,HCAD_ECOBW,2.0,Escherichia coli
0.9994289,0.00057098904,-1,SOTB_ECOBW,2.0,Escherichia coli
0.9971738,0.002826208,-1,PUR5_ECOBW,2.0,Escherichia coli
0.99521244,0.004787557,-1,SYGA_ECOBW,2.0,Escherichia coli
0.99957377,0.00042622493,-1,TAM_ECOBW,2.0,Escherichia coli
0.9985942,0.0014057477,-1,PXPA_ECOBW,2.0,Escherichia coli
0.9960335,0.00396648,-1,PUR7_ECOBW,2.0,Escherichia coli
0.99929726,0.00070269586,-1,YNFC_ECOBW,2.0,Escherichia coli
0.9961771,0.003822889,-1,HDA_ECOBW,2.0,Escherichia coli
0.9989434,0.0010566526,-1,HCAF_ECOBW,2.0,Escherichia coli
0.9996061,0.00039392657,-1,HSCB_ECOBW,2.0,Escherichia coli
0.9979633,0.0020367566,-1,ISCR_ECOBW,2.0,Escherichia coli
0.99954623,0.0004537786,-1,YNFA_ECOBW,2.0,Escherichia coli
0.9965934,0.0034066055,-1,ISCA_ECOBW,2.0,Escherichia coli
0.9995365,0.00046346494,-1,PPTA_ECOBW,2.0,Escherichia coli
0.99970657,0.0002934481,-1,YPFN_ECOBW,2.0,Escherichia coli
0.989617,0.010383036,-1,ADEC_ECOBW,2.0,Escherichia coli
0.99895656,0.0010434008,-1,YBJL_ECOBW,2.0,Escherichia coli
0.9925425,0.0074575194,-1,LIGB_ECOBW,2.0,Escherichia coli
0.99889284,0.0011071841,-1,CLCB_ECOBW,2.0,Escherichia coli
0.99942434,0.0005756656,-1,NEPI_ECOBW,2.0,Escherichia coli
0.99841213,0.0015878887,-1,MTLD_ECOBW,2.0,Escherichia coli
0.6776753,0.32232463,-1,RLMC_ECOBW,2.0,Escherichia coli
0.998895,0.0011050291,-1,NADA_ECOBW,2.0,Escherichia coli
0.998749,0.0012510028,-1,YBHG_ECOBW,2.0,Escherichia coli
0.99685526,0.0031446575,-1,6PGL_ECOBW,2.0,Escherichia coli
0.0074754534,0.99252456,-1,TUS_ECOBW,2.0,Escherichia coli
0.15160033,0.8483997,-1,RLMF_ECOBW,2.0,Escherichia coli
0.9899009,0.010099126,-1,YBIX_ECOBW,2.0,Escherichia coli
0.99869895,0.0013010139,-1,YICR_ECOBW,2.0,Escherichia coli
0.9942438,0.005756146,-1,PYRE_ECOBW,2.0,Escherichia coli
0.9986809,0.0013190949,-1,RSXA_ECOBW,2.0,Escherichia coli
0.13664208,0.8633579,-1,MOAC_ECOBW,2.0,Escherichia coli
0.9975158,0.0024841642,-1,SECB_ECOBW,2.0,Escherichia coli
0.99983597,0.00016396829,-1,MDTJ_ECOBW,2.0,Escherichia coli
0.99942696,0.0005730216,-1,MDTI_ECOBW,2.0,Escherichia coli
0.99967074,0.00032924872,-1,CLPS_ECOBW,2.0,Escherichia coli
0.8269683,0.17303169,-1,ASR_ECOBW,2.0,Escherichia coli
0.99689984,0.003100201,-1,RPOZ_ECOBW,2.0,Escherichia coli
0.9807977,0.019202221,-1,RL28_ECOBW,2.0,Escherichia coli
0.005082429,0.99491763,-1,RL33_ECOBW,2.0,Escherichia coli
0.9980877,0.0019122644,-1,GSH1_ECOBW,2.0,Escherichia coli
0.9971457,0.002854301,-1,MDTK_ECOBW,2.0,Escherichia coli
0.99884737,0.001152594,-1,RSXD_ECOBW,2.0,Escherichia coli
0.99872774,0.0012722726,-1,PURR_ECOBW,2.0,Escherichia coli
0.99912447,0.0008755123,-1,BTUC_ECOBW,2.0,Escherichia coli
0.99877673,0.0012233037,-1,GLAH_ECOBW,2.0,Escherichia coli
0.91209924,0.087900706,-1,TRMD_ECOBW,2.0,Escherichia coli
0.96476597,0.035234015,-1,TRMN6_ECOBW,2.0,Escherichia coli
0.99867344,0.001326644,-1,RSXE_ECOBW,2.0,Escherichia coli
0.9889142,0.011085838,-1,UNG_ECOBW,2.0,Escherichia coli
0.99171597,0.008284094,-1,GRPE_ECOBW,2.0,Escherichia coli
0.01350877,0.9864912,-1,RIMM_ECOBW,2.0,Escherichia coli
0.10615864,0.8938413,-1,IF3_ECOBW,2.0,Escherichia coli
0.99870586,0.0012941753,-1,LUXS_ECOBW,2.0,Escherichia coli
5.4604116e-06,0.9999945,-1,SSRP_ECOBW,2.0,Escherichia coli
0.99972886,0.000271097,-1,SLYA_ECOBW,2.0,Escherichia coli
0.9886537,0.011346283,-1,SUFE_ECOBW,2.0,Escherichia coli
0.99897873,0.0010213496,-1,GRCA_ECOBW,2.0,Escherichia coli
0.99883133,0.0011686423,-1,ACPS_ECOBW,2.0,Escherichia coli
4.0399435e-05,0.9999596,-1,RL20_ECOBW,2.0,Escherichia coli
0.17324086,0.8267591,-1,RL19_ECOBW,2.0,Escherichia coli
0.47223648,0.52776355,-1,IHFA_ECOBW,2.0,Escherichia coli
0.94403744,0.055962525,-1,RS16_ECOBW,2.0,Escherichia coli
0.99466985,0.0053301905,-1,RL35_ECOBW,2.0,Escherichia coli
0.043161,0.9568391,-1,CSRA_ECOBW,2.0,Escherichia coli
0.9180842,0.08191577,-1,MNMG_ECOBW,2.0,Escherichia coli
0.9994271,0.0005729036,-1,KUP_ECOBW,2.0,Escherichia coli
0.999038,0.00096205354,-1,YIDE_ECOBW,2.0,Escherichia coli
0.99264115,0.007358884,-1,NORR_ECOBW,2.0,Escherichia coli
0.9957417,0.0042582573,-1,RAVA_ECOBW,2.0,Escherichia coli
0.9138591,0.086140916,-1,GPPA_ECOBW,2.0,Escherichia coli
0.9986457,0.0013543456,-1,TNAA_ECOBW,2.0,Escherichia coli
0.9876031,0.012396879,-1,DNAA_ECOBW,2.0,Escherichia coli
0.999479,0.0005210741,-1,WZYE_ECOBW,2.0,Escherichia coli
0.9995363,0.0004637619,-1,MDTL_ECOBW,2.0,Escherichia coli
0.99439645,0.005603603,-1,NORW_ECOBW,2.0,Escherichia coli
0.9836723,0.016327634,-1,RECF_ECOBW,2.0,Escherichia coli
0.9957482,0.0042517884,-1,ASNA_ECOBW,2.0,Escherichia coli
0.9995906,0.00040946327,-1,YIDZ_ECOBW,2.0,Escherichia coli
0.99116194,0.00883807,-1,ATPG_ECOBW,2.0,Escherichia coli
0.9992694,0.0007305552,-1,HDFR_ECOBW,2.0,Escherichia coli
0.99444026,0.0055597494,-1,ATP6_ECOBW,2.0,Escherichia coli
0.9950086,0.0049914406,-1,RSMG_ECOBW,2.0,Escherichia coli
0.9640242,0.035975825,-1,ATPD_ECOBW,2.0,Escherichia coli
0.10327978,0.89672023,-1,RECX_ECOBW,2.0,Escherichia coli
0.99393713,0.0060628443,-1,IBPB_ECOBW,2.0,Escherichia coli
0.99869305,0.0013069187,-1,ATPE_ECOBW,2.0,Escherichia coli
0.9860647,0.013935365,-1,IBPA_ECOBW,2.0,Escherichia coli
1.4975024e-05,0.999985,-1,RNPA_ECOBW,2.0,Escherichia coli
0.99888164,0.0011183561,-1,RL34_ECOBW,2.0,Escherichia coli
0.991546,0.008454046,-1,MUTS_ECOBW,2.0,Escherichia coli
0.0013630878,0.9986369,-1,RSMF_ECOBW,2.0,Escherichia coli
0.9985892,0.0014107575,-1,ASTB_ECOBW,2.0,Escherichia coli
0.9982817,0.0017183365,-1,PEPQ_ECOBW,2.0,Escherichia coli
0.9993192,0.0006807726,-1,LPLT_ECOBW,2.0,Escherichia coli
0.9980306,0.0019694285,-1,ASTA_ECOBW,2.0,Escherichia coli
0.8741588,0.12584125,-1,CYSD_ECOBW,2.0,Escherichia coli
0.9971318,0.0028681431,-1,HTPX_ECOBW,2.0,Escherichia coli
0.99881697,0.001183117,-1,LGT_ECOBW,2.0,Escherichia coli
0.99884915,0.0011508585,-1,RHAR_ECOBW,2.0,Escherichia coli
0.9990088,0.0009911625,-1,RHAS_ECOBW,2.0,Escherichia coli
0.9856301,0.0143699655,-1,FDHD_ECOBW,2.0,Escherichia coli
0.998872,0.0011280129,-1,WECG_ECOBW,2.0,Escherichia coli
0.41805136,0.58194864,-1,ISPD_ECOBW,2.0,Escherichia coli
0.014729167,0.98527086,-1,PROQ_ECOBW,2.0,Escherichia coli
0.9974624,0.0025376435,-1,MUTH_ECOBW,2.0,Escherichia coli
0.03555761,0.9644424,-1,ENGB_ECOBW,2.0,Escherichia coli
0.99866104,0.0013389074,-1,NUDL_ECOBW,2.0,Escherichia coli
0.99960345,0.00039659187,-1,MNTP_ECOBW,2.0,Escherichia coli
0.9918379,0.008162115,-1,RPPH_ECOBW,2.0,Escherichia coli
0.9908913,0.009108743,-1,YIHI_ECOBW,2.0,Escherichia coli
0.999156,0.0008439931,-1,MSRB_ECOBW,2.0,Escherichia coli
0.99843127,0.0015687473,-1,CYAY_ECOBW,2.0,Escherichia coli
0.99917537,0.0008245705,-1,FTSB_ECOBW,2.0,Escherichia coli
0.999468,0.0005320143,-1,MGRB_ECOBW,2.0,Escherichia coli
0.9906955,0.009304531,-1,GCSP_ECOBW,2.0,Escherichia coli
0.99822575,0.0017742824,-1,CAPP_ECOBW,2.0,Escherichia coli
0.9962335,0.0037665304,-1,STHA_ECOBW,2.0,Escherichia coli
0.99189585,0.008104131,-1,ARLY_ECOBW,2.0,Escherichia coli
0.9515784,0.048421577,-1,RF2_ECOBW,2.0,Escherichia coli
0.89956045,0.10043958,-1,GCST_ECOBW,2.0,Escherichia coli
0.9994986,0.00050142495,-1,RHAT_ECOBW,2.0,Escherichia coli
0.9992466,0.0007534053,-1,KDGT_ECOBW,2.0,Escherichia coli
0.5893803,0.41061968,-1,YGFZ_ECOBW,2.0,Escherichia coli
0.9952048,0.004795229,-1,COAA_ECOBW,2.0,Escherichia coli
0.9967438,0.0032562036,-1,SPEB_ECOBW,2.0,Escherichia coli
0.99952924,0.0004707623,-1,ARGP_ECOBW,2.0,Escherichia coli
0.9992487,0.0007512448,-1,MURI_ECOBW,2.0,Escherichia coli
0.9955729,0.0044270013,-1,CDH_ECOBW,2.0,Escherichia coli
0.9991605,0.0008394743,-1,FABR_ECOBW,2.0,Escherichia coli
0.99874794,0.0012520244,-1,SPRT_ECOBW,2.0,Escherichia coli
0.9988526,0.0011474417,-1,RRAA_ECOBW,2.0,Escherichia coli
0.99608177,0.003918288,-1,YQGF_ECOBW,2.0,Escherichia coli
0.9973149,0.002685171,-1,GCSH_ECOBW,2.0,Escherichia coli
0.9943885,0.005611441,-1,ZAPA_ECOBW,2.0,Escherichia coli
0.9993383,0.0006616258,-1,METJ_ECOBW,2.0,Escherichia coli
0.9800741,0.01992594,-1,AC4CH_ECOBW,2.0,Escherichia coli
0.99689215,0.0031078293,-1,FETP_ECOBW,2.0,Escherichia coli
0.9992623,0.0007377234,-1,ZAPB_ECOBW,2.0,Escherichia coli
5.4105214e-05,0.9999459,-1,RL31_ECOBW,2.0,Escherichia coli
0.9946733,0.0053266617,-1,D0VE88_ECOLI,2.0,Escherichia coli
0.9945381,0.0054618046,-1,PLSB_ECOBW,2.0,Escherichia coli
0.49937227,0.5006277,-1,MUTL_ECOBW,2.0,Escherichia coli
0.9988655,0.0011345489,-1,ACTP_ECOBW,2.0,Escherichia coli
0.9980045,0.001995473,-1,D0VE85_ECOLI,2.0,Escherichia coli
0.9902705,0.009729523,-1,D0VEX2_ECOLI,2.0,Escherichia coli
0.9967937,0.003206314,-1,D0VEX1_ECOLI,2.0,Escherichia coli
0.99708515,0.0029148392,-1,D0VE86_ECOLI,2.0,Escherichia coli
0.99420655,0.0057933894,-1,D0VEX7_ECOLI,2.0,Escherichia coli
0.9964547,0.0035453392,-1,D0VE87_ECOLI,2.0,Escherichia coli
0.9993162,0.0006837636,-1,D0VEW9_ECOLI,2.0,Escherichia coli
0.99615353,0.0038464372,-1,D0VEX3_ECOLI,2.0,Escherichia coli
1.085703e-05,0.99998915,-1,RL1_ECOBW,2.0,Escherichia coli
0.9995807,0.0004193316,-1,PEPE_ECOBW,2.0,Escherichia coli
0.9972281,0.0027719159,-1,EFP_ECOBW,2.0,Escherichia coli
0.00017813554,0.99982184,-1,RL10_ECOBW,2.0,Escherichia coli
0.99952745,0.00047252234,-1,UBIC_ECOBW,2.0,Escherichia coli
0.9984849,0.0015150836,-1,RSD_ECOBW,2.0,Escherichia coli
3.970332e-06,0.99999607,-1,RL11_ECOBW,2.0,Escherichia coli
0.9995272,0.00047277194,-1,PSIE_ECOBW,2.0,Escherichia coli
0.99936455,0.00063549314,-1,FRDC_ECOBW,2.0,Escherichia coli
0.97936535,0.020634655,-1,RL7_ECOBW,2.0,Escherichia coli
0.99934834,0.0006516373,-1,FRDD_ECOBW,2.0,Escherichia coli
0.9993593,0.0006406918,-1,CUTA_ECOBW,2.0,Escherichia coli
0.9779283,0.022071712,-1,CH10_ECOBW,2.0,Escherichia coli
0.99973017,0.00026981672,-1,CRED_ECOLI,2.0,Escherichia coli
0.99598974,0.0040102745,-1,D0VEZ1_ECOLI,2.0,Escherichia coli
0.9907272,0.009272863,-1,INSG_ECOLI,2.0,Escherichia coli
0.99896336,0.0010366406,-1,G1E6H3_ECOLI,2.0,Escherichia coli
0.9944331,0.0055669337,-1,D0VEY0_ECOLI,2.0,Escherichia coli
0.90973854,0.09026145,-1,D0VEY2_ECOLI,2.0,Escherichia coli
0.996472,0.0035280238,-1,D0VEZ0_ECOLI,2.0,Escherichia coli
0.9992699,0.00073015643,-1,MALM_ECOLI,2.0,Escherichia coli
0.99942905,0.00057094794,-1,NLPA_ECOLI,2.0,Escherichia coli
0.99808806,0.0019119496,-1,D0VEY5_ECOLI,2.0,Escherichia coli
0.9724291,0.027570903,-1,D0VEY7_ECOLI,2.0,Escherichia coli
0.99916804,0.00083199143,-1,TRAJ1_ECOLI,2.0,Escherichia coli
0.99939656,0.00060347153,-1,TRAE1_ECOLI,2.0,Escherichia coli
0.99984694,0.00015299035,-1,PPDB_ECOLI,2.0,Escherichia coli
0.99637705,0.0036229142,-1,D0VEY6_ECOLI,2.0,Escherichia coli
0.9996309,0.00036906943,-1,D0VEY4_ECOLI,2.0,Escherichia coli
0.9991609,0.0008391497,-1,YFIB_ECOLI,2.0,Escherichia coli
0.9973941,0.0026059602,-1,TRAY1_ECOLI,2.0,Escherichia coli
0.747231,0.25276902,-1,YCIH_ECOLI,2.0,Escherichia coli
0.99899346,0.0010065698,-1,YPDI_ECOLI,2.0,Escherichia coli
0.99919087,0.00080919056,-1,TRAL1_ECOLI,2.0,Escherichia coli
0.967234,0.032766014,-1,DICC_ECOLI,2.0,Escherichia coli
0.98020566,0.019794296,-1,LPIV_ECOLI,2.0,Escherichia coli
0.99719137,0.0028086277,-1,PMRR_ECOLI,2.0,Escherichia coli
0.75793403,0.24206595,-1,LPMG_ECOLI,2.0,Escherichia coli
0.9994821,0.00051788177,-1,HEMX_ECOLI,2.0,Escherichia coli
0.9981468,0.0018532166,-1,YCJF_ECOLI,2.0,Escherichia coli
0.93337125,0.06662871,-1,USG_ECOLI,2.0,Escherichia coli
0.99949646,0.0005034958,-1,YIHY_ECOLI,2.0,Escherichia coli
0.9944026,0.005597404,-1,YAFD_ECOLI,2.0,Escherichia coli
0.109377354,0.8906226,-1,YEBC_ECOLI,2.0,Escherichia coli
0.9686664,0.03133362,-1,YEEN_ECOLI,2.0,Escherichia coli
0.9991197,0.0008802569,-1,TFAE_ECOLI,2.0,Escherichia coli
0.99775153,0.0022484323,-1,YGFB_ECOLI,2.0,Escherichia coli
0.99546033,0.004539595,-1,EFPL_ECOLI,2.0,Escherichia coli
0.9979304,0.0020695827,-1,YQGE_ECOLI,2.0,Escherichia coli
0.9585518,0.041448176,-1,YFCN_ECOLI,2.0,Escherichia coli
0.999597,0.0004029859,-1,YCFP_ECOLI,2.0,Escherichia coli
0.999164,0.0008359751,-1,TRAS1_ECOLI,2.0,Escherichia coli
0.9782389,0.021761041,-1,YAII_ECOLI,2.0,Escherichia coli
0.9873603,0.012639663,-1,YFBV_ECOLI,2.0,Escherichia coli
0.99926656,0.00073344883,-1,NRDI_ECOLI,2.0,Escherichia coli
0.9995272,0.0004727708,-1,PSIE_ECOLI,2.0,Escherichia coli
0.9990723,0.00092766556,-1,YJAA_ECOLI,2.0,Escherichia coli
0.9997447,0.00025533998,-1,YEEX_ECOLI,2.0,Escherichia coli
0.9997317,0.00026832474,-1,PPDC_ECOLI,2.0,Escherichia coli
0.9992071,0.0007928911,-1,YBJQ_ECOLI,2.0,Escherichia coli
0.99775475,0.0022452748,-1,FLIE_ECOLI,2.0,Escherichia coli
0.9988751,0.001124872,-1,YBED_ECOLI,2.0,Escherichia coli
0.88660246,0.11339753,-1,DICB_ECOLI,2.0,Escherichia coli
0.00045802337,0.999542,-1,YBIT_ECOLI,2.0,Escherichia coli
0.9982065,0.0017935428,-1,YDIO_ECOLI,2.0,Escherichia coli
0.9919743,0.008025702,-1,PHOH_ECOLI,2.0,Escherichia coli
0.015228838,0.9847712,-1,PHOL_ECOLI,2.0,Escherichia coli
0.99908805,0.0009119614,-1,YFDV_ECOLI,2.0,Escherichia coli
0.99929404,0.0007059039,-1,YEDA_ECOLI,2.0,Escherichia coli
0.98401296,0.01598711,-1,YBBA_ECOLI,2.0,Escherichia coli
0.99945384,0.0005462143,-1,YCCT_ECOLI,2.0,Escherichia coli
0.9996393,0.00036073584,-1,YAGU_ECOLI,2.0,Escherichia coli
0.99946076,0.0005392766,-1,YQIA_ECOLI,2.0,Escherichia coli
0.9981681,0.0018318336,-1,YEAY_ECOLI,2.0,Escherichia coli
0.9929115,0.00708846,-1,YCEI_ECOLI,2.0,Escherichia coli
0.99958247,0.00041748406,-1,YRDA_ECOLI,2.0,Escherichia coli
0.00276988,0.9972301,-1,YJGA_ECOLI,2.0,Escherichia coli
0.9997236,0.00027642582,-1,FTNB_ECOLI,2.0,Escherichia coli
0.991808,0.008191984,-1,YFBU_ECOLI,2.0,Escherichia coli
0.99259865,0.0074013323,-1,SLYB_ECOLI,2.0,Escherichia coli
0.998035,0.0019650394,-1,YBAQ_ECOLI,2.0,Escherichia coli
0.99551576,0.004484288,-1,YIAG_ECOLI,2.0,Escherichia coli
0.9995461,0.0004538623,-1,YEDF_ECOLI,2.0,Escherichia coli
0.9989011,0.0010988708,-1,ESSD_ECOLI,2.0,Escherichia coli
0.99217916,0.007820883,-1,CSPF_ECOLI,2.0,Escherichia coli
0.995971,0.004028898,-1,CSPG_ECOLI,2.0,Escherichia coli
0.9751643,0.024835734,-1,CSPH_ECOLI,2.0,Escherichia coli
0.9956027,0.0043973275,-1,CSPI_ECOLI,2.0,Escherichia coli
0.99942136,0.0005786844,-1,ARCD_ECOLI,2.0,Escherichia coli
0.99732155,0.0026784446,-1,YBHL_ECOLI,2.0,Escherichia coli
0.9998491,0.00015084475,-1,YDHY_ECOLI,2.0,Escherichia coli
0.99970895,0.0002909939,-1,IPRA_ECOLI,2.0,Escherichia coli
0.9997905,0.00020954796,-1,ECPA_ECOLI,2.0,Escherichia coli
0.9995301,0.00046991804,-1,YCEB_ECOLI,2.0,Escherichia coli
0.982787,0.017213037,-1,YCBK_ECOLI,2.0,Escherichia coli
0.9951786,0.004821375,-1,HYDN_ECOLI,2.0,Escherichia coli
0.9996221,0.00037789543,-1,HYBE_ECOLI,2.0,Escherichia coli
0.9997186,0.0002813165,-1,YBJO_ECOLI,2.0,Escherichia coli
0.9992663,0.0007336529,-1,YLAC_ECOLI,2.0,Escherichia coli
0.9968407,0.0031592683,-1,YBBJ_ECOLI,2.0,Escherichia coli
0.9971636,0.002836384,-1,YCCF_ECOLI,2.0,Escherichia coli
0.9975454,0.0024546133,-1,YBHQ_ECOLI,2.0,Escherichia coli
0.9996687,0.00033128686,-1,BSSR_ECOLI,2.0,Escherichia coli
0.99929965,0.0007002928,-1,YBAN_ECOLI,2.0,Escherichia coli
0.12758817,0.87241185,-1,YBAV_ECOLI,2.0,Escherichia coli
0.9878457,0.01215425,-1,YAJD_ECOLI,2.0,Escherichia coli
0.9990024,0.00099763,-1,YAIY_ECOLI,2.0,Escherichia coli
0.99945897,0.0005410696,-1,YBFE_ECOLI,2.0,Escherichia coli
0.9995728,0.00042723867,-1,YBGE_ECOLI,2.0,Escherichia coli
0.98943335,0.010566589,-1,YBIJ_ECOLI,2.0,Escherichia coli
0.9993241,0.0006759795,-1,YMCE_ECOLI,2.0,Escherichia coli
0.99787545,0.002124566,-1,YCCJ_ECOLI,2.0,Escherichia coli
0.9991466,0.0008533517,-1,YAIZ_ECOLI,2.0,Escherichia coli
0.99924016,0.0007598538,-1,YEAG_ECOLI,2.0,Escherichia coli
0.996296,0.0037040245,-1,XYLR_ECOLI,2.0,Escherichia coli
0.9993693,0.00063064514,-1,YDHB_ECOLI,2.0,Escherichia coli
0.9983125,0.0016875202,-1,YFER_ECOLI,2.0,Escherichia coli
0.99878114,0.0012188479,-1,YEIE_ECOLI,2.0,Escherichia coli
0.9990839,0.0009160998,-1,ROB_ECOLI,2.0,Escherichia coli
0.99881184,0.0011881578,-1,EXUR_ECOLI,2.0,Escherichia coli
0.9985293,0.0014706623,-1,YEGW_ECOLI,2.0,Escherichia coli
0.9995976,0.00040236366,-1,YIHL_ECOLI,2.0,Escherichia coli
0.9993806,0.0006194421,-1,RSPR_ECOLI,2.0,Escherichia coli
0.9997936,0.000206403,-1,YJDC_ECOLI,2.0,Escherichia coli
0.9953295,0.0046704775,-1,YCFJ_ECOLI,2.0,Escherichia coli
0.9995435,0.00045653086,-1,FLAW_ECOLI,2.0,Escherichia coli
0.9993636,0.0006364381,-1,EBGC_ECOLI,2.0,Escherichia coli
0.99734527,0.0026547762,-1,YEAL_ECOLI,2.0,Escherichia coli
0.9998497,0.0001503419,-1,FLIT_ECOLI,2.0,Escherichia coli
0.99960405,0.00039596384,-1,YCHN_ECOLI,2.0,Escherichia coli
0.99917823,0.0008217334,-1,YDGC_ECOLI,2.0,Escherichia coli
0.9980598,0.0019402226,-1,YCII_ECOLI,2.0,Escherichia coli
0.99451905,0.0054809637,-1,YEBG_ECOLI,2.0,Escherichia coli
0.9992656,0.000734345,-1,YCHH_ECOLI,2.0,Escherichia coli
0.99684817,0.0031517777,-1,SFSB_ECOLI,2.0,Escherichia coli
0.99837214,0.001627873,-1,DINI_ECOLI,2.0,Escherichia coli
0.988898,0.011102034,-1,YDIE_ECOLI,2.0,Escherichia coli
0.99963593,0.00036400137,-1,HOKD_ECOLI,2.0,Escherichia coli
0.9943203,0.0056797396,-1,YEJM_ECOLI,2.0,Escherichia coli
0.9986155,0.0013844841,-1,YEEZ_ECOLI,2.0,Escherichia coli
0.99866045,0.0013395369,-1,YFCA_ECOLI,2.0,Escherichia coli
0.9989718,0.0010281772,-1,YJJQ_ECOLI,2.0,Escherichia coli
0.99926955,0.0007303986,-1,YOHK_ECOLI,2.0,Escherichia coli
0.99963164,0.00036829125,-1,YHHN_ECOLI,2.0,Escherichia coli
0.99946994,0.0005301105,-1,YOHC_ECOLI,2.0,Escherichia coli
0.99954283,0.0004572194,-1,YAJG_ECOLI,2.0,Escherichia coli
0.99859494,0.0014050564,-1,YECD_ECOLI,2.0,Escherichia coli
0.98343074,0.016569292,-1,YIAA_ECOLI,2.0,Escherichia coli
0.9984956,0.0015043748,-1,YPHA_ECOLI,2.0,Escherichia coli
0.9995509,0.00044914996,-1,YFDO_ECOLI,2.0,Escherichia coli
0.99872476,0.0012752552,-1,OSME_ECOLI,2.0,Escherichia coli
0.99924135,0.00075872726,-1,YIAW_ECOLI,2.0,Escherichia coli
0.9991985,0.0008014969,-1,YEJL_ECOLI,2.0,Escherichia coli
0.9906054,0.009394547,-1,OSMB_ECOLI,2.0,Escherichia coli
0.8916896,0.10831045,-1,YTFK_ECOLI,2.0,Escherichia coli
0.9995307,0.00046935535,-1,BCSF_ECOLI,2.0,Escherichia coli
0.99890745,0.0010925375,-1,YHJR_ECOLI,2.0,Escherichia coli
0.99957746,0.00042253284,-1,LPPY_ECOLI,2.0,Escherichia coli
0.99630105,0.0036989124,-1,LPRH_ECOLI,2.0,Escherichia coli
0.9994855,0.00051445956,-1,LPL_ECOLI,2.0,Escherichia coli
0.6911138,0.30888626,-1,LPT_ECOLI,2.0,Escherichia coli
0.9395655,0.060434543,-1,LPF_ECOLI,2.0,Escherichia coli
0.9579542,0.042045802,-1,LPW_ECOLI,2.0,Escherichia coli
0.99565977,0.0043401932,-1,YOAE_ECOLI,2.0,Escherichia coli
0.99303,0.006969968,-1,CITT_ECOLI,2.0,Escherichia coli
0.99611276,0.0038872082,-1,CORC_ECOLI,2.0,Escherichia coli
0.9992348,0.0007651891,-1,AMPE_ECOLI,2.0,Escherichia coli
0.99951506,0.00048494872,-1,YIBA_ECOLI,2.0,Escherichia coli
0.99926275,0.00073723006,-1,YIEE_ECOLI,2.0,Escherichia coli
0.9990625,0.0009375022,-1,YGGE_ECOLI,2.0,Escherichia coli
0.999833,0.00016699143,-1,AROM_ECOLI,2.0,Escherichia coli
0.99490523,0.0050947717,-1,YGIB_ECOLI,2.0,Escherichia coli
0.996384,0.0036159118,-1,YGIM_ECOLI,2.0,Escherichia coli
0.98783255,0.012167459,-1,CREA_ECOLI,2.0,Escherichia coli
0.99644923,0.003550727,-1,ELAA_ECOLI,2.0,Escherichia coli
0.99982965,0.0001702783,-1,YHHA_ECOLI,2.0,Escherichia coli
0.99930155,0.0006984001,-1,YQAA_ECOLI,2.0,Escherichia coli
0.99981934,0.00018069027,-1,YGDD_ECOLI,2.0,Escherichia coli
0.99697924,0.0030208235,-1,CAIF_ECOLI,2.0,Escherichia coli
0.99874747,0.0012524805,-1,YIDG_ECOLI,2.0,Escherichia coli
0.99734074,0.002659295,-1,YIDH_ECOLI,2.0,Escherichia coli
0.9975962,0.0024037675,-1,YOAB_ECOLI,2.0,Escherichia coli
0.99946755,0.00053250336,-1,YTFP_ECOLI,2.0,Escherichia coli
0.9987657,0.0012343082,-1,YIDQ_ECOLI,2.0,Escherichia coli
0.014293102,0.98570687,-1,CHAB_ECOLI,2.0,Escherichia coli
0.9989654,0.0010346103,-1,YIIE_ECOLI,2.0,Escherichia coli
0.9996798,0.00032015325,-1,YIFL_ECOLI,2.0,Escherichia coli
0.99775344,0.0022466234,-1,YQAE_ECOLI,2.0,Escherichia coli
0.99810153,0.001898469,-1,YFBS_ECOLI,2.0,Escherichia coli
0.99823344,0.0017665849,-1,YJBB_ECOLI,2.0,Escherichia coli
0.99926275,0.0007372561,-1,YIBH_ECOLI,2.0,Escherichia coli
0.995827,0.0041730115,-1,YDIK_ECOLI,2.0,Escherichia coli
0.9990814,0.00091863726,-1,PERM_ECOLI,2.0,Escherichia coli
0.9917014,0.008298616,-1,RSSA_ECOLI,2.0,Escherichia coli
0.9992982,0.0007017369,-1,KPPR_ECOLI,2.0,Escherichia coli
0.99813205,0.0018679794,-1,YBBO_ECOLI,2.0,Escherichia coli
0.9989556,0.0010443721,-1,YADH_ECOLI,2.0,Escherichia coli
0.99982977,0.00017016372,-1,YJFJ_ECOLI,2.0,Escherichia coli
0.9985891,0.001410906,-1,MARC_ECOLI,2.0,Escherichia coli
0.99886876,0.001131212,-1,FIMZ_ECOLI,2.0,Escherichia coli
0.99900657,0.0009935002,-1,YADS_ECOLI,2.0,Escherichia coli
0.0036705453,0.9963295,-1,YCIO_ECOLI,2.0,Escherichia coli
0.9974254,0.0025745805,-1,HDED_ECOLI,2.0,Escherichia coli
0.99934024,0.00065974443,-1,YJIG_ECOLI,2.0,Escherichia coli
0.99956995,0.00043008165,-1,HYCA_ECOLI,2.0,Escherichia coli
0.9297539,0.07024614,-1,HYCH_ECOLI,2.0,Escherichia coli
0.998494,0.0015059874,-1,GLCG_ECOLI,2.0,Escherichia coli
0.99832314,0.0016768066,-1,YJFL_ECOLI,2.0,Escherichia coli
0.99947447,0.00052558817,-1,YJDM_ECOLI,2.0,Escherichia coli
0.9993243,0.0006756848,-1,YJCH_ECOLI,2.0,Escherichia coli
0.99944955,0.0005504799,-1,YJFN_ECOLI,2.0,Escherichia coli
0.9989844,0.0010155971,-1,ROF_ECOLI,2.0,Escherichia coli
0.9955422,0.0044577317,-1,YJBE_ECOLI,2.0,Escherichia coli
0.9987394,0.0012605992,-1,RMUC_ECOLI,2.0,Escherichia coli
0.99907047,0.0009295865,-1,YHHJ_ECOLI,2.0,Escherichia coli
0.99866295,0.0013370878,-1,YHHT_ECOLI,2.0,Escherichia coli
3.921276e-05,0.9999608,-1,YFIF_ECOLI,2.0,Escherichia coli
0.9735328,0.026467176,-1,INSH1_ECOLI,2.0,Escherichia coli
0.9735328,0.026467176,-1,INSH2_ECOLI,2.0,Escherichia coli
0.9735328,0.026467176,-1,INSH3_ECOLI,2.0,Escherichia coli
0.9735328,0.026467176,-1,INSH4_ECOLI,2.0,Escherichia coli
0.9759364,0.024063597,-1,INSH6_ECOLI,2.0,Escherichia coli
0.9735328,0.026467176,-1,INSH7_ECOLI,2.0,Escherichia coli
0.9735328,0.026467176,-1,INSH8_ECOLI,2.0,Escherichia coli
0.97353256,0.026467396,-1,INSH9_ECOLI,2.0,Escherichia coli
0.97353256,0.026467396,-1,INH10_ECOLI,2.0,Escherichia coli
0.97353256,0.026467396,-1,INH11_ECOLI,2.0,Escherichia coli
0.97353256,0.026467396,-1,INH12_ECOLI,2.0,Escherichia coli
0.97353256,0.026467396,-1,INH13_ECOLI,2.0,Escherichia coli
0.97353256,0.026467396,-1,INH14_ECOLI,2.0,Escherichia coli
0.97353256,0.026467396,-1,INH15_ECOLI,2.0,Escherichia coli
0.97353256,0.026467396,-1,INH16_ECOLI,2.0,Escherichia coli
0.97353256,0.026467396,-1,INH17_ECOLI,2.0,Escherichia coli
0.99878997,0.0012100207,-1,SIRB1_ECOLI,2.0,Escherichia coli
0.9991229,0.00087707455,-1,SSEB_ECOLI,2.0,Escherichia coli
0.9993637,0.00063626637,-1,SMP_ECOLI,2.0,Escherichia coli
0.99854016,0.0014598283,-1,YICG_ECOLI,2.0,Escherichia coli
0.9970643,0.002935739,-1,YIBN_ECOLI,2.0,Escherichia coli
0.97353256,0.026467396,-1,INH18_ECOLI,2.0,Escherichia coli
0.9924884,0.00751168,-1,INSB1_ECOLI,2.0,Escherichia coli
0.99307704,0.006923023,-1,INSB2_ECOLI,2.0,Escherichia coli
0.99307704,0.006923023,-1,INSB3_ECOLI,2.0,Escherichia coli
0.9924884,0.00751168,-1,INSB5_ECOLI,2.0,Escherichia coli
0.9924884,0.00751168,-1,INSB6_ECOLI,2.0,Escherichia coli
0.9924884,0.00751168,-1,INSB8_ECOLI,2.0,Escherichia coli
0.9976591,0.0023409333,-1,INSC1_ECOLI,2.0,Escherichia coli
0.9976591,0.0023409333,-1,INSC2_ECOLI,2.0,Escherichia coli
0.9976591,0.0023409333,-1,INSC3_ECOLI,2.0,Escherichia coli
0.9976591,0.0023409333,-1,INSC4_ECOLI,2.0,Escherichia coli
0.9976591,0.0023409333,-1,INSC5_ECOLI,2.0,Escherichia coli
0.9976591,0.0023409333,-1,INSC6_ECOLI,2.0,Escherichia coli
0.9976591,0.0023409333,-1,INSC7_ECOLI,2.0,Escherichia coli
0.9976591,0.0023409333,-1,INSC8_ECOLI,2.0,Escherichia coli
0.9976591,0.0023409333,-1,INSC9_ECOLI,2.0,Escherichia coli
0.9976591,0.0023409333,-1,INC10_ECOLI,2.0,Escherichia coli
0.9976591,0.0023409333,-1,INC11_ECOLI,2.0,Escherichia coli
0.96912426,0.03087577,-1,INSA1_ECOLI,2.0,Escherichia coli
0.9805017,0.019498326,-1,INSA2_ECOLI,2.0,Escherichia coli
0.9805017,0.019498326,-1,INSA3_ECOLI,2.0,Escherichia coli
0.9805017,0.019498326,-1,INSA4_ECOLI,2.0,Escherichia coli
0.96912426,0.03087577,-1,INSA5_ECOLI,2.0,Escherichia coli
0.96912426,0.03087577,-1,INSA6_ECOLI,2.0,Escherichia coli
0.96912426,0.03087577,-1,INSA8_ECOLI,2.0,Escherichia coli
0.9773472,0.022652766,-1,INSD9_ECOLI,2.0,Escherichia coli
0.9773472,0.022652766,-1,IND10_ECOLI,2.0,Escherichia coli
0.9773472,0.022652766,-1,IND11_ECOLI,2.0,Escherichia coli
0.9773472,0.022652766,-1,IND12_ECOLI,2.0,Escherichia coli
0.9658106,0.034189437,-1,INSD1_ECOLI,2.0,Escherichia coli
0.9658106,0.034189437,-1,INSD2_ECOLI,2.0,Escherichia coli
0.9658106,0.034189437,-1,INSD3_ECOLI,2.0,Escherichia coli
0.9658106,0.034189437,-1,INSD4_ECOLI,2.0,Escherichia coli
0.9658106,0.034189437,-1,INSD5_ECOLI,2.0,Escherichia coli
0.9658106,0.034189437,-1,INSD6_ECOLI,2.0,Escherichia coli
0.9658106,0.034189437,-1,INSD7_ECOLI,2.0,Escherichia coli
0.99449944,0.0055004763,-1,INSF1_ECOLI,2.0,Escherichia coli
0.99449944,0.0055004763,-1,INSF2_ECOLI,2.0,Escherichia coli
0.99449944,0.0055004763,-1,INSF3_ECOLI,2.0,Escherichia coli
0.99449944,0.0055004763,-1,INSF4_ECOLI,2.0,Escherichia coli
0.99449944,0.0055004763,-1,INSF5_ECOLI,2.0,Escherichia coli
0.99449944,0.0055004763,-1,INSF6_ECOLI,2.0,Escherichia coli
0.9872366,0.012763369,-1,INSD8_ECOLI,2.0,Escherichia coli
0.99789363,0.002106427,-1,INSE1_ECOLI,2.0,Escherichia coli
0.99789363,0.002106427,-1,INSE2_ECOLI,2.0,Escherichia coli
0.99789363,0.002106427,-1,INSE3_ECOLI,2.0,Escherichia coli
0.99789363,0.002106427,-1,INSE4_ECOLI,2.0,Escherichia coli
0.99789363,0.002106427,-1,INSE5_ECOLI,2.0,Escherichia coli
0.99789363,0.002106427,-1,INSE6_ECOLI,2.0,Escherichia coli
0.99789363,0.002106427,-1,INSE7_ECOLI,2.0,Escherichia coli
0.4015174,0.59848267,-1,INSI3_ECOLI,2.0,Escherichia coli
0.4015174,0.59848267,-1,INSI4_ECOLI,2.0,Escherichia coli
0.9622244,0.0377756,-1,INSL1_ECOLI,2.0,Escherichia coli
0.9622244,0.0377756,-1,INSL2_ECOLI,2.0,Escherichia coli
0.9622244,0.0377756,-1,INSL3_ECOLI,2.0,Escherichia coli
0.99957377,0.00042620642,-1,PHNE1_ECOLI,2.0,Escherichia coli
0.99959534,0.0004046408,-1,YBEM_ECOLI,2.0,Escherichia coli
0.99965584,0.00034414904,-1,YJIQ_ECOLI,2.0,Escherichia coli
0.9947659,0.0052341474,-1,YFJU_ECOLI,2.0,Escherichia coli
0.9947659,0.0052341474,-1,ARSCL_ECOLI,2.0,Escherichia coli
0.5428991,0.4571009,-1,YIBX_ECOLI,2.0,Escherichia coli
0.99961734,0.00038267116,-1,YBEH_ECOLI,2.0,Escherichia coli
0.994639,0.005361061,-1,GNDA_ECOLI,2.0,Escherichia coli
0.99321246,0.0067875073,-1,YOAL_ECOLI,2.0,Escherichia coli
0.92154163,0.078458354,-1,RSED_ECOLI,2.0,Escherichia coli
0.99890816,0.0010918914,-1,YTID_ECOLI,2.0,Escherichia coli
0.9916705,0.008329482,-1,TIMP_ECOLI,2.0,Escherichia coli
0.9988237,0.0011762796,-1,YNFT_ECOLI,2.0,Escherichia coli
0.9999546,4.5469533e-05,-1,LDRA_ECOLI,2.0,Escherichia coli
0.9999546,4.5469533e-05,-1,LDRC_ECOLI,2.0,Escherichia coli
0.999283,0.00071705884,-1,YTIC_ECOLI,2.0,Escherichia coli
0.7603265,0.23967342,-1,ARGL_ECOLI,2.0,Escherichia coli
0.06649521,0.93350476,-1,IDLP_ECOLI,2.0,Escherichia coli
0.9028733,0.09712678,-1,PSSL_ECOLI,2.0,Escherichia coli
0.90214735,0.09785267,-1,BAXL_ECOLI,2.0,Escherichia coli
0.9996854,0.00031465152,-1,RHSD_ECOLI,2.0,Escherichia coli
0.9996395,0.00036052443,-1,RHSB_ECOLI,2.0,Escherichia coli
0.99956447,0.000435511,-1,RHSC_ECOLI,2.0,Escherichia coli
0.9993537,0.0006462908,-1,RHSA_ECOLI,2.0,Escherichia coli
0.9993812,0.0006187402,-1,TRAC_ECOLI,2.0,Escherichia coli
0.999151,0.00084902154,-1,TRAH1_ECOLI,2.0,Escherichia coli
0.99189585,0.008104131,-1,ARLY_ECOLI,2.0,Escherichia coli
0.99710804,0.0028920276,-1,PIFC_ECOLI,2.0,Escherichia coli
0.99979275,0.00020729702,-1,YIBD_ECOLI,2.0,Escherichia coli
0.9977062,0.0022937788,-1,FLK_ECOLI,2.0,Escherichia coli
0.99822456,0.0017754888,-1,SRLR_ECOLI,2.0,Escherichia coli
0.99953306,0.00046699855,-1,TRAF_ECOLI,2.0,Escherichia coli
0.998987,0.0010129178,-1,TRAT1_ECOLI,2.0,Escherichia coli
0.9994733,0.0005267431,-1,PHNF_ECOLI,2.0,Escherichia coli
0.9995191,0.00048083777,-1,YGGC_ECOLI,2.0,Escherichia coli
0.9863331,0.01366695,-1,FUME_ECOLI,2.0,Escherichia coli
0.9997656,0.00023443025,-1,YZCX_ECOLI,2.0,Escherichia coli
0.9903045,0.009695461,-1,YBHB_ECOLI,2.0,Escherichia coli
0.999137,0.00086302334,-1,YJDN_ECOLI,2.0,Escherichia coli
0.9925754,0.007424644,-1,GUTM_ECOLI,2.0,Escherichia coli
0.9991615,0.0008385173,-1,YIAB_ECOLI,2.0,Escherichia coli
0.9990565,0.00094351405,-1,COPB1_ECOLI,2.0,Escherichia coli
0.99641895,0.0035810187,-1,TDCR_ECOLI,2.0,Escherichia coli
0.99701715,0.0029829014,-1,FLMC1_ECOLI,2.0,Escherichia coli
0.53856975,0.46143022,-1,SRNB_ECOLI,2.0,Escherichia coli
0.99912375,0.0008762831,-1,ARPA_ECOLI,2.0,Escherichia coli
0.99974495,0.0002550446,-1,RHSE_ECOLI,2.0,Escherichia coli
0.89797544,0.10202457,-1,YIFB_ECOLI,2.0,Escherichia coli
0.9995152,0.00048478274,-1,ASLB_ECOLI,2.0,Escherichia coli
0.9989981,0.0010019186,-1,YCAD_ECOLI,2.0,Escherichia coli
0.9994068,0.00059314823,-1,NMPC_ECOLI,2.0,Escherichia coli
0.9993918,0.0006081869,-1,TRAU_ECOLI,2.0,Escherichia coli
0.99893504,0.0010649068,-1,HYAF_ECOLI,2.0,Escherichia coli
0.98447764,0.015522312,-1,DIND_ECOLI,2.0,Escherichia coli
0.9997696,0.00023035557,-1,TRAX1_ECOLI,2.0,Escherichia coli
0.99800247,0.0019975854,-1,YCIC_ECOLI,2.0,Escherichia coli
0.99869895,0.0013010126,-1,YICR_ECOLI,2.0,Escherichia coli
0.995693,0.0043069925,-1,TRBC_ECOLI,2.0,Escherichia coli
0.9991297,0.0008703007,-1,TRAW_ECOLI,2.0,Escherichia coli
0.99831885,0.0016811402,-1,HYFA_ECOLI,2.0,Escherichia coli
0.993133,0.006867069,-1,FINO_ECOLI,2.0,Escherichia coli
0.99940395,0.00059600914,-1,TRBB_ECOLI,2.0,Escherichia coli
0.9983625,0.0016374624,-1,YCIF_ECOLI,2.0,Escherichia coli
0.9945306,0.005469371,-1,YJJA_ECOLI,2.0,Escherichia coli
0.99940133,0.00059867563,-1,HYAE_ECOLI,2.0,Escherichia coli
0.99984574,0.00015429128,-1,TRBI_ECOLI,2.0,Escherichia coli
0.9334438,0.06655628,-1,YFFB_ECOLI,2.0,Escherichia coli
0.9998024,0.00019757781,-1,TRAQ_ECOLI,2.0,Escherichia coli
0.9787103,0.021289676,-1,INSA7_ECOLI,2.0,Escherichia coli
0.8586928,0.14130722,-1,YCIG_ECOLI,2.0,Escherichia coli
0.9994112,0.0005887328,-1,YAAJ_ECOLI,2.0,Escherichia coli
0.99481446,0.005185569,-1,DINF_ECOLI,2.0,Escherichia coli
0.99913496,0.0008650635,-1,YEIB_ECOLI,2.0,Escherichia coli
0.89143115,0.10856888,-1,YHHI_ECOLI,2.0,Escherichia coli
0.9064676,0.09353238,-1,YDCC_ECOLI,2.0,Escherichia coli
0.9623868,0.037613146,-1,SMF_ECOLI,2.0,Escherichia coli
0.97907823,0.02092184,-1,YBIB_ECOLI,2.0,Escherichia coli
0.99851173,0.0014882272,-1,FLGL_ECOLI,2.0,Escherichia coli
0.9784975,0.021502499,-1,INSZ_ECOLI,2.0,Escherichia coli
0.9994824,0.00051755726,-1,RARD_ECOLI,2.0,Escherichia coli
0.98802084,0.011979156,-1,BAX_ECOLI,2.0,Escherichia coli
0.9995777,0.00042231623,-1,GLTF_ECOLI,2.0,Escherichia coli
0.9986915,0.0013085335,-1,YABI_ECOLI,2.0,Escherichia coli
0.98970515,0.010294917,-1,YBFD_ECOLI,2.0,Escherichia coli
0.9998078,0.00019227665,-1,YHCA_ECOLI,2.0,Escherichia coli
0.99883825,0.0011617341,-1,INAA_ECOLI,2.0,Escherichia coli
0.9993992,0.0006008392,-1,YCHE_ECOLI,2.0,Escherichia coli
0.9960367,0.0039632716,-1,YCEH_ECOLI,2.0,Escherichia coli
0.26021475,0.7397852,-1,YIGZ_ECOLI,2.0,Escherichia coli
0.011708052,0.9882919,-1,YJAZ_ECOLI,2.0,Escherichia coli
0.99280447,0.0071955044,-1,RFH_ECOLI,2.0,Escherichia coli
0.6289003,0.3710997,-1,MBIA_ECOLI,2.0,Escherichia coli
0.9995585,0.00044143782,-1,FLIS_ECOLI,2.0,Escherichia coli
0.99938667,0.0006133427,-1,YIGG_ECOLI,2.0,Escherichia coli
0.99952936,0.0004706721,-1,MSYB_ECOLI,2.0,Escherichia coli
0.9998814,0.00011862792,-1,YDEK_ECOLI,2.0,Escherichia coli
0.99963367,0.00036636073,-1,YDDB_ECOLI,2.0,Escherichia coli
0.9990521,0.0009478827,-1,YIDK_ECOLI,2.0,Escherichia coli
0.9996032,0.00039678207,-1,YIDJ_ECOLI,2.0,Escherichia coli
0.99931717,0.00068281416,-1,YICJ_ECOLI,2.0,Escherichia coli
0.99937385,0.00062617665,-1,YAAU_ECOLI,2.0,Escherichia coli
0.99797326,0.0020266802,-1,YADE_ECOLI,2.0,Escherichia coli
0.9987777,0.0012223276,-1,WCAI_ECOLI,2.0,Escherichia coli
0.9986564,0.0013435768,-1,YEDE_ECOLI,2.0,Escherichia coli
0.9990766,0.00092338515,-1,CBRA_ECOLI,2.0,Escherichia coli
0.99965,0.00034994396,-1,YBEF_ECOLI,2.0,Escherichia coli
0.99973327,0.0002666601,-1,YICL_ECOLI,2.0,Escherichia coli
0.9990476,0.000952355,-1,YAFC_ECOLI,2.0,Escherichia coli
0.9991326,0.0008675056,-1,YIDL_ECOLI,2.0,Escherichia coli
0.9995435,0.00045645903,-1,YCIK_ECOLI,2.0,Escherichia coli
0.9992797,0.00072029245,-1,YIEK_ECOLI,2.0,Escherichia coli
0.9998764,0.00012357968,-1,YIDP_ECOLI,2.0,Escherichia coli
0.99973816,0.00026180915,-1,YIEP_ECOLI,2.0,Escherichia coli
0.9988167,0.0011833402,-1,GLVG_ECOLI,2.0,Escherichia coli
0.99951994,0.00048007388,-1,CBRC_ECOLI,2.0,Escherichia coli
0.999161,0.00083896006,-1,NOHA_ECOLI,2.0,Escherichia coli
0.9994061,0.00059385586,-1,YDEJ_ECOLI,2.0,Escherichia coli
0.99900573,0.0009943173,-1,CBRB_ECOLI,2.0,Escherichia coli
0.9983925,0.001607413,-1,YIDI_ECOLI,2.0,Escherichia coli
0.99887604,0.0011239274,-1,YDEI_ECOLI,2.0,Escherichia coli
0.9991128,0.0008872502,-1,GRE1_ECOLI,2.0,Escherichia coli
0.99257374,0.0074263024,-1,YEHM_ECOLI,2.0,Escherichia coli
0.9994221,0.0005779103,-1,YJBH_ECOLI,2.0,Escherichia coli
0.596408,0.403592,-1,YEHQ_ECOLI,2.0,Escherichia coli
0.88475156,0.115248494,-1,FRVR_ECOLI,2.0,Escherichia coli
0.99898106,0.00101886,-1,YJCE_ECOLI,2.0,Escherichia coli
0.9981261,0.001873892,-1,FLGK_ECOLI,2.0,Escherichia coli
0.99733514,0.0026648932,-1,YEIQ_ECOLI,2.0,Escherichia coli
0.9998053,0.00019471081,-1,YIHN_ECOLI,2.0,Escherichia coli
0.99934214,0.0006578496,-1,YEII_ECOLI,2.0,Escherichia coli
0.9986525,0.0013475496,-1,YEHL_ECOLI,2.0,Escherichia coli
0.99925536,0.0007446404,-1,FRVX_ECOLI,2.0,Escherichia coli
0.9986815,0.0013185361,-1,YEEA_ECOLI,2.0,Escherichia coli
0.9997652,0.00023473239,-1,NRFD_ECOLI,2.0,Escherichia coli
0.9993729,0.00062708464,-1,YIHR_ECOLI,2.0,Escherichia coli
0.999522,0.0004779857,-1,YIJO_ECOLI,2.0,Escherichia coli
0.1286775,0.8713225,-1,YEHF_ECOLI,2.0,Escherichia coli
0.9994311,0.0005689052,-1,YOHF_ECOLI,2.0,Escherichia coli
0.9934922,0.006507842,-1,YEBE_ECOLI,2.0,Escherichia coli
0.9986634,0.0013366007,-1,YJBF_ECOLI,2.0,Escherichia coli
0.9998184,0.0001815941,-1,NRFG_ECOLI,2.0,Escherichia coli
0.9993223,0.0006777786,-1,YOHD_ECOLI,2.0,Escherichia coli
0.9991924,0.0008075606,-1,PPDA_ECOLI,2.0,Escherichia coli
0.99981004,0.00019002885,-1,YEHR_ECOLI,2.0,Escherichia coli
0.9985815,0.0014184992,-1,MOKC_ECOLI,2.0,Escherichia coli
0.99972445,0.0002755291,-1,YEJO_ECOLI,2.0,Escherichia coli
0.998326,0.0016740424,-1,YDBA_ECOLI,2.0,Escherichia coli
0.9993106,0.0006893408,-1,YJJI_ECOLI,2.0,Escherichia coli
0.9997917,0.00020832517,-1,YUAR_ECOLI,2.0,Escherichia coli
0.9985917,0.0014082877,-1,MDTD_ECOLI,2.0,Escherichia coli
0.99940467,0.00059529016,-1,HOFB_ECOLI,2.0,Escherichia coli
0.9994734,0.0005266362,-1,YEGD_ECOLI,2.0,Escherichia coli
0.99951386,0.0004861764,-1,HOFC_ECOLI,2.0,Escherichia coli
0.933345,0.066655055,-1,YAGA_ECOLI,2.0,Escherichia coli
0.99967337,0.00032670543,-1,EUTR_ECOLI,2.0,Escherichia coli
0.9996878,0.00031225095,-1,YFDC_ECOLI,2.0,Escherichia coli
0.9997484,0.00025160072,-1,RPNE_ECOLI,2.0,Escherichia coli
0.9961571,0.0038429622,-1,ARCC_ECOLI,2.0,Escherichia coli
0.99981445,0.00018563066,-1,YBCH_ECOLI,2.0,Escherichia coli
0.99891114,0.0010889071,-1,EAEH_ECOLI,2.0,Escherichia coli
0.99971694,0.00028308906,-1,YFIE_ECOLI,2.0,Escherichia coli
0.99957293,0.00042704583,-1,YAEF_ECOLI,2.0,Escherichia coli
0.9983683,0.0016316997,-1,YDCF_ECOLI,2.0,Escherichia coli
0.0024663669,0.99753356,-1,LAST_ECOLI,2.0,Escherichia coli
0.99970907,0.00029095868,-1,YADI_ECOLI,2.0,Escherichia coli
0.9773377,0.022662325,-1,YAGB_ECOLI,2.0,Escherichia coli
0.99950767,0.000492294,-1,GATR_ECOLI,2.0,Escherichia coli
0.9993949,0.0006050931,-1,OGRK_ECOLI,2.0,Escherichia coli
0.998206,0.0017939858,-1,ALPA_ECOLI,2.0,Escherichia coli
0.99860793,0.0013921249,-1,HOKA_ECOLI,2.0,Escherichia coli
0.99876,0.0012400494,-1,BCSC_ECOLI,2.0,Escherichia coli
0.9992914,0.00070855976,-1,YCAI_ECOLI,2.0,Escherichia coli
0.997396,0.0026040536,-1,YHJG_ECOLI,2.0,Escherichia coli
0.99947625,0.00052382145,-1,BCSG_ECOLI,2.0,Escherichia coli
0.99054784,0.009452198,-1,YHIL_ECOLI,2.0,Escherichia coli
0.998014,0.0019860421,-1,YHJJ_ECOLI,2.0,Escherichia coli
0.99826366,0.0017363674,-1,YHJE_ECOLI,2.0,Escherichia coli
0.9984659,0.0015341057,-1,YFJD_ECOLI,2.0,Escherichia coli
0.9996716,0.00032840733,-1,YHJV_ECOLI,2.0,Escherichia coli
0.99895597,0.001044011,-1,WZY_ECOLI,2.0,Escherichia coli
0.9975491,0.0024508552,-1,ADH2_ECOLI,2.0,Escherichia coli
0.9994267,0.00057333795,-1,YIAV_ECOLI,2.0,Escherichia coli
0.9998011,0.00019893127,-1,WBBK_ECOLI,2.0,Escherichia coli
0.99887806,0.0011218891,-1,YHII_ECOLI,2.0,Escherichia coli
0.99878865,0.0012113919,-1,YHIM_ECOLI,2.0,Escherichia coli
0.99972004,0.00027993965,-1,YHJD_ECOLI,2.0,Escherichia coli
0.99958605,0.00041390513,-1,YIAU_ECOLI,2.0,Escherichia coli
0.9992046,0.0007954453,-1,YHJC_ECOLI,2.0,Escherichia coli
0.9989666,0.0010334355,-1,YFHH_ECOLI,2.0,Escherichia coli
0.99990976,9.0193476e-05,-1,UCPA_ECOLI,2.0,Escherichia coli
0.99937063,0.0006294376,-1,YIAT_ECOLI,2.0,Escherichia coli
0.99981195,0.0001880352,-1,YHJY_ECOLI,2.0,Escherichia coli
0.99894637,0.0010536155,-1,YHJB_ECOLI,2.0,Escherichia coli
0.99942374,0.00057634205,-1,YIAL_ECOLI,2.0,Escherichia coli
0.99847585,0.0015241667,-1,USPF_ECOLI,2.0,Escherichia coli
0.02593993,0.97406006,-1,YJGL_ECOLI,2.0,Escherichia coli
0.998642,0.001358015,-1,YFCC_ECOLI,2.0,Escherichia coli
0.9996456,0.00035440072,-1,YJEM_ECOLI,2.0,Escherichia coli
0.999204,0.0007959856,-1,YCHO_ECOLI,2.0,Escherichia coli
0.9996513,0.0003486734,-1,YDJE_ECOLI,2.0,Escherichia coli
0.9980336,0.0019663977,-1,YJHF_ECOLI,2.0,Escherichia coli
0.99707305,0.0029268807,-1,RSPA_ECOLI,2.0,Escherichia coli
0.99958855,0.00041150255,-1,YJGN_ECOLI,2.0,Escherichia coli
0.99866736,0.0013326382,-1,RSPB_ECOLI,2.0,Escherichia coli
0.99908483,0.00091517466,-1,IDNR_ECOLI,2.0,Escherichia coli
0.99974626,0.0002536923,-1,YJHU_ECOLI,2.0,Escherichia coli
0.99975663,0.000243337,-1,YTFF_ECOLI,2.0,Escherichia coli
0.9991881,0.0008118326,-1,UXUR_ECOLI,2.0,Escherichia coli
0.9991875,0.00081249676,-1,YJDF_ECOLI,2.0,Escherichia coli
0.9994294,0.0005705645,-1,YBGD_ECOLI,2.0,Escherichia coli
0.99914646,0.00085354206,-1,YTFJ_ECOLI,2.0,Escherichia coli
0.9997124,0.00028756305,-1,FIMI_ECOLI,2.0,Escherichia coli
0.99948835,0.00051161624,-1,YJGM_ECOLI,2.0,Escherichia coli
0.9993204,0.000679613,-1,SIEB_ECOLI,2.0,Escherichia coli
0.9991855,0.00081453245,-1,YJGH_ECOLI,2.0,Escherichia coli
0.9947701,0.0052299257,-1,YJGX_ECOLI,2.0,Escherichia coli
0.99947876,0.00052132417,-1,YGGL_ECOLI,2.0,Escherichia coli
0.9980288,0.001971129,-1,YJEO_ECOLI,2.0,Escherichia coli
0.99649835,0.0035015794,-1,INSN2_ECOLI,2.0,Escherichia coli
0.9987942,0.0012057705,-1,YJHE_ECOLI,2.0,Escherichia coli
0.9979824,0.0020175355,-1,YJIV_ECOLI,2.0,Escherichia coli
0.99969923,0.00030080703,-1,YGJI_ECOLI,2.0,Escherichia coli
0.9991609,0.0008390676,-1,TRAB1_ECOLI,2.0,Escherichia coli
0.99402845,0.0059715263,-1,YJIR_ECOLI,2.0,Escherichia coli
0.99885726,0.0011427435,-1,YJIM_ECOLI,2.0,Escherichia coli
0.9995171,0.0004829667,-1,SGCX_ECOLI,2.0,Escherichia coli
0.99872273,0.0012772055,-1,YJJU_ECOLI,2.0,Escherichia coli
0.99945873,0.0005412982,-1,YJHR_ECOLI,2.0,Escherichia coli
0.9991757,0.0008242343,-1,YFEH_ECOLI,2.0,Escherichia coli
0.99942505,0.00057492836,-1,YJIK_ECOLI,2.0,Escherichia coli
0.99983335,0.00016663577,-1,YJHI_ECOLI,2.0,Escherichia coli
0.99960667,0.0003933967,-1,SGCR_ECOLI,2.0,Escherichia coli
0.9995285,0.00047152938,-1,YJIL_ECOLI,2.0,Escherichia coli
0.999522,0.0004780377,-1,YJHP_ECOLI,2.0,Escherichia coli
0.9954535,0.0045464933,-1,TRAK1_ECOLI,2.0,Escherichia coli
0.9995865,0.00041349008,-1,YCBF_ECOLI,2.0,Escherichia coli
0.9996644,0.00033556123,-1,YJIH_ECOLI,2.0,Escherichia coli
0.9997781,0.00022190862,-1,YGIL_ECOLI,2.0,Escherichia coli
0.9994574,0.0005426257,-1,YJHQ_ECOLI,2.0,Escherichia coli
0.9995185,0.00048151662,-1,TRAV_ECOLI,2.0,Escherichia coli
0.9355239,0.064476125,-1,UTPP_ECOLI,2.0,Escherichia coli
0.99939406,0.0006059709,-1,SGCA_ECOLI,2.0,Escherichia coli
6.777855e-06,0.9999932,-1,YGJH_ECOLI,2.0,Escherichia coli
0.999401,0.00059907127,-1,YBII_ECOLI,2.0,Escherichia coli
0.9968201,0.003179854,-1,YBFI_ECOLI,2.0,Escherichia coli
0.9988494,0.0011505608,-1,YHCD_ECOLI,2.0,Escherichia coli
0.99937254,0.0006274532,-1,YHFK_ECOLI,2.0,Escherichia coli
0.99804664,0.0019533434,-1,YCIQ_ECOLI,2.0,Escherichia coli
0.9991898,0.00081020204,-1,YHFT_ECOLI,2.0,Escherichia coli
0.99912244,0.0008775569,-1,YNFM_ECOLI,2.0,Escherichia coli
0.9990336,0.000966461,-1,YHFW_ECOLI,2.0,Escherichia coli
0.0036472687,0.9963527,-1,YHCG_ECOLI,2.0,Escherichia coli
0.9994649,0.0005351212,-1,YHFS_ECOLI,2.0,Escherichia coli
0.9993963,0.00060366566,-1,YRAQ_ECOLI,2.0,Escherichia coli
0.99771345,0.0022865522,-1,YHDW_ECOLI,2.0,Escherichia coli
0.9975804,0.0024196014,-1,YHET_ECOLI,2.0,Escherichia coli
0.9990601,0.00093993766,-1,YGJR_ECOLI,2.0,Escherichia coli
0.99967873,0.00032134008,-1,YRBG_ECOLI,2.0,Escherichia coli
0.99793136,0.0020686435,-1,GSPC_ECOLI,2.0,Escherichia coli
0.99943024,0.00056973,-1,YCAK_ECOLI,2.0,Escherichia coli
0.99979407,0.00020600998,-1,YGJV_ECOLI,2.0,Escherichia coli
0.99363506,0.0063648885,-1,YRDD_ECOLI,2.0,Escherichia coli
0.9996854,0.0003145678,-1,YBCI_ECOLI,2.0,Escherichia coli
0.9935308,0.006469265,-1,AGAA_ECOLI,2.0,Escherichia coli
0.9995782,0.00042184466,-1,FLGN_ECOLI,2.0,Escherichia coli
0.9987999,0.0012000198,-1,YQJF_ECOLI,2.0,Escherichia coli
0.9992092,0.0007908033,-1,YGAH_ECOLI,2.0,Escherichia coli
0.0048991633,0.9951009,-1,YHBQ_ECOLI,2.0,Escherichia coli
0.99944466,0.00055536116,-1,YBJC_ECOLI,2.0,Escherichia coli
0.99982005,0.00017993928,-1,YHDT_ECOLI,2.0,Escherichia coli
0.99942374,0.00057624554,-1,YHDP_ECOLI,2.0,Escherichia coli
0.9996705,0.0003295081,-1,YGCE_ECOLI,2.0,Escherichia coli
0.99896395,0.0010360013,-1,YCCM_ECOLI,2.0,Escherichia coli
0.99873847,0.0012615601,-1,YHHX_ECOLI,2.0,Escherichia coli
0.9985935,0.0014064346,-1,YGGR_ECOLI,2.0,Escherichia coli
0.9991372,0.0008628129,-1,YBHD_ECOLI,2.0,Escherichia coli
0.99858165,0.0014184038,-1,YEDI_ECOLI,2.0,Escherichia coli
0.9994925,0.0005074569,-1,YGFI_ECOLI,2.0,Escherichia coli
0.99831414,0.0016859054,-1,YGCG_ECOLI,2.0,Escherichia coli
0.9994049,0.000595143,-1,YFJP_ECOLI,2.0,Escherichia coli
0.9995327,0.00046729954,-1,DLHH_ECOLI,2.0,Escherichia coli
0.99904996,0.00095003867,-1,YGBI_ECOLI,2.0,Escherichia coli
0.9995677,0.00043226065,-1,YGFF_ECOLI,2.0,Escherichia coli
0.999624,0.00037593427,-1,YFJR_ECOLI,2.0,Escherichia coli
0.9995092,0.00049078674,-1,YECM_ECOLI,2.0,Escherichia coli
0.9995739,0.00042613046,-1,YAJI_ECOLI,2.0,Escherichia coli
0.88147825,0.11852173,-1,YAIL_ECOLI,2.0,Escherichia coli
0.99946505,0.0005349309,-1,YGAP_ECOLI,2.0,Escherichia coli
0.9983386,0.0016614096,-1,X19F_ECOLI,2.0,Escherichia coli
0.99893385,0.0010661636,-1,YFJY_ECOLI,2.0,Escherichia coli
0.9962651,0.0037348755,-1,YSAA_ECOLI,2.0,Escherichia coli
0.9996667,0.0003333166,-1,CSGC_ECOLI,2.0,Escherichia coli
0.999432,0.0005679365,-1,YGBE_ECOLI,2.0,Escherichia coli
0.9461907,0.05380927,-1,YFJZ_ECOLI,2.0,Escherichia coli
0.9996081,0.0003919041,-1,AAEX_ECOLI,2.0,Escherichia coli
0.99895656,0.0010434008,-1,YBJL_ECOLI,2.0,Escherichia coli
0.999038,0.00096205354,-1,YIDE_ECOLI,2.0,Escherichia coli
0.9995541,0.00044586396,-1,YQEG_ECOLI,2.0,Escherichia coli
0.9995167,0.0004832851,-1,SOPA_ECOLI,2.0,Escherichia coli
0.9996308,0.00036915368,-1,YEIH_ECOLI,2.0,Escherichia coli
0.99949205,0.00050797564,-1,SOPB_ECOLI,2.0,Escherichia coli
0.9980463,0.00195372,-1,YPFJ_ECOLI,2.0,Escherichia coli
0.99954396,0.00045605394,-1,YPJD_ECOLI,2.0,Escherichia coli
0.9965744,0.0034256168,-1,INTM_ECOLI,2.0,Escherichia coli
0.9992467,0.00075336907,-1,YDJM_ECOLI,2.0,Escherichia coli
0.9941366,0.005863415,-1,INSB4_ECOLI,2.0,Escherichia coli
0.99960274,0.00039726897,-1,YOHJ_ECOLI,2.0,Escherichia coli
0.9997483,0.0002517483,-1,YBJM_ECOLI,2.0,Escherichia coli
0.98600847,0.013991491,-1,YEBY_ECOLI,2.0,Escherichia coli
0.99968386,0.00031615468,-1,CBPM_ECOLI,2.0,Escherichia coli
0.9952578,0.0047421763,-1,YEBV_ECOLI,2.0,Escherichia coli
0.99691546,0.0030845676,-1,YDCY_ECOLI,2.0,Escherichia coli
0.99990356,9.644375e-05,-1,RZOR_ECOLI,2.0,Escherichia coli
0.9998485,0.0001515142,-1,RZOD_ECOLI,2.0,Escherichia coli
0.9908969,0.009103141,-1,YOAG_ECOLI,2.0,Escherichia coli
0.8991537,0.10084622,-1,YMDF_ECOLI,2.0,Escherichia coli
0.9991279,0.000872043,-1,FLMA_ECOLI,2.0,Escherichia coli
0.9985374,0.0014626399,-1,YCEO_ECOLI,2.0,Escherichia coli
0.98795146,0.012048546,-1,LPID_ECOLI,2.0,Escherichia coli
0.01984263,0.9801573,-1,LPHI_ECOLI,2.0,Escherichia coli
0.9991295,0.00087056693,-1,YGEY_ECOLI,2.0,Escherichia coli
0.99922144,0.00077851396,-1,YHAJ_ECOLI,2.0,Escherichia coli
0.99981576,0.00018428714,-1,YGHR_ECOLI,2.0,Escherichia coli
0.9963988,0.0036012002,-1,YGDQ_ECOLI,2.0,Escherichia coli
0.99929726,0.00070269586,-1,YNFC_ECOLI,2.0,Escherichia coli
0.9993525,0.0006474337,-1,YQFA_ECOLI,2.0,Escherichia coli
0.998754,0.0012459303,-1,YHGN_ECOLI,2.0,Escherichia coli
0.99638295,0.0036170427,-1,YGGT_ECOLI,2.0,Escherichia coli
0.9986106,0.0013892996,-1,YFIR_ECOLI,2.0,Escherichia coli
0.99752885,0.0024711525,-1,YFGH_ECOLI,2.0,Escherichia coli
0.9994067,0.00059328025,-1,YQHA_ECOLI,2.0,Escherichia coli
0.999696,0.0003040003,-1,YOBD_ECOLI,2.0,Escherichia coli
0.9996488,0.00035118658,-1,YQJE_ECOLI,2.0,Escherichia coli
0.9997125,0.00028743723,-1,YECN_ECOLI,2.0,Escherichia coli
0.9996301,0.00036992997,-1,YHAH_ECOLI,2.0,Escherichia coli
0.9996443,0.00035569098,-1,YHAI_ECOLI,2.0,Escherichia coli
0.9980635,0.0019364541,-1,RCNR_ECOLI,2.0,Escherichia coli
0.9924136,0.007586419,-1,YHCN_ECOLI,2.0,Escherichia coli
0.99927956,0.00072046166,-1,YQHH_ECOLI,2.0,Escherichia coli
0.9967758,0.0032242031,-1,YODD_ECOLI,2.0,Escherichia coli
0.99965334,0.00034660302,-1,YGDI_ECOLI,2.0,Escherichia coli
0.99965775,0.0003422951,-1,YGDR_ECOLI,2.0,Escherichia coli
0.9988294,0.0011705226,-1,YFGG_ECOLI,2.0,Escherichia coli
0.99911004,0.00088992267,-1,YOBF_ECOLI,2.0,Escherichia coli
0.98965937,0.010340662,-1,YQGB_ECOLI,2.0,Escherichia coli
0.99944466,0.0005552674,-1,WCAM_ECOLI,2.0,Escherichia coli
0.9972,0.0028000365,-1,FIXC_ECOLI,2.0,Escherichia coli
0.99912554,0.00087443605,-1,WCAK_ECOLI,2.0,Escherichia coli
0.9989754,0.0010246144,-1,YFEO_ECOLI,2.0,Escherichia coli
0.9980083,0.0019917097,-1,WCAL_ECOLI,2.0,Escherichia coli
0.9993918,0.0006081881,-1,WCAC_ECOLI,2.0,Escherichia coli
0.99825376,0.0017461916,-1,WCAD_ECOLI,2.0,Escherichia coli
0.9042942,0.0957058,-1,YBFL_ECOLI,2.0,Escherichia coli
0.9996896,0.0003104104,-1,ABRB_ECOLI,2.0,Escherichia coli
0.9991856,0.000814416,-1,YKFA_ECOLI,2.0,Escherichia coli
0.9984458,0.0015542007,-1,CUTC_ECOLI,2.0,Escherichia coli
0.9997009,0.0002991637,-1,WCAE_ECOLI,2.0,Escherichia coli
0.99962413,0.000375835,-1,YAIX_ECOLI,2.0,Escherichia coli
0.99971396,0.0002859729,-1,YAHN_ECOLI,2.0,Escherichia coli
0.9997516,0.00024831196,-1,RZPD_ECOLI,2.0,Escherichia coli
0.9994362,0.00056373444,-1,PTMA_ECOLI,2.0,Escherichia coli
0.70474464,0.29525533,-1,INSO1_ECOLI,2.0,Escherichia coli
0.9981804,0.0018196861,-1,INSN1_ECOLI,2.0,Escherichia coli
0.9989592,0.0010408578,-1,AFUB_ECOLI,2.0,Escherichia coli
0.995426,0.004573986,-1,CHIQ_ECOLI,2.0,Escherichia coli
0.9982645,0.001735478,-1,YBCO_ECOLI,2.0,Escherichia coli
0.9994312,0.00056884077,-1,FIXX_ECOLI,2.0,Escherichia coli
0.9947017,0.005298234,-1,YDDM_ECOLI,2.0,Escherichia coli
0.9970567,0.0029433449,-1,YAHO_ECOLI,2.0,Escherichia coli
0.9969074,0.003092566,-1,YJBJ_ECOLI,2.0,Escherichia coli
0.9995604,0.00043952517,-1,YBGQ_ECOLI,2.0,Escherichia coli
0.9993278,0.00067228463,-1,GRE2_ECOLI,2.0,Escherichia coli
0.9980908,0.001909209,-1,YBHJ_ECOLI,2.0,Escherichia coli
0.99905246,0.0009475292,-1,YCCS_ECOLI,2.0,Escherichia coli
0.9994429,0.0005571104,-1,GFCD_ECOLI,2.0,Escherichia coli
0.9947094,0.0052906508,-1,LONH_ECOLI,2.0,Escherichia coli
0.9989151,0.0010849637,-1,YBJD_ECOLI,2.0,Escherichia coli
0.9930616,0.0069383685,-1,YBHI_ECOLI,2.0,Escherichia coli
0.9949674,0.0050326195,-1,YBJT_ECOLI,2.0,Escherichia coli
0.99960965,0.0003903837,-1,YCAM_ECOLI,2.0,Escherichia coli
0.9950937,0.0049062674,-1,YCAQ_ECOLI,2.0,Escherichia coli
0.9995734,0.00042663858,-1,YBJJ_ECOLI,2.0,Escherichia coli
0.99867994,0.0013200471,-1,YBIR_ECOLI,2.0,Escherichia coli
0.26040658,0.7395934,-1,YCBX_ECOLI,2.0,Escherichia coli
0.9995426,0.00045739638,-1,YBGO_ECOLI,2.0,Escherichia coli
0.99815565,0.0018443414,-1,YBHN_ECOLI,2.0,Escherichia coli
0.9936412,0.0063588754,-1,GNGF_ECOLI,2.0,Escherichia coli
0.9992155,0.00078444014,-1,YCAN_ECOLI,2.0,Escherichia coli
0.998422,0.001577978,-1,GFCC_ECOLI,2.0,Escherichia coli
0.9997248,0.00027519278,-1,YBGP_ECOLI,2.0,Escherichia coli
0.99963176,0.0003682769,-1,ELFD_ECOLI,2.0,Escherichia coli
0.9899009,0.010099126,-1,YBIX_ECOLI,2.0,Escherichia coli
0.9989982,0.0010017452,-1,GFCB_ECOLI,2.0,Escherichia coli
0.99985933,0.00014068952,-1,YCBU_ECOLI,2.0,Escherichia coli
0.9997081,0.00029183042,-1,YCBV_ECOLI,2.0,Escherichia coli
0.99922836,0.00077163184,-1,PDEG_ECOLI,2.0,Escherichia coli
0.9995993,0.00040071554,-1,YCJN_ECOLI,2.0,Escherichia coli
0.992376,0.00762397,-1,INTR_ECOLI,2.0,Escherichia coli
0.9991141,0.000885951,-1,FLGE_ECOLI,2.0,Escherichia coli
0.9991844,0.00081555295,-1,YCFT_ECOLI,2.0,Escherichia coli
0.99882287,0.0011771534,-1,YCEM_ECOLI,2.0,Escherichia coli
0.99969554,0.00030443387,-1,YCJY_ECOLI,2.0,Escherichia coli
0.9735405,0.02645951,-1,JAYE_ECOLI,2.0,Escherichia coli
0.99911827,0.00088174525,-1,YCFZ_ECOLI,2.0,Escherichia coli
0.99900717,0.0009928411,-1,YCIT_ECOLI,2.0,Escherichia coli
0.99944586,0.0005541381,-1,FLGD_ECOLI,2.0,Escherichia coli
0.99202174,0.007978305,-1,FLGA_ECOLI,2.0,Escherichia coli
0.95626956,0.043730415,-1,SMRA_ECOLI,2.0,Escherichia coli
0.9993585,0.0006414723,-1,YCDZ_ECOLI,2.0,Escherichia coli
0.9996294,0.0003705759,-1,RACR_ECOLI,2.0,Escherichia coli
0.9998599,0.00014007403,-1,YMFA_ECOLI,2.0,Escherichia coli
0.9987577,0.0012422778,-1,YCGI_ECOLI,2.0,Escherichia coli
0.9996942,0.00030583728,-1,YMDA_ECOLI,2.0,Escherichia coli
0.9978618,0.0021382642,-1,YMFH_ECOLI,2.0,Escherichia coli
0.9933401,0.0066599157,-1,GFCA_ECOLI,2.0,Escherichia coli
0.95281607,0.047183946,-1,YMGA_ECOLI,2.0,Escherichia coli
0.99366117,0.0063387533,-1,YMGE_ECOLI,2.0,Escherichia coli
0.9993924,0.00060758065,-1,VXIS_ECOLI,2.0,Escherichia coli
0.999255,0.0007449754,-1,YCGZ_ECOLI,2.0,Escherichia coli
0.99777454,0.002225476,-1,YDAQ_ECOLI,2.0,Escherichia coli
0.99959725,0.00040282228,-1,STFR_ECOLI,2.0,Escherichia coli
0.99891305,0.0010869857,-1,YNBC_ECOLI,2.0,Escherichia coli
0.99926096,0.00073906814,-1,YNBD_ECOLI,2.0,Escherichia coli
0.9986218,0.0013782398,-1,YDCO_ECOLI,2.0,Escherichia coli
0.9995266,0.00047338617,-1,YDEM_ECOLI,2.0,Escherichia coli
0.9993331,0.0006669381,-1,YDET_ECOLI,2.0,Escherichia coli
0.99390197,0.0060980306,-1,YNCE_ECOLI,2.0,Escherichia coli
0.9678005,0.03219956,-1,INSH5_ECOLI,2.0,Escherichia coli
0.9995291,0.00047089375,-1,YDCK_ECOLI,2.0,Escherichia coli
0.99934894,0.0006510492,-1,YNEE_ECOLI,2.0,Escherichia coli
0.9991142,0.0008858049,-1,YNBB_ECOLI,2.0,Escherichia coli
0.99883455,0.0011654289,-1,YDHJ_ECOLI,2.0,Escherichia coli
0.99893767,0.001062312,-1,YDGD_ECOLI,2.0,Escherichia coli
0.9970661,0.0029339755,-1,REQ2_ECOLI,2.0,Escherichia coli
0.988155,0.01184493,-1,YNCI_ECOLI,2.0,Escherichia coli
0.9993217,0.0006783447,-1,YNCG_ECOLI,2.0,Escherichia coli
0.99975973,0.00024025542,-1,YNBA_ECOLI,2.0,Escherichia coli
0.9994868,0.0005131478,-1,YDCZ_ECOLI,2.0,Escherichia coli
0.99957377,0.0004262312,-1,YDGK_ECOLI,2.0,Escherichia coli
0.999059,0.00094101205,-1,YNFB_ECOLI,2.0,Escherichia coli
0.99954623,0.00045377665,-1,YNFA_ECOLI,2.0,Escherichia coli
0.9985933,0.0014067676,-1,YNFD_ECOLI,2.0,Escherichia coli
0.9973043,0.0026956801,-1,BDM_ECOLI,2.0,Escherichia coli
0.99562067,0.0043793083,-1,YNEL_ECOLI,2.0,Escherichia coli
0.5137119,0.48628807,-1,YDFW_ECOLI,2.0,Escherichia coli
0.99924684,0.0007531623,-1,YDHK_ECOLI,2.0,Escherichia coli
0.9777738,0.022226157,-1,YEGH_ECOLI,2.0,Escherichia coli
0.99874,0.0012600243,-1,YEER_ECOLI,2.0,Escherichia coli
0.99919945,0.0008005969,-1,YDJK_ECOLI,2.0,Escherichia coli
0.9990429,0.00095703494,-1,YEBQ_ECOLI,2.0,Escherichia coli
0.9997961,0.000203929,-1,YDIN_ECOLI,2.0,Escherichia coli
0.9995196,0.00048044813,-1,YDIM_ECOLI,2.0,Escherichia coli
0.9998172,0.00018282242,-1,YNJB_ECOLI,2.0,Escherichia coli
0.99965143,0.0003485112,-1,YNJI_ECOLI,2.0,Escherichia coli
0.9992244,0.00077556283,-1,YEEY_ECOLI,2.0,Escherichia coli
0.99981624,0.00018375374,-1,YEBZ_ECOLI,2.0,Escherichia coli
0.99639004,0.0036099348,-1,YEAE_ECOLI,2.0,Escherichia coli
0.9978598,0.0021402186,-1,YDIQ_ECOLI,2.0,Escherichia coli
0.9993905,0.0006095051,-1,YDJX_ECOLI,2.0,Escherichia coli
0.99929774,0.0007022538,-1,YEEP_ECOLI,2.0,Escherichia coli
0.99957865,0.00042128985,-1,YDJZ_ECOLI,2.0,Escherichia coli
0.83342755,0.16657251,-1,YDJY_ECOLI,2.0,Escherichia coli
0.9996431,0.0003569383,-1,YNJF_ECOLI,2.0,Escherichia coli
0.99984133,0.00015865573,-1,VES_ECOLI,2.0,Escherichia coli
0.9987919,0.0012081999,-1,YEDS_ECOLI,2.0,Escherichia coli
0.9994868,0.0005131752,-1,YEDL_ECOLI,2.0,Escherichia coli
0.99762255,0.0023774712,-1,YEES_ECOLI,2.0,Escherichia coli
0.99985266,0.00014734,-1,FLHE_ECOLI,2.0,Escherichia coli
0.99767226,0.002327787,-1,YOEA_ECOLI,2.0,Escherichia coli
0.9898818,0.0101182265,-1,INTG_ECOLI,2.0,Escherichia coli
0.9991683,0.00083177985,-1,A2MGH_ECOLI,2.0,Escherichia coli
0.9994615,0.00053848576,-1,YGAQ_ECOLI,2.0,Escherichia coli
0.9993623,0.0006377572,-1,YGEH_ECOLI,2.0,Escherichia coli
0.99900085,0.0009991155,-1,ATOE_ECOLI,2.0,Escherichia coli
0.9985312,0.001468714,-1,RHMT_ECOLI,2.0,Escherichia coli
0.99940026,0.0005997985,-1,YEGT_ECOLI,2.0,Escherichia coli
0.99946576,0.0005341954,-1,YGAY_ECOLI,2.0,Escherichia coli
0.9993006,0.00069935713,-1,YQII_ECOLI,2.0,Escherichia coli
0.9994629,0.0005370982,-1,YFBL_ECOLI,2.0,Escherichia coli
0.99936956,0.00063046004,-1,YPHB_ECOLI,2.0,Escherichia coli
0.9961224,0.0038776007,-1,YEGX_ECOLI,2.0,Escherichia coli
0.9994692,0.0005307526,-1,YGCW_ECOLI,2.0,Escherichia coli
0.99961096,0.00038908445,-1,YGAZ_ECOLI,2.0,Escherichia coli
0.99941397,0.00058607233,-1,YPFH_ECOLI,2.0,Escherichia coli
0.9956215,0.0043785023,-1,YFDX_ECOLI,2.0,Escherichia coli
0.9991698,0.0008302306,-1,YFAZ_ECOLI,2.0,Escherichia coli
0.9987116,0.0012884383,-1,YFGI_ECOLI,2.0,Escherichia coli
0.99721587,0.0027840578,-1,YFDR_ECOLI,2.0,Escherichia coli
0.99874485,0.0012551785,-1,YFBM_ECOLI,2.0,Escherichia coli
0.9985145,0.0014855214,-1,YFEZ_ECOLI,2.0,Escherichia coli
0.999511,0.00048899546,-1,YPEA_ECOLI,2.0,Escherichia coli
0.99190825,0.008091678,-1,YFGD_ECOLI,2.0,Escherichia coli
0.9937245,0.006275482,-1,YEGP_ECOLI,2.0,Escherichia coli
0.9905344,0.009465605,-1,YFDM_ECOLI,2.0,Escherichia coli
0.9989353,0.0010647163,-1,PINH_ECOLI,2.0,Escherichia coli
0.9998254,0.00017465105,-1,YAIT_ECOLI,2.0,Escherichia coli
0.99859506,0.0014049065,-1,YAHF_ECOLI,2.0,Escherichia coli
0.9977881,0.0022118841,-1,YDFI_ECOLI,2.0,Escherichia coli
0.9862001,0.013799921,-1,DJLC_ECOLI,2.0,Escherichia coli
0.9994836,0.0005163818,-1,YBBY_ECOLI,2.0,Escherichia coli
0.9984421,0.0015578595,-1,YDIS_ECOLI,2.0,Escherichia coli
0.99981076,0.00018926736,-1,YQCE_ECOLI,2.0,Escherichia coli
0.9993623,0.0006377366,-1,YBDR_ECOLI,2.0,Escherichia coli
0.9992512,0.0007488047,-1,YDJJ_ECOLI,2.0,Escherichia coli
0.9998198,0.00018016623,-1,YBEQ_ECOLI,2.0,Escherichia coli
0.99923,0.00077003305,-1,YNEJ_ECOLI,2.0,Escherichia coli
0.9991911,0.0008089269,-1,EUTJ_ECOLI,2.0,Escherichia coli
0.99786276,0.002137286,-1,YAGJ_ECOLI,2.0,Escherichia coli
0.99939656,0.0006034198,-1,YKGE_ECOLI,2.0,Escherichia coli
0.999458,0.00054198323,-1,ECPE_ECOLI,2.0,Escherichia coli
0.99976236,0.00023766,-1,ECPB_ECOLI,2.0,Escherichia coli
0.998727,0.0012729762,-1,YQIJ_ECOLI,2.0,Escherichia coli
0.9992144,0.0007856027,-1,PAAY_ECOLI,2.0,Escherichia coli
0.9998547,0.00014526588,-1,YDER_ECOLI,2.0,Escherichia coli
0.99645704,0.003542882,-1,YAFU_ECOLI,2.0,Escherichia coli
0.9992519,0.00074807357,-1,YGAV_ECOLI,2.0,Escherichia coli
0.9956026,0.0043974486,-1,BORD_ECOLI,2.0,Escherichia coli
0.99912935,0.00087067805,-1,ESSQ_ECOLI,2.0,Escherichia coli
0.9933389,0.0066611404,-1,TFAX_ECOLI,2.0,Escherichia coli
0.9980459,0.0019540258,-1,HOKE_ECOLI,2.0,Escherichia coli
0.9988354,0.0011646105,-1,YBBP_ECOLI,2.0,Escherichia coli
0.9915038,0.008496228,-1,PRPE_ECOLI,2.0,Escherichia coli
0.9437945,0.056205478,-1,YKGF_ECOLI,2.0,Escherichia coli
0.997663,0.0023370176,-1,YAHJ_ECOLI,2.0,Escherichia coli
0.9993767,0.0006233536,-1,YDHQ_ECOLI,2.0,Escherichia coli
0.9989613,0.0010386518,-1,YDHP_ECOLI,2.0,Escherichia coli
0.9955787,0.0044212253,-1,YAIW_ECOLI,2.0,Escherichia coli
0.9995024,0.0004975452,-1,YDJL_ECOLI,2.0,Escherichia coli
0.9990941,0.0009058802,-1,YPHC_ECOLI,2.0,Escherichia coli
0.99919945,0.0008005439,-1,YDGJ_ECOLI,2.0,Escherichia coli
0.9998228,0.00017728527,-1,STFQ_ECOLI,2.0,Escherichia coli
0.9998903,0.000109661145,-1,YDJH_ECOLI,2.0,Escherichia coli
0.9979488,0.0020512054,-1,YDIR_ECOLI,2.0,Escherichia coli
0.9998325,0.00016740401,-1,YDIP_ECOLI,2.0,Escherichia coli
0.9989712,0.0010287493,-1,YNFL_ECOLI,2.0,Escherichia coli
0.9998313,0.00016859935,-1,YPDC_ECOLI,2.0,Escherichia coli
0.99982375,0.0001763203,-1,YFHR_ECOLI,2.0,Escherichia coli
0.9997545,0.0002454743,-1,WCAA_ECOLI,2.0,Escherichia coli
0.998602,0.0013979943,-1,MHPR_ECOLI,2.0,Escherichia coli
0.9994506,0.0005494146,-1,YDHU_ECOLI,2.0,Escherichia coli
0.9947126,0.005287387,-1,YKGG_ECOLI,2.0,Escherichia coli
0.9997329,0.00026711842,-1,HYFH_ECOLI,2.0,Escherichia coli
0.99982065,0.00017941571,-1,RZPR_ECOLI,2.0,Escherichia coli
0.9956357,0.0043643564,-1,YDDL_ECOLI,2.0,Escherichia coli
0.9915917,0.008408237,-1,PEAD_ECOLI,2.0,Escherichia coli
0.9994941,0.0005058938,-1,ECPD_ECOLI,2.0,Escherichia coli
0.99878925,0.0012107309,-1,YAGH_ECOLI,2.0,Escherichia coli
0.9982468,0.0017532728,-1,YBCK_ECOLI,2.0,Escherichia coli
0.99925727,0.0007427255,-1,ANSP_ECOLI,2.0,Escherichia coli
0.99935335,0.00064667274,-1,YBFO_ECOLI,2.0,Escherichia coli
0.9944676,0.0055323355,-1,YDCR_ECOLI,2.0,Escherichia coli
0.99862254,0.0013774637,-1,YAJR_ECOLI,2.0,Escherichia coli
0.9998692,0.00013070609,-1,YCJW_ECOLI,2.0,Escherichia coli
0.9970176,0.0029823568,-1,ARCM_ECOLI,2.0,Escherichia coli
0.9994574,0.0005425295,-1,YAHB_ECOLI,2.0,Escherichia coli
0.9996625,0.00033747667,-1,YDEQ_ECOLI,2.0,Escherichia coli
0.9996561,0.00034390076,-1,YBDO_ECOLI,2.0,Escherichia coli
0.9996698,0.00033023112,-1,KT3K_ECOLI,2.0,Escherichia coli
0.99920255,0.0007974854,-1,YDJI_ECOLI,2.0,Escherichia coli
0.99917537,0.0008246212,-1,YBCM_ECOLI,2.0,Escherichia coli
0.9997167,0.0002832645,-1,RHMR_ECOLI,2.0,Escherichia coli
0.99943155,0.00056846836,-1,HYFI_ECOLI,2.0,Escherichia coli
0.9995666,0.00043334076,-1,YDJF_ECOLI,2.0,Escherichia coli
0.9998099,0.0001901004,-1,YQIH_ECOLI,2.0,Escherichia coli
0.999363,0.0006370504,-1,YKGA_ECOLI,2.0,Escherichia coli
0.99967146,0.00032851537,-1,YBAY_ECOLI,2.0,Escherichia coli
0.9994679,0.00053205027,-1,TFAD_ECOLI,2.0,Escherichia coli
0.996323,0.0036769714,-1,FLXA_ECOLI,2.0,Escherichia coli
0.9995598,0.00044019485,-1,YDIT_ECOLI,2.0,Escherichia coli
0.9976864,0.0023136113,-1,GNSB_ECOLI,2.0,Escherichia coli
0.99890363,0.0010963316,-1,TNPA_ECOLI,2.0,Escherichia coli
0.99947256,0.0005274487,-1,ECPC_ECOLI,2.0,Escherichia coli
0.21798518,0.7820148,-1,PIFA_ECOLI,2.0,Escherichia coli
0.98522216,0.014777867,-1,Q2A0L0_ECOLI,2.0,Escherichia coli
0.9860282,0.013971843,-1,Q2A0K9_ECOLI,2.0,Escherichia coli
0.99913186,0.0008681853,-1,SSNA_ECOLI,2.0,Escherichia coli
0.8866692,0.11333077,-1,CINAL_ECOLI,2.0,Escherichia coli
0.99845064,0.0015492921,-1,Q0PWM5_ECOW3,2.0,Escherichia coli
0.99891067,0.0010893939,-1,ARCL_ECOLI,2.0,Escherichia coli
0.9998363,0.00016359334,-1,YGEQ_ECOLI,2.0,Escherichia coli
0.6852685,0.31473148,-1,Q1PI72_ECOLI,2.0,Escherichia coli
0.9997515,0.00024846738,-1,YDES_ECOLI,2.0,Escherichia coli
0.99763584,0.002364191,-1,Q1PI83_ECOLI,2.0,Escherichia coli
0.99874926,0.0012507801,-1,YGFS_ECOLI,2.0,Escherichia coli
0.9988433,0.0011566629,-1,PBL_ECOLI,2.0,Escherichia coli
0.99794453,0.0020554888,-1,YGEK_ECOLI,2.0,Escherichia coli
0.94604325,0.05395679,-1,YGEO_ECOLI,2.0,Escherichia coli
0.9990546,0.0009454372,-1,SIRB2_ECOLI,2.0,Escherichia coli
0.99973506,0.0002648841,-1,TRBE_ECOLI,2.0,Escherichia coli
0.99970657,0.0002934481,-1,YPFN_ECOLI,2.0,Escherichia coli
0.98823255,0.011767468,-1,YTJA_ECOLI,2.0,Escherichia coli
0.9962108,0.003789153,-1,RL362_ECOLI,2.0,Escherichia coli
0.99894243,0.0010576185,-1,YPDJ_ECOLI,2.0,Escherichia coli
0.998718,0.001282035,-1,YNID_ECOLI,2.0,Escherichia coli
0.99978656,0.00021347539,-1,YOHO_ECOLI,2.0,Escherichia coli
0.7741838,0.22581618,-1,YGIQ_ECOLI,2.0,Escherichia coli
0.9985399,0.0014601406,-1,LFHA_ECOLI,2.0,Escherichia coli
0.99845386,0.0015461155,-1,YGBN_ECOLI,2.0,Escherichia coli
0.99810314,0.0018968243,-1,YGCS_ECOLI,2.0,Escherichia coli
0.9983151,0.0016849139,-1,YGCN_ECOLI,2.0,Escherichia coli
0.9986298,0.0013702741,-1,YGHO_ECOLI,2.0,Escherichia coli
0.99750453,0.0024954707,-1,OTNK_ECOLI,2.0,Escherichia coli
0.9995241,0.0004759158,-1,YGHQ_ECOLI,2.0,Escherichia coli
0.9966672,0.0033328182,-1,YGHF_ECOLI,2.0,Escherichia coli
0.99950254,0.00049743557,-1,YQHC_ECOLI,2.0,Escherichia coli
0.9987954,0.0012045532,-1,LTND_ECOLI,2.0,Escherichia coli
0.4535775,0.54642254,-1,YGHE_ECOLI,2.0,Escherichia coli
0.9986155,0.0013844696,-1,YGCQ_ECOLI,2.0,Escherichia coli
0.9984666,0.0015333712,-1,YQEI_ECOLI,2.0,Escherichia coli
0.99952257,0.0004774771,-1,YAFJ_ECOLI,2.0,Escherichia coli
0.9967913,0.0032087076,-1,YAFL_ECOLI,2.0,Escherichia coli
0.99938273,0.0006172536,-1,YGHT_ECOLI,2.0,Escherichia coli
0.99740344,0.0025965094,-1,LAFU_ECOLI,2.0,Escherichia coli
0.9986443,0.001355698,-1,YGHD_ECOLI,2.0,Escherichia coli
0.9994974,0.000502621,-1,YGIV_ECOLI,2.0,Escherichia coli
0.00648961,0.9935104,-1,YBCN_ECOLI,2.0,Escherichia coli
0.9991653,0.0008346976,-1,YAFP_ECOLI,2.0,Escherichia coli
0.9998672,0.0001328371,-1,YGHG_ECOLI,2.0,Escherichia coli
0.9996804,0.0003196013,-1,YGIZ_ECOLI,2.0,Escherichia coli
0.9997323,0.00026770864,-1,YGCO_ECOLI,2.0,Escherichia coli
0.99942064,0.00057940773,-1,YUAO_ECOLI,2.0,Escherichia coli
0.9994455,0.00055450003,-1,YUBM_ECOLI,2.0,Escherichia coli
0.9985085,0.001491454,-1,A0A0G3HHZ6_ECOLI,1.0,Escherichia coli
0.9985423,0.0014576786,-1,A0A0G3HVX2_ECOLI,1.0,Escherichia coli
0.9997967,0.00020338259,-1,YAIP_ECOLI,2.0,Escherichia coli
0.98679835,0.013201609,-1,YKFC_ECOLI,2.0,Escherichia coli
0.999091,0.00090899016,-1,YUAB_ECOLI,2.0,Escherichia coli
0.5204832,0.4795168,-1,REPB_ECOLI,2.0,Escherichia coli
0.999634,0.00036598233,-1,A0A0A6YVN8_ECOLI,1.0,Escherichia coli
0.9952964,0.004703602,-1,INSF7_ECOLI,2.0,Escherichia coli
0.99984276,0.00015723915,-1,A0A0G3I6S6_ECOLI,1.0,Escherichia coli
0.9994771,0.0005229065,-1,YAIO_ECOLI,2.0,Escherichia coli
0.99894243,0.0010576099,-1,YAFV_ECOLI,2.0,Escherichia coli
0.9994954,0.00050455617,-1,A0A0G3HLV0_ECOLI,1.0,Escherichia coli
0.9973851,0.0026148988,-1,YUBD_ECOLI,2.0,Escherichia coli
0.99957126,0.0004287153,-1,A0A0G3HK66_ECOLI,1.0,Escherichia coli
0.92692006,0.07307999,-1,INSO2_ECOLI,2.0,Escherichia coli
0.9998628,0.00013720803,-1,A0A0G3HZV6_ECOLI,1.0,Escherichia coli
0.9981547,0.001845288,-1,YKFG_ECOLI,2.0,Escherichia coli
0.9991339,0.0008660891,-1,REQ1_ECOLI,2.0,Escherichia coli
0.9966878,0.00331218,-1,YKGN_ECOLI,2.0,Escherichia coli
0.5392428,0.4607572,-1,YAFW_ECOLI,2.0,Escherichia coli
0.99998164,1.8333641e-05,-1,LDRD_ECOLI,2.0,Escherichia coli
0.99996006,3.988734e-05,-1,LDRB_ECOLI,2.0,Escherichia coli
0.9974986,0.0025014733,-1,IROK_ECOLI,2.0,Escherichia coli
0.999701,0.0002990365,-1,A0A223DQR8_ECOLI,1.0,Escherichia coli
0.99493307,0.005066963,-1,A0A223DQQ9_ECOLI,1.0,Escherichia coli
0.9984749,0.0015250834,-1,A0A223DQS0_ECOLI,1.0,Escherichia coli
0.9995191,0.00048093614,-1,A0A223DQQ7_ECOLI,1.0,Escherichia coli
0.9992828,0.00071727275,-1,A0A1Z1W292_ECOW3,1.0,Escherichia coli
0.99957055,0.00042947306,-1,A0A223DQR9_ECOLI,1.0,Escherichia coli
0.99882406,0.0011759168,-1,A0A223DQR0_ECOLI,1.0,Escherichia coli
0.99740773,0.0025922402,-1,A0A223DQS1_ECOLI,1.0,Escherichia coli
0.9994543,0.0005456356,-1,A0A223DQS5_ECOLI,1.0,Escherichia coli
0.99979323,0.00020681432,-1,A0A223DQR3_ECOLI,1.0,Escherichia coli
0.9992563,0.0007437057,-1,A0A223DQS8_ECOLI,1.0,Escherichia coli
0.99349993,0.0065000188,-1,A0A0N9YI43_ECOLI,1.0,Escherichia coli
0.99367297,0.006327009,-1,A0A0S2ZYI3_ECOLI,1.0,Escherichia coli
0.99457693,0.005423019,-1,A0A0S2ZZ78_ECOLI,1.0,Escherichia coli
0.99965656,0.00034345125,-1,A0A223DQS7_ECOLI,1.0,Escherichia coli
0.998139,0.001860969,-1,A0A0T7C0U2_ECOLI,1.0,Escherichia coli
0.99902475,0.0009752748,-1,A0A1Y0KLF2_ECOW3,1.0,Escherichia coli
0.1727501,0.8272498,-1,A0A223DQS2_ECOLI,1.0,Escherichia coli
0.8518139,0.14818612,-1,A0A223DQQ4_ECOLI,1.0,Escherichia coli
0.9985759,0.0014240274,-1,A0A223DQR1_ECOLI,1.0,Escherichia coli
0.99952984,0.0004702187,-1,A0A223DQR7_ECOLI,1.0,Escherichia coli
0.07470809,0.92529196,-1,A0A223DQS4_ECOLI,1.0,Escherichia coli
0.9988103,0.001189765,-1,A0A223DQQ5_ECOLI,1.0,Escherichia coli
0.99960774,0.00039226425,-1,A0A0S1EZS3_ECOLI,1.0,Escherichia coli
0.99878556,0.0012144987,-1,A0A223DQS3_ECOLI,1.0,Escherichia coli
0.9160322,0.083967745,-1,A0A223DQV2_ECOLI,1.0,Escherichia coli
0.9997608,0.00023925077,-1,A0A223DQT2_ECOLI,1.0,Escherichia coli
0.9946262,0.0053737685,-1,A0A223DQV4_ECOLI,1.0,Escherichia coli
0.9998159,0.00018411466,-1,A0A223DQU7_ECOLI,1.0,Escherichia coli
0.9997608,0.00023915066,-1,A0A223DQS9_ECOLI,1.0,Escherichia coli
0.05991076,0.9400892,-1,A0A223DQU2_ECOLI,1.0,Escherichia coli
0.9940567,0.005943238,-1,A0A223DQT0_ECOLI,1.0,Escherichia coli
0.99956745,0.00043249165,-1,A0A223DQT4_ECOLI,1.0,Escherichia coli
0.99925727,0.0007427177,-1,A0A223DQU4_ECOLI,1.0,Escherichia coli
0.98835886,0.011641133,-1,A0A223DQT3_ECOLI,1.0,Escherichia coli
0.90135276,0.09864724,-1,A0A223DQT5_ECOLI,1.0,Escherichia coli
0.9981185,0.0018814999,-1,A0A223DQU1_ECOLI,1.0,Escherichia coli
0.99808645,0.001913601,-1,A0A223DQU5_ECOLI,1.0,Escherichia coli
0.9984742,0.0015258103,-1,A0A223DQT1_ECOLI,1.0,Escherichia coli
0.99983644,0.0001635623,-1,A0A223DQT8_ECOLI,1.0,Escherichia coli
0.9986059,0.0013941694,-1,A0A223DQV1_ECOLI,1.0,Escherichia coli
0.9982339,0.0017660224,-1,A0A223DQU3_ECOLI,1.0,Escherichia coli
0.9989913,0.0010087322,-1,A0A223DQT6_ECOLI,1.0,Escherichia coli
0.9977385,0.0022615576,-1,A0A223DQU0_ECOLI,1.0,Escherichia coli
0.7033523,0.2966478,-1,A0A223DQV3_ECOLI,1.0,Escherichia coli
0.9986533,0.0013466341,-1,A0A223DQV0_ECOLI,1.0,Escherichia coli
0.999395,0.0006049359,-1,A0A223DQT9_ECOLI,1.0,Escherichia coli
0.997849,0.0021510015,-1,A0A223DQU9_ECOLI,1.0,Escherichia coli
0.99273515,0.0072648274,-1,A0A223DQV5_ECOLI,1.0,Escherichia coli
0.9973117,0.0026883155,-1,A0A223DQT7_ECOLI,1.0,Escherichia coli
0.9995888,0.00041116588,-1,A0A223DQV8_ECOLI,1.0,Escherichia coli
0.76168096,0.23831904,-1,A0A223DQX9_ECOLI,1.0,Escherichia coli
0.9996333,0.00036664022,-1,A0A223DQW4_ECOLI,1.0,Escherichia coli
0.9996922,0.00030787048,-1,A0A223DQW6_ECOLI,1.0,Escherichia coli
0.9974602,0.0025399006,-1,A0A223DQV9_ECOLI,1.0,Escherichia coli
0.9989849,0.001015105,-1,A0A223DQW0_ECOLI,1.0,Escherichia coli
0.9993998,0.00060018274,-1,A0A223DQX5_ECOLI,1.0,Escherichia coli
0.9993432,0.00065680774,-1,A0A223DQX0_ECOLI,1.0,Escherichia coli
0.9974976,0.00250232,-1,A0A223DQX6_ECOLI,1.0,Escherichia coli
0.99888927,0.0011107991,-1,A0A223DQW9_ECOLI,1.0,Escherichia coli
0.99925,0.00074994366,-1,A0A223DQX8_ECOLI,1.0,Escherichia coli
0.99427277,0.0057271854,-1,A0A223DQW7_ECOLI,1.0,Escherichia coli
0.999188,0.0008119588,-1,A0A223DQW3_ECOLI,1.0,Escherichia coli
0.99832946,0.0016705913,-1,A0A223DQW8_ECOLI,1.0,Escherichia coli
0.99681336,0.0031866464,-1,A0A223DQW1_ECOLI,1.0,Escherichia coli
0.9975458,0.002454215,-1,A0A223DQV7_ECOLI,1.0,Escherichia coli
0.9920272,0.007972763,-1,A0A223DQV6_ECOLI,1.0,Escherichia coli
0.9890358,0.010964167,-1,A0A223DQX3_ECOLI,1.0,Escherichia coli
0.99862444,0.0013756062,-1,A0A223DQX1_ECOLI,1.0,Escherichia coli
0.09581523,0.9041848,-1,A0A223DQY0_ECOLI,1.0,Escherichia coli
0.99907446,0.00092553307,-1,A0A223DQW2_ECOLI,1.0,Escherichia coli
0.9950589,0.0049411384,-1,A0A223DQW5_ECOLI,1.0,Escherichia coli
0.9945604,0.005439595,-1,A0A223DQX7_ECOLI,1.0,Escherichia coli
0.8258319,0.17416811,-1,A0A223DQY1_ECOLI,1.0,Escherichia coli
0.9988397,0.0011602998,-1,A0A223DQX4_ECOLI,1.0,Escherichia coli
0.9990815,0.0009185406,-1,A0A4D6FVL5_ECOLI,1.0,Escherichia coli
0.99854726,0.0014526588,-1,A0A223DQY6_ECOLI,1.0,Escherichia coli
0.0973306,0.9026694,-1,A0A223DR00_ECOLI,1.0,Escherichia coli
0.99824905,0.0017509334,-1,A0A4D6FVK6_ECOLI,1.0,Escherichia coli
0.99634796,0.0036521053,-1,A0A223DR06_ECOLI,1.0,Escherichia coli
0.98422503,0.015774934,-1,A0A223DQY2_ECOLI,1.0,Escherichia coli
0.0016943564,0.9983057,-1,A0A223DQZ1_ECOLI,1.0,Escherichia coli
0.9988224,0.0011775981,-1,A0A223DQZ5_ECOLI,1.0,Escherichia coli
0.99747086,0.0025291306,-1,A0A223DQZ0_ECOLI,1.0,Escherichia coli
0.9995969,0.00040308115,-1,A0A223DQZ2_ECOLI,1.0,Escherichia coli
0.86962175,0.13037822,-1,A0A223DR02_ECOLI,1.0,Escherichia coli
0.1020357,0.8979643,-1,A0A223DQY4_ECOLI,1.0,Escherichia coli
0.9984256,0.0015743754,-1,A0A223DQY8_ECOLI,1.0,Escherichia coli
0.026890658,0.9731093,-1,A0A223DQY5_ECOLI,1.0,Escherichia coli
0.99914825,0.0008516986,-1,A0A223DR03_ECOLI,1.0,Escherichia coli
0.99673563,0.0032643697,-1,A0A223DQY9_ECOLI,1.0,Escherichia coli
0.009544685,0.9904553,-1,A0A3G0QC22_ECOLI,1.0,Escherichia coli
0.9990766,0.0009233622,-1,A0A223DQZ4_ECOLI,1.0,Escherichia coli
0.0396838,0.96031624,-1,A0A223DR15_ECOLI,1.0,Escherichia coli
0.99951255,0.00048742341,-1,A0A223DR37_ECOLI,1.0,Escherichia coli
0.999102,0.0008980262,-1,A0A223DR27_ECOLI,1.0,Escherichia coli
0.99420434,0.0057956423,-1,A0A223DQY3_ECOLI,1.0,Escherichia coli
0.9984188,0.0015811952,-1,A0A223DQZ7_ECOLI,1.0,Escherichia coli
0.9995989,0.0004011096,-1,YGDT_ECOLI,1.0,Escherichia coli
0.9984957,0.0015043219,-1,YPAB_ECOLI,1.0,Escherichia coli
0.98981607,0.010183953,-1,A0A8A4RV57_ECOLI,1.0,Escherichia coli
0.99624455,0.0037554405,-1,A0A8A4RVA2_ECOLI,1.0,Escherichia coli
0.99933124,0.000668745,-1,A0A6G6FTN6_ECOLI,1.0,Escherichia coli
0.01694431,0.9830557,-1,A0A8A4RV45_ECOLI,1.0,Escherichia coli
0.9976284,0.0023716176,-1,A0A8A4RV34_ECOLI,1.0,Escherichia coli
0.9997136,0.000286389,-1,A0A4D6FVN4_ECOLI,1.0,Escherichia coli
0.99966097,0.0003390761,-1,A0A4D6FYT2_ECOLI,1.0,Escherichia coli
0.99883693,0.0011630346,-1,A0A4D6FVZ7_ECOLI,1.0,Escherichia coli
0.9986167,0.0013832465,-1,A0A4D6FVT4_ECOLI,1.0,Escherichia coli
0.9988122,0.001187806,-1,A0A8A4RV92_ECOLI,1.0,Escherichia coli
0.98961836,0.010381679,-1,A0A8A4RVA7_ECOLI,1.0,Escherichia coli
0.9990809,0.0009190355,-1,A0A6G6FTV1_ECOLI,1.0,Escherichia coli
0.9829799,0.01702013,-1,A0A4D6FW43_ECOLI,1.0,Escherichia coli
0.7500172,0.24998274,-1,A0A8A4RVB5_ECOLI,1.0,Escherichia coli
0.99795425,0.0020457297,-1,A0A8A4RV67_ECOLI,1.0,Escherichia coli
0.9998216,0.00017844496,-1,A0A4D6FXC7_ECOLI,1.0,Escherichia coli
0.9993812,0.0006188299,-1,A0A8A4RV05_ECOLI,1.0,Escherichia coli
0.99930537,0.00069463043,-1,A0A8A4RV79_ECOLI,1.0,Escherichia coli
0.9976719,0.0023281334,-1,A0A7S8ZWG7_ECOW3,1.0,Escherichia coli
0.99320257,0.006797396,-1,A0A8A4RVB7_ECOLI,1.0,Escherichia coli
0.9977761,0.0022239322,-1,A0A8A4RVC5_ECOLI,1.0,Escherichia coli
0.9983039,0.0016960509,-1,A0A6D1P133_ECOW3,1.0,Escherichia coli
0.9977233,0.00227667,-1,A0A8A4RVC9_ECOLI,1.0,Escherichia coli
0.99886936,0.0011305786,-1,A0A8A4RV23_ECOLI,1.0,Escherichia coli
0.9812262,0.018773723,-1,A0A6D1P2M9_ECOW3,1.0,Escherichia coli
0.99959725,0.0004027474,-1,A0A8A4RVH1_ECOLI,1.0,Escherichia coli
0.9985033,0.0014966691,-1,A0A8A4RVH9_ECOLI,1.0,Escherichia coli
0.998468,0.0015319634,-1,A0A8A4RVN5_ECOLI,1.0,Escherichia coli
0.99914646,0.0008535262,-1,A0A8A4RVI1_ECOLI,1.0,Escherichia coli
0.9990701,0.0009299054,-1,A0A8A4RVP4_ECOLI,1.0,Escherichia coli
0.9991379,0.0008620983,-1,A0A8A4RVL2_ECOLI,1.0,Escherichia coli
0.00075900485,0.999241,-1,A0A8A4RVF6_ECOLI,1.0,Escherichia coli
0.9301833,0.06981668,-1,A0A8A4RVR5_ECOLI,1.0,Escherichia coli
0.9961792,0.0038207867,-1,A0A8A4RWV6_ECOLI,1.0,Escherichia coli
0.7410781,0.25892192,-1,A0A8A4RVD8_ECOLI,1.0,Escherichia coli
0.54327357,0.45672643,-1,A0A8A4RWU5_ECOLI,1.0,Escherichia coli
0.99946314,0.0005368369,-1,A0A8A4RVG8_ECOLI,1.0,Escherichia coli
0.9976585,0.0023415212,-1,A0A8A4RVQ5_ECOLI,1.0,Escherichia coli
0.09203651,0.90796345,-1,A0A8A4RVS5_ECOLI,1.0,Escherichia coli
0.99894875,0.0010513279,-1,A0A8A4RVE7_ECOLI,1.0,Escherichia coli
0.99889296,0.0011070416,-1,A0A8A4RVF8_ECOLI,1.0,Escherichia coli
0.99765426,0.0023457268,-1,A0A8A4RVJ2_ECOLI,1.0,Escherichia coli
0.94154453,0.0584555,-1,A0A8A4RVK1_ECOLI,1.0,Escherichia coli
0.9987207,0.0012792898,-1,A0A8A4RWV7_ECOLI,1.0,Escherichia coli
0.9941467,0.005853328,-1,A0A8A4RVM6_ECOLI,1.0,Escherichia coli
0.9994324,0.00056762027,-1,A0A8A4RVJ3_ECOLI,1.0,Escherichia coli
0.9995079,0.00049203506,-1,A0A8A4RVE2_ECOLI,1.0,Escherichia coli
0.99830925,0.0016907952,-1,A0A8A4RVL4_ECOLI,1.0,Escherichia coli
0.9991246,0.00087537005,-1,A0A8A4RVK3_ECOLI,1.0,Escherichia coli
0.99725974,0.0027402185,-1,A0A8A4RWU6_ECOLI,1.0,Escherichia coli
0.99978226,0.00021770669,-1,A0A8A4RX74_ECOLI,1.0,Escherichia coli
0.17966008,0.8203399,-1,A0A8A4RX46_ECOLI,1.0,Escherichia coli
0.9990171,0.0009828826,-1,A0A8A4RX18_ECOLI,1.0,Escherichia coli
0.88970006,0.11029991,-1,A0A8A4RX00_ECOLI,1.0,Escherichia coli
0.9995419,0.0004581749,-1,A0A8A4RX11_ECOLI,1.0,Escherichia coli
0.9979512,0.0020488692,-1,A0A8A4RX21_ECOLI,1.0,Escherichia coli
0.7344949,0.26550505,-1,A0A8A4RX93_ECOLI,1.0,Escherichia coli
0.98495966,0.015040333,-1,A0A8A4RWW5_ECOLI,1.0,Escherichia coli
0.99942064,0.00057943305,-1,A0A8A4RWY6_ECOLI,1.0,Escherichia coli
0.99513274,0.004867216,-1,A0A8A4RX10_ECOLI,1.0,Escherichia coli
0.9984731,0.0015269398,-1,A0A8A4RWZ0_ECOLI,1.0,Escherichia coli
0.9961438,0.0038561528,-1,A0A8A4RX62_ECOLI,1.0,Escherichia coli
0.99953735,0.0004627203,-1,A0A8A4RX01_ECOLI,1.0,Escherichia coli
0.9998281,0.00017185332,-1,A0A8A4RX63_ECOLI,1.0,Escherichia coli
0.999788,0.00021198983,-1,A0A8A4RX94_ECOLI,1.0,Escherichia coli
0.9980186,0.0019813813,-1,A0A8A4RX32_ECOLI,1.0,Escherichia coli
0.51490307,0.48509696,-1,A0A8A4RX51_ECOLI,1.0,Escherichia coli
0.84283376,0.15716626,-1,A0A8A4RX30_ECOLI,1.0,Escherichia coli
0.9925188,0.007481229,-1,A0A8A4RX81_ECOLI,1.0,Escherichia coli
0.99686474,0.003135253,-1,A0A8A4RX83_ECOLI,1.0,Escherichia coli
0.99458164,0.005418372,-1,A0A8A4RWX6_ECOLI,1.0,Escherichia coli
0.9677204,0.032279566,-1,A0A8A4RX54_ECOLI,1.0,Escherichia coli
0.9968284,0.003171617,-1,A0A8A4RX44_ECOLI,1.0,Escherichia coli
0.9995148,0.0004852095,-1,A0A8A4RWY1_ECOLI,1.0,Escherichia coli
0.9952684,0.0047315955,-1,A0A8A4RWW8_ECOLI,1.0,Escherichia coli
0.99987423,0.0001257978,-1,A0A8A4RXI8_ECOLI,1.0,Escherichia coli
0.6009274,0.39907262,-1,A0A8A4RXV9_ECOLI,1.0,Escherichia coli
0.9988927,0.0011073021,-1,A0A8A4RXK8_ECOLI,1.0,Escherichia coli
0.99945956,0.0005405006,-1,A0A8A4RXR3_ECOLI,1.0,Escherichia coli
0.98750114,0.012498896,-1,A0A8A4RXB7_ECOLI,1.0,Escherichia coli
0.989617,0.010383071,-1,A0A8A4RXJ9_ECOLI,1.0,Escherichia coli
0.995365,0.0046349554,-1,A0A8A4RXL6_ECOLI,1.0,Escherichia coli
0.06768438,0.93231565,-1,A0A8A4RXH8_ECOLI,1.0,Escherichia coli
0.9992083,0.00079171674,-1,A0A8A4RXT2_ECOLI,1.0,Escherichia coli
0.99624026,0.0037597748,-1,A0A8A4RY97_ECOLI,1.0,Escherichia coli
0.28680775,0.71319234,-1,A0A8A4RXN4_ECOLI,1.0,Escherichia coli
0.97537464,0.024625357,-1,A0A8A4RXS2_ECOLI,1.0,Escherichia coli
0.923327,0.07667292,-1,A0A8A4RXU9_ECOLI,1.0,Escherichia coli
0.9977062,0.0022938116,-1,A0A8A4RXA7_ECOLI,1.0,Escherichia coli
0.9689463,0.031053744,-1,A0A8A4RYA6_ECOLI,1.0,Escherichia coli
0.99976045,0.00023959001,-1,A0A8A4RXU0_ECOLI,1.0,Escherichia coli
0.95803237,0.041967697,-1,A0A8A4RXP3_ECOLI,1.0,Escherichia coli
0.9995828,0.00041719925,-1,A0A8A4RXB4_ECOLI,1.0,Escherichia coli
0.9987845,0.0012155112,-1,A0A8A4RXF3_ECOLI,1.0,Escherichia coli
0.99934703,0.000652917,-1,A0A8A4RXC3_ECOLI,1.0,Escherichia coli
0.99965775,0.00034222196,-1,A0A8A4RXQ3_ECOLI,1.0,Escherichia coli
0.9636861,0.036313854,-1,A0A8A4RYB6_ECOLI,1.0,Escherichia coli
0.99744475,0.0025553168,-1,A0A8A4RXH0_ECOLI,1.0,Escherichia coli
0.9994727,0.00052731956,-1,A0A8A4RXA6_ECOLI,1.0,Escherichia coli
0.9995449,0.00045500262,-1,A0A8A4RXM5_ECOLI,1.0,Escherichia coli
0.9985781,0.0014218849,-1,A0A8A4RYE2_ECOLI,1.0,Escherichia coli
0.9984754,0.0015246798,-1,A0A8A4RYK6_ECOLI,1.0,Escherichia coli
0.9993699,0.00063011405,-1,A0A8A4RYF9_ECOLI,1.0,Escherichia coli
0.99153006,0.008469969,-1,A0A8A4RYP5_ECOLI,1.0,Escherichia coli
0.9947313,0.0052686683,-1,A0A8A4RYF1_ECOLI,1.0,Escherichia coli
0.0103355255,0.9896645,-1,A0A8A4RYN9_ECOLI,1.0,Escherichia coli
0.99850047,0.0014995472,-1,A0A8A4RYH7_ECOLI,1.0,Escherichia coli
0.96831053,0.0316895,-1,A0A8A4RYL7_ECOLI,1.0,Escherichia coli
0.9914978,0.008502178,-1,A0A8A4RYG8_ECOLI,1.0,Escherichia coli
0.9964858,0.0035142293,-1,A0A8A4RYH4_ECOLI,1.0,Escherichia coli
0.9996952,0.00030485127,-1,A0A8A4RYE8_ECOLI,1.0,Escherichia coli
0.97551095,0.024488991,-1,A0A8A4RYD2_ECOLI,1.0,Escherichia coli
0.9988292,0.0011708183,-1,A0A8A4RYQ4_ECOLI,1.0,Escherichia coli
0.17357698,0.82642305,-1,A0A8A4RYL6_ECOLI,1.0,Escherichia coli
0.003468435,0.99653155,-1,A0A8A4RYK7_ECOLI,1.0,Escherichia coli
0.9988951,0.0011049066,-1,A0A8A4RYK0_ECOLI,1.0,Escherichia coli
0.9949532,0.0050468054,-1,A0A8A4RYM7_ECOLI,1.0,Escherichia coli
0.32197043,0.67802954,-1,A0A8A4RYJ7_ECOLI,1.0,Escherichia coli
0.9985349,0.0014651172,-1,A0A8A4RYG2_ECOLI,1.0,Escherichia coli
0.9995098,0.00049020234,-1,A0A8A4RYM9_ECOLI,1.0,Escherichia coli
0.98888725,0.011112728,-1,A0A8A4RYC2_ECOLI,1.0,Escherichia coli
0.99967086,0.00032920294,-1,A0A8A4RYG6_ECOLI,1.0,Escherichia coli
0.99791616,0.002083869,-1,A0A8A4RYN5_ECOLI,1.0,Escherichia coli
0.9988715,0.0011284773,-1,A0A8A4RYI4_ECOLI,1.0,Escherichia coli
0.99976915,0.00023088264,-1,A0A8A4RYI7_ECOLI,1.0,Escherichia coli
0.9992623,0.00073774945,-1,A0A8A4RZ79_ECOLI,1.0,Escherichia coli
0.99973434,0.0002656061,-1,A0A8A4RZ47_ECOLI,1.0,Escherichia coli
0.99881196,0.0011880788,-1,A0A8A4RZ56_ECOLI,1.0,Escherichia coli
0.861497,0.13850302,-1,A0A8A4RYR2_ECOLI,1.0,Escherichia coli
0.99972147,0.00027855844,-1,A0A8A4RYR7_ECOLI,1.0,Escherichia coli
0.81250924,0.18749075,-1,A0A8A4RZ84_ECOLI,1.0,Escherichia coli
0.9993445,0.00065550837,-1,A0A8A4RZ61_ECOLI,1.0,Escherichia coli
0.99974877,0.00025123326,-1,A0A8A4RZ35_ECOLI,1.0,Escherichia coli
0.999456,0.00054404425,-1,A0A8A4RZ14_ECOLI,1.0,Escherichia coli
0.8328436,0.16715644,-1,A0A8A4RZ40_ECOLI,1.0,Escherichia coli
0.9537712,0.04622881,-1,A0A8A4RZ51_ECOLI,1.0,Escherichia coli
0.26290527,0.7370947,-1,A0A8A4RZ72_ECOLI,1.0,Escherichia coli
0.92558366,0.07441637,-1,A0A8A4RZ60_ECOLI,1.0,Escherichia coli
0.98723805,0.012761933,-1,A0A8A4RZ97_ECOLI,1.0,Escherichia coli
0.9982358,0.0017641926,-1,A0A8A4RZ75_ECOLI,1.0,Escherichia coli
0.99372995,0.0062700757,-1,A0A8A4RZ82_ECOLI,1.0,Escherichia coli
0.99681705,0.0031829907,-1,A0A8A4RZ41_ECOLI,1.0,Escherichia coli
0.95305,0.04694997,-1,A0A8A4RZ22_ECOLI,1.0,Escherichia coli
0.14380698,0.85619295,-1,A0A8A4RZ28_ECOLI,1.0,Escherichia coli
0.99749076,0.00250922,-1,A0A8A4RZ67_ECOLI,1.0,Escherichia coli
0.32260847,0.6773915,-1,A0A8A4RZ99_ECOLI,1.0,Escherichia coli
0.9378675,0.062132433,-1,A0A8A4RZ92_ECOLI,1.0,Escherichia coli
0.9992519,0.00074806006,-1,A0A8A4RZ46_ECOLI,1.0,Escherichia coli
0.983194,0.016806027,-1,A0A8A4RZ18_ECOLI,1.0,Escherichia coli
0.99900913,0.0009908136,-1,A0A8A4RZ52_ECOLI,1.0,Escherichia coli
0.40580633,0.59419364,-1,A0A8A4S1X4_ECOLI,1.0,Escherichia coli
0.9993808,0.000619201,-1,A0A8A4RZA9_ECOLI,1.0,Escherichia coli
0.999146,0.0008539422,-1,A0A8A4S295_ECOLI,1.0,Escherichia coli
0.9996222,0.00037778448,-1,A4UR75_ECOLI,1.0,Escherichia coli
0.9996253,0.0003746138,-1,A4UR76_ECOLI,1.0,Escherichia coli
0.9990108,0.0009891791,-1,A0A8A4S1Z8_ECOLI,1.0,Escherichia coli
0.990602,0.009398027,-1,A0A8A4S223_ECOLI,1.0,Escherichia coli
0.9988092,0.0011907843,-1,A0A8A4S2D0_ECOLI,1.0,Escherichia coli
0.026137104,0.97386295,-1,A0A8A4RZC2_ECOLI,1.0,Escherichia coli
0.9976156,0.0023844698,-1,A0A8A4RZC8_ECOLI,1.0,Escherichia coli
0.99420977,0.0057903016,-1,A0A8A4S211_ECOLI,1.0,Escherichia coli
0.99901974,0.000980259,-1,A0A8A4S273_ECOLI,1.0,Escherichia coli
0.998976,0.001024064,-1,A0A8A4S2C0_ECOLI,1.0,Escherichia coli
0.99900526,0.0009947361,-1,A0A8A4S2E3_ECOLI,1.0,Escherichia coli
0.99413174,0.005868259,-1,A0A8A4S2G0_ECOLI,1.0,Escherichia coli
0.6986889,0.3013111,-1,A0A8A4RZB2_ECOLI,1.0,Escherichia coli
0.9986798,0.0013201765,-1,A0A8A4S246_ECOLI,1.0,Escherichia coli
0.9984273,0.0015727753,-1,A0A8A4S2H0_ECOLI,1.0,Escherichia coli
0.97225475,0.027745293,-1,A0A8A4RZB6_ECOLI,1.0,Escherichia coli
0.9988211,0.0011789078,-1,A0A8A4S235_ECOLI,1.0,Escherichia coli
0.21741933,0.7825807,-1,A0A8A4RZA6_ECOLI,1.0,Escherichia coli
0.99908113,0.00091882196,-1,A0A8A4S1Y8_ECOLI,1.0,Escherichia coli
0.9974354,0.0025646202,-1,A0A8A4S2A7_ECOLI,1.0,Escherichia coli
0.99623847,0.0037615183,-1,A0A8A4RZD4_ECOLI,1.0,Escherichia coli
0.9972843,0.0027156775,-1,A0A8A4S259_ECOLI,1.0,Escherichia coli
0.99423707,0.0057629505,-1,A5PFJ9_ECOLI,1.0,Escherichia coli
0.9996295,0.00037045596,-1,A4UR77_ECOLI,1.0,Escherichia coli
0.99962866,0.0003713759,-1,A4UR78_ECOLI,1.0,Escherichia coli
0.9996307,0.0003693503,-1,A4UR79_ECOLI,1.0,Escherichia coli
0.99965084,0.00034912542,-1,A4UR80_ECOLI,1.0,Escherichia coli
0.99963796,0.0003620471,-1,A4UR81_ECOLI,1.0,Escherichia coli
0.99962103,0.00037893583,-1,A4UR83_ECOLI,1.0,Escherichia coli
0.99962413,0.00037578912,-1,A4UR84_ECOLI,1.0,Escherichia coli
0.99961036,0.00038961112,-1,A4UR86_ECOLI,1.0,Escherichia coli
0.9966421,0.003357935,-1,SMG_ECODH,1.0,Escherichia coli
0.14108282,0.8589172,-1,YIBV_ECOLI,1.0,Escherichia coli
0.9987286,0.001271436,-1,SLYX_ECODH,1.0,Escherichia coli
0.9996792,0.00032077165,-1,YHEU_ECODH,1.0,Escherichia coli
0.9987539,0.001246124,-1,A5PFJ8_ECOLI,1.0,Escherichia coli
0.99581283,0.004187184,-1,YLCI_ECOLI,1.0,Escherichia coli
0.9992686,0.00073142117,-1,DSRB_ECODH,1.0,Escherichia coli
0.976528,0.023471955,-1,YMGJ_ECOLI,1.0,Escherichia coli
0.8765069,0.12349299,-1,YMGI_ECOLI,1.0,Escherichia coli
0.98025644,0.019743599,-1,YCIY_ECOLI,1.0,Escherichia coli
0.99988735,0.000112599744,-1,YCIZ_ECOLI,1.0,Escherichia coli
0.985862,0.014138011,-1,YOJO_ECOLI,1.0,Escherichia coli
0.9986701,0.0013299457,-1,YTHA_ECOLI,1.0,Escherichia coli
0.99978656,0.00021347539,-1,YOHO_ECODH,1.0,Escherichia coli
0.9951603,0.0048396722,-1,YDGU_ECOLI,1.0,Escherichia coli
0.80055517,0.19944482,-1,YPFM_ECOLI,1.0,Escherichia coli
0.988818,0.0111820055,-1,VIAA_ECODH,1.0,Escherichia coli
0.8866676,0.113332376,-1,CINAL_ECODH,1.0,Escherichia coli
0.9994555,0.0005445158,-1,NDPA_ECODH,1.0,Escherichia coli
0.9988319,0.0011680985,-1,FDHE_ECODH,1.0,Escherichia coli
0.99949646,0.00050349755,-1,YIHY_ECODH,1.0,Escherichia coli
0.99945384,0.0005462143,-1,YCCT_ECODH,1.0,Escherichia coli
0.9960367,0.003963281,-1,YCEH_ECODH,1.0,Escherichia coli
0.99546045,0.0045395875,-1,EFPL_ECODH,1.0,Escherichia coli
0.958552,0.04144799,-1,YFCN_ECODH,1.0,Escherichia coli
0.999597,0.00040298764,-1,YCFP_ECODH,1.0,Escherichia coli
0.991808,0.008191977,-1,YFBU_ECODH,1.0,Escherichia coli
0.99971896,0.00028102435,-1,YCGN_ECODH,1.0,Escherichia coli
0.9941397,0.00586035,-1,YCHJ_ECODH,1.0,Escherichia coli
0.9873603,0.012639718,-1,YFBV_ECODH,1.0,Escherichia coli
0.99960274,0.00039726897,-1,YOHJ_ECODH,1.0,Escherichia coli
0.99859685,0.0014031724,-1,YMGG_ECODH,1.0,Escherichia coli
0.9997093,0.00029066313,-1,USPB_ECODH,1.0,Escherichia coli
0.9992824,0.0007176406,-1,YCIU_ECODH,1.0,Escherichia coli
0.9986817,0.001318312,-1,YCGL_ECODH,1.0,Escherichia coli
0.9992071,0.0007928907,-1,YBJQ_ECODH,1.0,Escherichia coli
0.99968386,0.0003161541,-1,CBPM_ECODH,1.0,Escherichia coli
0.9988739,0.0011260599,-1,MINE_ECODH,1.0,Escherichia coli
0.999705,0.0002949999,-1,YIDD_ECODH,1.0,Escherichia coli
0.9991985,0.000801498,-1,YEJL_ECODH,1.0,Escherichia coli
0.9999186,8.1379825e-05,-1,YCAR_ECODH,1.0,Escherichia coli
0.99812,0.0018799253,-1,YEAH_ECODH,1.0,Escherichia coli
0.9981468,0.0018532166,-1,YCJF_ECODH,1.0,Escherichia coli
0.9988714,0.0011285889,-1,B1XDG0_ECODH,1.0,Escherichia coli
0.9944026,0.005597404,-1,YAFD_ECODH,1.0,Escherichia coli
0.9194814,0.08051866,-1,YAAA_ECODH,1.0,Escherichia coli
0.99800235,0.001997586,-1,YCIC_ECODH,1.0,Escherichia coli
0.99775153,0.0022484323,-1,YGFB_ECODH,1.0,Escherichia coli
0.99984133,0.00015865573,-1,VES_ECODH,1.0,Escherichia coli
0.9979304,0.0020695827,-1,YQGE_ECODH,1.0,Escherichia coli
0.0027698749,0.9972301,-1,YJGA_ECODH,1.0,Escherichia coli
0.9988714,0.0011285864,-1,SYDP_ECODH,1.0,Escherichia coli
0.9994067,0.00059328025,-1,YQHA_ECODH,1.0,Escherichia coli
0.016678236,0.9833218,-1,YAJQ_ECODH,1.0,Escherichia coli
0.9782389,0.021761041,-1,YAII_ECODH,1.0,Escherichia coli
0.99926656,0.00073344883,-1,NRDI_ECODH,1.0,Escherichia coli
0.9978969,0.0021030356,-1,YAAI_ECODH,1.0,Escherichia coli
0.99763167,0.0023682953,-1,YAEH_ECODH,1.0,Escherichia coli
0.9994968,0.0005032037,-1,APAG_ECODH,1.0,Escherichia coli
0.99990225,9.773544e-05,-1,YACL_ECODH,1.0,Escherichia coli
0.999059,0.0009410147,-1,YNFB_ECODH,1.0,Escherichia coli
0.9847082,0.0152918305,-1,RNFH_ECODH,1.0,Escherichia coli
0.056458466,0.9435415,-1,YGGU_ECODH,1.0,Escherichia coli
0.9980274,0.0019725384,-1,YJHX_ECODH,1.0,Escherichia coli
0.9993686,0.0006314565,-1,YAEP_ECODH,1.0,Escherichia coli
0.99679875,0.0032011974,-1,GLGS_ECODH,1.0,Escherichia coli
0.99833125,0.0016687394,-1,B8YM76_ECOLI,1.0,Escherichia coli
0.99787295,0.002127027,-1,YHAM_ECODH,1.0,Escherichia coli
0.9994199,0.00058007735,-1,B8LFD7_ECOLI,1.0,Escherichia coli
0.99900144,0.000998531,-1,B8LFD5_ECOLI,1.0,Escherichia coli
0.999696,0.0003040003,-1,YOBD_ECODH,1.0,Escherichia coli
1.1971137e-05,0.9999881,-1,C3UPD1_ECOLI,1.0,Escherichia coli
0.99734527,0.0026547865,-1,YEAL_ECODH,1.0,Escherichia coli
0.9989017,0.0010982404,-1,YHBP_ECODH,1.0,Escherichia coli
0.9987457,0.0012542605,-1,YRAN_ECODH,1.0,Escherichia coli
0.6673334,0.3326666,-1,C0Z3Y0_ECOLI,1.0,Escherichia coli
0.0048991633,0.9951009,-1,YHBQ_ECODH,1.0,Escherichia coli
0.9981341,0.0018659242,-1,C0Z3X9_ECOLI,1.0,Escherichia coli
0.9996081,0.0003919041,-1,AAEX_ECODH,1.0,Escherichia coli
0.99830073,0.0016992601,-1,YOAH_ECODH,1.0,Escherichia coli
0.996447,0.0035529952,-1,YQCG_ECOLI,1.0,Escherichia coli
0.99846184,0.0015381756,-1,YQFG_ECOLI,1.0,Escherichia coli
0.99323034,0.006769658,-1,YSHB_ECOLI,1.0,Escherichia coli
0.99421906,0.005780951,-1,YMIB_ECOLI,1.0,Escherichia coli
0.9963594,0.0036405795,-1,YQEL_ECOLI,1.0,Escherichia coli
0.99482024,0.005179693,-1,YRBN_ECOLI,1.0,Escherichia coli
0.90561825,0.094381675,-1,YNBG_ECOLI,1.0,Escherichia coli
0.99947447,0.00052550796,-1,YOBI_ECOLI,1.0,Escherichia coli
0.99568594,0.0043140696,-1,YOEI_ECOLI,1.0,Escherichia coli
0.99110997,0.008889998,-1,YJEV_ECOLI,1.0,Escherichia coli
0.95640147,0.0435985,-1,ILVX_ECOLI,1.0,Escherichia coli
0.99787295,0.0021270218,-1,YHAM_ECOBW,1.0,Escherichia coli
0.9944026,0.005597404,-1,YAFD_ECOBW,1.0,Escherichia coli
0.9194814,0.08051866,-1,YAAA_ECOBW,1.0,Escherichia coli
0.99490523,0.0050947643,-1,YGIB_ECOBW,1.0,Escherichia coli
0.99945384,0.00054621295,-1,YCCT_ECOBW,1.0,Escherichia coli
0.9960367,0.0039632753,-1,YCEH_ECOBW,1.0,Escherichia coli
0.0027698749,0.9972301,-1,YJGA_ECOBW,1.0,Escherichia coli
0.999597,0.0004029859,-1,YCFP_ECOBW,1.0,Escherichia coli
0.9994067,0.00059328025,-1,YQHA_ECOBW,1.0,Escherichia coli
0.9978969,0.0021030356,-1,YAAI_ECOBW,1.0,Escherichia coli
0.99960274,0.00039726973,-1,YOHJ_ECOBW,1.0,Escherichia coli
0.99763167,0.0023682953,-1,YAEH_ECOBW,1.0,Escherichia coli
0.9994968,0.0005032037,-1,APAG_ECOBW,1.0,Escherichia coli
0.99990225,9.773544e-05,-1,YACL_ECOBW,1.0,Escherichia coli
0.99859685,0.0014031784,-1,YMGG_ECOBW,1.0,Escherichia coli
0.9997447,0.00025533952,-1,YEEX_ECOBW,1.0,Escherichia coli
0.99968386,0.00031615468,-1,CBPM_ECOBW,1.0,Escherichia coli
0.9988739,0.0011260546,-1,MINE_ECOBW,1.0,Escherichia coli
0.9980274,0.0019725442,-1,YJHX_ECOBW,1.0,Escherichia coli
0.99679875,0.0032012004,-1,GLGS_ECOBW,1.0,Escherichia coli
0.9993686,0.0006314562,-1,YAEP_ECOBW,1.0,Escherichia coli
0.9992686,0.00073142117,-1,DSRB_ECOBW,1.0,Escherichia coli
0.9999186,8.138021e-05,-1,YCAR_ECOBW,1.0,Escherichia coli
0.99978656,0.00021347539,-1,YOHO_ECOBW,1.0,Escherichia coli
0.00017606125,0.999824,-1,C3UPD2_ECOLI,1.0,Escherichia coli
0.8866678,0.11333225,-1,CINAL_ECOBW,1.0,Escherichia coli
0.9981468,0.0018532166,-1,YCJF_ECOBW,1.0,Escherichia coli
0.9994555,0.00054451684,-1,NDPA_ECOBW,1.0,Escherichia coli
0.99800235,0.001997586,-1,YCIC_ECOBW,1.0,Escherichia coli
0.9585518,0.041448176,-1,YFCN_ECOBW,1.0,Escherichia coli
0.9918081,0.008191846,-1,YFBU_ECOBW,1.0,Escherichia coli
0.016678236,0.9833218,-1,YAJQ_ECOBW,1.0,Escherichia coli
0.9966421,0.003357935,-1,SMG_ECOBW,1.0,Escherichia coli
0.99971896,0.00028102353,-1,YCGN_ECOBW,1.0,Escherichia coli
0.9782389,0.021761041,-1,YAII_ECOBW,1.0,Escherichia coli
0.9941397,0.0058603277,-1,YCHJ_ECOBW,1.0,Escherichia coli
0.9873603,0.012639663,-1,YFBV_ECOBW,1.0,Escherichia coli
0.9989017,0.0010982404,-1,YHBP_ECOBW,1.0,Escherichia coli
0.9987457,0.0012542605,-1,YRAN_ECOBW,1.0,Escherichia coli
0.9997093,0.00029066284,-1,USPB_ECOBW,1.0,Escherichia coli
0.9992824,0.0007176409,-1,YCIU_ECOBW,1.0,Escherichia coli
0.9986817,0.001318317,-1,YCGL_ECOBW,1.0,Escherichia coli
0.0048991633,0.9951009,-1,YHBQ_ECOBW,1.0,Escherichia coli
0.9988751,0.001124872,-1,YBED_ECOBW,1.0,Escherichia coli
0.9991985,0.00080150185,-1,YEJL_ECOBW,1.0,Escherichia coli
0.9987286,0.001271436,-1,SLYX_ECOBW,1.0,Escherichia coli
0.9996792,0.00032077165,-1,YHEU_ECOBW,1.0,Escherichia coli
0.9996081,0.0003919041,-1,AAEX_ECOBW,1.0,Escherichia coli
0.99988735,0.000112599744,-1,YCIZ_ECOBW,1.0,Escherichia coli
0.98823255,0.011767468,-1,YTJA_ECOBW,1.0,Escherichia coli
0.988818,0.0111820055,-1,VIAA_ECOBW,1.0,Escherichia coli
0.99768364,0.0023163846,-1,D0VEY9_ECOLI,1.0,Escherichia coli
0.99812,0.001879928,-1,YEAH_ECOBW,1.0,Escherichia coli
0.94835114,0.051648866,-1,G0ZKW3_ECOLI,1.0,Escherichia coli
0.9988319,0.0011680985,-1,FDHE_ECOBW,1.0,Escherichia coli
0.99949646,0.00050349755,-1,YIHY_ECOBW,1.0,Escherichia coli
0.9981343,0.001865672,-1,F2X7N5_ECOLI,1.0,Escherichia coli
0.99775153,0.0022484346,-1,YGFB_ECOBW,1.0,Escherichia coli
0.99984133,0.00015865634,-1,VES_ECOBW,1.0,Escherichia coli
0.9979304,0.0020695876,-1,YQGE_ECOBW,1.0,Escherichia coli
0.9988714,0.0011285868,-1,SYDP_ECOBW,1.0,Escherichia coli
0.999696,0.00030400057,-1,YOBD_ECOBW,1.0,Escherichia coli
0.99734527,0.0026547865,-1,YEAL_ECOBW,1.0,Escherichia coli
0.99926656,0.0007334478,-1,NRDI_ECOBW,1.0,Escherichia coli
0.999059,0.0009410156,-1,YNFB_ECOBW,1.0,Escherichia coli
0.9992071,0.0007928911,-1,YBJQ_ECOBW,1.0,Escherichia coli
0.99670094,0.0032990403,-1,K0JFS6_ECOLI,1.0,Escherichia coli
0.9847083,0.015291694,-1,RNFH_ECOBW,1.0,Escherichia coli
0.056457717,0.9435423,-1,YGGU_ECOBW,1.0,Escherichia coli
0.999705,0.0002949999,-1,YIDD_ECOBW,1.0,Escherichia coli
0.994338,0.0056620855,-1,REM_ECOLI,1.0,Escherichia coli
0.9976083,0.0023917335,-1,CEDA_ECOBW,1.0,Escherichia coli
0.99830073,0.0016992625,-1,YOAH_ECOBW,1.0,Escherichia coli
0.9985348,0.0014651512,-1,K0JFQ9_ECOLI,1.0,Escherichia coli
0.98592025,0.014079669,-1,PRTL_ECOLI,1.0,Escherichia coli
0.99533033,0.004669724,-1,YBHH_ECOLI,1.0,Escherichia coli
0.9874265,0.01257352,-1,YLBF_ECOLI,1.0,Escherichia coli
0.9535283,0.046471678,-1,YBHP_ECOLI,1.0,Escherichia coli
0.9975309,0.0024690973,-1,YAEQ_ECOLI,1.0,Escherichia coli
0.9997054,0.00029459235,-1,YBEL_ECOLI,1.0,Escherichia coli
0.9966421,0.003357935,-1,SMG_ECOLI,1.0,Escherichia coli
0.99971896,0.00028102353,-1,YCGN_ECOLI,1.0,Escherichia coli
0.9995931,0.0004069762,-1,YMFS_ECOLI,1.0,Escherichia coli
0.9995982,0.00040180326,-1,YGDB_ECOLI,1.0,Escherichia coli
0.99852943,0.0014705741,-1,YIDB_ECOLI,1.0,Escherichia coli
0.99964285,0.00035716296,-1,YBGS_ECOLI,1.0,Escherichia coli
0.99932814,0.0006718452,-1,YBDF_ECOLI,1.0,Escherichia coli
0.99990225,9.773544e-05,-1,YACL_ECOLI,1.0,Escherichia coli
0.99739,0.002610046,-1,YBAA_ECOLI,1.0,Escherichia coli
0.9981147,0.0018852663,-1,YACC_ECOLI,1.0,Escherichia coli
0.9992824,0.0007176409,-1,YCIU_ECOLI,1.0,Escherichia coli
0.999694,0.00030605134,-1,YKGJ_ECOLI,1.0,Escherichia coli
0.9963477,0.0036523326,-1,YBFB_ECOLI,1.0,Escherichia coli
0.9982419,0.001758068,-1,YBJH_ECOLI,1.0,Escherichia coli
0.99928814,0.0007119024,-1,YUAZ_ECOLI,1.0,Escherichia coli
0.9987286,0.001271436,-1,SLYX_ECOLI,1.0,Escherichia coli
0.99882346,0.0011765116,-1,YBFA_ECOLI,1.0,Escherichia coli
0.9993686,0.0006314562,-1,YAEP_ECOLI,1.0,Escherichia coli
0.99831957,0.0016804136,-1,YBDD_ECOLI,1.0,Escherichia coli
0.99957734,0.00042261803,-1,YAIA_ECOLI,1.0,Escherichia coli
0.9996798,0.0003202516,-1,YCBJ_ECOLI,1.0,Escherichia coli
0.9955428,0.0044572437,-1,YECA_ECOLI,1.0,Escherichia coli
0.99885154,0.0011484082,-1,YTFH_ECOLI,1.0,Escherichia coli
0.99873096,0.0012690491,-1,YEJG_ECOLI,1.0,Escherichia coli
0.9419358,0.05806425,-1,YFEC_ECOLI,1.0,Escherichia coli
0.99583036,0.0041696127,-1,YGAC_ECOLI,1.0,Escherichia coli
0.9969037,0.0030963116,-1,YMGD_ECOLI,1.0,Escherichia coli
0.9986817,0.001318317,-1,YCGL_ECOLI,1.0,Escherichia coli
0.99917656,0.00082337,-1,YFCZ_ECOLI,1.0,Escherichia coli
0.9988323,0.0011676748,-1,YDBJ_ECOLI,1.0,Escherichia coli
0.96459264,0.035407294,-1,YCIN_ECOLI,1.0,Escherichia coli
0.99937695,0.0006231303,-1,YECJ_ECOLI,1.0,Escherichia coli
0.9989065,0.0010934909,-1,YMJA_ECOLI,1.0,Escherichia coli
0.99940383,0.0005961799,-1,YCEK_ECOLI,1.0,Escherichia coli
0.99843675,0.001563237,-1,YDCH_ECOLI,1.0,Escherichia coli
0.99984264,0.00015731638,-1,YECF_ECOLI,1.0,Escherichia coli
0.9967194,0.0032805933,-1,YPEB_ECOLI,1.0,Escherichia coli
0.998201,0.0017990172,-1,YJIX_ECOLI,1.0,Escherichia coli
0.9999186,8.138021e-05,-1,YCAR_ECOLI,1.0,Escherichia coli
0.9979785,0.0020215397,-1,YDCA_ECOLI,1.0,Escherichia coli
0.9990576,0.0009424193,-1,YDAF_ECOLI,1.0,Escherichia coli
0.9991302,0.00086980406,-1,YDFA_ECOLI,1.0,Escherichia coli
0.9969144,0.0030856559,-1,YJJY_ECOLI,1.0,Escherichia coli
0.99762315,0.0023768912,-1,LPFS_ECOLI,1.0,Escherichia coli
0.6276353,0.37236467,-1,LPF2_ECOLI,1.0,Escherichia coli
0.9985575,0.0014425137,-1,YHBW_ECOLI,1.0,Escherichia coli
0.9991033,0.00089668896,-1,YGGN_ECOLI,1.0,Escherichia coli
0.9992938,0.0007061387,-1,YIAF_ECOLI,1.0,Escherichia coli
0.9996184,0.0003816087,-1,YJCO_ECOLI,1.0,Escherichia coli
0.9957723,0.0042276955,-1,YIDX_ECOLI,1.0,Escherichia coli
0.999532,0.0004680891,-1,YICN_ECOLI,1.0,Escherichia coli
0.99968123,0.0003187991,-1,YIIR_ECOLI,1.0,Escherichia coli
0.99952686,0.00047314796,-1,YQIB_ECOLI,1.0,Escherichia coli
0.9991634,0.000836669,-1,YUBJ_ECOLI,1.0,Escherichia coli
0.9985814,0.0014186011,-1,YJBQ_ECOLI,1.0,Escherichia coli
0.998838,0.0011620114,-1,YHFA_ECOLI,1.0,Escherichia coli
0.9995128,0.00048723255,-1,YJFI_ECOLI,1.0,Escherichia coli
0.97845274,0.021547291,-1,YIBL_ECOLI,1.0,Escherichia coli
0.9992499,0.0007500823,-1,YJBR_ECOLI,1.0,Escherichia coli
0.9984491,0.0015508684,-1,YJEI_ECOLI,1.0,Escherichia coli
0.028970728,0.9710292,-1,PSIF_ECOLI,1.0,Escherichia coli
0.9981686,0.0018313933,-1,YJFY_ECOLI,1.0,Escherichia coli
0.9986487,0.0013512908,-1,YIHD_ECOLI,1.0,Escherichia coli
0.9998785,0.0001214996,-1,YEIW_ECOLI,1.0,Escherichia coli
0.9997862,0.0002138217,-1,YJDI_ECOLI,1.0,Escherichia coli
0.99980515,0.00019490923,-1,YIIF_ECOLI,1.0,Escherichia coli
0.99957365,0.000426358,-1,YHEV_ECOLI,1.0,Escherichia coli
0.9989875,0.0010125481,-1,YJET_ECOLI,1.0,Escherichia coli
0.9992686,0.00073142117,-1,DSRB_ECOLI,1.0,Escherichia coli
0.99573416,0.0042659147,-1,YHFG_ECOLI,1.0,Escherichia coli
0.99937636,0.00062370126,-1,YTIA_ECOLI,1.0,Escherichia coli
0.99913883,0.0008611361,-1,YKGV_ECOLI,1.0,Escherichia coli
0.9992478,0.00075229513,-1,YMGM_ECOLI,1.0,Escherichia coli
0.999617,0.0003829618,-1,YMCF_ECOLI,1.0,Escherichia coli
0.9993042,0.00069583236,-1,YNFQ_ECOLI,1.0,Escherichia coli
0.9990711,0.00092884095,-1,YNAL_ECOLI,1.0,Escherichia coli
0.9993286,0.00067142246,-1,YMJE_ECOLI,1.0,Escherichia coli
0.99880993,0.0011901152,-1,YLCJ_ECOLI,1.0,Escherichia coli
0.9995228,0.00047715267,-1,YMIA_ECOLI,1.0,Escherichia coli
0.99207836,0.007921672,-1,YKGS_ECOLI,1.0,Escherichia coli
0.9487336,0.051266316,-1,YKIC_ECOLI,1.0,Escherichia coli
0.9988237,0.001176283,-1,YNAM_ECOLI,1.0,Escherichia coli
0.9998739,0.00012614446,-1,YMGL_ECOLI,1.0,Escherichia coli
0.9960777,0.0039222776,-1,YBGU_ECOLI,1.0,Escherichia coli
0.9993918,0.00060815044,-1,YMIC_ECOLI,1.0,Escherichia coli
0.99220747,0.0077925986,-1,YLDA_ECOLI,1.0,Escherichia coli
0.025166862,0.9748332,-1,YKID_ECOLI,1.0,Escherichia coli
0.9563863,0.043613687,-1,YAHV_ECOLI,1.0,Escherichia coli
0.88435906,0.11564092,-1,YMJD_ECOLI,1.0,Escherichia coli
0.99926156,0.00073838246,-1,YADW_ECOLI,1.0,Escherichia coli
0.776716,0.22328402,-1,YLIM_ECOLI,1.0,Escherichia coli
0.60559523,0.3944048,-1,YABR_ECOLI,1.0,Escherichia coli
2.8375523e-06,0.99999714,-1,YACM_ECOLI,1.0,Escherichia coli
0.894744,0.105255954,-1,YMGK_ECOLI,1.0,Escherichia coli
0.31939164,0.6806084,-1,YMDG_ECOLI,1.0,Escherichia coli
0.9974643,0.0025357145,-1,YNCO_ECOLI,1.0,Escherichia coli
0.9987406,0.00125938,-1,YECU_ECOLI,1.0,Escherichia coli
0.999595,0.00040497456,-1,YQID_ECOLI,1.0,Escherichia coli
0.99903333,0.0009667226,-1,YNFU_ECOLI,1.0,Escherichia coli
0.9992853,0.0007147364,-1,YQHI_ECOLI,1.0,Escherichia coli
0.9978986,0.002101364,-1,YMID_ECOLI,1.0,Escherichia coli
0.9922929,0.007707089,-1,YNEP_ECOLI,1.0,Escherichia coli
0.9988194,0.0011805721,-1,YNFP_ECOLI,1.0,Escherichia coli
0.9949557,0.005044268,-1,MGTT_ECOLI,1.0,Escherichia coli
0.98727244,0.012727622,-1,YDGV_ECOLI,1.0,Escherichia coli
0.9749681,0.025031898,-1,YNFS_ECOLI,1.0,Escherichia coli
0.007907422,0.99209255,-1,YQFI_ECOLI,1.0,Escherichia coli
0.9877087,0.012291283,-1,YSDD_ECOLI,1.0,Escherichia coli
0.9906088,0.009391225,-1,YLJB_ECOLI,1.0,Escherichia coli
0.9980033,0.0019966976,-1,YQFH_ECOLI,1.0,Escherichia coli
0.99919087,0.0008091898,-1,YNCP_ECOLI,1.0,Escherichia coli
0.9990134,0.0009866112,-1,YNFR_ECOLI,1.0,Escherichia coli
0.9926369,0.0073630437,-1,YBIE_ECOLI,1.0,Escherichia coli
0.9911481,0.00885183,-1,YTIB_ECOLI,1.0,Escherichia coli
0.99847597,0.0015240678,-1,YCHT_ECOLI,1.0,Escherichia coli
0.9945215,0.005478464,-1,YADX_ECOLI,1.0,Escherichia coli
2.619691e-05,0.9999738,-1,YNAN_ECOLI,1.0,Escherichia coli
0.69096375,0.30903628,-1,YECV_ECOLI,1.0,Escherichia coli
0.99833834,0.001661658,-1,YDDY_ECOLI,1.0,Escherichia coli
0.9879825,0.0120174745,-1,YBGV_ECOLI,1.0,Escherichia coli
0.99909604,0.0009039596,-1,YNHH_ECOLI,1.0,Escherichia coli
0.99714476,0.0028552439,-1,YODE_ECOLI,1.0,Escherichia coli
0.99966645,0.0003335372,-1,YQGG_ECOLI,1.0,Escherichia coli
0.9975846,0.0024154375,-1,YHIY_ECOLI,1.0,Escherichia coli
0.54177374,0.45822626,-1,YIBY_ECOLI,1.0,Escherichia coli
0.9614565,0.03854352,-1,YTHB_ECOLI,1.0,Escherichia coli
0.9726615,0.027338566,-1,YQGH_ECOLI,1.0,Escherichia coli
0.99365187,0.006348125,-1,YQIM_ECOLI,1.0,Escherichia coli
0.99504626,0.004953711,-1,YRIA_ECOLI,1.0,Escherichia coli
0.99076825,0.009231709,-1,YSDE_ECOLI,1.0,Escherichia coli
0.9817093,0.018290635,-1,YSAE_ECOLI,1.0,Escherichia coli
0.9825995,0.01740048,-1,YKIE_ECOLI,1.0,Escherichia coli
0.90170735,0.09829262,-1,YFIS_ECOLI,1.0,Escherichia coli
0.9497511,0.050248943,-1,YQHJ_ECOLI,1.0,Escherichia coli
0.0002288346,0.9997712,-1,YICU_ECOLI,1.0,Escherichia coli
0.97871655,0.02128345,-1,YMGN_ECOLI,1.0,Escherichia coli
0.95341015,0.04658981,-1,YSGD_ECOLI,1.0,Escherichia coli
0.99059266,0.0094073275,-1,YRIB_ECOLI,1.0,Escherichia coli
0.957435,0.042564973,-1,YTGA_ECOLI,1.0,Escherichia coli
0.9965862,0.0034137862,-1,YOEJ_ECOLI,1.0,Escherichia coli
0.9911538,0.008846286,-1,YHGO_ECOLI,1.0,Escherichia coli
0.9966683,0.0033317143,-1,YOAM_ECOLI,1.0,Escherichia coli
0.9823108,0.017689226,-1,YKFO_ECOLI,1.0,Escherichia coli
0.98396343,0.016036596,-1,EVGL_ECOLI,1.0,Escherichia coli
0.96914554,0.030854413,-1,YHGP_ECOLI,1.0,Escherichia coli
0.99909544,0.0009046291,-1,YFAA_ECOLI,1.0,Escherichia coli
0.97397953,0.026020512,-1,YHAC_ECOLI,1.0,Escherichia coli
0.99943095,0.00056899415,-1,YUBP_ECOLI,1.0,Escherichia coli
0.99358517,0.0064148814,-1,PSIA1_ECOLI,1.0,Escherichia coli
0.9950831,0.0049169553,-1,TRBH_ECOLI,1.0,Escherichia coli
0.97660017,0.023399774,-1,YHAB_ECOLI,1.0,Escherichia coli
0.9988224,0.0011775914,-1,INSJ_ECOLI,1.0,Escherichia coli
0.99937505,0.0006250199,-1,YCIE_ECOLI,1.0,Escherichia coli
0.82695425,0.17304574,-1,PSIB1_ECOLI,1.0,Escherichia coli
0.9967668,0.0032331992,-1,CYSX_ECOLI,1.0,Escherichia coli
0.99971,0.00028992194,-1,TRBF_ECOLI,1.0,Escherichia coli
0.9965371,0.0034628904,-1,YFIL_ECOLI,1.0,Escherichia coli
0.99953306,0.00046691013,-1,TRBA_ECOLI,1.0,Escherichia coli
0.9991375,0.000862457,-1,TRBJ_ECOLI,1.0,Escherichia coli
0.9992926,0.00070730515,-1,ARTA_ECOLI,1.0,Escherichia coli
0.99915123,0.0008488238,-1,REA1_ECOLI,1.0,Escherichia coli
0.99750394,0.0024961024,-1,RACC_ECOLI,1.0,Escherichia coli
0.9901315,0.009868528,-1,YPFU_ECOLI,1.0,Escherichia coli
0.99867934,0.001320638,-1,YDFC_ECOLI,1.0,Escherichia coli
0.999129,0.00087103614,-1,YPED_ECOLI,1.0,Escherichia coli
0.9991467,0.00085330947,-1,YTCB_ECOLI,1.0,Escherichia coli
0.980336,0.019663975,-1,YTGB_ECOLI,1.0,Escherichia coli
0.91500807,0.084991924,-1,YRFJ_ECOLI,1.0,Escherichia coli
0.7805165,0.21948354,-1,YTJE_ECOLI,1.0,Escherichia coli
0.9648455,0.03515455,-1,YTIE_ECOLI,1.0,Escherichia coli
0.9721533,0.027846644,-1,YDBD_ECOLI,1.0,Escherichia coli
0.99948704,0.0005129229,-1,YICH_ECOLI,1.0,Escherichia coli
0.9988638,0.0011361983,-1,YCGB_ECOLI,1.0,Escherichia coli
0.99916136,0.0008386568,-1,YIDR_ECOLI,1.0,Escherichia coli
0.9942789,0.005721093,-1,YIEL_ECOLI,1.0,Escherichia coli
0.9988715,0.0011285245,-1,HTRL_ECOLI,1.0,Escherichia coli
0.99909866,0.00090140296,-1,YIGE_ECOLI,1.0,Escherichia coli
0.9992275,0.0007724889,-1,YIGA_ECOLI,1.0,Escherichia coli
0.99976,0.00024002236,-1,YAFE_ECOLI,1.0,Escherichia coli
0.99896634,0.0010336998,-1,YEBB_ECOLI,1.0,Escherichia coli
0.98821634,0.0117836045,-1,YBFC_ECOLI,1.0,Escherichia coli
0.9992893,0.0007106517,-1,NOHD_ECOLI,1.0,Escherichia coli
0.99860245,0.0013975231,-1,YBGA_ECOLI,1.0,Escherichia coli
0.99966276,0.00033724963,-1,BICB_ECOLI,1.0,Escherichia coli
0.99972945,0.00027058856,-1,YIDF_ECOLI,1.0,Escherichia coli
0.9985037,0.0014963199,-1,YDCD_ECOLI,1.0,Escherichia coli
0.9996563,0.00034371298,-1,YEDD_ECOLI,1.0,Escherichia coli
0.9978969,0.0021030325,-1,YAAI_ECOLI,1.0,Escherichia coli
0.9989785,0.0010214789,-1,YFED_ECOLI,1.0,Escherichia coli
0.9996878,0.0003122227,-1,YHHH_ECOLI,1.0,Escherichia coli
0.9995915,0.00040844418,-1,YIGF_ECOLI,1.0,Escherichia coli
0.99909544,0.0009045614,-1,YGBA_ECOLI,1.0,Escherichia coli
0.99900633,0.0009936505,-1,MARB_ECOLI,1.0,Escherichia coli
0.99955505,0.00044493904,-1,YDFD_ECOLI,1.0,Escherichia coli
0.9993874,0.00061254,-1,YDFB_ECOLI,1.0,Escherichia coli
0.9865828,0.013417192,-1,YEHI_ECOLI,1.0,Escherichia coli
0.99961084,0.00038913675,-1,YIHF_ECOLI,1.0,Escherichia coli
0.8654661,0.13453385,-1,YJBI_ECOLI,1.0,Escherichia coli
0.9958687,0.0041313428,-1,YJCF_ECOLI,1.0,Escherichia coli
0.99846005,0.0015399115,-1,YEHP_ECOLI,1.0,Escherichia coli
0.9988661,0.0011339622,-1,YIIG_ECOLI,1.0,Escherichia coli
0.9997789,0.00022112632,-1,YIHM_ECOLI,1.0,Escherichia coli
0.9979272,0.0020727955,-1,YJBG_ECOLI,1.0,Escherichia coli
0.98884434,0.011155674,-1,YJBM_ECOLI,1.0,Escherichia coli
0.99910223,0.00089775416,-1,YIBJ_ECOLI,1.0,Escherichia coli
0.9992822,0.0007177862,-1,YJAH_ECOLI,1.0,Escherichia coli
0.99895644,0.0010435296,-1,YIJF_ECOLI,1.0,Escherichia coli
0.9990742,0.0009257297,-1,YIIX_ECOLI,1.0,Escherichia coli
0.999795,0.00020505385,-1,YIIQ_ECOLI,1.0,Escherichia coli
0.99653625,0.0034637956,-1,YJAG_ECOLI,1.0,Escherichia coli
0.999813,0.00018704384,-1,STFE_ECOLI,1.0,Escherichia coli
0.9831769,0.016823037,-1,YEHS_ECOLI,1.0,Escherichia coli
0.99983823,0.00016171348,-1,YIBG_ECOLI,1.0,Escherichia coli
0.9995447,0.00045524928,-1,YIBI_ECOLI,1.0,Escherichia coli
0.99824786,0.0017522185,-1,YEHK_ECOLI,1.0,Escherichia coli
0.98476833,0.015231698,-1,YIIS_ECOLI,1.0,Escherichia coli
0.99778193,0.0022181382,-1,YJCB_ECOLI,1.0,Escherichia coli
0.9998252,0.00017487837,-1,YEHE_ECOLI,1.0,Escherichia coli
0.5559339,0.44406608,-1,YJBD_ECOLI,1.0,Escherichia coli
0.99738353,0.0026164274,-1,YJBL_ECOLI,1.0,Escherichia coli
0.99303645,0.006963528,-1,YACH_ECOLI,1.0,Escherichia coli
0.9967307,0.0032693355,-1,YHIJ_ECOLI,1.0,Escherichia coli
0.99700624,0.0029937297,-1,YCCE_ECOLI,1.0,Escherichia coli
0.11237479,0.8876252,-1,YHIN_ECOLI,1.0,Escherichia coli
0.99425524,0.0057448107,-1,YIBQ_ECOLI,1.0,Escherichia coli
0.9780618,0.021938257,-1,YJCZ_ECOLI,1.0,Escherichia coli
0.99296945,0.0070305187,-1,YJEJ_ECOLI,1.0,Escherichia coli
0.9260645,0.07393552,-1,YECE_ECOLI,1.0,Escherichia coli
0.9993612,0.0006387368,-1,YJFZ_ECOLI,1.0,Escherichia coli
0.99595416,0.004045895,-1,YHIS_ECOLI,1.0,Escherichia coli
0.99884677,0.0011532075,-1,YJFK_ECOLI,1.0,Escherichia coli
0.9993407,0.000659258,-1,YBFG_ECOLI,1.0,Escherichia coli
0.9868045,0.0131954355,-1,YABP_ECOLI,1.0,Escherichia coli
0.99604684,0.003953092,-1,YJFM_ECOLI,1.0,Escherichia coli
0.9941397,0.00586035,-1,YCHJ_ECOLI,1.0,Escherichia coli
0.9996991,0.00030093643,-1,YBBC_ECOLI,1.0,Escherichia coli
0.99889237,0.0011076998,-1,YHDN_ECOLI,1.0,Escherichia coli
0.9997726,0.00022735963,-1,YHHM_ECOLI,1.0,Escherichia coli
0.9997843,0.00021568972,-1,YTFA_ECOLI,1.0,Escherichia coli
0.9977812,0.002218844,-1,YJEN_ECOLI,1.0,Escherichia coli
0.9994215,0.0005785984,-1,YJDJ_ECOLI,1.0,Escherichia coli
0.9989116,0.0010884394,-1,YHHL_ECOLI,1.0,Escherichia coli
0.99973685,0.0002631111,-1,YBBD_ECOLI,1.0,Escherichia coli
0.9962423,0.003757739,-1,YDAE_ECOLI,1.0,Escherichia coli
0.16840455,0.8315955,-1,YABQ_ECOLI,1.0,Escherichia coli
0.9970182,0.002981784,-1,YJIT_ECOLI,1.0,Escherichia coli
0.97181576,0.028184159,-1,YJGR_ECOLI,1.0,Escherichia coli
0.99601305,0.003986961,-1,YJIN_ECOLI,1.0,Escherichia coli
0.9994646,0.000535449,-1,YJIJ_ECOLI,1.0,Escherichia coli
0.99952865,0.00047137338,-1,YHFX_ECOLI,1.0,Escherichia coli
0.9998524,0.00014750868,-1,YGJJ_ECOLI,1.0,Escherichia coli
0.71715724,0.28284273,-1,YTFI_ECOLI,1.0,Escherichia coli
0.9964547,0.0035452617,-1,YJIC_ECOLI,1.0,Escherichia coli
0.99965155,0.0003484793,-1,SGCQ_ECOLI,1.0,Escherichia coli
0.9998399,0.00016004265,-1,YHCF_ECOLI,1.0,Escherichia coli
0.99507684,0.00492313,-1,YGJQ_ECOLI,1.0,Escherichia coli
0.9996462,0.00035381602,-1,YRAR_ECOLI,1.0,Escherichia coli
0.9990402,0.0009597542,-1,TRAP_ECOLI,1.0,Escherichia coli
0.9998273,0.00017267889,-1,YHCE_ECOLI,1.0,Escherichia coli
0.9987457,0.0012542546,-1,YRAN_ECOLI,1.0,Escherichia coli
0.99854976,0.0014501915,-1,YQJC_ECOLI,1.0,Escherichia coli
0.9456077,0.054392237,-1,YHFY_ECOLI,1.0,Escherichia coli
0.9865942,0.013405835,-1,YJGZ_ECOLI,1.0,Escherichia coli
0.11516571,0.8848343,-1,TRBG_ECOLI,1.0,Escherichia coli
0.99957126,0.0004286781,-1,YJHD_ECOLI,1.0,Escherichia coli
0.9994666,0.00053342053,-1,TRAR_ECOLI,1.0,Escherichia coli
0.99958795,0.00041200945,-1,YFAH_ECOLI,1.0,Escherichia coli
0.9917331,0.008266957,-1,TRBD_ECOLI,1.0,Escherichia coli
0.9985091,0.0014908853,-1,YJIS_ECOLI,1.0,Escherichia coli
0.99302703,0.006972885,-1,YHAL_ECOLI,1.0,Escherichia coli
0.9987803,0.0012196411,-1,YHGE_ECOLI,1.0,Escherichia coli
0.9906442,0.009355811,-1,YBAE_ECOLI,1.0,Escherichia coli
0.99942565,0.0005744182,-1,YFJI_ECOLI,1.0,Escherichia coli
0.9997981,0.00020195013,-1,YGGP_ECOLI,1.0,Escherichia coli
0.9986313,0.0013686788,-1,YHHZ_ECOLI,1.0,Escherichia coli
0.9985411,0.0014589244,-1,YGGM_ECOLI,1.0,Escherichia coli
0.10818704,0.8918129,-1,YFJH_ECOLI,1.0,Escherichia coli
0.9985903,0.0014096306,-1,YHFZ_ECOLI,1.0,Escherichia coli
0.9994998,0.00050018955,-1,YFJQ_ECOLI,1.0,Escherichia coli
0.9992312,0.0007688203,-1,YFEN_ECOLI,1.0,Escherichia coli
0.9962196,0.0037804116,-1,YEDJ_ECOLI,1.0,Escherichia coli
0.9997185,0.0002814662,-1,STFP_ECOLI,1.0,Escherichia coli
0.98830855,0.011691485,-1,YFJJ_ECOLI,1.0,Escherichia coli
0.99968255,0.00031750457,-1,YRHA_ECOLI,1.0,Escherichia coli
0.9988532,0.0011467444,-1,YAER_ECOLI,1.0,Escherichia coli
0.99703276,0.002967261,-1,YCJD_ECOLI,1.0,Escherichia coli
0.9979665,0.0020334444,-1,YFIM_ECOLI,1.0,Escherichia coli
0.056457616,0.9435424,-1,YGGU_ECOLI,1.0,Escherichia coli
0.9993895,0.00061042624,-1,YRHB_ECOLI,1.0,Escherichia coli
0.9994344,0.0005655341,-1,YFJM_ECOLI,1.0,Escherichia coli
0.9989986,0.0010014261,-1,YRDB_ECOLI,1.0,Escherichia coli
0.9998499,0.00015005974,-1,YQGD_ECOLI,1.0,Escherichia coli
0.97295177,0.027048266,-1,YECH_ECOLI,1.0,Escherichia coli
0.99710923,0.0028908234,-1,YPJK_ECOLI,1.0,Escherichia coli
0.9995059,0.00049409317,-1,YBAM_ECOLI,1.0,Escherichia coli
0.9993185,0.000681553,-1,YDBH_ECOLI,1.0,Escherichia coli
0.9973242,0.0026757137,-1,YFJW_ECOLI,1.0,Escherichia coli
0.99047816,0.009521802,-1,CSIE_ECOLI,1.0,Escherichia coli
0.99856734,0.0014326677,-1,YDCL_ECOLI,1.0,Escherichia coli
0.9995104,0.0004895429,-1,YFJT_ECOLI,1.0,Escherichia coli
0.99976987,0.00023011716,-1,YFJX_ECOLI,1.0,Escherichia coli
0.9906384,0.009361575,-1,YIFN_ECOLI,1.0,Escherichia coli
0.99938595,0.00061401067,-1,HSLJ_ECOLI,1.0,Escherichia coli
0.99763167,0.0023682974,-1,YAEH_ECOLI,1.0,Escherichia coli
0.9994968,0.00050320226,-1,APAG_ECOLI,1.0,Escherichia coli
0.9987864,0.0012135908,-1,YCEQ_ECOLI,1.0,Escherichia coli
0.9748482,0.02515181,-1,YPJI_ECOLI,1.0,Escherichia coli
0.9970086,0.0029914337,-1,YNAJ_ECOLI,1.0,Escherichia coli
0.99965,0.0003500109,-1,YJJZ_ECOLI,1.0,Escherichia coli
0.99964035,0.0003596672,-1,YDHI_ECOLI,1.0,Escherichia coli
0.93371856,0.06628138,-1,YNCJ_ECOLI,1.0,Escherichia coli
0.9978479,0.0021520455,-1,YKGL_ECOLI,1.0,Escherichia coli
0.99381423,0.0061857398,-1,YBCW_ECOLI,1.0,Escherichia coli
0.99481153,0.0051884204,-1,YJBS_ECOLI,1.0,Escherichia coli
0.9942199,0.0057801125,-1,YDFZ_ECOLI,1.0,Escherichia coli
0.993487,0.0065129986,-1,YPJJ_ECOLI,1.0,Escherichia coli
0.9994868,0.0005131409,-1,YNBE_ECOLI,1.0,Escherichia coli
0.99917006,0.0008300036,-1,YCIX_ECOLI,1.0,Escherichia coli
0.98563343,0.014366506,-1,YRHD_ECOLI,1.0,Escherichia coli
0.99794394,0.0020560864,-1,REPL1_ECOLI,1.0,Escherichia coli
0.9872104,0.012789647,-1,YGFM_ECOLI,1.0,Escherichia coli
0.9983367,0.0016632763,-1,YHEO_ECOLI,1.0,Escherichia coli
0.9992488,0.0007511381,-1,YRBL_ECOLI,1.0,Escherichia coli
0.9996257,0.00037426362,-1,YEAR_ECOLI,1.0,Escherichia coli
0.9992174,0.0007826065,-1,YHFU_ECOLI,1.0,Escherichia coli
0.9605845,0.039415438,-1,YPEC_ECOLI,1.0,Escherichia coli
0.9897093,0.010290725,-1,YOAC_ECOLI,1.0,Escherichia coli
0.99930334,0.0006966923,-1,YDIZ_ECOLI,1.0,Escherichia coli
0.9998042,0.00019577268,-1,YEBO_ECOLI,1.0,Escherichia coli
0.9921353,0.007864684,-1,YGHW_ECOLI,1.0,Escherichia coli
0.99988365,0.000116320174,-1,YFCL_ECOLI,1.0,Escherichia coli
0.9998317,0.00016832215,-1,YHCO_ECOLI,1.0,Escherichia coli
0.99850297,0.0014971024,-1,YOAF_ECOLI,1.0,Escherichia coli
0.9852304,0.014769649,-1,YEAQ_ECOLI,1.0,Escherichia coli
0.99795294,0.0020470086,-1,YDHL_ECOLI,1.0,Escherichia coli
0.99990034,9.959184e-05,-1,YEIS_ECOLI,1.0,Escherichia coli
0.9996044,0.0003956382,-1,YQFE_ECOLI,1.0,Escherichia coli
0.024480423,0.9755196,-1,YEET_ECOLI,1.0,Escherichia coli
0.9997286,0.00027136566,-1,YHDV_ECOLI,1.0,Escherichia coli
0.99294597,0.0070540127,-1,YQGC_ECOLI,1.0,Escherichia coli
0.99947625,0.00052377296,-1,YEEW_ECOLI,1.0,Escherichia coli
0.99951255,0.0004874934,-1,YDIH_ECOLI,1.0,Escherichia coli
0.99824286,0.0017571687,-1,YODC_ECOLI,1.0,Escherichia coli
0.998879,0.001121012,-1,YHDU_ECOLI,1.0,Escherichia coli
0.99880004,0.0011999129,-1,YHFL_ECOLI,1.0,Escherichia coli
0.9988381,0.0011619118,-1,YBIU_ECOLI,1.0,Escherichia coli
0.9978568,0.0021431986,-1,YBJS_ECOLI,1.0,Escherichia coli
0.08196827,0.91803175,-1,YAGM_ECOLI,1.0,Escherichia coli
0.99774384,0.0022561562,-1,YAFS_ECOLI,1.0,Escherichia coli
0.9972887,0.0027113343,-1,YAAW_ECOLI,1.0,Escherichia coli
0.99961686,0.0003831073,-1,YBHM_ECOLI,1.0,Escherichia coli
0.9983891,0.0016108511,-1,YAIS_ECOLI,1.0,Escherichia coli
0.99949884,0.00050114776,-1,YBJP_ECOLI,1.0,Escherichia coli
0.9942151,0.0057849507,-1,YBFP_ECOLI,1.0,Escherichia coli
0.9997627,0.00023727237,-1,YAFX_ECOLI,1.0,Escherichia coli
0.9989017,0.0010982404,-1,YHBP_ECOLI,1.0,Escherichia coli
0.99403656,0.005963403,-1,YAGN_ECOLI,1.0,Escherichia coli
0.99927527,0.0007247076,-1,YAGP_ECOLI,1.0,Escherichia coli
0.9533598,0.046640202,-1,YAAX_ECOLI,1.0,Escherichia coli
0.9995453,0.00045474403,-1,YKIA_ECOLI,1.0,Escherichia coli
0.99261606,0.0073839882,-1,YBBV_ECOLI,1.0,Escherichia coli
0.9902356,0.009764364,-1,YKFJ_ECOLI,1.0,Escherichia coli
0.9986141,0.0013858876,-1,EXOD_ECOLI,1.0,Escherichia coli
0.9994392,0.00056085805,-1,YAHM_ECOLI,1.0,Escherichia coli
0.034947034,0.96505296,-1,YKFF_ECOLI,1.0,Escherichia coli
0.9996792,0.00032077165,-1,YHEU_ECOLI,1.0,Escherichia coli
0.99990606,9.397836e-05,-1,YAAY_ECOLI,1.0,Escherichia coli
0.999049,0.0009509755,-1,Y309_ECOLI,1.0,Escherichia coli
0.63398343,0.3660166,-1,REND_ECOLI,1.0,Escherichia coli
0.99830073,0.0016992601,-1,YOAH_ECOLI,1.0,Escherichia coli
0.998946,0.0010539715,-1,YMFN_ECOLI,1.0,Escherichia coli
0.99926287,0.0007371233,-1,YCIW_ECOLI,1.0,Escherichia coli
0.99707675,0.002923262,-1,YBJX_ECOLI,1.0,Escherichia coli
0.9989802,0.0010197676,-1,YCDU_ECOLI,1.0,Escherichia coli
0.9923383,0.0076617044,-1,YMFE_ECOLI,1.0,Escherichia coli
0.99964046,0.000359534,-1,YCAP_ECOLI,1.0,Escherichia coli
0.99958414,0.00041587855,-1,COHE_ECOLI,1.0,Escherichia coli
0.9990926,0.00090742134,-1,YMFD_ECOLI,1.0,Escherichia coli
0.9985702,0.0014297426,-1,YMFQ_ECOLI,1.0,Escherichia coli
0.9986743,0.001325752,-1,YMFL_ECOLI,1.0,Escherichia coli
0.99979347,0.00020658375,-1,BEEE_ECOLI,1.0,Escherichia coli
0.9948796,0.005120371,-1,YCGY_ECOLI,1.0,Escherichia coli
0.9988254,0.0011745677,-1,YCCU_ECOLI,1.0,Escherichia coli
0.9972365,0.0027634916,-1,YCGX_ECOLI,1.0,Escherichia coli
0.9993679,0.00063209987,-1,YCFL_ECOLI,1.0,Escherichia coli
0.9955081,0.0044918996,-1,YCGJ_ECOLI,1.0,Escherichia coli
0.99969375,0.00030632725,-1,YMFI_ECOLI,1.0,Escherichia coli
0.8186962,0.18130377,-1,YMFM_ECOLI,1.0,Escherichia coli
0.9981187,0.0018813047,-1,YMFJ_ECOLI,1.0,Escherichia coli
0.998769,0.0012309995,-1,YDAS_ECOLI,1.0,Escherichia coli
0.9734196,0.026580334,-1,YCHS_ECOLI,1.0,Escherichia coli
0.9971642,0.002835734,-1,YMGC_ECOLI,1.0,Escherichia coli
0.9957229,0.004277155,-1,CROE_ECOLI,1.0,Escherichia coli
0.9996412,0.0003587696,-1,YMFR_ECOLI,1.0,Escherichia coli
0.9984035,0.0015964829,-1,YDAG_ECOLI,1.0,Escherichia coli
0.98826736,0.011732663,-1,YNEK_ECOLI,1.0,Escherichia coli
0.9985532,0.0014467639,-1,YDFU_ECOLI,1.0,Escherichia coli
0.99503326,0.004966744,-1,YDDK_ECOLI,1.0,Escherichia coli
0.99835205,0.0016479706,-1,YDGH_ECOLI,1.0,Escherichia coli
0.5565436,0.44345647,-1,YDAU_ECOLI,1.0,Escherichia coli
0.9996251,0.00037493394,-1,TFAQ_ECOLI,1.0,Escherichia coli
0.9986009,0.0013991493,-1,YDDH_ECOLI,1.0,Escherichia coli
0.9994838,0.0005161933,-1,YDAW_ECOLI,1.0,Escherichia coli
0.999723,0.00027694763,-1,RZPQ_ECOLI,1.0,Escherichia coli
0.9927489,0.0072510634,-1,YDAT_ECOLI,1.0,Escherichia coli
0.9892322,0.01076783,-1,YDFO_ECOLI,1.0,Escherichia coli
0.9997844,0.0002155968,-1,YDAY_ECOLI,1.0,Escherichia coli
0.48963133,0.5103687,-1,YNEG_ECOLI,1.0,Escherichia coli
0.99946445,0.0005355028,-1,YDIL_ECOLI,1.0,Escherichia coli
0.9898488,0.010151283,-1,YDDJ_ECOLI,1.0,Escherichia coli
0.99878424,0.001215769,-1,YDBL_ECOLI,1.0,Escherichia coli
0.9978715,0.002128507,-1,YDFR_ECOLI,1.0,Escherichia coli
0.996894,0.003106001,-1,YDFV_ECOLI,1.0,Escherichia coli
0.98439264,0.01560733,-1,YDFX_ECOLI,1.0,Escherichia coli
0.95480114,0.045198828,-1,YNAK_ECOLI,1.0,Escherichia coli
0.99931,0.0006899461,-1,YNAE_ECOLI,1.0,Escherichia coli
0.9995345,0.00046554714,-1,YDFK_ECOLI,1.0,Escherichia coli
0.9997316,0.00026840964,-1,YNCH_ECOLI,1.0,Escherichia coli
0.99756867,0.00243132,-1,MOKB_ECOLI,1.0,Escherichia coli
0.98770744,0.012292592,-1,YNFN_ECOLI,1.0,Escherichia coli
0.99904186,0.00095809094,-1,YFBK_ECOLI,1.0,Escherichia coli
0.99797064,0.0020293533,-1,YFAQ_ECOLI,1.0,Escherichia coli
0.99812,0.0018799216,-1,YEAH_ECOLI,1.0,Escherichia coli
0.9983536,0.0016464839,-1,YEGU_ECOLI,1.0,Escherichia coli
0.99944,0.00055993046,-1,YEGV_ECOLI,1.0,Escherichia coli
0.33809587,0.6619041,-1,YDJO_ECOLI,1.0,Escherichia coli
0.99918586,0.00081418786,-1,YFAP_ECOLI,1.0,Escherichia coli
0.9995865,0.00041342742,-1,YDIY_ECOLI,1.0,Escherichia coli
0.9982645,0.0017354962,-1,YEEL_ECOLI,1.0,Escherichia coli
0.99930537,0.00069466454,-1,YEGL_ECOLI,1.0,Escherichia coli
0.99983954,0.00016048155,-1,YOBB_ECOLI,1.0,Escherichia coli
0.999276,0.00072406983,-1,YFAT_ECOLI,1.0,Escherichia coli
0.9975712,0.0024287628,-1,YNJA_ECOLI,1.0,Escherichia coli
0.99963653,0.00036350833,-1,YNIB_ECOLI,1.0,Escherichia coli
0.9994924,0.00050759694,-1,YECT_ECOLI,1.0,Escherichia coli
0.025090361,0.97490966,-1,ARPB_ECOLI,1.0,Escherichia coli
0.9997217,0.00027825162,-1,YEGJ_ECOLI,1.0,Escherichia coli
0.99816847,0.0018314761,-1,YEDM_ECOLI,1.0,Escherichia coli
0.90907943,0.09092049,-1,YEAO_ECOLI,1.0,Escherichia coli
0.9993716,0.00062843115,-1,YECR_ECOLI,1.0,Escherichia coli
0.9995253,0.0004747156,-1,YEGR_ECOLI,1.0,Escherichia coli
0.99813074,0.0018692939,-1,YNJH_ECOLI,1.0,Escherichia coli
0.98653746,0.01346255,-1,YEAC_ECOLI,1.0,Escherichia coli
0.99948114,0.0005189103,-1,YEBW_ECOLI,1.0,Escherichia coli
0.9979316,0.0020683883,-1,YOAI_ECOLI,1.0,Escherichia coli
0.99845517,0.0015447822,-1,YPHG_ECOLI,1.0,Escherichia coli
0.99941003,0.00058999704,-1,YFDI_ECOLI,1.0,Escherichia coli
0.9997707,0.00022929389,-1,YPHH_ECOLI,1.0,Escherichia coli
0.15150154,0.84849846,-1,YFDF_ECOLI,1.0,Escherichia coli
0.9991672,0.0008328402,-1,YPFG_ECOLI,1.0,Escherichia coli
0.99943453,0.000565481,-1,YFBP_ECOLI,1.0,Escherichia coli
0.96620584,0.033794176,-1,YFDQ_ECOLI,1.0,Escherichia coli
0.9992311,0.00076889317,-1,YFFS_ECOLI,1.0,Escherichia coli
0.9985499,0.0014500804,-1,YFBN_ECOLI,1.0,Escherichia coli
0.1544395,0.8455605,-1,YFFL_ECOLI,1.0,Escherichia coli
0.9952201,0.0047798455,-1,YFFP_ECOLI,1.0,Escherichia coli
0.9980665,0.0019335387,-1,YFEY_ECOLI,1.0,Escherichia coli
0.9994785,0.0005215332,-1,YFDL_ECOLI,1.0,Escherichia coli
0.9988306,0.0011693777,-1,YFDN_ECOLI,1.0,Escherichia coli
0.99797434,0.002025693,-1,YFBO_ECOLI,1.0,Escherichia coli
0.9984388,0.0015612536,-1,YFFO_ECOLI,1.0,Escherichia coli
0.9869249,0.013075066,-1,YFFR_ECOLI,1.0,Escherichia coli
0.9733263,0.026673678,-1,YFFQ_ECOLI,1.0,Escherichia coli
0.98271346,0.017286506,-1,YFFN_ECOLI,1.0,Escherichia coli
0.999044,0.00095602794,-1,YFDP_ECOLI,1.0,Escherichia coli
0.99935466,0.0006453512,-1,YFDS_ECOLI,1.0,Escherichia coli
0.99877185,0.0012280974,-1,YFDT_ECOLI,1.0,Escherichia coli
0.9984699,0.0015301434,-1,YFFM_ECOLI,1.0,Escherichia coli
0.9996209,0.0003791089,-1,YFDY_ECOLI,1.0,Escherichia coli
0.99992156,7.837882e-05,-1,YFGJ_ECOLI,1.0,Escherichia coli
0.99869907,0.0013009296,-1,YDHS_ECOLI,1.0,Escherichia coli
0.99247324,0.0075267176,-1,DJLB_ECOLI,1.0,Escherichia coli
0.9992317,0.0007682779,-1,YAHG_ECOLI,1.0,Escherichia coli
0.99941003,0.00058998296,-1,YDEU_ECOLI,1.0,Escherichia coli
0.9987903,0.0012097597,-1,YLBE_ECOLI,1.0,Escherichia coli
0.9990096,0.0009903635,-1,YBDN_ECOLI,1.0,Escherichia coli
0.99741435,0.0025856479,-1,YAHE_ECOLI,1.0,Escherichia coli
0.99951386,0.00048615696,-1,YAFZ_ECOLI,1.0,Escherichia coli
0.48306865,0.51693135,-1,YAHL_ECOLI,1.0,Escherichia coli
0.9992336,0.00076640747,-1,YDHT_ECOLI,1.0,Escherichia coli
0.9983543,0.0016456681,-1,YBAP_ECOLI,1.0,Escherichia coli
0.9900103,0.009989699,-1,YPJB_ECOLI,1.0,Escherichia coli
0.9995409,0.0004591477,-1,YAFT_ECOLI,1.0,Escherichia coli
0.9988475,0.0011524969,-1,YBEU_ECOLI,1.0,Escherichia coli
0.9996321,0.00036788665,-1,YKGH_ECOLI,1.0,Escherichia coli
0.995363,0.0046369727,-1,YBDM_ECOLI,1.0,Escherichia coli
0.99961984,0.00038011384,-1,TFAR_ECOLI,1.0,Escherichia coli
0.99960047,0.0003996015,-1,YBET_ECOLI,1.0,Escherichia coli
0.99937445,0.0006255646,-1,YAHC_ECOLI,1.0,Escherichia coli
0.66898096,0.33101898,-1,YPJC_ECOLI,1.0,Escherichia coli
0.99950933,0.0004907073,-1,YKFB_ECOLI,1.0,Escherichia coli
0.1072004,0.8927997,-1,YQEK_ECOLI,1.0,Escherichia coli
0.99927,0.0007300236,-1,TFAS_ECOLI,1.0,Escherichia coli
0.99105644,0.008943592,-1,YZGL_ECOLI,1.0,Escherichia coli
0.9992613,0.0007386161,-1,LOMR_ECOLI,1.0,Escherichia coli
0.9990312,0.0009687897,-1,TNPX_ECOLI,1.0,Escherichia coli
0.9991691,0.00083088904,-1,YNAA_ECOLI,1.0,Escherichia coli
0.9983234,0.0016766503,-1,YFCH_ECOLI,1.0,Escherichia coli
0.99825317,0.0017467877,-1,Q1PI90_ECOLI,1.0,Escherichia coli
0.9995789,0.0004210841,-1,YDAV_ECOLI,1.0,Escherichia coli
0.99348736,0.006512653,-1,YFES_ECOLI,1.0,Escherichia coli
0.99618185,0.0038181779,-1,YLBH_ECOLI,1.0,Escherichia coli
0.999241,0.0007590722,-1,YBER_ECOLI,1.0,Escherichia coli
0.9961118,0.003888187,-1,YAGL_ECOLI,1.0,Escherichia coli
0.99881124,0.0011887142,-1,YDHW_ECOLI,1.0,Escherichia coli
0.99463874,0.005361328,-1,YAGK_ECOLI,1.0,Escherichia coli
0.99974173,0.00025825007,-1,YAHD_ECOLI,1.0,Escherichia coli
0.9991036,0.0008963678,-1,YBCY_ECOLI,1.0,Escherichia coli
0.9996635,0.00033650338,-1,YFDK_ECOLI,1.0,Escherichia coli
0.9972096,0.0027903335,-1,Q1PI59_ECOLI,1.0,Escherichia coli
0.9993358,0.0006641482,-1,Q1PI54_ECOLI,1.0,Escherichia coli
0.5856171,0.41438285,-1,HYFJ_ECOLI,1.0,Escherichia coli
0.99863017,0.0013698068,-1,YBCV_ECOLI,1.0,Escherichia coli
0.9917088,0.0082911635,-1,YLBG_ECOLI,1.0,Escherichia coli
0.86901647,0.13098352,-1,YAHH_ECOLI,1.0,Escherichia coli
0.973556,0.026444059,-1,YUBO_ECOLI,1.0,Escherichia coli
0.96653104,0.03346893,-1,Q1PH25_ECOLI,1.0,Escherichia coli
0.84436744,0.15563263,-1,YBFQ_ECOLI,1.0,Escherichia coli
0.9986817,0.0013182793,-1,YBDJ_ECOLI,1.0,Escherichia coli
0.96959007,0.030409994,-1,YAFF_ECOLI,1.0,Escherichia coli
0.9982451,0.0017548884,-1,Q38J80_ECOW3,1.0,Escherichia coli
0.99485624,0.0051437384,-1,YQEB_ECOLI,1.0,Escherichia coli
0.9992292,0.0007707572,-1,YQHG_ECOLI,1.0,Escherichia coli
0.99314696,0.0068530766,-1,YDFE_ECOLI,1.0,Escherichia coli
0.999257,0.0007429265,-1,YQEC_ECOLI,1.0,Escherichia coli
0.9994618,0.00053822005,-1,YGHS_ECOLI,1.0,Escherichia coli
0.99673516,0.0032648088,-1,YGEN_ECOLI,1.0,Escherichia coli
0.9994141,0.0005859107,-1,YQGA_ECOLI,1.0,Escherichia coli
0.9993599,0.0006400836,-1,YQEH_ECOLI,1.0,Escherichia coli
0.9802167,0.019783292,-1,YGCP_ECOLI,1.0,Escherichia coli
0.9997993,0.00020076324,-1,YGEG_ECOLI,1.0,Escherichia coli
0.99969053,0.00030943946,-1,YQEJ_ECOLI,1.0,Escherichia coli
0.020782791,0.9792172,-1,YGEF_ECOLI,1.0,Escherichia coli
0.99969196,0.00030804955,-1,YOEF_ECOLI,1.0,Escherichia coli
0.9998883,0.00011170058,-1,YQCC_ECOLI,1.0,Escherichia coli
0.99891293,0.0010870892,-1,YSAB_ECOLI,1.0,Escherichia coli
0.9986222,0.001377801,-1,YGEP_ECOLI,1.0,Escherichia coli
0.99696606,0.0030339314,-1,YICS_ECOLI,1.0,Escherichia coli
0.9980274,0.0019725477,-1,YJHX_ECOLI,1.0,Escherichia coli
0.9990042,0.0009958599,-1,YOBH_ECOLI,1.0,Escherichia coli
0.9897536,0.010246387,-1,YNFO_ECOLI,1.0,Escherichia coli
0.99933356,0.0006664244,-1,YGEI_ECOLI,1.0,Escherichia coli
0.9938453,0.0061546573,-1,YIBT_ECOLI,1.0,Escherichia coli
0.9991961,0.00080388447,-1,YMJC_ECOLI,1.0,Escherichia coli
0.024292236,0.9757077,-1,Q47042_ECOLI,1.0,Escherichia coli
0.9997073,0.0002927051,-1,Q5H778_ECOLI,1.0,Escherichia coli
0.9984139,0.001586024,-1,YUAY_ECOLI,1.0,Escherichia coli
0.99925774,0.00074224826,-1,YUBH_ECOLI,1.0,Escherichia coli
0.9988619,0.0011380705,-1,YJHV_ECOLI,1.0,Escherichia coli
0.99588865,0.004111309,-1,YUBK_ECOLI,1.0,Escherichia coli
0.99952745,0.00047252234,-1,YFEK_ECOLI,1.0,Escherichia coli
0.99825794,0.0017420115,-1,YGHX_ECOLI,1.0,Escherichia coli
0.99859685,0.0014031784,-1,YMGG_ECOLI,1.0,Escherichia coli
0.9983584,0.0016415853,-1,YJDP_ECOLI,1.0,Escherichia coli
0.8906349,0.10936512,-1,Q79DJ0_ECOLI,1.0,Escherichia coli
0.99862444,0.0013755825,-1,YMDE_ECOLI,1.0,Escherichia coli
0.9993957,0.00060424476,-1,YUBN_ECOLI,1.0,Escherichia coli
0.9976241,0.002375901,-1,YQJK_ECOLI,1.0,Escherichia coli
0.99918586,0.0008141498,-1,YUAX_ECOLI,1.0,Escherichia coli
0.99259263,0.0074073994,-1,YUBL1_ECOLI,1.0,Escherichia coli
0.98158914,0.018410835,-1,YUAW_ECOLI,1.0,Escherichia coli
0.9814798,0.018520216,-1,Q57049_ECOLI,1.0,Escherichia coli
0.45501634,0.5449837,-1,NINE_ECOLI,1.0,Escherichia coli
0.8851049,0.11489514,-1,Q47711_ECOLI,1.0,Escherichia coli
0.99981505,0.00018501819,-1,Q47715_ECOLI,1.0,Escherichia coli
0.99886394,0.0011360786,-1,YLCG_ECOLI,1.0,Escherichia coli
0.9994655,0.0005344738,-1,YLCH_ECOLI,1.0,Escherichia coli
0.9984749,0.0015250609,-1,Q47712_ECOLI,1.0,Escherichia coli
0.14367904,0.85632104,-1,Q9F5L1_ECOLI,1.0,Escherichia coli
0.99105704,0.008942983,-1,Q47556_ECOLI,1.0,Escherichia coli
0.9996704,0.00032964355,-1,YUAQ_ECOLI,1.0,Escherichia coli
0.71052516,0.2894748,-1,YUBG_ECOLI,1.0,Escherichia coli
0.99876827,0.0012316803,-1,YUAM_ECOLI,1.0,Escherichia coli
0.9979074,0.0020925715,-1,YUAU_ECOLI,1.0,Escherichia coli
0.9972465,0.002753495,-1,YUAF_ECOLI,1.0,Escherichia coli
0.9989931,0.0010068979,-1,YUAD_ECOLI,1.0,Escherichia coli
0.9965906,0.0034093733,-1,YUBA_ECOLI,1.0,Escherichia coli
0.9984901,0.0015098988,-1,YUAT_ECOLI,1.0,Escherichia coli
0.9947412,0.005258719,-1,YUAA_ECOLI,1.0,Escherichia coli
0.9999018,9.821809e-05,-1,YUBB_ECOLI,1.0,Escherichia coli
0.99768806,0.00231192,-1,YUBF_ECOLI,1.0,Escherichia coli
0.99971014,0.000289802,-1,YUBI_ECOLI,1.0,Escherichia coli
0.99938023,0.0006196984,-1,YUAE_ECOLI,1.0,Escherichia coli
0.9922854,0.0077145905,-1,YUAC_ECOLI,1.0,Escherichia coli
0.9963498,0.0036501936,-1,YUAH_ECOLI,1.0,Escherichia coli
0.99510115,0.0048988136,-1,YUBC_ECOLI,1.0,Escherichia coli
0.99951863,0.00048131996,-1,YUAS_ECOLI,1.0,Escherichia coli
0.99816495,0.0018350405,-1,YUAK_ECOLI,1.0,Escherichia coli
0.9997639,0.00023608022,-1,YUAP_ECOLI,1.0,Escherichia coli
0.9936645,0.0063354867,-1,Q9XB48_ECOW3,1.0,Escherichia coli
0.99649787,0.0035021054,-1,YUAN_ECOLI,1.0,Escherichia coli
0.9990767,0.00092320034,-1,YUAV_ECOLI,1.0,Escherichia coli
0.99817526,0.0018247686,-1,YUBE_ECOLI,1.0,Escherichia coli
0.98917514,0.01082485,-1,YKFH_ECOLI,1.0,Escherichia coli
0.9850631,0.014936958,-1,YUAL_ECOLI,1.0,Escherichia coli
0.9990828,0.0009172235,-1,V9PPD8_ECOLI,1.0,Escherichia coli
0.9998149,0.00018513217,-1,V5N4F1_ECOLI,1.0,Escherichia coli
0.998887,0.0011129943,-1,YJGW_ECOLI,1.0,Escherichia coli
0.9987937,0.0012062076,-1,YPAA_ECOLI,1.0,Escherichia coli
0.00017606125,0.999824,-1,V6BBU1_ECODH,1.0,Escherichia coli
0.00017606125,0.999824,-1,V6BBZ6_ECOLI,1.0,Escherichia coli
0.00017606125,0.999824,-1,V6BC34_ECOBW,1.0,Escherichia coli
0.00017606125,0.999824,-1,V6BC57_ECOLI,1.0,Escherichia coli
0.00017606125,0.999824,-1,V6C6H7_ECOLI,1.0,Escherichia coli
0.00017606125,0.999824,-1,V6C7F2_ECOW3,1.0,Escherichia coli
